repeticion,fold,brazo,paciente_id,riesgo,dias,dias_pred,clase,clase_pred
0,0,edad,Brats18_2013_27_1,0.2258122074886352,120.0,317.0,0,0
0,0,edad,Brats18_CBICA_AAL_1,-0.23554906414181484,464.0,387.0,2,2
0,0,edad,Brats18_CBICA_AAP_1,-0.7478251958384874,788.0,488.0,2,2
0,0,edad,Brats18_CBICA_ABM_1,0.2894389678884323,503.0,291.0,2,0
0,0,edad,Brats18_CBICA_ABY_1,-0.43510572175935935,515.0,434.0,2,2
0,0,edad,Brats18_CBICA_ALU_1,0.15448432228357778,495.0,327.0,2,0
0,0,edad,Brats18_CBICA_AMH_1,0.0440118550989411,169.0,345.0,0,1
0,0,edad,Brats18_CBICA_AOZ_1,-0.49230927326044516,331.0,439.0,1,2
0,0,edad,Brats18_CBICA_APY_1,-0.5299069044057795,203.0,448.0,0,2
0,0,edad,Brats18_CBICA_ASH_1,-0.4955376923927815,660.0,439.0,2,2
0,0,edad,Brats18_CBICA_ASO_1,-0.3012272158652838,265.0,394.0,0,2
0,0,edad,Brats18_CBICA_ASU_1,0.6719057469724111,85.0,208.0,0,0
0,0,edad,Brats18_CBICA_ATD_1,0.2647550132724432,355.0,296.0,1,0
0,0,edad,Brats18_CBICA_AVG_1,0.06906573274051028,579.0,336.0,2,1
0,0,edad,Brats18_CBICA_AVJ_1,-0.5401302316581782,614.0,448.0,2,2
0,0,edad,Brats18_CBICA_AWG_1,-0.19415131464279292,180.0,382.0,0,1
0,0,edad,Brats18_CBICA_AYW_1,-0.38442626725486995,734.0,424.0,2,2
0,0,edad,Brats18_CBICA_BHM_1,0.024372305377228065,436.0,346.0,1,1
0,0,edad,Brats18_TCIA01_390_1,0.07632967578826724,634.0,333.0,2,1
0,0,edad,Brats18_TCIA01_425_1,-0.17141786325259062,558.0,376.0,2,1
0,0,edad,Brats18_TCIA01_460_1,-1.4235400461096903,630.0,1155.0,2,2
0,0,edad,Brats18_TCIA01_499_1,-0.37743135913480774,600.0,424.0,2,2
0,0,edad,Brats18_TCIA02_179_1,-0.49193935023486485,405.0,439.0,1,2
0,0,edad,Brats18_TCIA02_314_1,-0.7046114605775259,362.0,476.0,1,2
0,0,edad,Brats18_TCIA02_377_1,0.08261836722313079,812.0,333.0,2,1
0,0,edad,Brats18_TCIA03_199_1,-0.41970347214883763,1282.0,430.0,2,2
0,0,edad,Brats18_TCIA03_375_1,-0.04389530752530233,946.0,357.0,2,1
0,0,edad,Brats18_TCIA04_192_1,0.4928966319575498,121.0,239.0,0,0
0,0,edad,Brats18_TCIA04_479_1,-0.1649610249879178,372.0,376.0,1,1
0,0,edad,Brats18_TCIA06_372_1,0.44443671560654174,213.0,262.0,0,0
0,0,edad,Brats18_TCIA08_280_1,-0.1326095749326299,508.0,370.0,2,1
0,0,edad,Brats18_TCIA08_319_1,0.11954341104922846,254.0,332.0,0,0
0,0,coxnet,Brats18_2013_27_1,0.12528702299000327,120.0,329.0,0,0
0,0,coxnet,Brats18_CBICA_AAL_1,-0.6502785379073059,464.0,466.0,2,2
0,0,coxnet,Brats18_CBICA_AAP_1,-0.7632350458499946,788.0,486.0,2,2
0,0,coxnet,Brats18_CBICA_ABM_1,0.31525434832161336,503.0,287.0,2,0
0,0,coxnet,Brats18_CBICA_ABY_1,-0.25294410735875233,515.0,387.0,2,2
0,0,coxnet,Brats18_CBICA_ALU_1,-0.044776080175163414,495.0,355.0,2,1
0,0,coxnet,Brats18_CBICA_AMH_1,-0.11253446447283907,169.0,368.0,0,1
0,0,coxnet,Brats18_CBICA_AOZ_1,-0.42612440617639696,331.0,425.0,1,2
0,0,coxnet,Brats18_CBICA_APY_1,-0.6163518386430614,203.0,465.0,0,2
0,0,coxnet,Brats18_CBICA_ASH_1,-0.7010007013165049,660.0,473.0,2,2
0,0,coxnet,Brats18_CBICA_ASO_1,-0.30913994274709816,265.0,394.0,0,2
0,0,coxnet,Brats18_CBICA_ASU_1,0.7080371356992127,85.0,199.0,0,0
0,0,coxnet,Brats18_CBICA_ATD_1,0.16778580331134957,355.0,322.0,1,0
0,0,coxnet,Brats18_CBICA_AVG_1,-0.041582410921209664,579.0,355.0,2,1
0,0,coxnet,Brats18_CBICA_AVJ_1,-0.6074762312955911,614.0,453.0,2,2
0,0,coxnet,Brats18_CBICA_AWG_1,-0.053225185838263155,180.0,355.0,0,1
0,0,coxnet,Brats18_CBICA_AYW_1,-0.27100816675189066,734.0,387.0,2,2
0,0,coxnet,Brats18_CBICA_BHM_1,0.15193662954392148,436.0,327.0,1,0
0,0,coxnet,Brats18_TCIA01_390_1,0.11902037558484033,634.0,329.0,2,0
0,0,coxnet,Brats18_TCIA01_425_1,-0.46637209678384606,558.0,434.0,2,2
0,0,coxnet,Brats18_TCIA01_460_1,-1.4289075608171165,630.0,871.0,2,2
0,0,coxnet,Brats18_TCIA01_499_1,-0.37751445870702954,600.0,421.0,2,2
0,0,coxnet,Brats18_TCIA02_179_1,-0.33879461957479834,405.0,401.0,1,2
0,0,coxnet,Brats18_TCIA02_314_1,-0.5476303997881464,362.0,448.0,1,2
0,0,coxnet,Brats18_TCIA02_377_1,0.09192524178597793,812.0,332.0,2,1
0,0,coxnet,Brats18_TCIA03_199_1,-0.5118013770312864,1282.0,439.0,2,2
0,0,coxnet,Brats18_TCIA03_375_1,0.023663248672492317,946.0,345.0,2,1
0,0,coxnet,Brats18_TCIA04_192_1,0.1636648755119156,121.0,322.0,0,0
0,0,coxnet,Brats18_TCIA04_479_1,-0.1313783300598965,372.0,370.0,1,1
0,0,coxnet,Brats18_TCIA06_372_1,0.4278745179974511,213.0,262.0,0,0
0,0,coxnet,Brats18_TCIA08_280_1,-0.3231873301974791,508.0,394.0,2,2
0,0,coxnet,Brats18_TCIA08_319_1,0.0019295410240727508,254.0,346.0,0,1
0,0,genetico,Brats18_2013_27_1,1.315714867946949,120.0,114.0,0,0
0,0,genetico,Brats18_CBICA_AAL_1,-3.1960422446914416,464.0,1767.0,2,2
0,0,genetico,Brats18_CBICA_AAP_1,-0.7961992949602928,788.0,468.0,2,2
0,0,genetico,Brats18_CBICA_ABM_1,0.05729948834173351,503.0,336.0,2,1
0,0,genetico,Brats18_CBICA_ABY_1,-0.5212601419870391,515.0,425.0,2,2
0,0,genetico,Brats18_CBICA_ALU_1,-0.8149665581955285,495.0,468.0,2,2
0,0,genetico,Brats18_CBICA_AMH_1,-0.6966342008583518,169.0,448.0,0,2
0,0,genetico,Brats18_CBICA_AOZ_1,-0.7461986998033001,331.0,465.0,1,2
0,0,genetico,Brats18_CBICA_APY_1,-1.0042900137093886,203.0,522.0,0,2
0,0,genetico,Brats18_CBICA_ASH_1,-2.8117914094781775,660.0,1767.0,2,2
0,0,genetico,Brats18_CBICA_ASO_1,-0.4091204559160601,265.0,401.0,0,2
0,0,genetico,Brats18_CBICA_ASU_1,1.2347812739370663,85.0,139.0,0,0
0,0,genetico,Brats18_CBICA_ATD_1,0.255739215063591,355.0,317.0,1,0
0,0,genetico,Brats18_CBICA_AVG_1,-0.3353464698182508,579.0,387.0,2,1
0,0,genetico,Brats18_CBICA_AVJ_1,-0.7378420569529427,614.0,465.0,2,2
0,0,genetico,Brats18_CBICA_AWG_1,0.17059593156986091,180.0,327.0,0,0
0,0,genetico,Brats18_CBICA_AYW_1,-0.2835095618664993,734.0,385.0,2,1
0,0,genetico,Brats18_CBICA_BHM_1,0.3982512254038423,436.0,286.0,1,0
0,0,genetico,Brats18_TCIA01_390_1,-0.7314402196401237,634.0,465.0,2,2
0,0,genetico,Brats18_TCIA01_425_1,-2.4156039351905063,558.0,1731.0,2,2
0,0,genetico,Brats18_TCIA01_460_1,-1.3551967323428564,630.0,737.0,2,2
0,0,genetico,Brats18_TCIA01_499_1,-0.4483828505708032,600.0,407.0,2,2
0,0,genetico,Brats18_TCIA02_179_1,-0.30620568436490403,405.0,387.0,1,1
0,0,genetico,Brats18_TCIA02_314_1,-0.40326406051939756,362.0,401.0,1,2
0,0,genetico,Brats18_TCIA02_377_1,0.20198559127927807,812.0,322.0,2,0
0,0,genetico,Brats18_TCIA03_199_1,-1.0054983290957935,1282.0,522.0,2,2
0,0,genetico,Brats18_TCIA03_375_1,0.4363109459167767,946.0,269.0,2,0
0,0,genetico,Brats18_TCIA04_192_1,-1.1847006320796016,121.0,621.0,0,2
0,0,genetico,Brats18_TCIA04_479_1,0.08537949825916352,372.0,333.0,1,1
0,0,genetico,Brats18_TCIA06_372_1,0.7448860917632969,213.0,208.0,0,0
0,0,genetico,Brats18_TCIA08_280_1,-0.13163385536417857,508.0,359.0,2,1
0,0,genetico,Brats18_TCIA08_319_1,-0.5838142740480301,254.0,438.0,0,2
0,1,edad,Brats18_CBICA_ABO_1,-0.08134786919655762,1155.0,376.0,2,1
0,1,edad,Brats18_CBICA_AOD_1,0.06337077976040656,55.0,357.0,0,1
0,1,edad,Brats18_CBICA_AQA_1,0.6122724117725723,106.0,265.0,0,0
0,1,edad,Brats18_CBICA_AQT_1,0.5987463294937975,172.0,265.0,0,0
0,1,edad,Brats18_CBICA_AQY_1,-0.036179794954583296,229.0,372.0,0,1
0,1,edad,Brats18_CBICA_ASG_1,-0.03645796631250162,208.0,372.0,0,1
0,1,edad,Brats18_CBICA_ASK_1,0.6460006889201587,522.0,262.0,2,0
0,1,edad,Brats18_CBICA_ASV_1,-0.13934659732251048,597.0,401.0,2,2
0,1,edad,Brats18_CBICA_ASY_1,0.2695305273975617,610.0,332.0,2,0
0,1,edad,Brats18_CBICA_ATP_1,-0.2492938265396945,385.0,425.0,1,2
0,1,edad,Brats18_CBICA_AUR_1,0.3996451800638178,12.0,317.0,0,0
0,1,edad,Brats18_CBICA_AVV_1,0.4706136477527089,387.0,289.0,1,0
0,1,edad,Brats18_CBICA_AWH_1,-0.20843740834545296,139.0,421.0,0,2
0,1,edad,Brats18_CBICA_AXM_1,0.2842736093672281,438.0,332.0,1,0
0,1,edad,Brats18_CBICA_AXO_1,-0.08545089672585147,394.0,376.0,1,1
0,1,edad,Brats18_CBICA_AXW_1,0.711162329512506,191.0,239.0,0,0
0,1,edad,Brats18_TCIA01_150_1,-0.26577547949635005,1489.0,430.0,2,2
0,1,edad,Brats18_TCIA01_235_1,-0.027313082920939574,804.0,370.0,2,1
0,1,edad,Brats18_TCIA01_378_1,0.535010317110781,110.0,269.0,0,0
0,1,edad,Brats18_TCIA01_412_1,0.34773145039232656,291.0,322.0,0,0
0,1,edad,Brats18_TCIA02_198_1,-0.1557587074396864,394.0,405.0,1,2
0,1,edad,Brats18_TCIA02_321_1,0.7807051689920659,67.0,213.0,0,0
0,1,edad,Brats18_TCIA02_491_1,0.7772627984378275,82.0,213.0,0,0
0,1,edad,Brats18_TCIA03_133_1,0.17397866595264636,382.0,346.0,1,0
0,1,edad,Brats18_TCIA03_338_1,0.6142891541174792,468.0,265.0,2,0
0,1,edad,Brats18_TCIA03_419_1,0.4114674627753431,327.0,317.0,1,0
0,1,edad,Brats18_TCIA04_111_1,0.5738847643798553,626.0,268.0,2,0
0,1,edad,Brats18_TCIA04_361_1,0.5985724723950987,476.0,265.0,2,0
0,1,edad,Brats18_TCIA06_165_1,-0.24348699944315122,5.0,425.0,0,2
0,1,edad,Brats18_TCIA06_247_1,0.6238165231261789,244.0,262.0,0,0
0,1,edad,Brats18_TCIA08_242_1,0.2684526133856283,147.0,332.0,0,0
0,1,edad,Brats18_TCIA08_406_1,0.6949588479137688,82.0,239.0,0,0
0,1,coxnet,Brats18_CBICA_ABO_1,-0.08134746915098712,1155.0,376.0,2,1
0,1,coxnet,Brats18_CBICA_AOD_1,0.0633710389553316,55.0,357.0,0,1
0,1,coxnet,Brats18_CBICA_AQA_1,0.6122719490359764,106.0,265.0,0,0
0,1,coxnet,Brats18_CBICA_AQT_1,0.5987456873173278,172.0,265.0,0,0
0,1,coxnet,Brats18_CBICA_AQY_1,-0.03617938783113309,229.0,372.0,0,1
0,1,coxnet,Brats18_CBICA_ASG_1,-0.03645755396357141,208.0,372.0,0,1
0,1,coxnet,Brats18_CBICA_ASK_1,0.6460002174844631,522.0,262.0,2,0
0,1,coxnet,Brats18_CBICA_ASV_1,-0.13934658793200075,597.0,401.0,2,2
0,1,coxnet,Brats18_CBICA_ASY_1,0.2695304363306483,610.0,332.0,2,0
0,1,coxnet,Brats18_CBICA_ATP_1,-0.24929370505704285,385.0,425.0,1,2
0,1,coxnet,Brats18_CBICA_AUR_1,0.39964495707124026,12.0,317.0,0,0
0,1,coxnet,Brats18_CBICA_AVV_1,0.47061351481983543,387.0,289.0,1,0
0,1,coxnet,Brats18_CBICA_AWH_1,-0.20843707441055795,139.0,421.0,0,2
0,1,coxnet,Brats18_CBICA_AXM_1,0.28427326342686743,438.0,332.0,1,0
0,1,coxnet,Brats18_CBICA_AXO_1,-0.08545066331440328,394.0,376.0,1,1
0,1,coxnet,Brats18_CBICA_AXW_1,0.7111615936882123,191.0,239.0,0,0
0,1,coxnet,Brats18_TCIA01_150_1,-0.2657748063256894,1489.0,430.0,2,2
0,1,coxnet,Brats18_TCIA01_235_1,-0.02731294651530921,804.0,370.0,2,1
0,1,coxnet,Brats18_TCIA01_378_1,0.5350101359417736,110.0,269.0,0,0
0,1,coxnet,Brats18_TCIA01_412_1,0.34773133407439794,291.0,322.0,0,0
0,1,coxnet,Brats18_TCIA02_198_1,-0.1557591426622612,394.0,405.0,1,2
0,1,coxnet,Brats18_TCIA02_321_1,0.7807045102642138,67.0,213.0,0,0
0,1,coxnet,Brats18_TCIA02_491_1,0.7772622244633519,82.0,213.0,0,0
0,1,coxnet,Brats18_TCIA03_133_1,0.17397821818724848,382.0,346.0,1,0
0,1,coxnet,Brats18_TCIA03_338_1,0.6142883147851326,468.0,265.0,2,0
0,1,coxnet,Brats18_TCIA03_419_1,0.4114673456577402,327.0,317.0,1,0
0,1,coxnet,Brats18_TCIA04_111_1,0.5738840301745168,626.0,268.0,2,0
0,1,coxnet,Brats18_TCIA04_361_1,0.598571694841007,476.0,265.0,2,0
0,1,coxnet,Brats18_TCIA06_165_1,-0.24348658776014692,5.0,425.0,0,2
0,1,coxnet,Brats18_TCIA06_247_1,0.6238160547175825,244.0,262.0,0,0
0,1,coxnet,Brats18_TCIA08_242_1,0.26845224503935244,147.0,332.0,0,0
0,1,coxnet,Brats18_TCIA08_406_1,0.69495783814707,82.0,239.0,0,0
0,1,genetico,Brats18_CBICA_ABO_1,0.6224033893017419,1155.0,269.0,2,0
0,1,genetico,Brats18_CBICA_AOD_1,1.3243238324280144,55.0,153.0,0,0
0,1,genetico,Brats18_CBICA_AQA_1,0.2677237367812817,106.0,336.0,0,0
0,1,genetico,Brats18_CBICA_AQT_1,0.7527426889959066,172.0,254.0,0,0
0,1,genetico,Brats18_CBICA_AQY_1,0.5588617165655403,229.0,287.0,0,0
0,1,genetico,Brats18_CBICA_ASG_1,0.465744722149363,208.0,317.0,0,0
0,1,genetico,Brats18_CBICA_ASK_1,0.646494061220324,522.0,268.0,2,0
0,1,genetico,Brats18_CBICA_ASV_1,-0.5006719141534971,597.0,465.0,2,2
0,1,genetico,Brats18_CBICA_ASY_1,0.11226241764882047,610.0,357.0,2,1
0,1,genetico,Brats18_CBICA_ATP_1,-0.5333125651150057,385.0,466.0,1,2
0,1,genetico,Brats18_CBICA_AUR_1,0.8827708333642906,12.0,210.0,0,0
0,1,genetico,Brats18_CBICA_AVV_1,0.9937816263164758,387.0,203.0,1,0
0,1,genetico,Brats18_CBICA_AWH_1,0.048687246355804376,139.0,362.0,0,1
0,1,genetico,Brats18_CBICA_AXM_1,-0.5737883143796576,438.0,473.0,1,2
0,1,genetico,Brats18_CBICA_AXO_1,-0.23287057503901126,394.0,424.0,1,1
0,1,genetico,Brats18_CBICA_AXW_1,0.6860117328262072,191.0,265.0,0,0
0,1,genetico,Brats18_TCIA01_150_1,-0.4390518393268594,1489.0,448.0,2,2
0,1,genetico,Brats18_TCIA01_235_1,-0.41256605216937914,804.0,448.0,2,2
0,1,genetico,Brats18_TCIA01_378_1,0.6862108020004388,110.0,265.0,0,0
0,1,genetico,Brats18_TCIA01_412_1,0.7093089493979365,291.0,262.0,0,0
0,1,genetico,Brats18_TCIA02_198_1,-0.5629115607746937,394.0,467.0,1,2
0,1,genetico,Brats18_TCIA02_321_1,0.8872023625108528,67.0,210.0,0,0
0,1,genetico,Brats18_TCIA02_491_1,1.4133759911365988,82.0,150.0,0,0
0,1,genetico,Brats18_TCIA03_133_1,-0.34293498852398313,382.0,439.0,1,2
0,1,genetico,Brats18_TCIA03_338_1,0.2842307086238244,468.0,333.0,2,0
0,1,genetico,Brats18_TCIA03_419_1,0.6889799100204674,327.0,265.0,1,0
0,1,genetico,Brats18_TCIA04_111_1,0.47134585167699045,626.0,317.0,2,0
0,1,genetico,Brats18_TCIA04_361_1,0.3596052761267121,476.0,331.0,2,0
0,1,genetico,Brats18_TCIA06_165_1,-0.6974887747615983,5.0,495.0,0,2
0,1,genetico,Brats18_TCIA06_247_1,1.094755504860716,244.0,180.0,0,0
0,1,genetico,Brats18_TCIA08_242_1,0.45250702995003533,147.0,317.0,0,0
0,1,genetico,Brats18_TCIA08_406_1,0.053858221138714135,82.0,362.0,0,1
0,2,edad,Brats18_CBICA_AAB_1,-0.007104793339184643,289.0,370.0,0,1
0,2,edad,Brats18_CBICA_AAG_1,-0.2955391638004062,616.0,436.0,2,2
0,2,edad,Brats18_CBICA_AME_1,-0.3141466981874776,359.0,438.0,1,2
0,2,edad,Brats18_CBICA_ANI_1,-0.08466549905467158,439.0,385.0,1,1
0,2,edad,Brats18_CBICA_ANP_1,0.033064968986024346,486.0,362.0,2,1
0,2,edad,Brats18_CBICA_AOP_1,0.25213439084364475,332.0,333.0,1,0
0,2,edad,Brats18_CBICA_APR_1,0.07172220961247355,23.0,357.0,0,1
0,2,edad,Brats18_CBICA_AQG_1,-0.24833441682980148,466.0,421.0,2,2
0,2,edad,Brats18_CBICA_AQJ_1,0.19026170088739008,170.0,345.0,0,1
0,2,edad,Brats18_CBICA_AQV_1,-0.25688192317395697,84.0,421.0,0,2
0,2,edad,Brats18_CBICA_AQZ_1,0.09426933540096653,286.0,355.0,0,1
0,2,edad,Brats18_CBICA_ARW_1,-0.5715567863625044,495.0,495.0,2,2
0,2,edad,Brats18_CBICA_ARZ_1,-0.20542101049288783,871.0,405.0,2,2
0,2,edad,Brats18_CBICA_ASA_1,0.10900762823307054,210.0,355.0,0,1
0,2,edad,Brats18_CBICA_ASW_1,0.27063640046103526,239.0,331.0,0,0
0,2,edad,Brats18_CBICA_AWI_1,-0.4964583252729057,375.0,468.0,1,2
0,2,edad,Brats18_CBICA_AXQ_1,0.19757808491860152,114.0,345.0,0,1
0,2,edad,Brats18_CBICA_AYI_1,0.1848799376336627,387.0,345.0,1,1
0,2,edad,Brats18_TCIA01_147_1,0.02641690849612546,209.0,368.0,0,1
0,2,edad,Brats18_TCIA01_201_1,0.0022517362391915033,430.0,370.0,1,1
0,2,edad,Brats18_TCIA01_203_1,-0.518442652289767,268.0,473.0,0,2
0,2,edad,Brats18_TCIA01_429_1,-0.19975784785334452,86.0,405.0,0,2
0,2,edad,Brats18_TCIA01_448_1,-0.5703960138960141,199.0,495.0,0,2
0,2,edad,Brats18_TCIA02_394_1,0.12599711615170092,616.0,355.0,2,1
0,2,edad,Brats18_TCIA02_455_1,-0.2047526869515753,424.0,405.0,1,2
0,2,edad,Brats18_TCIA02_473_1,0.012557988744696097,175.0,368.0,0,1
0,2,edad,Brats18_TCIA03_296_1,-0.008371090575355906,22.0,370.0,0,1
0,2,edad,Brats18_TCIA03_474_1,0.02613550911030979,635.0,368.0,2,1
0,2,edad,Brats18_TCIA06_184_1,0.017658352612608053,434.0,368.0,1,1
0,2,edad,Brats18_TCIA08_105_1,0.20971343343190896,77.0,336.0,0,1
0,2,edad,Brats18_TCIA08_167_1,0.5009617977512887,153.0,287.0,0,0
0,2,edad,Brats18_TCIA08_278_1,-0.35751737852634186,1458.0,448.0,2,2
0,2,edad,Brats18_TCIA08_469_1,0.11375624286871254,519.0,355.0,2,1
0,2,coxnet,Brats18_CBICA_AAB_1,0.08513422106258861,289.0,355.0,0,1
0,2,coxnet,Brats18_CBICA_AAG_1,-0.45682510711860436,616.0,453.0,2,2
0,2,coxnet,Brats18_CBICA_AME_1,-0.19382994722596122,359.0,394.0,1,1
0,2,coxnet,Brats18_CBICA_ANI_1,-0.1445657295926157,439.0,385.0,1,1
0,2,coxnet,Brats18_CBICA_ANP_1,0.1210913753239943,486.0,350.0,2,1
0,2,coxnet,Brats18_CBICA_AOP_1,0.0007405669048236002,332.0,362.0,1,1
0,2,coxnet,Brats18_CBICA_APR_1,0.22544035684191066,23.0,333.0,0,0
0,2,coxnet,Brats18_CBICA_AQG_1,-0.20865533598927702,466.0,394.0,2,2
0,2,coxnet,Brats18_CBICA_AQJ_1,0.41436193282195566,170.0,296.0,0,0
0,2,coxnet,Brats18_CBICA_AQV_1,-0.2753011572087859,84.0,407.0,0,2
0,2,coxnet,Brats18_CBICA_AQZ_1,0.29081407324263264,286.0,327.0,0,0
0,2,coxnet,Brats18_CBICA_ARW_1,-0.4289353761408976,495.0,448.0,2,2
0,2,coxnet,Brats18_CBICA_ARZ_1,-0.21100190602516916,871.0,394.0,2,2
0,2,coxnet,Brats18_CBICA_ASA_1,0.580045815595269,210.0,262.0,0,0
0,2,coxnet,Brats18_CBICA_ASW_1,0.34602371877626403,239.0,318.0,0,0
0,2,coxnet,Brats18_CBICA_AWI_1,-0.35772368017299955,375.0,438.0,1,2
0,2,coxnet,Brats18_CBICA_AXQ_1,0.20766388902049585,114.0,333.0,0,1
0,2,coxnet,Brats18_CBICA_AYI_1,0.247986977354644,387.0,331.0,1,0
0,2,coxnet,Brats18_TCIA01_147_1,0.06753742446661144,209.0,355.0,0,1
0,2,coxnet,Brats18_TCIA01_201_1,0.03276071627426791,430.0,357.0,1,1
0,2,coxnet,Brats18_TCIA01_203_1,-0.23542581916381322,268.0,401.0,0,2
0,2,coxnet,Brats18_TCIA01_429_1,-0.0783484897279726,86.0,376.0,0,1
0,2,coxnet,Brats18_TCIA01_448_1,-0.6932777381920933,199.0,508.0,0,2
0,2,coxnet,Brats18_TCIA02_394_1,0.48955931746970294,616.0,287.0,2,0
0,2,coxnet,Brats18_TCIA02_455_1,-0.3559351656391813,424.0,438.0,1,2
0,2,coxnet,Brats18_TCIA02_473_1,0.2468337562556816,175.0,331.0,0,0
0,2,coxnet,Brats18_TCIA03_296_1,0.1202283439332457,22.0,350.0,0,1
0,2,coxnet,Brats18_TCIA03_474_1,0.27747168413452034,635.0,329.0,2,0
0,2,coxnet,Brats18_TCIA06_184_1,0.5745221051091738,434.0,262.0,1,0
0,2,coxnet,Brats18_TCIA08_105_1,0.5791307269509148,77.0,262.0,0,0
0,2,coxnet,Brats18_TCIA08_167_1,1.0302971407508954,153.0,169.0,0,0
0,2,coxnet,Brats18_TCIA08_278_1,-0.5016650927356908,1458.0,465.0,2,2
0,2,coxnet,Brats18_TCIA08_469_1,0.3420247118177913,519.0,322.0,2,0
0,2,genetico,Brats18_CBICA_AAB_1,0.16252014052973762,289.0,350.0,0,1
0,2,genetico,Brats18_CBICA_AAG_1,-0.4083717718537707,616.0,448.0,2,2
0,2,genetico,Brats18_CBICA_AME_1,-0.40939121606058543,359.0,448.0,1,2
0,2,genetico,Brats18_CBICA_ANI_1,-0.40791106150829637,439.0,448.0,1,2
0,2,genetico,Brats18_CBICA_ANP_1,-0.2440948667792734,486.0,405.0,2,2
0,2,genetico,Brats18_CBICA_AOP_1,-0.21013513058177236,332.0,401.0,1,1
0,2,genetico,Brats18_CBICA_APR_1,0.08890910356049543,23.0,355.0,0,1
0,2,genetico,Brats18_CBICA_AQG_1,-0.27317776957879386,466.0,407.0,2,2
0,2,genetico,Brats18_CBICA_AQJ_1,0.46011773438069753,170.0,317.0,0,0
0,2,genetico,Brats18_CBICA_AQV_1,-0.4462503114279975,84.0,448.0,0,2
0,2,genetico,Brats18_CBICA_AQZ_1,0.2085388478815453,286.0,345.0,0,1
0,2,genetico,Brats18_CBICA_ARW_1,-0.7037134164717808,495.0,508.0,2,2
0,2,genetico,Brats18_CBICA_ARZ_1,0.39438993642749937,871.0,322.0,2,0
0,2,genetico,Brats18_CBICA_ASA_1,1.0351894753408728,210.0,180.0,0,0
0,2,genetico,Brats18_CBICA_ASW_1,0.3354756130477793,239.0,329.0,0,0
0,2,genetico,Brats18_CBICA_AWI_1,-0.4291220603024586,375.0,448.0,1,2
0,2,genetico,Brats18_CBICA_AXQ_1,-0.1836335119596569,114.0,394.0,0,1
0,2,genetico,Brats18_CBICA_AYI_1,-0.0804551229316942,387.0,382.0,1,1
0,2,genetico,Brats18_TCIA01_147_1,-0.2707890814120925,209.0,407.0,0,2
0,2,genetico,Brats18_TCIA01_201_1,-0.08421897145840007,430.0,382.0,1,1
0,2,genetico,Brats18_TCIA01_203_1,-0.5857853088794762,268.0,473.0,0,2
0,2,genetico,Brats18_TCIA01_429_1,-0.27720248174912016,86.0,421.0,0,2
0,2,genetico,Brats18_TCIA01_448_1,-1.3720900615903773,199.0,788.0,0,2
0,2,genetico,Brats18_TCIA02_394_1,0.8099336501182692,616.0,213.0,2,0
0,2,genetico,Brats18_TCIA02_455_1,-0.5573827273196017,424.0,468.0,1,2
0,2,genetico,Brats18_TCIA02_473_1,-0.29939576933713263,175.0,421.0,0,2
0,2,genetico,Brats18_TCIA03_296_1,0.7479511210348457,22.0,232.0,0,0
0,2,genetico,Brats18_TCIA03_474_1,1.2513734105855319,635.0,150.0,2,0
0,2,genetico,Brats18_TCIA06_184_1,3.5990392771707542,434.0,30.0,1,0
0,2,genetico,Brats18_TCIA08_105_1,0.9901361067318604,77.0,191.0,0,0
0,2,genetico,Brats18_TCIA08_167_1,2.0947122699367284,153.0,82.0,0,0
0,2,genetico,Brats18_TCIA08_278_1,-0.417992864852424,1458.0,448.0,2,2
0,2,genetico,Brats18_TCIA08_469_1,0.9093497937628159,519.0,208.0,2,0
0,3,edad,Brats18_CBICA_ABB_1,0.26025141804664786,465.0,289.0,2,0
0,3,edad,Brats18_CBICA_ALX_1,-0.028176425247387612,698.0,372.0,2,1
0,3,edad,Brats18_CBICA_ANZ_1,0.2456989223168128,287.0,291.0,0,0
0,3,edad,Brats18_CBICA_AOH_1,-0.11903119588500877,576.0,385.0,2,1
0,3,edad,Brats18_CBICA_AOO_1,-0.5372187927700769,350.0,467.0,1,2
0,3,edad,Brats18_CBICA_AQN_1,0.08650641835327501,488.0,355.0,2,1
0,3,edad,Brats18_CBICA_AQP_1,-0.46216200173106087,1283.0,448.0,2,2
0,3,edad,Brats18_CBICA_AQU_1,0.40400647721569816,30.0,254.0,0,0
0,3,edad,Brats18_CBICA_ARF_1,0.48375022070824214,726.0,232.0,2,0
0,3,edad,Brats18_CBICA_ASE_1,-0.4502971290864653,318.0,448.0,1,2
0,3,edad,Brats18_CBICA_ASN_1,-0.6904133086287499,407.0,503.0,1,2
0,3,edad,Brats18_CBICA_ATV_1,0.052648922657509215,453.0,357.0,2,1
0,3,edad,Brats18_CBICA_ATX_1,-0.7790393186590991,1592.0,519.0,2,2
0,3,edad,Brats18_CBICA_AUQ_1,0.008630900663885489,1337.0,362.0,2,1
0,3,edad,Brats18_CBICA_AXJ_1,-1.073137391145165,1767.0,630.0,2,2
0,3,edad,Brats18_CBICA_AXN_1,0.8262582846199095,345.0,180.0,1,0
0,3,edad,Brats18_CBICA_AYA_1,0.4681488964573375,50.0,232.0,0,0
0,3,edad,Brats18_CBICA_AZH_1,-0.1847796337995355,401.0,394.0,1,2
0,3,edad,Brats18_CBICA_BHB_1,-0.1624920277268146,510.0,387.0,2,1
0,3,edad,Brats18_TCIA01_186_1,-0.8739582998158635,370.0,597.0,1,2
0,3,edad,Brats18_TCIA01_190_1,0.031901783475108844,322.0,359.0,1,1
0,3,edad,Brats18_TCIA01_335_1,-0.19923380185552078,355.0,394.0,1,2
0,3,edad,Brats18_TCIA02_135_1,0.288799219354501,828.0,286.0,2,0
0,3,edad,Brats18_TCIA02_226_1,0.4269168252228039,329.0,244.0,1,0
0,3,edad,Brats18_TCIA02_283_1,0.4681488964573375,262.0,232.0,0,0
0,3,edad,Brats18_TCIA02_300_1,0.12537862541540298,127.0,333.0,0,0
0,3,edad,Brats18_TCIA02_322_1,-0.10457702782902349,621.0,382.0,2,1
0,3,edad,Brats18_TCIA02_368_1,0.06585760684472466,317.0,357.0,1,1
0,3,edad,Brats18_TCIA03_138_1,0.37106670647586765,82.0,265.0,0,0
0,3,edad,Brats18_TCIA04_343_1,-0.2580665267092472,296.0,421.0,0,2
0,3,edad,Brats18_TCIA05_478_1,-0.04253226562952241,30.0,372.0,0,1
0,3,edad,Brats18_TCIA06_409_1,0.28558718200872657,99.0,286.0,0,0
0,3,edad,Brats18_TCIA08_218_1,-0.10513421798084162,346.0,382.0,1,1
0,3,coxnet,Brats18_CBICA_ABB_1,0.26024735197408666,465.0,289.0,2,0
0,3,coxnet,Brats18_CBICA_ALX_1,-0.02817598502926937,698.0,372.0,2,1
0,3,coxnet,Brats18_CBICA_ANZ_1,0.24569508360709952,287.0,291.0,0,0
0,3,coxnet,Brats18_CBICA_AOH_1,-0.11902933618532649,576.0,385.0,2,1
0,3,coxnet,Brats18_CBICA_AOO_1,-0.5372103994609879,350.0,467.0,1,2
0,3,coxnet,Brats18_CBICA_AQN_1,0.08650506680876968,488.0,355.0,2,1
0,3,coxnet,Brats18_CBICA_AQP_1,-0.4621547810817055,1283.0,448.0,2,2
0,3,coxnet,Brats18_CBICA_AQU_1,0.404000165166896,30.0,254.0,0,0
0,3,coxnet,Brats18_CBICA_ARF_1,0.4837426627724828,726.0,232.0,2,0
0,3,coxnet,Brats18_CBICA_ASE_1,-0.45029009380952195,318.0,448.0,1,2
0,3,coxnet,Brats18_CBICA_ASN_1,-0.690402521864816,407.0,503.0,1,2
0,3,coxnet,Brats18_CBICA_ATV_1,0.05264810009008024,453.0,357.0,2,1
0,3,coxnet,Brats18_CBICA_ATX_1,-0.7790271472349382,1592.0,519.0,2,2
0,3,coxnet,Brats18_CBICA_AUQ_1,0.008630765817863616,1337.0,362.0,2,1
0,3,coxnet,Brats18_CBICA_AXJ_1,-1.0731206248407466,1767.0,630.0,2,2
0,3,coxnet,Brats18_CBICA_AXN_1,0.8262453754639683,345.0,180.0,1,0
0,3,coxnet,Brats18_CBICA_AYA_1,0.46814158227093766,50.0,232.0,0,0
0,3,coxnet,Brats18_CBICA_AZH_1,-0.1847767468704097,401.0,394.0,1,2
0,3,coxnet,Brats18_CBICA_BHB_1,-0.16248948901105947,510.0,387.0,2,1
0,3,coxnet,Brats18_TCIA01_186_1,-0.8739446454124062,370.0,597.0,1,2
0,3,coxnet,Brats18_TCIA01_190_1,0.0319012850533617,322.0,359.0,1,1
0,3,coxnet,Brats18_TCIA01_335_1,-0.19923068909978253,355.0,394.0,1,2
0,3,coxnet,Brats18_TCIA02_135_1,0.2887947072615782,828.0,286.0,2,0
0,3,coxnet,Brats18_TCIA02_226_1,0.4269101552311398,329.0,244.0,1,0
0,3,coxnet,Brats18_TCIA02_283_1,0.46814158227093766,262.0,232.0,0,0
0,3,coxnet,Brats18_TCIA02_300_1,0.1253766665458129,127.0,333.0,0,0
0,3,coxnet,Brats18_TCIA02_322_1,-0.10457539395595368,621.0,382.0,2,1
0,3,coxnet,Brats18_TCIA02_368_1,0.0658565779096657,317.0,357.0,1,1
0,3,coxnet,Brats18_TCIA03_138_1,0.37106090906594424,82.0,265.0,0,0
0,3,coxnet,Brats18_TCIA04_343_1,-0.258062494772626,296.0,421.0,0,2
0,3,coxnet,Brats18_TCIA05_478_1,-0.04253160112102716,30.0,372.0,0,1
0,3,coxnet,Brats18_TCIA06_409_1,0.2855827200994954,99.0,286.0,0,0
0,3,coxnet,Brats18_TCIA08_218_1,-0.10513257540243753,346.0,382.0,1,1
0,3,genetico,Brats18_CBICA_ABB_1,-0.02786333776969485,465.0,368.0,2,1
0,3,genetico,Brats18_CBICA_ALX_1,-0.16608571379043002,698.0,385.0,2,1
0,3,genetico,Brats18_CBICA_ANZ_1,0.2746055591265963,287.0,291.0,0,0
0,3,genetico,Brats18_CBICA_AOH_1,-0.4246909139061368,576.0,434.0,2,2
0,3,genetico,Brats18_CBICA_AOO_1,-0.7472400235452582,350.0,476.0,1,2
0,3,genetico,Brats18_CBICA_AQN_1,0.04196893893250146,488.0,359.0,2,1
0,3,genetico,Brats18_CBICA_AQP_1,0.2590551135851141,1283.0,291.0,2,0
0,3,genetico,Brats18_CBICA_AQU_1,1.510061495992003,30.0,114.0,0,0
0,3,genetico,Brats18_CBICA_ARF_1,1.0939098428974074,726.0,169.0,2,0
0,3,genetico,Brats18_CBICA_ASE_1,-1.4728883742853873,318.0,737.0,1,2
0,3,genetico,Brats18_CBICA_ASN_1,0.20990587995338061,407.0,331.0,1,0
0,3,genetico,Brats18_CBICA_ATV_1,0.29133249432333685,453.0,289.0,2,0
0,3,genetico,Brats18_CBICA_ATX_1,-0.5476285310282931,1592.0,448.0,2,2
0,3,genetico,Brats18_CBICA_AUQ_1,-0.7859103571099632,1337.0,495.0,2,2
0,3,genetico,Brats18_CBICA_AXJ_1,-1.2147787688328657,1767.0,616.0,2,2
0,3,genetico,Brats18_CBICA_AXN_1,1.7356894998038523,345.0,104.0,1,0
0,3,genetico,Brats18_CBICA_AYA_1,0.6278001938006457,50.0,213.0,0,0
0,3,genetico,Brats18_CBICA_AZH_1,-0.8410278133728634,401.0,503.0,1,2
0,3,genetico,Brats18_CBICA_BHB_1,-0.02259038755206283,510.0,368.0,2,1
0,3,genetico,Brats18_TCIA01_186_1,-0.79133221855642,370.0,495.0,1,2
0,3,genetico,Brats18_TCIA01_190_1,-0.8685551706708603,322.0,508.0,1,2
0,3,genetico,Brats18_TCIA01_335_1,0.21426333069633707,355.0,331.0,1,0
0,3,genetico,Brats18_TCIA02_135_1,0.5819370617094023,828.0,229.0,2,0
0,3,genetico,Brats18_TCIA02_226_1,0.4310393814523493,329.0,265.0,1,0
0,3,genetico,Brats18_TCIA02_283_1,-0.4490589723365985,262.0,436.0,0,2
0,3,genetico,Brats18_TCIA02_300_1,-1.823713473800837,127.0,1155.0,0,2
0,3,genetico,Brats18_TCIA02_322_1,-0.5062968874745831,621.0,439.0,2,2
0,3,genetico,Brats18_TCIA02_368_1,-0.3761707393878623,317.0,425.0,1,2
0,3,genetico,Brats18_TCIA03_138_1,1.67220673180607,82.0,110.0,0,0
0,3,genetico,Brats18_TCIA04_343_1,-0.7071335954954858,296.0,473.0,0,2
0,3,genetico,Brats18_TCIA05_478_1,-1.6648402002420013,30.0,822.0,0,2
0,3,genetico,Brats18_TCIA06_409_1,0.015674231481372702,99.0,362.0,0,1
0,3,genetico,Brats18_TCIA08_218_1,-1.6209612735292456,346.0,812.0,1,2
0,4,edad,Brats18_2013_11_1,-1.2267453845511875,150.0,734.0,0,2
0,4,edad,Brats18_CBICA_ABE_1,0.26421465009462547,269.0,329.0,0,0
0,4,edad,Brats18_CBICA_ABN_1,0.3096817521352108,1278.0,322.0,2,0
0,4,edad,Brats18_CBICA_ALN_1,0.021618826954865642,421.0,370.0,1,1
0,4,edad,Brats18_CBICA_ANG_1,-0.1817081703500138,368.0,401.0,1,2
0,4,edad,Brats18_CBICA_APZ_1,-0.012863988138900242,336.0,372.0,1,1
0,4,edad,Brats18_CBICA_AQD_1,0.4960615638649972,32.0,287.0,0,0
0,4,edad,Brats18_CBICA_AQO_1,0.29300917373378826,473.0,327.0,2,0
0,4,edad,Brats18_CBICA_AQQ_1,0.3766466729145723,33.0,317.0,0,0
0,4,edad,Brats18_CBICA_AQR_1,0.43070505653142044,89.0,291.0,0,0
0,4,edad,Brats18_CBICA_ATB_1,0.421133035049192,208.0,291.0,0,0
0,4,edad,Brats18_CBICA_ATF_1,0.32698200407645184,152.0,322.0,0,0
0,4,edad,Brats18_CBICA_AUN_1,0.31827303371147364,376.0,322.0,1,0
0,4,edad,Brats18_CBICA_AXL_1,0.5585935402693918,168.0,265.0,0,0
0,4,edad,Brats18_CBICA_AYU_1,0.1329916506763691,58.0,350.0,0,0
0,4,edad,Brats18_CBICA_AZD_1,-0.5544285642133475,448.0,495.0,1,2
0,4,edad,Brats18_TCIA01_231_1,0.13393316098609653,1561.0,350.0,2,0
0,4,edad,Brats18_TCIA01_401_1,0.7218671198146184,448.0,229.0,1,0
0,4,edad,Brats18_TCIA01_411_1,-0.6860046299977515,822.0,519.0,2,2
0,4,edad,Brats18_TCIA02_118_1,-0.5127275034116717,104.0,486.0,0,2
0,4,edad,Brats18_TCIA02_151_1,-0.4871498066640774,1731.0,476.0,2,2
0,4,edad,Brats18_TCIA02_274_1,-0.212778010571018,357.0,405.0,1,2
0,4,edad,Brats18_TCIA02_290_1,-0.6778448739801141,737.0,519.0,2,2
0,4,edad,Brats18_TCIA02_331_1,0.959284636250877,187.0,191.0,0,0
0,4,edad,Brats18_TCIA02_430_1,-0.2559697960297624,71.0,424.0,0,2
0,4,edad,Brats18_TCIA02_471_1,0.6364250592068571,111.0,254.0,0,0
0,4,edad,Brats18_TCIA03_121_1,-1.1762176645958171,747.0,726.0,2,2
0,4,edad,Brats18_TCIA03_257_1,0.35051976181963657,425.0,318.0,1,0
0,4,edad,Brats18_TCIA03_265_1,-0.03165496473720954,103.0,375.0,0,1
0,4,edad,Brats18_TCIA03_498_1,-0.04350230280127956,467.0,382.0,2,1
0,4,edad,Brats18_TCIA04_149_1,-0.9234221464340108,448.0,616.0,1,2
0,4,edad,Brats18_TCIA04_437_1,-0.5271639948274917,333.0,488.0,1,2
0,4,edad,Brats18_TCIA05_277_1,0.391357771504063,232.0,296.0,0,0
0,4,coxnet,Brats18_2013_11_1,-1.090969357135727,150.0,634.0,0,2
0,4,coxnet,Brats18_CBICA_ABE_1,0.28303482984558653,269.0,327.0,0,0
0,4,coxnet,Brats18_CBICA_ABN_1,0.3242299143968056,1278.0,318.0,2,0
0,4,coxnet,Brats18_CBICA_ALN_1,0.033403235185250825,421.0,362.0,1,1
0,4,coxnet,Brats18_CBICA_ANG_1,-0.24922465963598592,368.0,407.0,1,2
0,4,coxnet,Brats18_CBICA_APZ_1,0.03976811887746846,336.0,359.0,1,1
0,4,coxnet,Brats18_CBICA_AQD_1,0.5304356972925184,32.0,268.0,0,0
0,4,coxnet,Brats18_CBICA_AQO_1,0.19662280034349144,473.0,332.0,2,0
0,4,coxnet,Brats18_CBICA_AQQ_1,0.4308138395491222,33.0,291.0,0,0
0,4,coxnet,Brats18_CBICA_AQR_1,0.25795580396697937,89.0,329.0,0,0
0,4,coxnet,Brats18_CBICA_ATB_1,0.4154966908786632,208.0,291.0,0,0
0,4,coxnet,Brats18_CBICA_ATF_1,0.268744618717468,152.0,327.0,0,0
0,4,coxnet,Brats18_CBICA_AUN_1,0.3694737164203935,376.0,317.0,1,0
0,4,coxnet,Brats18_CBICA_AXL_1,0.6915366321756443,168.0,239.0,0,0
0,4,coxnet,Brats18_CBICA_AYU_1,0.023786797850001578,58.0,362.0,0,1
0,4,coxnet,Brats18_CBICA_AZD_1,-0.6311512208668668,448.0,503.0,1,2
0,4,coxnet,Brats18_TCIA01_231_1,0.0713191564809598,1561.0,355.0,2,1
0,4,coxnet,Brats18_TCIA01_401_1,0.7071857115389822,448.0,229.0,1,0
0,4,coxnet,Brats18_TCIA01_411_1,-0.6590433109590993,822.0,508.0,2,2
0,4,coxnet,Brats18_TCIA02_118_1,-0.38968162050456373,104.0,439.0,0,2
0,4,coxnet,Brats18_TCIA02_151_1,-0.6068005123264137,1731.0,495.0,2,2
0,4,coxnet,Brats18_TCIA02_274_1,-0.1876619168992441,357.0,394.0,1,2
0,4,coxnet,Brats18_TCIA02_290_1,-0.46080442312235215,737.0,466.0,2,2
0,4,coxnet,Brats18_TCIA02_331_1,1.0224929545585282,187.0,180.0,0,0
0,4,coxnet,Brats18_TCIA02_430_1,-0.3274399912883892,71.0,436.0,0,2
0,4,coxnet,Brats18_TCIA02_471_1,0.6566389747575176,111.0,244.0,0,0
0,4,coxnet,Brats18_TCIA03_121_1,-1.1320943904201672,747.0,635.0,2,2
0,4,coxnet,Brats18_TCIA03_257_1,0.3953756372939786,425.0,296.0,1,0
0,4,coxnet,Brats18_TCIA03_265_1,-0.08401100653185051,103.0,385.0,0,1
0,4,coxnet,Brats18_TCIA03_498_1,-0.13209399988022344,467.0,387.0,2,1
0,4,coxnet,Brats18_TCIA04_149_1,-0.8756436710985201,448.0,600.0,1,2
0,4,coxnet,Brats18_TCIA04_437_1,-0.4733218467343189,333.0,466.0,1,2
0,4,coxnet,Brats18_TCIA05_277_1,0.28914969856623185,232.0,327.0,0,0
0,4,genetico,Brats18_2013_11_1,-2.215710294368349,150.0,1489.0,0,2
0,4,genetico,Brats18_CBICA_ABE_1,0.1100819468468383,269.0,355.0,0,1
0,4,genetico,Brats18_CBICA_ABN_1,0.7142781552935668,1278.0,244.0,2,0
0,4,genetico,Brats18_CBICA_ALN_1,0.10045811697892934,421.0,355.0,1,1
0,4,genetico,Brats18_CBICA_ANG_1,-0.2504054148399834,368.0,424.0,1,2
0,4,genetico,Brats18_CBICA_APZ_1,0.3828004054642508,336.0,318.0,1,0
0,4,genetico,Brats18_CBICA_AQD_1,0.572044377689327,32.0,286.0,0,0
0,4,genetico,Brats18_CBICA_AQO_1,-0.31164133350636536,473.0,434.0,2,2
0,4,genetico,Brats18_CBICA_AQQ_1,0.5941479475736274,33.0,268.0,0,0
0,4,genetico,Brats18_CBICA_AQR_1,0.4540325350420284,89.0,296.0,0,0
0,4,genetico,Brats18_CBICA_ATB_1,0.29784572516427915,208.0,329.0,0,0
0,4,genetico,Brats18_CBICA_ATF_1,-0.011802049440848207,152.0,375.0,0,1
0,4,genetico,Brats18_CBICA_AUN_1,0.8110883711609508,376.0,229.0,1,0
0,4,genetico,Brats18_CBICA_AXL_1,0.7779228825174447,168.0,239.0,0,0
0,4,genetico,Brats18_CBICA_AYU_1,-0.1392806811329271,58.0,394.0,0,1
0,4,genetico,Brats18_CBICA_AZD_1,-0.5397409810756686,448.0,486.0,1,2
0,4,genetico,Brats18_TCIA01_231_1,0.0991707362986959,1561.0,355.0,2,1
0,4,genetico,Brats18_TCIA01_401_1,0.4001782566895787,448.0,318.0,1,0
0,4,genetico,Brats18_TCIA01_411_1,-0.8336962723272869,822.0,558.0,2,2
0,4,genetico,Brats18_TCIA02_118_1,0.012559378947308509,104.0,372.0,0,1
0,4,genetico,Brats18_TCIA02_151_1,-1.5167736232311932,1731.0,828.0,2,2
0,4,genetico,Brats18_TCIA02_274_1,-0.00399107321251347,357.0,375.0,1,1
0,4,genetico,Brats18_TCIA02_290_1,-0.003590602755080119,737.0,375.0,2,1
0,4,genetico,Brats18_TCIA02_331_1,1.093129298181138,187.0,180.0,0,0
0,4,genetico,Brats18_TCIA02_430_1,-0.609833273138085,71.0,495.0,0,2
0,4,genetico,Brats18_TCIA02_471_1,0.26471832004875967,111.0,331.0,0,0
0,4,genetico,Brats18_TCIA03_121_1,-1.3425926287108725,747.0,734.0,2,2
0,4,genetico,Brats18_TCIA03_257_1,0.4179891703723789,425.0,317.0,1,0
0,4,genetico,Brats18_TCIA03_265_1,-0.2825765610583696,103.0,430.0,0,2
0,4,genetico,Brats18_TCIA03_498_1,-0.3159033020166797,467.0,436.0,2,2
0,4,genetico,Brats18_TCIA04_149_1,-1.1239861057817713,448.0,630.0,1,2
0,4,genetico,Brats18_TCIA04_437_1,-0.08754906061177084,333.0,387.0,1,1
0,4,genetico,Brats18_TCIA05_277_1,-0.13678007043011042,232.0,394.0,0,1
1,0,edad,Brats18_2013_27_1,0.23756686572407174,120.0,331.0,0,0
1,0,edad,Brats18_CBICA_AAL_1,-0.18631132317920027,464.0,394.0,2,2
1,0,edad,Brats18_CBICA_ABO_1,-0.12087113044670313,1155.0,376.0,2,1
1,0,edad,Brats18_CBICA_AQO_1,0.23262331953087093,473.0,331.0,2,0
1,0,edad,Brats18_CBICA_AQR_1,0.34107236414421643,89.0,317.0,0,0
1,0,edad,Brats18_CBICA_AQT_1,0.48344649450840294,172.0,269.0,0,0
1,0,edad,Brats18_CBICA_ASE_1,-0.4176383878572963,318.0,448.0,1,2
1,0,edad,Brats18_CBICA_ASY_1,0.19091214852573823,610.0,333.0,2,0
1,0,edad,Brats18_CBICA_AXJ_1,-1.0047771897910291,1767.0,630.0,2,2
1,0,edad,Brats18_CBICA_AYI_1,0.17271371910201735,387.0,333.0,1,0
1,0,edad,Brats18_CBICA_AZD_1,-0.4348172108786694,448.0,453.0,1,2
1,0,edad,Brats18_CBICA_BHB_1,-0.14633039334168785,510.0,385.0,2,2
1,0,edad,Brats18_CBICA_BHM_1,0.0524928551161121,436.0,355.0,1,1
1,0,edad,Brats18_TCIA01_147_1,0.0335219965997034,209.0,355.0,0,1
1,0,edad,Brats18_TCIA01_186_1,-0.8170151259405165,370.0,579.0,1,2
1,0,edad,Brats18_TCIA01_203_1,-0.4450750692295614,268.0,453.0,0,2
1,0,edad,Brats18_TCIA01_231_1,0.10733532069693487,1561.0,346.0,2,0
1,0,edad,Brats18_TCIA01_412_1,0.26039986970391865,291.0,329.0,0,0
1,0,edad,Brats18_TCIA02_151_1,-0.38182857512029716,1731.0,439.0,2,2
1,0,edad,Brats18_TCIA02_179_1,-0.4218712992852246,405.0,448.0,1,2
1,0,edad,Brats18_TCIA02_283_1,0.4481619335544314,262.0,286.0,0,0
1,0,edad,Brats18_TCIA02_394_1,0.12099186705565244,616.0,346.0,2,0
1,0,edad,Brats18_TCIA02_491_1,0.6420725329827377,82.0,213.0,0,0
1,0,edad,Brats18_TCIA03_133_1,0.10600674265751213,382.0,346.0,1,0
1,0,edad,Brats18_TCIA03_138_1,0.3566445346527991,82.0,296.0,0,0
1,0,edad,Brats18_TCIA03_257_1,0.27791856152607425,425.0,327.0,1,0
1,0,edad,Brats18_TCIA03_296_1,0.0029647016929802423,22.0,359.0,0,1
1,0,edad,Brats18_TCIA05_277_1,0.31008250894558814,232.0,322.0,0,0
1,0,edad,Brats18_TCIA06_165_1,-0.2649446048148026,5.0,421.0,0,2
1,0,edad,Brats18_TCIA06_409_1,0.2760647317036243,99.0,327.0,0,0
1,0,edad,Brats18_TCIA08_105_1,0.1945271166795161,77.0,333.0,0,0
1,0,edad,Brats18_TCIA08_278_1,-0.30372054526772246,1458.0,424.0,2,2
1,0,edad,Brats18_TCIA08_469_1,0.11023965408544045,519.0,346.0,2,0
1,0,coxnet,Brats18_2013_27_1,0.26890770850757634,120.0,327.0,0,0
1,0,coxnet,Brats18_CBICA_AAL_1,-0.38318694815316984,464.0,438.0,2,2
1,0,coxnet,Brats18_CBICA_ABO_1,0.19772600142950095,1155.0,332.0,2,0
1,0,coxnet,Brats18_CBICA_AQO_1,0.1977388237495474,473.0,332.0,2,0
1,0,coxnet,Brats18_CBICA_AQR_1,0.19206257732355916,89.0,332.0,0,0
1,0,coxnet,Brats18_CBICA_AQT_1,0.5466703224811368,172.0,254.0,0,0
1,0,coxnet,Brats18_CBICA_ASE_1,-0.6786737273684758,318.0,495.0,1,2
1,0,coxnet,Brats18_CBICA_ASY_1,0.26383887929907385,610.0,329.0,2,0
1,0,coxnet,Brats18_CBICA_AXJ_1,-0.8501429184069286,1767.0,576.0,2,2
1,0,coxnet,Brats18_CBICA_AYI_1,-0.0910887911407088,387.0,372.0,1,1
1,0,coxnet,Brats18_CBICA_AZD_1,-0.735644063075009,448.0,508.0,1,2
1,0,coxnet,Brats18_CBICA_BHB_1,-0.2665561882491245,510.0,401.0,2,2
1,0,coxnet,Brats18_CBICA_BHM_1,-0.009736328948248598,436.0,357.0,1,1
1,0,coxnet,Brats18_TCIA01_147_1,0.11683600039058016,209.0,345.0,0,1
1,0,coxnet,Brats18_TCIA01_186_1,-0.8700544381194678,370.0,579.0,1,2
1,0,coxnet,Brats18_TCIA01_203_1,-0.27604022186990623,268.0,407.0,0,2
1,0,coxnet,Brats18_TCIA01_231_1,0.0970205254894148,1561.0,346.0,2,1
1,0,coxnet,Brats18_TCIA01_412_1,0.43319301899934193,291.0,286.0,0,0
1,0,coxnet,Brats18_TCIA02_151_1,-0.5052870463910044,1731.0,465.0,2,2
1,0,coxnet,Brats18_TCIA02_179_1,-0.41605931536112484,405.0,439.0,1,2
1,0,coxnet,Brats18_TCIA02_283_1,0.43219674857504564,262.0,286.0,0,0
1,0,coxnet,Brats18_TCIA02_394_1,0.1920870931234442,616.0,332.0,2,0
1,0,coxnet,Brats18_TCIA02_491_1,0.829973690106628,82.0,199.0,0,0
1,0,coxnet,Brats18_TCIA03_133_1,-0.11578819813111746,382.0,375.0,1,1
1,0,coxnet,Brats18_TCIA03_138_1,0.5547845827858575,82.0,244.0,0,0
1,0,coxnet,Brats18_TCIA03_257_1,0.4189097728017283,425.0,287.0,1,0
1,0,coxnet,Brats18_TCIA03_296_1,0.2884649588719759,22.0,327.0,0,0
1,0,coxnet,Brats18_TCIA05_277_1,0.2966871865956758,232.0,322.0,0,0
1,0,coxnet,Brats18_TCIA06_165_1,-0.2215778598625924,5.0,394.0,0,2
1,0,coxnet,Brats18_TCIA06_409_1,0.1702302369650227,99.0,333.0,0,0
1,0,coxnet,Brats18_TCIA08_105_1,0.3731342020160987,77.0,296.0,0,0
1,0,coxnet,Brats18_TCIA08_278_1,-0.37294456031483597,1458.0,434.0,2,2
1,0,coxnet,Brats18_TCIA08_469_1,0.24532904809380351,519.0,329.0,2,0
1,0,genetico,Brats18_2013_27_1,0.33654073321405514,120.0,327.0,0,0
1,0,genetico,Brats18_CBICA_AAL_1,-1.2152553099411243,464.0,634.0,2,2
1,0,genetico,Brats18_CBICA_ABO_1,1.4642666423701574,1155.0,127.0,2,0
1,0,genetico,Brats18_CBICA_AQO_1,-0.3710903727568525,473.0,434.0,2,2
1,0,genetico,Brats18_CBICA_AQR_1,1.519167627919761,89.0,121.0,0,0
1,0,genetico,Brats18_CBICA_AQT_1,0.8327888754894661,172.0,208.0,0,0
1,0,genetico,Brats18_CBICA_ASE_1,-0.8003438698134162,318.0,503.0,1,2
1,0,genetico,Brats18_CBICA_ASY_1,0.6823073336280399,610.0,239.0,2,0
1,0,genetico,Brats18_CBICA_AXJ_1,0.4974592008737715,1767.0,287.0,2,0
1,0,genetico,Brats18_CBICA_AYI_1,-1.7229602238565096,387.0,871.0,1,2
1,0,genetico,Brats18_CBICA_AZD_1,-1.6781610111038898,448.0,828.0,1,2
1,0,genetico,Brats18_CBICA_BHB_1,4.528242650017131,510.0,23.0,2,0
1,0,genetico,Brats18_CBICA_BHM_1,0.4682096773707848,436.0,289.0,1,0
1,0,genetico,Brats18_TCIA01_147_1,0.13077943767892242,209.0,350.0,0,1
1,0,genetico,Brats18_TCIA01_186_1,-1.154204644353889,370.0,626.0,1,2
1,0,genetico,Brats18_TCIA01_203_1,-0.04894807190275885,268.0,372.0,0,1
1,0,genetico,Brats18_TCIA01_231_1,-0.21807213490260857,1561.0,394.0,2,1
1,0,genetico,Brats18_TCIA01_412_1,0.5171161692599733,291.0,287.0,0,0
1,0,genetico,Brats18_TCIA02_151_1,-0.15667308769622276,1731.0,387.0,2,1
1,0,genetico,Brats18_TCIA02_179_1,-0.43417046380778296,405.0,439.0,1,2
1,0,genetico,Brats18_TCIA02_283_1,1.7248222657489602,262.0,110.0,0,0
1,0,genetico,Brats18_TCIA02_394_1,0.9307949910465646,616.0,199.0,2,0
1,0,genetico,Brats18_TCIA02_491_1,0.8904405429271336,82.0,203.0,0,0
1,0,genetico,Brats18_TCIA03_133_1,-1.2717827589141062,382.0,660.0,1,2
1,0,genetico,Brats18_TCIA03_138_1,0.9555618830338335,82.0,199.0,0,0
1,0,genetico,Brats18_TCIA03_257_1,0.91823712520926,425.0,203.0,1,0
1,0,genetico,Brats18_TCIA03_296_1,1.2526361199095326,22.0,153.0,0,0
1,0,genetico,Brats18_TCIA05_277_1,-0.7279513306687007,232.0,495.0,0,2
1,0,genetico,Brats18_TCIA06_165_1,-0.24111954534775762,5.0,401.0,0,1
1,0,genetico,Brats18_TCIA06_409_1,-0.44667957229586275,99.0,448.0,0,2
1,0,genetico,Brats18_TCIA08_105_1,0.6599257692489542,77.0,244.0,0,0
1,0,genetico,Brats18_TCIA08_278_1,-0.6133000536326393,1458.0,468.0,2,2
1,0,genetico,Brats18_TCIA08_469_1,0.25580299974606735,519.0,332.0,2,0
1,1,edad,Brats18_CBICA_ABB_1,0.3317828873354119,465.0,318.0,2,0
1,1,edad,Brats18_CBICA_ABM_1,0.38266016323999485,503.0,296.0,2,0
1,1,edad,Brats18_CBICA_ALN_1,0.0610469392342822,421.0,357.0,1,1
1,1,edad,Brats18_CBICA_ANZ_1,0.31586357056188535,287.0,318.0,0,0
1,1,edad,Brats18_CBICA_AOP_1,0.3081190380774666,332.0,318.0,1,0
1,1,edad,Brats18_CBICA_AQG_1,-0.20201618501654425,466.0,394.0,2,2
1,1,edad,Brats18_CBICA_AQN_1,0.14171915261364149,488.0,350.0,2,1
1,1,edad,Brats18_CBICA_AQQ_1,0.38552850860459426,33.0,296.0,0,0
1,1,edad,Brats18_CBICA_AQU_1,0.48903992194957663,30.0,269.0,0,0
1,1,edad,Brats18_CBICA_ASN_1,-0.7081715789171732,407.0,558.0,1,2
1,1,edad,Brats18_CBICA_ASO_1,-0.2470850615578129,265.0,405.0,0,2
1,1,edad,Brats18_CBICA_ATV_1,0.10468164309325116,453.0,355.0,2,1
1,1,edad,Brats18_CBICA_AUQ_1,0.05652929528503816,1337.0,359.0,2,1
1,1,edad,Brats18_CBICA_AUR_1,0.3948506310395421,12.0,291.0,0,0
1,1,edad,Brats18_CBICA_AXQ_1,0.25250899232129487,114.0,333.0,0,0
1,1,edad,Brats18_TCIA01_190_1,0.08198586039585824,322.0,357.0,1,1
1,1,edad,Brats18_TCIA01_429_1,-0.1525013731601464,86.0,387.0,0,1
1,1,edad,Brats18_TCIA01_499_1,-0.32833094401009205,600.0,434.0,2,2
1,1,edad,Brats18_TCIA02_331_1,0.9180368255424803,187.0,180.0,0,0
1,1,edad,Brats18_TCIA02_377_1,0.16215611333641253,812.0,346.0,2,0
1,1,edad,Brats18_TCIA02_471_1,0.622955796159313,111.0,232.0,0,0
1,1,edad,Brats18_TCIA03_419_1,0.40704109883908984,327.0,291.0,1,0
1,1,edad,Brats18_TCIA03_474_1,0.07775505098307399,635.0,357.0,2,1
1,1,edad,Brats18_TCIA04_111_1,0.57451661381464,626.0,254.0,2,0
1,1,edad,Brats18_TCIA04_149_1,-0.8026835586807249,448.0,597.0,1,2
1,1,edad,Brats18_TCIA04_192_1,0.5995787814378275,121.0,239.0,0,0
1,1,edad,Brats18_TCIA04_361_1,0.5999731789254599,476.0,239.0,2,0
1,1,edad,Brats18_TCIA04_479_1,-0.10180336884085119,372.0,385.0,1,1
1,1,edad,Brats18_TCIA05_478_1,0.0005607063582915438,30.0,368.0,0,1
1,1,edad,Brats18_TCIA06_247_1,0.6260034131091997,244.0,232.0,0,0
1,1,edad,Brats18_TCIA06_372_1,0.54791271055798,213.0,262.0,0,0
1,1,edad,Brats18_TCIA08_167_1,0.5617524769421721,153.0,254.0,0,0
1,1,edad,Brats18_TCIA08_280_1,-0.06731151583154277,508.0,376.0,2,1
1,1,coxnet,Brats18_CBICA_ABB_1,0.44350140466434224,465.0,286.0,2,0
1,1,coxnet,Brats18_CBICA_ABM_1,0.40586840911502503,503.0,291.0,2,0
1,1,coxnet,Brats18_CBICA_ALN_1,0.17666956321783348,421.0,345.0,1,0
1,1,coxnet,Brats18_CBICA_ANZ_1,0.3783871595647337,287.0,296.0,0,0
1,1,coxnet,Brats18_CBICA_AOP_1,0.2420606931666805,332.0,333.0,1,0
1,1,coxnet,Brats18_CBICA_AQG_1,-0.2086831997544422,466.0,394.0,2,2
1,1,coxnet,Brats18_CBICA_AQN_1,0.26287108990111446,488.0,331.0,2,0
1,1,coxnet,Brats18_CBICA_AQQ_1,0.5098814193491699,33.0,268.0,0,0
1,1,coxnet,Brats18_CBICA_AQU_1,0.5585005676088092,30.0,254.0,0,0
1,1,coxnet,Brats18_CBICA_ASN_1,-0.6590032530815514,407.0,510.0,1,2
1,1,coxnet,Brats18_CBICA_ASO_1,-0.2116631623023756,265.0,394.0,0,2
1,1,coxnet,Brats18_CBICA_ATV_1,0.013649833236847472,453.0,362.0,2,1
1,1,coxnet,Brats18_CBICA_AUQ_1,0.02398998978777738,1337.0,359.0,2,1
1,1,coxnet,Brats18_CBICA_AUR_1,0.40969364858745483,12.0,289.0,0,0
1,1,coxnet,Brats18_CBICA_AXQ_1,0.31204311006889435,114.0,318.0,0,0
1,1,coxnet,Brats18_TCIA01_190_1,-0.09584065601073986,322.0,376.0,1,1
1,1,coxnet,Brats18_TCIA01_429_1,-0.051226125258893945,86.0,375.0,0,1
1,1,coxnet,Brats18_TCIA01_499_1,-0.33900447243533904,600.0,430.0,2,2
1,1,coxnet,Brats18_TCIA02_331_1,0.8120196689637316,187.0,203.0,0,0
1,1,coxnet,Brats18_TCIA02_377_1,0.1965889858167703,812.0,336.0,2,0
1,1,coxnet,Brats18_TCIA02_471_1,0.7007476458766853,111.0,210.0,0,0
1,1,coxnet,Brats18_TCIA03_419_1,0.4159563631221067,327.0,289.0,1,0
1,1,coxnet,Brats18_TCIA03_474_1,0.19478806117289832,635.0,345.0,2,0
1,1,coxnet,Brats18_TCIA04_111_1,0.4215308927649123,626.0,289.0,2,0
1,1,coxnet,Brats18_TCIA04_149_1,-0.9154597254292325,448.0,616.0,1,2
1,1,coxnet,Brats18_TCIA04_192_1,0.3158113923652628,121.0,318.0,0,0
1,1,coxnet,Brats18_TCIA04_361_1,0.5247904252328534,476.0,262.0,2,0
1,1,coxnet,Brats18_TCIA04_479_1,-0.07266216891474128,372.0,375.0,1,1
1,1,coxnet,Brats18_TCIA05_478_1,-0.10294042475287385,30.0,382.0,0,1
1,1,coxnet,Brats18_TCIA06_247_1,0.6807410363694768,244.0,210.0,0,0
1,1,coxnet,Brats18_TCIA06_372_1,0.5398817501774106,213.0,262.0,0,0
1,1,coxnet,Brats18_TCIA08_167_1,0.5788171606314764,153.0,254.0,0,0
1,1,coxnet,Brats18_TCIA08_280_1,-0.35186420558452924,508.0,434.0,2,2
1,1,genetico,Brats18_CBICA_ABB_1,0.21286846429312745,465.0,336.0,2,0
1,1,genetico,Brats18_CBICA_ABM_1,0.16986076107936876,503.0,346.0,2,1
1,1,genetico,Brats18_CBICA_ALN_1,0.3314415755366403,421.0,318.0,1,0
1,1,genetico,Brats18_CBICA_ANZ_1,0.5045616483573724,287.0,269.0,0,0
1,1,genetico,Brats18_CBICA_AOP_1,0.47891852744466523,332.0,286.0,1,0
1,1,genetico,Brats18_CBICA_AQG_1,0.5228806676979572,466.0,269.0,2,0
1,1,genetico,Brats18_CBICA_AQN_1,0.7705471678959714,488.0,209.0,2,0
1,1,genetico,Brats18_CBICA_AQQ_1,1.0989492613917513,33.0,170.0,0,0
1,1,genetico,Brats18_CBICA_AQU_1,0.9225360634260789,30.0,199.0,0,0
1,1,genetico,Brats18_CBICA_ASN_1,-0.40022809549937877,407.0,436.0,1,2
1,1,genetico,Brats18_CBICA_ASO_1,-0.2108733939547125,265.0,394.0,0,1
1,1,genetico,Brats18_CBICA_ATV_1,0.1506231081977476,453.0,350.0,2,1
1,1,genetico,Brats18_CBICA_AUQ_1,-0.1435175822806508,1337.0,385.0,2,1
1,1,genetico,Brats18_CBICA_AUR_1,0.47230864337708867,12.0,286.0,0,0
1,1,genetico,Brats18_CBICA_AXQ_1,0.25148681538911244,114.0,333.0,0,0
1,1,genetico,Brats18_TCIA01_190_1,0.40605219687626015,322.0,296.0,1,0
1,1,genetico,Brats18_TCIA01_429_1,0.04847097786689629,86.0,359.0,0,1
1,1,genetico,Brats18_TCIA01_499_1,-0.466729198795688,600.0,448.0,2,2
1,1,genetico,Brats18_TCIA02_331_1,0.6867348961560339,187.0,232.0,0,0
1,1,genetico,Brats18_TCIA02_377_1,0.15943836544682333,812.0,346.0,2,1
1,1,genetico,Brats18_TCIA02_471_1,0.9707005385854915,111.0,180.0,0,0
1,1,genetico,Brats18_TCIA03_419_1,0.424064284178935,327.0,291.0,1,0
1,1,genetico,Brats18_TCIA03_474_1,0.5057379032653994,635.0,269.0,2,0
1,1,genetico,Brats18_TCIA04_111_1,0.425415697315487,626.0,291.0,2,0
1,1,genetico,Brats18_TCIA04_149_1,-0.9533645897552182,448.0,616.0,1,2
1,1,genetico,Brats18_TCIA04_192_1,-0.6479154100084955,121.0,495.0,0,2
1,1,genetico,Brats18_TCIA04_361_1,0.3461149077745705,476.0,318.0,2,0
1,1,genetico,Brats18_TCIA04_479_1,-0.023767339845587487,372.0,368.0,1,1
1,1,genetico,Brats18_TCIA05_478_1,0.09979876196637585,30.0,355.0,0,1
1,1,genetico,Brats18_TCIA06_247_1,0.8583079359978523,244.0,208.0,0,0
1,1,genetico,Brats18_TCIA06_372_1,0.8467215130410468,213.0,208.0,0,0
1,1,genetico,Brats18_TCIA08_167_1,0.5989948681647872,153.0,254.0,0,0
1,1,genetico,Brats18_TCIA08_280_1,-0.17458625381300152,508.0,387.0,2,1
1,2,edad,Brats18_2013_11_1,-1.2892454978033796,150.0,747.0,0,2
1,2,edad,Brats18_CBICA_ABE_1,0.23587405293546337,269.0,322.0,0,0
1,2,edad,Brats18_CBICA_ABY_1,-0.5168943955281994,515.0,466.0,2,2
1,2,edad,Brats18_CBICA_ANG_1,-0.22026534435045028,368.0,405.0,1,2
1,2,edad,Brats18_CBICA_AOD_1,-0.02676625279483525,55.0,370.0,0,1
1,2,edad,Brats18_CBICA_AOO_1,-0.6856342710967105,350.0,495.0,1,2
1,2,edad,Brats18_CBICA_APR_1,0.05842631696305982,23.0,345.0,0,1
1,2,edad,Brats18_CBICA_AQP_1,-0.5937402603828246,1283.0,473.0,2,2
1,2,edad,Brats18_CBICA_ARF_1,0.5643650449458869,726.0,254.0,2,0
1,2,edad,Brats18_CBICA_ARW_1,-0.6754416603013712,495.0,495.0,2,2
1,2,edad,Brats18_CBICA_ASG_1,-0.14197485749333608,208.0,387.0,0,1
1,2,edad,Brats18_CBICA_ASH_1,-0.589005110485777,660.0,473.0,2,2
1,2,edad,Brats18_CBICA_ATD_1,0.3182175070773382,355.0,296.0,1,0
1,2,edad,Brats18_CBICA_ATF_1,0.30007947526830925,152.0,317.0,0,0
1,2,edad,Brats18_CBICA_ATX_1,-0.981701524829047,1592.0,614.0,2,2
1,2,edad,Brats18_CBICA_AUN_1,0.29117097291962707,376.0,317.0,1,0
1,2,edad,Brats18_CBICA_AVV_1,0.44321743868159835,387.0,286.0,1,0
1,2,edad,Brats18_CBICA_AWG_1,-0.22937448864392299,180.0,407.0,0,2
1,2,edad,Brats18_CBICA_AXL_1,0.5369974836765112,168.0,254.0,0,0
1,2,edad,Brats18_CBICA_AYU_1,0.10164459187085678,58.0,336.0,0,1
1,2,edad,Brats18_TCIA01_335_1,-0.2718303241615174,355.0,425.0,1,2
1,2,edad,Brats18_TCIA01_390_1,0.09337814374550299,634.0,336.0,2,1
1,2,edad,Brats18_TCIA01_425_1,-0.20224769770829543,558.0,401.0,2,2
1,2,edad,Brats18_TCIA01_448_1,-0.6741174234657563,199.0,495.0,0,2
1,2,edad,Brats18_TCIA02_118_1,-0.5588686903782975,104.0,468.0,0,2
1,2,edad,Brats18_TCIA02_135_1,0.3256813874235318,828.0,296.0,2,0
1,2,edad,Brats18_TCIA02_198_1,-0.2796553600083328,394.0,425.0,1,2
1,2,edad,Brats18_TCIA02_314_1,-0.8384833046378422,362.0,576.0,1,2
1,2,edad,Brats18_TCIA02_322_1,-0.15593953685073003,621.0,387.0,2,1
1,2,edad,Brats18_TCIA02_455_1,-0.2569828202470466,424.0,421.0,1,2
1,2,edad,Brats18_TCIA02_473_1,-0.009069633264344729,175.0,359.0,0,1
1,2,edad,Brats18_TCIA03_375_1,-0.05008084677945011,946.0,372.0,2,1
1,2,edad,Brats18_TCIA06_184_1,-0.0032510168654304255,434.0,359.0,1,1
1,2,coxnet,Brats18_2013_11_1,-1.2892458898529937,150.0,747.0,0,2
1,2,coxnet,Brats18_CBICA_ABE_1,0.23587410754624716,269.0,322.0,0,0
1,2,coxnet,Brats18_CBICA_ABY_1,-0.5168942665382813,515.0,466.0,2,2
1,2,coxnet,Brats18_CBICA_ANG_1,-0.22026525101988279,368.0,405.0,1,2
1,2,coxnet,Brats18_CBICA_AOD_1,-0.02676615226047188,55.0,370.0,0,1
1,2,coxnet,Brats18_CBICA_AOO_1,-0.6856340982312004,350.0,495.0,1,2
1,2,coxnet,Brats18_CBICA_APR_1,0.05842642978147673,23.0,345.0,0,1
1,2,coxnet,Brats18_CBICA_AQP_1,-0.593740112629807,1283.0,473.0,2,2
1,2,coxnet,Brats18_CBICA_ARF_1,0.5643650918273184,726.0,254.0,2,0
1,2,coxnet,Brats18_CBICA_ARW_1,-0.6754415154124915,495.0,495.0,2,2
1,2,coxnet,Brats18_CBICA_ASG_1,-0.1419747370136448,208.0,387.0,0,1
1,2,coxnet,Brats18_CBICA_ASH_1,-0.5890050377119177,660.0,473.0,2,2
1,2,coxnet,Brats18_CBICA_ATD_1,0.31821745181600325,355.0,296.0,1,0
1,2,coxnet,Brats18_CBICA_ATF_1,0.3000795128205094,152.0,317.0,0,0
1,2,coxnet,Brats18_CBICA_ATX_1,-0.9817013467942322,1592.0,614.0,2,2
1,2,coxnet,Brats18_CBICA_AUN_1,0.2911710282490609,376.0,317.0,1,0
1,2,coxnet,Brats18_CBICA_AVV_1,0.44321753172487915,387.0,286.0,1,0
1,2,coxnet,Brats18_CBICA_AWG_1,-0.22937435256338082,180.0,407.0,0,2
1,2,coxnet,Brats18_CBICA_AXL_1,0.5369975694748901,168.0,254.0,0,0
1,2,coxnet,Brats18_CBICA_AYU_1,0.10164466270342594,58.0,336.0,0,1
1,2,coxnet,Brats18_TCIA01_335_1,-0.2718302371360111,355.0,425.0,1,2
1,2,coxnet,Brats18_TCIA01_390_1,0.09337803319990662,634.0,336.0,2,1
1,2,coxnet,Brats18_TCIA01_425_1,-0.20224797705481776,558.0,401.0,2,2
1,2,coxnet,Brats18_TCIA01_448_1,-0.6741173345269394,199.0,495.0,0,2
1,2,coxnet,Brats18_TCIA02_118_1,-0.5588685617849869,104.0,468.0,0,2
1,2,coxnet,Brats18_TCIA02_135_1,0.3256814103047537,828.0,296.0,2,0
1,2,coxnet,Brats18_TCIA02_198_1,-0.2796555276829082,394.0,425.0,1,2
1,2,coxnet,Brats18_TCIA02_314_1,-0.8384831610307639,362.0,576.0,1,2
1,2,coxnet,Brats18_TCIA02_322_1,-0.15593943973207555,621.0,387.0,2,1
1,2,coxnet,Brats18_TCIA02_455_1,-0.2569827438243874,424.0,421.0,1,2
1,2,coxnet,Brats18_TCIA02_473_1,-0.009069553554206784,175.0,359.0,0,1
1,2,coxnet,Brats18_TCIA03_375_1,-0.05008072926433664,946.0,372.0,2,1
1,2,coxnet,Brats18_TCIA06_184_1,-0.0032509692732695617,434.0,359.0,1,1
1,2,genetico,Brats18_2013_11_1,-0.8236659185829329,150.0,503.0,0,2
1,2,genetico,Brats18_CBICA_ABE_1,0.5258033607571332,269.0,286.0,0,0
1,2,genetico,Brats18_CBICA_ABY_1,-1.347221352769371,515.0,698.0,2,2
1,2,genetico,Brats18_CBICA_ANG_1,-0.838823550948576,368.0,503.0,1,2
1,2,genetico,Brats18_CBICA_AOD_1,1.1306494310774227,55.0,172.0,0,0
1,2,genetico,Brats18_CBICA_AOO_1,-0.17489912619326572,350.0,394.0,1,1
1,2,genetico,Brats18_CBICA_APR_1,0.8107888089306914,23.0,229.0,0,0
1,2,genetico,Brats18_CBICA_AQP_1,-0.26055412944755396,1283.0,407.0,2,1
1,2,genetico,Brats18_CBICA_ARF_1,0.7790452672643658,726.0,232.0,2,0
1,2,genetico,Brats18_CBICA_ARW_1,-1.2566090194410084,495.0,626.0,2,2
1,2,genetico,Brats18_CBICA_ASG_1,0.8727128499380892,208.0,210.0,0,0
1,2,genetico,Brats18_CBICA_ASH_1,-0.880612826433369,660.0,510.0,2,2
1,2,genetico,Brats18_CBICA_ATD_1,-1.0492881791005095,355.0,597.0,1,2
1,2,genetico,Brats18_CBICA_ATF_1,0.8081947983112607,152.0,229.0,0,0
1,2,genetico,Brats18_CBICA_ATX_1,-0.2963223420385483,1592.0,425.0,2,1
1,2,genetico,Brats18_CBICA_AUN_1,-0.4517590703191797,376.0,448.0,1,2
1,2,genetico,Brats18_CBICA_AVV_1,0.5845335322166585,387.0,268.0,1,0
1,2,genetico,Brats18_CBICA_AWG_1,0.4702261631911008,180.0,289.0,0,0
1,2,genetico,Brats18_CBICA_AXL_1,0.8924523239709194,168.0,210.0,0,0
1,2,genetico,Brats18_CBICA_AYU_1,-0.9566104304215761,58.0,522.0,0,2
1,2,genetico,Brats18_TCIA01_335_1,-0.030115840903017888,355.0,372.0,1,1
1,2,genetico,Brats18_TCIA01_390_1,-0.4192045111945468,634.0,439.0,2,2
1,2,genetico,Brats18_TCIA01_425_1,-1.5382552930169129,558.0,788.0,2,2
1,2,genetico,Brats18_TCIA01_448_1,-1.1726593285289901,199.0,616.0,0,2
1,2,genetico,Brats18_TCIA02_118_1,-0.23159298998426736,104.0,405.0,0,1
1,2,genetico,Brats18_TCIA02_135_1,0.4529385608869096,828.0,291.0,2,0
1,2,genetico,Brats18_TCIA02_198_1,-1.2240108159550442,394.0,616.0,1,2
1,2,genetico,Brats18_TCIA02_314_1,0.5372975386385872,362.0,286.0,1,0
1,2,genetico,Brats18_TCIA02_322_1,0.043472522510498546,621.0,357.0,2,1
1,2,genetico,Brats18_TCIA02_455_1,-0.35402431565125325,424.0,436.0,1,2
1,2,genetico,Brats18_TCIA02_473_1,0.6282179333675454,175.0,262.0,0,0
1,2,genetico,Brats18_TCIA03_375_1,0.364701449317697,946.0,318.0,2,0
1,2,genetico,Brats18_TCIA06_184_1,0.801891096304761,434.0,229.0,1,0
1,3,edad,Brats18_CBICA_ABN_1,0.27933846514330657,1278.0,322.0,2,0
1,3,edad,Brats18_CBICA_ALU_1,0.20320571135049184,495.0,332.0,2,0
1,3,edad,Brats18_CBICA_ALX_1,0.005183972021820697,698.0,357.0,2,1
1,3,edad,Brats18_CBICA_AME_1,-0.2487726865854774,359.0,407.0,1,2
1,3,edad,Brats18_CBICA_AOH_1,-0.08326531277016704,576.0,372.0,2,1
1,3,edad,Brats18_CBICA_AQA_1,0.5372198214524141,106.0,262.0,0,0
1,3,edad,Brats18_CBICA_AQD_1,0.4309339023896032,32.0,269.0,0,0
1,3,edad,Brats18_CBICA_AQY_1,-0.057834547986900575,229.0,370.0,0,1
1,3,edad,Brats18_CBICA_ARZ_1,-0.1501447142579037,871.0,387.0,2,2
1,3,edad,Brats18_CBICA_ASA_1,0.1350818935182791,210.0,345.0,0,0
1,3,edad,Brats18_CBICA_ASW_1,0.28169966538667124,239.0,322.0,0,0
1,3,edad,Brats18_CBICA_ATB_1,0.36998940962167526,208.0,289.0,0,0
1,3,edad,Brats18_CBICA_ATP_1,-0.25339936273801655,385.0,407.0,1,2
1,3,edad,Brats18_CBICA_AVG_1,0.12215910840256655,579.0,345.0,2,1
1,3,edad,Brats18_CBICA_AVJ_1,-0.4558563295508457,614.0,453.0,2,2
1,3,edad,Brats18_CBICA_AWI_1,-0.4141524279552006,375.0,448.0,1,2
1,3,edad,Brats18_CBICA_AXM_1,0.23623060664620146,438.0,331.0,1,0
1,3,edad,Brats18_CBICA_AXO_1,-0.10304834183619595,394.0,376.0,1,1
1,3,edad,Brats18_CBICA_AYA_1,0.48836850290388095,50.0,265.0,0,0
1,3,edad,Brats18_CBICA_AYW_1,-0.3081217737835644,734.0,424.0,2,2
1,3,edad,Brats18_TCIA01_201_1,0.03824077542892728,430.0,355.0,1,1
1,3,edad,Brats18_TCIA01_378_1,0.46631999792867757,110.0,268.0,0,0
1,3,edad,Brats18_TCIA01_401_1,0.6145969915897048,448.0,232.0,1,0
1,3,edad,Brats18_TCIA02_226_1,0.44822809876668024,329.0,269.0,1,0
1,3,edad,Brats18_TCIA02_321_1,0.6917827130586147,67.0,208.0,0,0
1,3,edad,Brats18_TCIA02_368_1,0.0967283436193001,317.0,346.0,1,1
1,3,edad,Brats18_TCIA03_199_1,-0.34159338263882966,1282.0,434.0,2,2
1,3,edad,Brats18_TCIA03_338_1,0.5390704919134294,468.0,262.0,2,0
1,3,edad,Brats18_TCIA03_498_1,-0.00793026176227277,467.0,362.0,2,1
1,3,edad,Brats18_TCIA04_343_1,-0.21861952131548157,296.0,401.0,0,2
1,3,edad,Brats18_TCIA08_242_1,0.22171241596064797,147.0,331.0,0,0
1,3,edad,Brats18_TCIA08_406_1,0.6130973103540543,82.0,232.0,0,0
1,3,coxnet,Brats18_CBICA_ABN_1,0.27869219466624456,1278.0,322.0,2,0
1,3,coxnet,Brats18_CBICA_ALU_1,0.19656944071102933,495.0,332.0,2,0
1,3,coxnet,Brats18_CBICA_ALX_1,-0.04724943233721537,698.0,370.0,2,1
1,3,coxnet,Brats18_CBICA_AME_1,-0.23910269911425122,359.0,405.0,1,2
1,3,coxnet,Brats18_CBICA_AOH_1,-0.07827150318568149,576.0,372.0,2,1
1,3,coxnet,Brats18_CBICA_AQA_1,0.529528321082075,106.0,262.0,0,0
1,3,coxnet,Brats18_CBICA_AQD_1,0.43602276373706245,32.0,269.0,0,0
1,3,coxnet,Brats18_CBICA_AQY_1,-0.05278132277972905,229.0,370.0,0,1
1,3,coxnet,Brats18_CBICA_ARZ_1,-0.1426207667516046,871.0,387.0,2,2
1,3,coxnet,Brats18_CBICA_ASA_1,0.1436165914735967,210.0,336.0,0,0
1,3,coxnet,Brats18_CBICA_ASW_1,0.28434384788904027,239.0,322.0,0,0
1,3,coxnet,Brats18_CBICA_ATB_1,0.34270845983512555,208.0,291.0,0,0
1,3,coxnet,Brats18_CBICA_ATP_1,-0.2437041137145076,385.0,405.0,1,2
1,3,coxnet,Brats18_CBICA_AVG_1,0.11820985895682208,579.0,346.0,2,1
1,3,coxnet,Brats18_CBICA_AVJ_1,-0.4514031699865284,614.0,453.0,2,2
1,3,coxnet,Brats18_CBICA_AWI_1,-0.40352066751366605,375.0,448.0,1,2
1,3,coxnet,Brats18_CBICA_AXM_1,0.169390980781076,438.0,333.0,1,0
1,3,coxnet,Brats18_CBICA_AXO_1,-0.13662261744303528,394.0,387.0,1,2
1,3,coxnet,Brats18_CBICA_AYA_1,0.4959499311497749,50.0,265.0,0,0
1,3,coxnet,Brats18_CBICA_AYW_1,-0.2860953987104254,734.0,421.0,2,2
1,3,coxnet,Brats18_TCIA01_201_1,0.03882702443440914,430.0,355.0,1,1
1,3,coxnet,Brats18_TCIA01_378_1,0.44198032429326634,110.0,269.0,0,0
1,3,coxnet,Brats18_TCIA01_401_1,0.6025503484669411,448.0,232.0,1,0
1,3,coxnet,Brats18_TCIA02_226_1,0.4554630828884924,329.0,268.0,1,0
1,3,coxnet,Brats18_TCIA02_321_1,0.6957148320020091,67.0,208.0,0,0
1,3,coxnet,Brats18_TCIA02_368_1,0.10242116612442409,317.0,346.0,1,1
1,3,coxnet,Brats18_TCIA03_199_1,-0.3250638508836542,1282.0,425.0,2,2
1,3,coxnet,Brats18_TCIA03_338_1,0.5397007720115206,468.0,254.0,2,0
1,3,coxnet,Brats18_TCIA03_498_1,-0.051830092985159185,467.0,370.0,2,1
1,3,coxnet,Brats18_TCIA04_343_1,-0.20186836356389834,296.0,394.0,0,2
1,3,coxnet,Brats18_TCIA08_242_1,0.2255622376726524,147.0,331.0,0,0
1,3,coxnet,Brats18_TCIA08_406_1,0.6051725342918417,82.0,232.0,0,0
1,3,genetico,Brats18_CBICA_ABN_1,-1.5298473689419885,1278.0,812.0,2,2
1,3,genetico,Brats18_CBICA_ALU_1,0.08024634803196387,495.0,355.0,2,1
1,3,genetico,Brats18_CBICA_ALX_1,-1.3344465841308002,698.0,726.0,2,2
1,3,genetico,Brats18_CBICA_AME_1,-0.020514882579680482,359.0,368.0,1,1
1,3,genetico,Brats18_CBICA_AOH_1,-1.2827402953511782,576.0,660.0,2,2
1,3,genetico,Brats18_CBICA_AQA_1,0.1109420749755034,106.0,350.0,0,1
1,3,genetico,Brats18_CBICA_AQD_1,-0.13096648984860704,32.0,382.0,0,1
1,3,genetico,Brats18_CBICA_AQY_1,0.616477004390583,229.0,262.0,0,0
1,3,genetico,Brats18_CBICA_ARZ_1,-1.0101597369059059,871.0,600.0,2,2
1,3,genetico,Brats18_CBICA_ASA_1,1.5089027121192995,210.0,121.0,0,0
1,3,genetico,Brats18_CBICA_ASW_1,0.5026591269298579,239.0,286.0,0,0
1,3,genetico,Brats18_CBICA_ATB_1,0.8628668805465477,208.0,203.0,0,0
1,3,genetico,Brats18_CBICA_ATP_1,-1.6824870531717155,385.0,946.0,1,2
1,3,genetico,Brats18_CBICA_AVG_1,-0.7651140262792765,579.0,503.0,2,2
1,3,genetico,Brats18_CBICA_AVJ_1,-0.04756083759301295,614.0,370.0,2,1
1,3,genetico,Brats18_CBICA_AWI_1,0.957288923784048,375.0,187.0,1,0
1,3,genetico,Brats18_CBICA_AXM_1,-0.7603729737817135,438.0,495.0,1,2
1,3,genetico,Brats18_CBICA_AXO_1,-0.33379066016419523,394.0,421.0,1,2
1,3,genetico,Brats18_CBICA_AYA_1,0.6129928436702492,50.0,262.0,0,0
1,3,genetico,Brats18_CBICA_AYW_1,0.10556552063950936,734.0,350.0,2,1
1,3,genetico,Brats18_TCIA01_201_1,0.19892066546726062,430.0,336.0,1,0
1,3,genetico,Brats18_TCIA01_378_1,0.6437331034986902,110.0,254.0,0,0
1,3,genetico,Brats18_TCIA01_401_1,0.6413914533211165,448.0,254.0,1,0
1,3,genetico,Brats18_TCIA02_226_1,-0.559901279794766,329.0,464.0,1,2
1,3,genetico,Brats18_TCIA02_321_1,0.5447993918236469,67.0,268.0,0,0
1,3,genetico,Brats18_TCIA02_368_1,0.46705639462933435,317.0,287.0,1,0
1,3,genetico,Brats18_TCIA03_199_1,-0.7490235793336149,1282.0,495.0,2,2
1,3,genetico,Brats18_TCIA03_338_1,0.7549957403638974,468.0,213.0,2,0
1,3,genetico,Brats18_TCIA03_498_1,-0.3707976652730633,467.0,425.0,2,2
1,3,genetico,Brats18_TCIA04_343_1,-0.41799716240553386,296.0,436.0,0,2
1,3,genetico,Brats18_TCIA08_242_1,0.9744828528367463,147.0,187.0,0,0
1,3,genetico,Brats18_TCIA08_406_1,-0.6033399463917362,82.0,466.0,0,2
1,4,edad,Brats18_CBICA_AAB_1,-0.032076248418832096,289.0,376.0,0,1
1,4,edad,Brats18_CBICA_AAG_1,-0.3399417420885002,616.0,436.0,2,2
1,4,edad,Brats18_CBICA_AAP_1,-0.8353423748898744,788.0,576.0,2,2
1,4,edad,Brats18_CBICA_AMH_1,0.0486821268108575,169.0,368.0,0,1
1,4,edad,Brats18_CBICA_ANI_1,-0.11486203055805373,439.0,387.0,1,1
1,4,edad,Brats18_CBICA_ANP_1,0.010799653260528825,486.0,372.0,2,1
1,4,edad,Brats18_CBICA_AOZ_1,-0.550078713804248,331.0,468.0,1,2
1,4,edad,Brats18_CBICA_APY_1,-0.5920535457460392,203.0,476.0,0,2
1,4,edad,Brats18_CBICA_APZ_1,-0.04709407737832804,336.0,376.0,1,1
1,4,edad,Brats18_CBICA_AQJ_1,0.1785863473104979,170.0,350.0,0,0
1,4,edad,Brats18_CBICA_AQV_1,-0.2986802570222848,84.0,430.0,0,2
1,4,edad,Brats18_CBICA_AQZ_1,0.0761272092343365,286.0,362.0,0,1
1,4,edad,Brats18_CBICA_ASK_1,0.6014508662375067,522.0,232.0,2,0
1,4,edad,Brats18_CBICA_ASU_1,0.749676838067732,85.0,209.0,0,0
1,4,edad,Brats18_CBICA_ASV_1,-0.24653084596043512,597.0,421.0,2,2
1,4,edad,Brats18_CBICA_AWH_1,-0.32113191131673124,139.0,434.0,0,2
1,4,edad,Brats18_CBICA_AXN_1,0.917763888696891,345.0,180.0,1,0
1,4,edad,Brats18_CBICA_AXW_1,0.6718093949127453,191.0,213.0,0,0
1,4,edad,Brats18_CBICA_AZH_1,-0.24037353608704168,401.0,421.0,1,2
1,4,edad,Brats18_TCIA01_150_1,-0.3830429112022536,1489.0,448.0,2,2
1,4,edad,Brats18_TCIA01_235_1,-0.12556223369169478,804.0,387.0,2,1
1,4,edad,Brats18_TCIA01_411_1,-0.6913213951683076,822.0,503.0,2,2
1,4,edad,Brats18_TCIA01_460_1,-1.589725468097757,630.0,1283.0,2,2
1,4,edad,Brats18_TCIA02_274_1,-0.23842121832230723,357.0,421.0,1,2
1,4,edad,Brats18_TCIA02_290_1,-0.6835121241093698,737.0,503.0,2,2
1,4,edad,Brats18_TCIA02_300_1,0.11491075252223497,127.0,355.0,0,1
1,4,edad,Brats18_TCIA02_430_1,-0.2797577925333199,71.0,425.0,0,2
1,4,edad,Brats18_TCIA03_121_1,-1.1604783718629628,747.0,726.0,2,2
1,4,edad,Brats18_TCIA03_265_1,-0.06507792755732447,103.0,382.0,0,1
1,4,edad,Brats18_TCIA04_437_1,-0.5393034215258093,333.0,467.0,1,2
1,4,edad,Brats18_TCIA08_218_1,-0.1491402251581035,346.0,394.0,1,1
1,4,edad,Brats18_TCIA08_319_1,0.13300723641842763,254.0,355.0,0,1
1,4,coxnet,Brats18_CBICA_AAB_1,0.02544413655591603,289.0,362.0,0,1
1,4,coxnet,Brats18_CBICA_AAG_1,-0.7640444666568216,616.0,495.0,2,2
1,4,coxnet,Brats18_CBICA_AAP_1,-1.0516203570919391,788.0,614.0,2,2
1,4,coxnet,Brats18_CBICA_AMH_1,-0.13338984978282342,169.0,385.0,0,1
1,4,coxnet,Brats18_CBICA_ANI_1,-0.011268343790513103,439.0,370.0,1,1
1,4,coxnet,Brats18_CBICA_ANP_1,-0.02389158600399488,486.0,370.0,2,1
1,4,coxnet,Brats18_CBICA_AOZ_1,-0.8054244494552187,331.0,508.0,1,2
1,4,coxnet,Brats18_CBICA_APY_1,-0.9021722292572,203.0,519.0,0,2
1,4,coxnet,Brats18_CBICA_APZ_1,-0.050390426811005105,336.0,372.0,1,1
1,4,coxnet,Brats18_CBICA_AQJ_1,0.6061438133038052,170.0,232.0,0,0
1,4,coxnet,Brats18_CBICA_AQV_1,-0.1733246823002694,84.0,387.0,0,1
1,4,coxnet,Brats18_CBICA_AQZ_1,0.30286258346391387,286.0,317.0,0,0
1,4,coxnet,Brats18_CBICA_ASK_1,0.7226992909665294,522.0,210.0,2,0
1,4,coxnet,Brats18_CBICA_ASU_1,0.737174062757571,85.0,209.0,0,0
1,4,coxnet,Brats18_CBICA_ASV_1,-0.3299356707069342,597.0,424.0,2,2
1,4,coxnet,Brats18_CBICA_AWH_1,-0.2864142931177729,139.0,407.0,0,2
1,4,coxnet,Brats18_CBICA_AXN_1,1.1732608185498583,345.0,150.0,1,0
1,4,coxnet,Brats18_CBICA_AXW_1,0.3255649294565929,191.0,296.0,0,0
1,4,coxnet,Brats18_CBICA_AZH_1,-0.8442739450913717,401.0,510.0,1,2
1,4,coxnet,Brats18_TCIA01_150_1,-0.5158553796818629,1489.0,448.0,2,2
1,4,coxnet,Brats18_TCIA01_235_1,-0.29990686612211553,804.0,421.0,2,2
1,4,coxnet,Brats18_TCIA01_411_1,-0.5270230070785441,822.0,453.0,2,2
1,4,coxnet,Brats18_TCIA01_460_1,-1.4733698801896473,630.0,871.0,2,2
1,4,coxnet,Brats18_TCIA02_274_1,-0.23603976296334986,357.0,394.0,1,2
1,4,coxnet,Brats18_TCIA02_290_1,-0.32559954692431364,737.0,424.0,2,2
1,4,coxnet,Brats18_TCIA02_300_1,0.3884845189359769,127.0,287.0,0,0
1,4,coxnet,Brats18_TCIA02_430_1,-0.43688305455618875,71.0,438.0,0,2
1,4,coxnet,Brats18_TCIA03_121_1,-0.9139115630131566,747.0,558.0,2,2
1,4,coxnet,Brats18_TCIA03_265_1,-0.23378494191014063,103.0,394.0,0,2
1,4,coxnet,Brats18_TCIA04_437_1,-0.9994751291379637,333.0,600.0,1,2
1,4,coxnet,Brats18_TCIA08_218_1,-0.33584276641506244,346.0,425.0,1,2
1,4,coxnet,Brats18_TCIA08_319_1,0.03119092929467665,254.0,362.0,0,1
1,4,genetico,Brats18_CBICA_AAB_1,-0.6860379256165277,289.0,467.0,0,2
1,4,genetico,Brats18_CBICA_AAG_1,-1.1085964912630595,616.0,600.0,2,2
1,4,genetico,Brats18_CBICA_AAP_1,-1.4995942040365389,788.0,734.0,2,2
1,4,genetico,Brats18_CBICA_AMH_1,0.19824101358716664,169.0,350.0,0,0
1,4,genetico,Brats18_CBICA_ANI_1,0.1076244728711368,439.0,359.0,1,1
1,4,genetico,Brats18_CBICA_ANP_1,-0.47539822715284774,486.0,438.0,2,2
1,4,genetico,Brats18_CBICA_AOZ_1,-0.6494801536787134,331.0,466.0,1,2
1,4,genetico,Brats18_CBICA_APY_1,-1.9956044581388737,203.0,1283.0,0,2
1,4,genetico,Brats18_CBICA_APZ_1,-0.09708900038182283,336.0,385.0,1,1
1,4,genetico,Brats18_CBICA_AQJ_1,0.9690653078286476,170.0,208.0,0,0
1,4,genetico,Brats18_CBICA_AQV_1,-0.008524259057345551,84.0,372.0,0,1
1,4,genetico,Brats18_CBICA_AQZ_1,0.744803842350601,286.0,239.0,0,0
1,4,genetico,Brats18_CBICA_ASK_1,0.624405914115918,522.0,265.0,2,0
1,4,genetico,Brats18_CBICA_ASU_1,0.8243925585334825,85.0,213.0,0,0
1,4,genetico,Brats18_CBICA_ASV_1,-0.4267176708506714,597.0,434.0,2,2
1,4,genetico,Brats18_CBICA_AWH_1,0.0886909651575666,139.0,362.0,0,1
1,4,genetico,Brats18_CBICA_AXN_1,1.38491163453744,345.0,150.0,1,0
1,4,genetico,Brats18_CBICA_AXW_1,1.526826264751889e-05,191.0,372.0,0,1
1,4,genetico,Brats18_CBICA_AZH_1,-1.061632493162436,401.0,579.0,1,2
1,4,genetico,Brats18_TCIA01_150_1,0.10021871341946789,1489.0,362.0,2,1
1,4,genetico,Brats18_TCIA01_235_1,-0.28253268193259184,804.0,407.0,2,1
1,4,genetico,Brats18_TCIA01_411_1,-0.4106119033189936,822.0,434.0,2,2
1,4,genetico,Brats18_TCIA01_460_1,-1.25664577253379,630.0,626.0,2,2
1,4,genetico,Brats18_TCIA02_274_1,-0.9251183105159038,357.0,510.0,1,2
1,4,genetico,Brats18_TCIA02_290_1,-0.1141990992863122,737.0,385.0,2,1
1,4,genetico,Brats18_TCIA02_300_1,-1.8053264566853293,127.0,1278.0,0,2
1,4,genetico,Brats18_TCIA02_430_1,-0.21535502112592947,71.0,394.0,0,1
1,4,genetico,Brats18_TCIA03_121_1,-0.2993096688545768,747.0,421.0,2,1
1,4,genetico,Brats18_TCIA03_265_1,-0.3304777101198094,103.0,424.0,0,1
1,4,genetico,Brats18_TCIA04_437_1,-1.447608631888158,333.0,726.0,1,2
1,4,genetico,Brats18_TCIA08_218_1,-0.9747839883902741,346.0,519.0,1,2
1,4,genetico,Brats18_TCIA08_319_1,0.06315589592295262,254.0,368.0,0,1
2,0,edad,Brats18_CBICA_AAG_1,-0.2629807528685343,616.0,425.0,2,2
2,0,edad,Brats18_CBICA_AAL_1,-0.1958207663007111,464.0,407.0,2,2
2,0,edad,Brats18_CBICA_AAP_1,-0.6978070643319417,788.0,510.0,2,2
2,0,edad,Brats18_CBICA_ANZ_1,0.2572290351391471,287.0,329.0,0,0
2,0,edad,Brats18_CBICA_APY_1,-0.4842659882968617,203.0,467.0,0,2
2,0,edad,Brats18_CBICA_AQD_1,0.4215699836247864,32.0,289.0,0,0
2,0,edad,Brats18_CBICA_AQG_1,-0.2187566596526273,466.0,421.0,2,2
2,0,edad,Brats18_CBICA_AQR_1,0.36666883660712557,89.0,296.0,0,0
2,0,edad,Brats18_CBICA_AQT_1,0.5185202684542932,172.0,262.0,0,0
2,0,edad,Brats18_CBICA_AQZ_1,0.10221403179516282,286.0,350.0,0,1
2,0,edad,Brats18_CBICA_ARZ_1,-0.1785529385472571,871.0,405.0,2,2
2,0,edad,Brats18_CBICA_ASO_1,-0.2601796739390617,265.0,425.0,0,2
2,0,edad,Brats18_CBICA_ATP_1,-0.2851916610857632,385.0,430.0,1,2
2,0,edad,Brats18_CBICA_ATX_1,-0.7730737028603558,1592.0,558.0,2,2
2,0,edad,Brats18_CBICA_AVG_1,0.10267538597178191,579.0,350.0,2,1
2,0,edad,Brats18_CBICA_AXQ_1,0.19899954727587724,114.0,333.0,0,0
2,0,edad,Brats18_CBICA_AYU_1,0.11658191900986882,58.0,346.0,0,0
2,0,edad,Brats18_CBICA_AZH_1,-0.1755870902689922,401.0,405.0,1,2
2,0,edad,Brats18_TCIA01_335_1,-0.1901197468324908,355.0,405.0,1,2
2,0,edad,Brats18_TCIA01_401_1,0.6112524579547125,448.0,239.0,1,0
2,0,edad,Brats18_TCIA01_448_1,-0.5204822911614533,199.0,476.0,0,2
2,0,edad,Brats18_TCIA02_135_1,0.3005633738715745,828.0,322.0,2,0
2,0,edad,Brats18_TCIA02_274_1,-0.17387348904155023,357.0,405.0,1,2
2,0,edad,Brats18_TCIA02_290_1,-0.5645416150285677,737.0,488.0,2,2
2,0,edad,Brats18_TCIA02_314_1,-0.6554613416922692,362.0,508.0,1,2
2,0,edad,Brats18_TCIA02_321_1,0.6909678689005239,67.0,213.0,0,0
2,0,edad,Brats18_TCIA02_322_1,-0.0949489709699426,621.0,387.0,2,1
2,0,edad,Brats18_TCIA02_331_1,0.8106892777331542,187.0,208.0,0,0
2,0,edad,Brats18_TCIA03_133_1,0.11595579548445736,382.0,346.0,1,1
2,0,edad,Brats18_TCIA03_338_1,0.5332506482363428,468.0,254.0,2,0
2,0,edad,Brats18_TCIA03_419_1,0.3410307259350124,327.0,317.0,1,0
2,0,edad,Brats18_TCIA04_192_1,0.5179930065381575,121.0,262.0,0,0
2,0,edad,Brats18_TCIA08_105_1,0.21036863234255973,77.0,332.0,0,0
2,0,coxnet,Brats18_CBICA_AAG_1,-0.5263382673134561,616.0,467.0,2,2
2,0,coxnet,Brats18_CBICA_AAL_1,-0.8557287174336806,464.0,558.0,2,2
2,0,coxnet,Brats18_CBICA_AAP_1,-0.78973426420667,788.0,519.0,2,2
2,0,coxnet,Brats18_CBICA_ANZ_1,0.25284821867695667,287.0,329.0,0,0
2,0,coxnet,Brats18_CBICA_APY_1,-0.524433886990051,203.0,465.0,0,2
2,0,coxnet,Brats18_CBICA_AQD_1,0.31682997704920085,32.0,317.0,0,0
2,0,coxnet,Brats18_CBICA_AQG_1,-0.1935350228087122,466.0,394.0,2,2
2,0,coxnet,Brats18_CBICA_AQR_1,0.11525008128577531,89.0,345.0,0,1
2,0,coxnet,Brats18_CBICA_AQT_1,0.3471350130911684,172.0,296.0,0,0
2,0,coxnet,Brats18_CBICA_AQZ_1,0.2241968604195312,286.0,331.0,0,0
2,0,coxnet,Brats18_CBICA_ARZ_1,-0.357875495515867,871.0,434.0,2,2
2,0,coxnet,Brats18_CBICA_ASO_1,-0.3276995164948196,265.0,430.0,0,2
2,0,coxnet,Brats18_CBICA_ATP_1,-0.6087713550577986,385.0,486.0,1,2
2,0,coxnet,Brats18_CBICA_ATX_1,-1.0670281713111622,1592.0,630.0,2,2
2,0,coxnet,Brats18_CBICA_AVG_1,-0.14117724784749722,579.0,387.0,2,1
2,0,coxnet,Brats18_CBICA_AXQ_1,0.2556307934195381,114.0,329.0,0,0
2,0,coxnet,Brats18_CBICA_AYU_1,0.019062490394600437,58.0,359.0,0,1
2,0,coxnet,Brats18_CBICA_AZH_1,-0.6014446490053436,401.0,486.0,1,2
2,0,coxnet,Brats18_TCIA01_335_1,-0.09632179622090152,355.0,376.0,1,1
2,0,coxnet,Brats18_TCIA01_401_1,0.6559086616004315,448.0,229.0,1,0
2,0,coxnet,Brats18_TCIA01_448_1,-0.7200326866628282,199.0,508.0,0,2
2,0,coxnet,Brats18_TCIA02_135_1,0.2802114369962829,828.0,322.0,2,0
2,0,coxnet,Brats18_TCIA02_274_1,-0.1027834681838293,357.0,376.0,1,1
2,0,coxnet,Brats18_TCIA02_290_1,-0.40938531749257034,737.0,438.0,2,2
2,0,coxnet,Brats18_TCIA02_314_1,-0.22905871257830163,362.0,405.0,1,2
2,0,coxnet,Brats18_TCIA02_321_1,0.8798885147103486,67.0,180.0,0,0
2,0,coxnet,Brats18_TCIA02_322_1,-0.2221299067399742,621.0,405.0,2,2
2,0,coxnet,Brats18_TCIA02_331_1,0.6532641922709099,187.0,229.0,0,0
2,0,coxnet,Brats18_TCIA03_133_1,-0.2875156421912943,382.0,424.0,1,2
2,0,coxnet,Brats18_TCIA03_338_1,0.29097928717328203,468.0,318.0,2,0
2,0,coxnet,Brats18_TCIA03_419_1,0.4658624051996406,327.0,268.0,1,0
2,0,coxnet,Brats18_TCIA04_192_1,0.07123040927123261,121.0,350.0,0,1
2,0,coxnet,Brats18_TCIA08_105_1,0.5550572855575566,77.0,244.0,0,0
2,0,genetico,Brats18_CBICA_AAG_1,-1.121735447473033,616.0,630.0,2,2
2,0,genetico,Brats18_CBICA_AAL_1,-1.3611465659793656,464.0,747.0,2,2
2,0,genetico,Brats18_CBICA_AAP_1,-0.963927328477743,788.0,597.0,2,2
2,0,genetico,Brats18_CBICA_ANZ_1,0.13617261113307638,287.0,345.0,0,1
2,0,genetico,Brats18_CBICA_APY_1,-1.0618207337601933,203.0,614.0,0,2
2,0,genetico,Brats18_CBICA_AQD_1,-0.008329207696300356,32.0,368.0,0,1
2,0,genetico,Brats18_CBICA_AQG_1,-0.4207286337227218,466.0,436.0,2,2
2,0,genetico,Brats18_CBICA_AQR_1,-0.18075098527523653,89.0,394.0,0,1
2,0,genetico,Brats18_CBICA_AQT_1,-0.11712382599103549,172.0,376.0,0,1
2,0,genetico,Brats18_CBICA_AQZ_1,0.3276898316483762,286.0,318.0,0,0
2,0,genetico,Brats18_CBICA_ARZ_1,-0.7095059873180997,871.0,495.0,2,2
2,0,genetico,Brats18_CBICA_ASO_1,-0.4942390613615505,265.0,448.0,0,2
2,0,genetico,Brats18_CBICA_ATP_1,-1.13083249929802,385.0,630.0,1,2
2,0,genetico,Brats18_CBICA_ATX_1,-1.405158075072024,1592.0,804.0,2,2
2,0,genetico,Brats18_CBICA_AVG_1,-0.8230130536858898,579.0,510.0,2,2
2,0,genetico,Brats18_CBICA_AXQ_1,0.5446261417579934,114.0,262.0,0,0
2,0,genetico,Brats18_CBICA_AYU_1,-0.06222358698754776,58.0,372.0,0,1
2,0,genetico,Brats18_CBICA_AZH_1,-1.1757120305537982,401.0,634.0,1,2
2,0,genetico,Brats18_TCIA01_335_1,0.2950775420519173,355.0,322.0,1,0
2,0,genetico,Brats18_TCIA01_401_1,0.5550699940357013,448.0,262.0,1,0
2,0,genetico,Brats18_TCIA01_448_1,-1.135271228555915,199.0,630.0,0,2
2,0,genetico,Brats18_TCIA02_135_1,0.41707272822704733,828.0,291.0,2,0
2,0,genetico,Brats18_TCIA02_274_1,-0.04828710985996243,357.0,372.0,1,1
2,0,genetico,Brats18_TCIA02_290_1,0.03471180093575345,737.0,359.0,2,1
2,0,genetico,Brats18_TCIA02_314_1,0.8776989549286272,362.0,208.0,1,0
2,0,genetico,Brats18_TCIA02_321_1,1.120314954234982,67.0,169.0,0,0
2,0,genetico,Brats18_TCIA02_322_1,-0.4615183362593851,621.0,439.0,2,2
2,0,genetico,Brats18_TCIA02_331_1,0.4729159676887854,187.0,269.0,0,0
2,0,genetico,Brats18_TCIA03_133_1,-1.025034047670416,382.0,610.0,1,2
2,0,genetico,Brats18_TCIA03_338_1,0.29848906635686323,468.0,322.0,2,0
2,0,genetico,Brats18_TCIA03_419_1,0.7376406560681875,327.0,229.0,1,0
2,0,genetico,Brats18_TCIA04_192_1,-0.5951467929162407,121.0,467.0,0,2
2,0,genetico,Brats18_TCIA08_105_1,1.1842481305690389,77.0,153.0,0,0
2,1,edad,Brats18_CBICA_ABY_1,-0.35308330842144076,515.0,439.0,2,2
2,1,edad,Brats18_CBICA_ALN_1,0.021325073848058134,421.0,355.0,1,1
2,1,edad,Brats18_CBICA_ANG_1,-0.1329937051024637,368.0,375.0,1,2
2,1,edad,Brats18_CBICA_AOH_1,-0.09839628639891243,576.0,372.0,2,1
2,1,edad,Brats18_CBICA_AOZ_1,-0.4037289273670008,331.0,448.0,1,2
2,1,edad,Brats18_CBICA_AQQ_1,0.29078001297640527,33.0,317.0,0,0
2,1,edad,Brats18_CBICA_ASN_1,-0.617446889031451,407.0,486.0,1,2
2,1,edad,Brats18_CBICA_ASU_1,0.6270180933715899,85.0,232.0,0,0
2,1,edad,Brats18_CBICA_ASV_1,-0.16300592373686973,597.0,382.0,2,2
2,1,edad,Brats18_CBICA_ASY_1,0.1871068529714435,610.0,329.0,2,0
2,1,edad,Brats18_CBICA_ATD_1,0.26654395546806536,355.0,318.0,1,0
2,1,edad,Brats18_CBICA_AUR_1,0.29852125984639066,12.0,296.0,0,0
2,1,edad,Brats18_CBICA_AXJ_1,-0.9651181955730762,1767.0,621.0,2,2
2,1,edad,Brats18_CBICA_AXL_1,0.42887194752638,168.0,269.0,0,0
2,1,edad,Brats18_CBICA_AXM_1,0.1997310401748045,438.0,327.0,1,0
2,1,edad,Brats18_CBICA_AXO_1,-0.11685618278118584,394.0,375.0,1,1
2,1,edad,Brats18_CBICA_AYA_1,0.4350053969695225,50.0,268.0,0,0
2,1,edad,Brats18_CBICA_AYW_1,-0.3082138506019468,734.0,424.0,2,2
2,1,edad,Brats18_TCIA01_147_1,0.035437962372570346,209.0,350.0,0,1
2,1,edad,Brats18_TCIA01_201_1,0.014983206219954465,430.0,355.0,1,1
2,1,edad,Brats18_TCIA01_390_1,0.09972008541987452,634.0,336.0,2,1
2,1,edad,Brats18_TCIA01_412_1,0.2540686383968193,291.0,318.0,0,0
2,1,edad,Brats18_TCIA01_499_1,-0.3020208531059583,600.0,405.0,2,2
2,1,edad,Brats18_TCIA02_151_1,-0.36481427483211126,1731.0,439.0,2,2
2,1,edad,Brats18_TCIA02_377_1,0.10528782836097954,812.0,336.0,2,1
2,1,edad,Brats18_TCIA02_430_1,-0.18935593712124393,71.0,385.0,0,2
2,1,edad,Brats18_TCIA02_491_1,0.6218671868004071,82.0,232.0,0,0
2,1,edad,Brats18_TCIA03_257_1,0.27095051137867243,425.0,317.0,1,0
2,1,edad,Brats18_TCIA04_111_1,0.44771890625215305,626.0,268.0,2,0
2,1,edad,Brats18_TCIA05_478_1,-0.028903708727579528,30.0,359.0,0,1
2,1,edad,Brats18_TCIA06_165_1,-0.2521791328738198,5.0,394.0,0,2
2,1,edad,Brats18_TCIA06_184_1,0.028024229793238074,434.0,350.0,1,1
2,1,edad,Brats18_TCIA08_242_1,0.18618385815232966,147.0,329.0,0,0
2,1,coxnet,Brats18_CBICA_ABY_1,-0.353083609328466,515.0,439.0,2,2
2,1,coxnet,Brats18_CBICA_ALN_1,0.021325092021855598,421.0,355.0,1,1
2,1,coxnet,Brats18_CBICA_ANG_1,-0.13299381844325106,368.0,375.0,1,2
2,1,coxnet,Brats18_CBICA_AOH_1,-0.09839637025485558,576.0,372.0,2,1
2,1,coxnet,Brats18_CBICA_AOZ_1,-0.4037292714355751,331.0,448.0,1,2
2,1,coxnet,Brats18_CBICA_AQQ_1,0.2907802607868982,33.0,317.0,0,0
2,1,coxnet,Brats18_CBICA_ASN_1,-0.61744741523618,407.0,486.0,1,2
2,1,coxnet,Brats18_CBICA_ASU_1,0.6270186277331549,85.0,232.0,0,0
2,1,coxnet,Brats18_CBICA_ASV_1,-0.16300606265487133,597.0,382.0,2,2
2,1,coxnet,Brats18_CBICA_ASY_1,0.18710701242890068,610.0,329.0,2,0
2,1,coxnet,Brats18_CBICA_ATD_1,0.2665441826239428,355.0,318.0,1,0
2,1,coxnet,Brats18_CBICA_AUR_1,0.29852151425418094,12.0,296.0,0,0
2,1,coxnet,Brats18_CBICA_AXJ_1,-0.9651190180725779,1767.0,621.0,2,2
2,1,coxnet,Brats18_CBICA_AXL_1,0.4288723130225076,168.0,269.0,0,0
2,1,coxnet,Brats18_CBICA_AXM_1,0.19973121039093117,438.0,327.0,1,0
2,1,coxnet,Brats18_CBICA_AXO_1,-0.11685628236914569,394.0,375.0,1,1
2,1,coxnet,Brats18_CBICA_AYA_1,0.4350057676927395,50.0,268.0,0,0
2,1,coxnet,Brats18_CBICA_AYW_1,-0.30821411327002174,734.0,424.0,2,2
2,1,coxnet,Brats18_TCIA01_147_1,0.03543799257374833,209.0,350.0,0,1
2,1,coxnet,Brats18_TCIA01_201_1,0.014983218989042965,430.0,355.0,1,1
2,1,coxnet,Brats18_TCIA01_390_1,0.09972017040399456,634.0,336.0,2,1
2,1,coxnet,Brats18_TCIA01_412_1,0.25406885492089837,291.0,318.0,0,0
2,1,coxnet,Brats18_TCIA01_499_1,-0.3020211104961954,600.0,405.0,2,2
2,1,coxnet,Brats18_TCIA02_151_1,-0.36481458573657943,1731.0,439.0,2,2
2,1,coxnet,Brats18_TCIA02_377_1,0.1052879180900788,812.0,336.0,2,1
2,1,coxnet,Brats18_TCIA02_430_1,-0.1893560984954307,71.0,385.0,0,2
2,1,coxnet,Brats18_TCIA02_491_1,0.621867716772232,82.0,232.0,0,0
2,1,coxnet,Brats18_TCIA03_257_1,0.27095074228993454,425.0,317.0,1,0
2,1,coxnet,Brats18_TCIA04_111_1,0.44771928781016224,626.0,268.0,2,0
2,1,coxnet,Brats18_TCIA05_478_1,-0.028903733360092037,30.0,359.0,0,1
2,1,coxnet,Brats18_TCIA06_165_1,-0.25217934778761186,5.0,394.0,0,2
2,1,coxnet,Brats18_TCIA06_184_1,0.028024253676235147,434.0,350.0,1,1
2,1,coxnet,Brats18_TCIA08_242_1,0.186184016823186,147.0,329.0,0,0
2,1,genetico,Brats18_CBICA_ABY_1,-0.04055441099508583,515.0,359.0,2,1
2,1,genetico,Brats18_CBICA_ALN_1,0.06358632783982496,421.0,346.0,1,1
2,1,genetico,Brats18_CBICA_ANG_1,-0.820195212179246,368.0,510.0,1,2
2,1,genetico,Brats18_CBICA_AOH_1,0.032478100640219706,576.0,350.0,2,1
2,1,genetico,Brats18_CBICA_AOZ_1,-0.1606184466305105,331.0,375.0,1,1
2,1,genetico,Brats18_CBICA_AQQ_1,0.6034291368342861,33.0,239.0,0,0
2,1,genetico,Brats18_CBICA_ASN_1,-0.6316383207762967,407.0,473.0,1,2
2,1,genetico,Brats18_CBICA_ASU_1,0.7009777627485054,85.0,213.0,0,0
2,1,genetico,Brats18_CBICA_ASV_1,-0.42442492772852014,597.0,448.0,2,2
2,1,genetico,Brats18_CBICA_ASY_1,-0.15163049982032817,610.0,375.0,2,1
2,1,genetico,Brats18_CBICA_ATD_1,-0.058132660303993,355.0,359.0,1,1
2,1,genetico,Brats18_CBICA_AUR_1,0.40287467620600187,12.0,286.0,0,0
2,1,genetico,Brats18_CBICA_AXJ_1,-1.652457062821681,1767.0,1282.0,2,2
2,1,genetico,Brats18_CBICA_AXL_1,0.8902807361471703,168.0,199.0,0,0
2,1,genetico,Brats18_CBICA_AXM_1,0.10517589883375711,438.0,336.0,1,1
2,1,genetico,Brats18_CBICA_AXO_1,-0.3099855874925618,394.0,401.0,1,2
2,1,genetico,Brats18_CBICA_AYA_1,0.7337293394884549,50.0,213.0,0,0
2,1,genetico,Brats18_CBICA_AYW_1,-0.3365544615014913,734.0,405.0,2,2
2,1,genetico,Brats18_TCIA01_147_1,0.3157934746387357,209.0,296.0,0,0
2,1,genetico,Brats18_TCIA01_201_1,0.20212705725522467,430.0,327.0,1,0
2,1,genetico,Brats18_TCIA01_390_1,-0.018653059550834142,634.0,357.0,2,1
2,1,genetico,Brats18_TCIA01_412_1,0.5223734228363615,291.0,262.0,0,0
2,1,genetico,Brats18_TCIA01_499_1,0.23550717201631532,600.0,322.0,2,0
2,1,genetico,Brats18_TCIA02_151_1,-0.5796308582036885,1731.0,467.0,2,2
2,1,genetico,Brats18_TCIA02_377_1,0.022392731386249108,812.0,350.0,2,1
2,1,genetico,Brats18_TCIA02_430_1,-0.4936645000307167,71.0,453.0,0,2
2,1,genetico,Brats18_TCIA02_491_1,1.435090250633428,82.0,127.0,0,0
2,1,genetico,Brats18_TCIA03_257_1,0.4643401254517412,425.0,268.0,1,0
2,1,genetico,Brats18_TCIA04_111_1,0.26073487588933686,626.0,318.0,2,0
2,1,genetico,Brats18_TCIA05_478_1,0.4942755413285064,30.0,265.0,0,0
2,1,genetico,Brats18_TCIA06_165_1,0.050431200888613054,5.0,346.0,0,1
2,1,genetico,Brats18_TCIA06_184_1,1.4170619007025127,434.0,127.0,1,0
2,1,genetico,Brats18_TCIA08_242_1,0.32541040377805186,147.0,296.0,0,0
2,2,edad,Brats18_2013_11_1,-1.1769068819066604,150.0,734.0,0,2
2,2,edad,Brats18_2013_27_1,0.3032755318910521,120.0,317.0,0,0
2,2,edad,Brats18_CBICA_ABB_1,0.3212736368197492,465.0,296.0,2,0
2,2,edad,Brats18_CBICA_ABN_1,0.3133590367665378,1278.0,296.0,2,0
2,2,edad,Brats18_CBICA_ALU_1,0.22256944192537237,495.0,331.0,2,0
2,2,edad,Brats18_CBICA_AME_1,-0.31642243189068414,359.0,425.0,1,2
2,2,edad,Brats18_CBICA_ANI_1,-0.06817795714476439,439.0,382.0,1,1
2,2,edad,Brats18_CBICA_AOO_1,-0.6045443145970154,350.0,488.0,1,2
2,2,edad,Brats18_CBICA_AOP_1,0.29616000203552073,332.0,317.0,1,0
2,2,edad,Brats18_CBICA_AQA_1,0.6208869099879549,106.0,239.0,0,0
2,2,edad,Brats18_CBICA_ASA_1,0.14133063849457256,210.0,345.0,0,0
2,2,edad,Brats18_CBICA_ASK_1,0.657796342928412,522.0,229.0,2,0
2,2,edad,Brats18_CBICA_ATB_1,0.42146181922410375,208.0,286.0,0,0
2,2,edad,Brats18_CBICA_ATV_1,0.08025884481474388,453.0,355.0,2,1
2,2,edad,Brats18_CBICA_AWG_1,-0.1719048789959874,180.0,394.0,0,1
2,2,edad,Brats18_CBICA_AWI_1,-0.5136405668704668,375.0,468.0,1,2
2,2,edad,Brats18_CBICA_AXW_1,0.7291038453309032,191.0,209.0,0,0
2,2,edad,Brats18_CBICA_BHB_1,-0.16950766840294726,510.0,394.0,2,1
2,2,edad,Brats18_CBICA_BHM_1,0.07535027074328111,436.0,355.0,1,1
2,2,edad,Brats18_TCIA01_190_1,0.056172585998961216,322.0,357.0,1,1
2,2,edad,Brats18_TCIA01_235_1,-0.07902248125613595,804.0,382.0,2,1
2,2,edad,Brats18_TCIA01_425_1,-0.1461824288230502,558.0,387.0,2,1
2,2,edad,Brats18_TCIA01_429_1,-0.19268070413566732,86.0,394.0,0,1
2,2,edad,Brats18_TCIA02_226_1,0.5147627775436922,329.0,265.0,1,0
2,2,edad,Brats18_TCIA02_471_1,0.6302854975511435,111.0,232.0,0,0
2,2,edad,Brats18_TCIA03_121_1,-1.1278972431156205,747.0,726.0,2,2
2,2,edad,Brats18_TCIA03_265_1,-0.017722381805541566,103.0,370.0,0,1
2,2,edad,Brats18_TCIA03_375_1,-0.0018931816991188473,946.0,368.0,2,1
2,2,edad,Brats18_TCIA03_498_1,-0.029213772267416095,467.0,370.0,2,1
2,2,edad,Brats18_TCIA04_479_1,-0.13887664415854734,372.0,387.0,1,1
2,2,edad,Brats18_TCIA06_247_1,0.6335198293036576,244.0,232.0,0,0
2,2,edad,Brats18_TCIA06_409_1,0.35068703028673237,99.0,291.0,0,0
2,2,edad,Brats18_TCIA08_469_1,0.14646751833680102,519.0,345.0,2,0
2,2,coxnet,Brats18_2013_11_1,-1.1768923053822078,150.0,734.0,0,2
2,2,coxnet,Brats18_2013_27_1,0.3032717756863138,120.0,317.0,0,0
2,2,coxnet,Brats18_CBICA_ABB_1,0.3212696577003346,465.0,296.0,2,0
2,2,coxnet,Brats18_CBICA_ABN_1,0.31335515567302735,1278.0,296.0,2,0
2,2,coxnet,Brats18_CBICA_ALU_1,0.2225666853020894,495.0,331.0,2,0
2,2,coxnet,Brats18_CBICA_AME_1,-0.31641851285563827,359.0,425.0,1,2
2,2,coxnet,Brats18_CBICA_ANI_1,-0.0681771127299047,439.0,382.0,1,1
2,2,coxnet,Brats18_CBICA_AOO_1,-0.6045368270420355,350.0,488.0,1,2
2,2,coxnet,Brats18_CBICA_AOP_1,0.2961563339598405,332.0,317.0,1,0
2,2,coxnet,Brats18_CBICA_AQA_1,0.6208792200225339,106.0,239.0,0,0
2,2,coxnet,Brats18_CBICA_ASA_1,0.14132888805064237,210.0,345.0,0,0
2,2,coxnet,Brats18_CBICA_ASK_1,0.6577881958229572,522.0,229.0,2,0
2,2,coxnet,Brats18_CBICA_ATB_1,0.42145659922870043,208.0,286.0,0,0
2,2,coxnet,Brats18_CBICA_ATV_1,0.08025785077262221,453.0,355.0,2,1
2,2,coxnet,Brats18_CBICA_AWG_1,-0.17190274987624915,180.0,394.0,0,1
2,2,coxnet,Brats18_CBICA_AWI_1,-0.5136342051995495,375.0,468.0,1,2
2,2,coxnet,Brats18_CBICA_AXW_1,0.7290948150497542,191.0,209.0,0,0
2,2,coxnet,Brats18_CBICA_BHB_1,-0.16950556897374733,510.0,394.0,2,1
2,2,coxnet,Brats18_CBICA_BHM_1,0.07534933749607117,436.0,355.0,1,1
2,2,coxnet,Brats18_TCIA01_190_1,0.0561718902760575,322.0,357.0,1,1
2,2,coxnet,Brats18_TCIA01_235_1,-0.07902150252693643,804.0,382.0,2,1
2,2,coxnet,Brats18_TCIA01_425_1,-0.14618061828750048,558.0,387.0,2,1
2,2,coxnet,Brats18_TCIA01_429_1,-0.19267831769793067,86.0,394.0,0,1
2,2,coxnet,Brats18_TCIA02_226_1,0.5147564019736879,329.0,265.0,1,0
2,2,coxnet,Brats18_TCIA02_471_1,0.6302776911799612,111.0,232.0,0,0
2,2,coxnet,Brats18_TCIA03_121_1,-1.1278832735977282,747.0,726.0,2,2
2,2,coxnet,Brats18_TCIA03_265_1,-0.017722162305820882,103.0,370.0,0,1
2,2,coxnet,Brats18_TCIA03_375_1,-0.001893158251206479,946.0,368.0,2,1
2,2,coxnet,Brats18_TCIA03_498_1,-0.02921341044162303,467.0,370.0,2,1
2,2,coxnet,Brats18_TCIA04_479_1,-0.13887492410844762,372.0,387.0,1,1
2,2,coxnet,Brats18_TCIA06_247_1,0.6335119828738126,244.0,232.0,0,0
2,2,coxnet,Brats18_TCIA06_409_1,0.3506826868691259,99.0,291.0,0,0
2,2,coxnet,Brats18_TCIA08_469_1,0.14646570427028882,519.0,345.0,2,0
2,2,genetico,Brats18_2013_11_1,-1.5668933002002186,150.0,871.0,0,2
2,2,genetico,Brats18_2013_27_1,-0.15429227816437846,120.0,387.0,0,1
2,2,genetico,Brats18_CBICA_ABB_1,0.576803083664671,465.0,265.0,2,0
2,2,genetico,Brats18_CBICA_ABN_1,0.3243692245418016,1278.0,317.0,2,0
2,2,genetico,Brats18_CBICA_ALU_1,-0.4043311143577036,495.0,430.0,2,2
2,2,genetico,Brats18_CBICA_AME_1,0.384563919044032,359.0,291.0,1,0
2,2,genetico,Brats18_CBICA_ANI_1,0.13925294187359438,439.0,346.0,1,0
2,2,genetico,Brats18_CBICA_AOO_1,-0.20955830940097053,350.0,394.0,1,1
2,2,genetico,Brats18_CBICA_AOP_1,-0.4963922959797318,332.0,448.0,1,2
2,2,genetico,Brats18_CBICA_AQA_1,1.1444275987753707,106.0,169.0,0,0
2,2,genetico,Brats18_CBICA_ASA_1,0.8620860881501875,210.0,208.0,0,0
2,2,genetico,Brats18_CBICA_ASK_1,0.9116946184858702,522.0,199.0,2,0
2,2,genetico,Brats18_CBICA_ATB_1,0.5034843943051748,208.0,286.0,0,0
2,2,genetico,Brats18_CBICA_ATV_1,0.3083889415023073,453.0,318.0,2,0
2,2,genetico,Brats18_CBICA_AWG_1,0.4849139322579979,180.0,286.0,0,0
2,2,genetico,Brats18_CBICA_AWI_1,-0.4581741206084187,375.0,438.0,1,2
2,2,genetico,Brats18_CBICA_AXW_1,0.03687942364386537,191.0,357.0,0,1
2,2,genetico,Brats18_CBICA_BHB_1,0.7411936498625195,510.0,229.0,2,0
2,2,genetico,Brats18_CBICA_BHM_1,0.007110251033665249,436.0,362.0,1,1
2,2,genetico,Brats18_TCIA01_190_1,-0.26665652489559327,322.0,401.0,1,1
2,2,genetico,Brats18_TCIA01_235_1,-0.904219050382861,804.0,597.0,2,2
2,2,genetico,Brats18_TCIA01_425_1,-0.9176456152088621,558.0,597.0,2,2
2,2,genetico,Brats18_TCIA01_429_1,-0.3747230904170515,86.0,424.0,0,2
2,2,genetico,Brats18_TCIA02_226_1,0.9871006012758416,329.0,175.0,1,0
2,2,genetico,Brats18_TCIA02_471_1,0.6025311920963357,111.0,262.0,0,0
2,2,genetico,Brats18_TCIA03_121_1,-1.1221045067688034,747.0,630.0,2,2
2,2,genetico,Brats18_TCIA03_265_1,0.09467870308779854,103.0,355.0,0,1
2,2,genetico,Brats18_TCIA03_375_1,0.31345532336532617,946.0,318.0,2,0
2,2,genetico,Brats18_TCIA03_498_1,-0.886814193070307,467.0,579.0,2,2
2,2,genetico,Brats18_TCIA04_479_1,-0.2272382140697659,372.0,394.0,1,1
2,2,genetico,Brats18_TCIA06_247_1,1.1382520234629543,244.0,169.0,0,0
2,2,genetico,Brats18_TCIA06_409_1,0.28556972226747895,99.0,327.0,0,0
2,2,genetico,Brats18_TCIA08_469_1,0.5179628688360145,519.0,269.0,2,0
2,3,edad,Brats18_CBICA_AAB_1,0.0014647959683452302,289.0,368.0,0,1
2,3,edad,Brats18_CBICA_ABM_1,0.3471563652230273,503.0,322.0,2,0
2,3,edad,Brats18_CBICA_ALX_1,-0.026705646229358875,698.0,375.0,2,1
2,3,edad,Brats18_CBICA_AOD_1,0.005781824772668777,55.0,368.0,0,1
2,3,edad,Brats18_CBICA_AQJ_1,0.2067431741129128,170.0,336.0,0,0
2,3,edad,Brats18_CBICA_AQU_1,0.45570403015885547,30.0,286.0,0,0
2,3,edad,Brats18_CBICA_ARF_1,0.5447153105056264,726.0,265.0,2,0
2,3,edad,Brats18_CBICA_ASE_1,-0.49788373072835845,318.0,465.0,1,2
2,3,edad,Brats18_CBICA_ASH_1,-0.5068104682559426,660.0,466.0,2,2
2,3,edad,Brats18_CBICA_AVJ_1,-0.5553221648197809,614.0,468.0,2,2
2,3,edad,Brats18_CBICA_AWH_1,-0.2802030410188275,139.0,425.0,0,2
2,3,edad,Brats18_CBICA_AXN_1,0.9270284546173235,345.0,191.0,1,0
2,3,edad,Brats18_CBICA_AZD_1,-0.5182249850944927,448.0,466.0,1,2
2,3,edad,Brats18_TCIA01_186_1,-0.970781309751114,370.0,616.0,1,2
2,3,edad,Brats18_TCIA01_231_1,0.12373183210435393,1561.0,355.0,2,1
2,3,edad,Brats18_TCIA01_378_1,0.5020206273306645,110.0,269.0,0,0
2,3,edad,Brats18_TCIA01_411_1,-0.6409310411089072,822.0,488.0,2,2
2,3,edad,Brats18_TCIA02_118_1,-0.4793351408657145,104.0,465.0,0,2
2,3,edad,Brats18_TCIA02_198_1,-0.22477678137009818,394.0,407.0,1,2
2,3,edad,Brats18_TCIA02_283_1,0.527300855328864,262.0,268.0,0,0
2,3,edad,Brats18_TCIA02_300_1,0.14469503129822978,127.0,350.0,0,0
2,3,edad,Brats18_TCIA02_368_1,0.07825668969948885,317.0,357.0,1,1
2,3,edad,Brats18_TCIA02_455_1,-0.2041062620951596,424.0,405.0,1,2
2,3,edad,Brats18_TCIA02_473_1,0.021915805304080892,175.0,362.0,0,1
2,3,edad,Brats18_TCIA03_199_1,-0.42431131610552364,1282.0,448.0,2,2
2,3,edad,Brats18_TCIA03_296_1,0.00014773633312785097,22.0,368.0,0,1
2,3,edad,Brats18_TCIA03_474_1,0.03603761139280014,635.0,362.0,2,1
2,3,edad,Brats18_TCIA06_372_1,0.5157765835207123,213.0,268.0,0,0
2,3,edad,Brats18_TCIA08_278_1,-0.3629948730881837,1458.0,438.0,2,2
2,3,edad,Brats18_TCIA08_280_1,-0.11198525760968081,508.0,385.0,2,1
2,3,edad,Brats18_TCIA08_319_1,0.16232899641419513,254.0,346.0,0,0
2,3,edad,Brats18_TCIA08_406_1,0.6703115807195459,82.0,229.0,0,0
2,3,coxnet,Brats18_CBICA_AAB_1,0.08655970374401299,289.0,355.0,0,1
2,3,coxnet,Brats18_CBICA_ABM_1,0.31656853069131635,503.0,327.0,2,0
2,3,coxnet,Brats18_CBICA_ALX_1,-0.19362493694064395,698.0,394.0,2,2
2,3,coxnet,Brats18_CBICA_AOD_1,0.152560322862003,55.0,346.0,0,1
2,3,coxnet,Brats18_CBICA_AQJ_1,0.29160228406997185,170.0,329.0,0,0
2,3,coxnet,Brats18_CBICA_AQU_1,0.5761949547956644,30.0,244.0,0,0
2,3,coxnet,Brats18_CBICA_ARF_1,0.6373848989791675,726.0,232.0,2,0
2,3,coxnet,Brats18_CBICA_ASE_1,-0.5809869162094001,318.0,468.0,1,2
2,3,coxnet,Brats18_CBICA_ASH_1,-0.8716774043308058,660.0,576.0,2,2
2,3,coxnet,Brats18_CBICA_AVJ_1,-0.5922389386237877,614.0,468.0,2,2
2,3,coxnet,Brats18_CBICA_AWH_1,-0.2344307989729634,139.0,405.0,0,2
2,3,coxnet,Brats18_CBICA_AXN_1,1.0365395223215905,345.0,172.0,1,0
2,3,coxnet,Brats18_CBICA_AZD_1,-0.561039958459949,448.0,467.0,1,2
2,3,coxnet,Brats18_TCIA01_186_1,-0.9680613795823997,370.0,600.0,1,2
2,3,coxnet,Brats18_TCIA01_231_1,0.09399552600853674,1561.0,355.0,2,1
2,3,coxnet,Brats18_TCIA01_378_1,0.6376873810230164,110.0,232.0,0,0
2,3,coxnet,Brats18_TCIA01_411_1,-0.6743101049638869,822.0,488.0,2,2
2,3,coxnet,Brats18_TCIA02_118_1,-0.3213634232704757,104.0,430.0,0,2
2,3,coxnet,Brats18_TCIA02_198_1,-0.40414300942473513,394.0,439.0,1,2
2,3,coxnet,Brats18_TCIA02_283_1,0.5139932487538117,262.0,268.0,0,0
2,3,coxnet,Brats18_TCIA02_300_1,0.2403525365768664,127.0,332.0,0,0
2,3,coxnet,Brats18_TCIA02_368_1,0.15151178406169705,317.0,346.0,1,1
2,3,coxnet,Brats18_TCIA02_455_1,-0.17129344621460899,424.0,387.0,1,2
2,3,coxnet,Brats18_TCIA02_473_1,0.13500628050031838,175.0,350.0,0,1
2,3,coxnet,Brats18_TCIA03_199_1,-0.4845118681096219,1282.0,464.0,2,2
2,3,coxnet,Brats18_TCIA03_296_1,0.12368702705185892,22.0,355.0,0,1
2,3,coxnet,Brats18_TCIA03_474_1,0.19769095035219195,635.0,336.0,2,0
2,3,coxnet,Brats18_TCIA06_372_1,0.5718604052093796,213.0,244.0,0,0
2,3,coxnet,Brats18_TCIA08_278_1,-0.4359945391677265,1458.0,448.0,2,2
2,3,coxnet,Brats18_TCIA08_280_1,-0.8478888667628823,508.0,558.0,2,2
2,3,coxnet,Brats18_TCIA08_319_1,0.06615471476927437,254.0,357.0,0,1
2,3,coxnet,Brats18_TCIA08_406_1,0.7156063539669236,82.0,210.0,0,0
2,3,genetico,Brats18_CBICA_AAB_1,-0.14897945656738165,289.0,387.0,0,1
2,3,genetico,Brats18_CBICA_ABM_1,0.1911174879019551,503.0,350.0,2,1
2,3,genetico,Brats18_CBICA_ALX_1,-0.720366589479305,698.0,486.0,2,2
2,3,genetico,Brats18_CBICA_AOD_1,0.4605243829009511,55.0,296.0,0,0
2,3,genetico,Brats18_CBICA_AQJ_1,1.5278041840427268,170.0,120.0,0,0
2,3,genetico,Brats18_CBICA_AQU_1,1.5740044938100046,30.0,114.0,0,0
2,3,genetico,Brats18_CBICA_ARF_1,1.174963062011795,726.0,169.0,2,0
2,3,genetico,Brats18_CBICA_ASE_1,-0.823149510643751,318.0,510.0,1,2
2,3,genetico,Brats18_CBICA_ASH_1,-1.8878705765426202,660.0,1278.0,2,2
2,3,genetico,Brats18_CBICA_AVJ_1,-0.6260815564911175,614.0,467.0,2,2
2,3,genetico,Brats18_CBICA_AWH_1,0.4918846280822863,139.0,291.0,0,0
2,3,genetico,Brats18_CBICA_AXN_1,2.3011645972161148,345.0,82.0,1,0
2,3,genetico,Brats18_CBICA_AZD_1,-1.3013005429866,448.0,634.0,1,2
2,3,genetico,Brats18_TCIA01_186_1,-1.1503365426225882,370.0,616.0,1,2
2,3,genetico,Brats18_TCIA01_231_1,0.7174395223245251,1561.0,239.0,2,0
2,3,genetico,Brats18_TCIA01_378_1,1.6040761146133757,110.0,111.0,0,0
2,3,genetico,Brats18_TCIA01_411_1,-1.271023383697092,822.0,630.0,2,2
2,3,genetico,Brats18_TCIA02_118_1,0.506990975701412,104.0,287.0,0,0
2,3,genetico,Brats18_TCIA02_198_1,-0.06651899978411185,394.0,382.0,1,1
2,3,genetico,Brats18_TCIA02_283_1,0.9788702366710184,262.0,199.0,0,0
2,3,genetico,Brats18_TCIA02_300_1,0.46219475803724036,127.0,296.0,0,0
2,3,genetico,Brats18_TCIA02_368_1,0.43465583614328307,317.0,322.0,1,0
2,3,genetico,Brats18_TCIA02_455_1,-0.4374010872320328,424.0,439.0,1,2
2,3,genetico,Brats18_TCIA02_473_1,0.6207027495147095,175.0,268.0,0,0
2,3,genetico,Brats18_TCIA03_199_1,-0.7883159793595378,1282.0,495.0,2,2
2,3,genetico,Brats18_TCIA03_296_1,0.17402568312004463,22.0,350.0,0,1
2,3,genetico,Brats18_TCIA03_474_1,0.215034157727357,635.0,346.0,2,1
2,3,genetico,Brats18_TCIA06_372_1,0.07910878583082104,213.0,359.0,0,1
2,3,genetico,Brats18_TCIA08_278_1,-1.0390631492730371,1458.0,597.0,2,2
2,3,genetico,Brats18_TCIA08_280_1,-3.24207781855473,508.0,1767.0,2,2
2,3,genetico,Brats18_TCIA08_319_1,0.6593230872169522,254.0,265.0,0,0
2,3,genetico,Brats18_TCIA08_406_1,-0.07057940303397964,82.0,382.0,0,1
2,4,edad,Brats18_CBICA_ABE_1,0.23217019615139914,269.0,329.0,0,0
2,4,edad,Brats18_CBICA_ABO_1,-0.15601687510032425,1155.0,394.0,2,1
2,4,edad,Brats18_CBICA_AMH_1,0.06858561919354188,169.0,355.0,0,1
2,4,edad,Brats18_CBICA_ANP_1,0.03200387314955302,486.0,359.0,2,1
2,4,edad,Brats18_CBICA_APR_1,0.07184860942541416,23.0,355.0,0,1
2,4,edad,Brats18_CBICA_APZ_1,-0.023902026156522895,336.0,368.0,1,1
2,4,edad,Brats18_CBICA_AQN_1,0.08954126757156534,488.0,355.0,2,1
2,4,edad,Brats18_CBICA_AQO_1,0.25878169426466735,473.0,327.0,2,0
2,4,edad,Brats18_CBICA_AQP_1,-0.517374915556654,1283.0,466.0,2,2
2,4,edad,Brats18_CBICA_AQV_1,-0.26684977664291465,84.0,424.0,0,2
2,4,edad,Brats18_CBICA_AQY_1,-0.10892104942030269,229.0,382.0,0,1
2,4,edad,Brats18_CBICA_ARW_1,-0.5911910056910062,495.0,495.0,2,2
2,4,edad,Brats18_CBICA_ASG_1,-0.10921109299646918,208.0,382.0,0,1
2,4,edad,Brats18_CBICA_ASW_1,0.2768731623280472,239.0,322.0,0,0
2,4,edad,Brats18_CBICA_ATF_1,0.2901789113846815,152.0,322.0,0,0
2,4,edad,Brats18_CBICA_AUN_1,0.28213020214606377,376.0,322.0,1,0
2,4,edad,Brats18_CBICA_AUQ_1,0.0033983254501407387,1337.0,362.0,2,1
2,4,edad,Brats18_CBICA_AVV_1,0.4195020909078812,387.0,287.0,1,0
2,4,edad,Brats18_CBICA_AYI_1,0.18848238249133323,387.0,332.0,1,0
2,4,edad,Brats18_TCIA01_150_1,-0.3483157660986559,1489.0,436.0,2,2
2,4,edad,Brats18_TCIA01_203_1,-0.5364452806895955,268.0,467.0,0,2
2,4,edad,Brats18_TCIA01_460_1,-1.5135658333472204,630.0,946.0,2,2
2,4,edad,Brats18_TCIA02_179_1,-0.5092174399769737,405.0,466.0,1,2
2,4,edad,Brats18_TCIA02_394_1,0.12779076417851104,616.0,350.0,2,0
2,4,edad,Brats18_TCIA03_138_1,0.4043110586061649,82.0,287.0,0,0
2,4,edad,Brats18_TCIA04_149_1,-0.8654272069563498,448.0,610.0,1,2
2,4,edad,Brats18_TCIA04_343_1,-0.29161224695812216,296.0,425.0,0,2
2,4,edad,Brats18_TCIA04_361_1,0.552922135944431,476.0,244.0,2,0
2,4,edad,Brats18_TCIA04_437_1,-0.49921093659923227,333.0,465.0,1,2
2,4,edad,Brats18_TCIA05_277_1,0.3496740999458172,232.0,291.0,0,0
2,4,edad,Brats18_TCIA08_167_1,0.5142738294202563,153.0,254.0,0,0
2,4,edad,Brats18_TCIA08_218_1,-0.12244433115906186,346.0,385.0,1,1
2,4,coxnet,Brats18_CBICA_ABE_1,0.2472493047576553,269.0,327.0,0,0
2,4,coxnet,Brats18_CBICA_ABO_1,-0.050026652655507334,1155.0,370.0,2,1
2,4,coxnet,Brats18_CBICA_AMH_1,-0.01649085623342807,169.0,362.0,0,1
2,4,coxnet,Brats18_CBICA_ANP_1,0.14940106628626598,486.0,345.0,2,0
2,4,coxnet,Brats18_CBICA_APR_1,0.19673491216673533,23.0,331.0,0,0
2,4,coxnet,Brats18_CBICA_APZ_1,0.03626367773138153,336.0,357.0,1,1
2,4,coxnet,Brats18_CBICA_AQN_1,0.19513920907106236,488.0,331.0,2,0
2,4,coxnet,Brats18_CBICA_AQO_1,0.13884065590890227,473.0,345.0,2,0
2,4,coxnet,Brats18_CBICA_AQP_1,-0.4050821568925384,1283.0,439.0,2,2
2,4,coxnet,Brats18_CBICA_AQV_1,-0.09408359051934176,84.0,375.0,0,1
2,4,coxnet,Brats18_CBICA_AQY_1,-0.04693382972708236,229.0,370.0,0,1
2,4,coxnet,Brats18_CBICA_ARW_1,-0.4277757985512034,495.0,448.0,2,2
2,4,coxnet,Brats18_CBICA_ASG_1,0.041266275292728714,208.0,357.0,0,1
2,4,coxnet,Brats18_CBICA_ASW_1,0.3002574052306452,239.0,318.0,0,0
2,4,coxnet,Brats18_CBICA_ATF_1,0.3940931526522402,152.0,287.0,0,0
2,4,coxnet,Brats18_CBICA_AUN_1,0.27326272415851993,376.0,322.0,1,0
2,4,coxnet,Brats18_CBICA_AUQ_1,-0.052026458198000315,1337.0,370.0,2,1
2,4,coxnet,Brats18_CBICA_AVV_1,0.5171024370962799,387.0,254.0,1,0
2,4,coxnet,Brats18_CBICA_AYI_1,0.2445900767176594,387.0,327.0,1,0
2,4,coxnet,Brats18_TCIA01_150_1,-0.3195985438174999,1489.0,430.0,2,2
2,4,coxnet,Brats18_TCIA01_203_1,-0.4527365139615719,268.0,448.0,0,2
2,4,coxnet,Brats18_TCIA01_460_1,-1.5003632661904507,630.0,828.0,2,2
2,4,coxnet,Brats18_TCIA02_179_1,-0.3352785982528695,405.0,430.0,1,2
2,4,coxnet,Brats18_TCIA02_394_1,0.23796934910378473,616.0,327.0,2,0
2,4,coxnet,Brats18_TCIA03_138_1,0.4939118136563621,82.0,262.0,0,0
2,4,coxnet,Brats18_TCIA04_149_1,-0.9109008510009597,448.0,610.0,1,2
2,4,coxnet,Brats18_TCIA04_343_1,-0.1571407444610804,296.0,385.0,0,1
2,4,coxnet,Brats18_TCIA04_361_1,0.4749935644123141,476.0,265.0,2,0
2,4,coxnet,Brats18_TCIA04_437_1,-0.6446327671706319,333.0,503.0,1,2
2,4,coxnet,Brats18_TCIA05_277_1,0.35106850050687477,232.0,291.0,0,0
2,4,coxnet,Brats18_TCIA08_167_1,0.5254136837444687,153.0,254.0,0,0
2,4,coxnet,Brats18_TCIA08_218_1,-0.04360495297900435,346.0,368.0,1,1
2,4,genetico,Brats18_CBICA_ABE_1,0.6551461037486319,269.0,244.0,0,0
2,4,genetico,Brats18_CBICA_ABO_1,0.9197590075154249,1155.0,191.0,2,0
2,4,genetico,Brats18_CBICA_AMH_1,0.14083371810431666,169.0,355.0,0,1
2,4,genetico,Brats18_CBICA_ANP_1,0.2787622700505691,486.0,329.0,2,0
2,4,genetico,Brats18_CBICA_APR_1,0.819191903562066,23.0,203.0,0,0
2,4,genetico,Brats18_CBICA_APZ_1,0.02987491501919254,336.0,359.0,1,1
2,4,genetico,Brats18_CBICA_AQN_1,0.4150842651629213,488.0,317.0,2,0
2,4,genetico,Brats18_CBICA_AQO_1,-0.03079172796376245,473.0,370.0,2,1
2,4,genetico,Brats18_CBICA_AQP_1,-0.11451844824027943,1283.0,382.0,2,1
2,4,genetico,Brats18_CBICA_AQV_1,-1.3176004364203744,84.0,726.0,0,2
2,4,genetico,Brats18_CBICA_AQY_1,0.8352718196301279,229.0,203.0,0,0
2,4,genetico,Brats18_CBICA_ARW_1,-0.0925526086200561,495.0,375.0,2,1
2,4,genetico,Brats18_CBICA_ASG_1,1.222700058551872,208.0,147.0,0,0
2,4,genetico,Brats18_CBICA_ASW_1,0.7558059735372074,239.0,209.0,0,0
2,4,genetico,Brats18_CBICA_ATF_1,-0.2034287017206131,152.0,394.0,0,1
2,4,genetico,Brats18_CBICA_AUN_1,0.6727524806709245,376.0,244.0,1,0
2,4,genetico,Brats18_CBICA_AUQ_1,-0.3130377530437556,1337.0,425.0,2,2
2,4,genetico,Brats18_CBICA_AVV_1,0.9455907566293151,387.0,187.0,1,0
2,4,genetico,Brats18_CBICA_AYI_1,1.6506698246899576,387.0,104.0,1,0
2,4,genetico,Brats18_TCIA01_150_1,-0.6330028627973711,1489.0,468.0,2,2
2,4,genetico,Brats18_TCIA01_203_1,0.05523819361979512,268.0,359.0,0,1
2,4,genetico,Brats18_TCIA01_460_1,-2.1682019680872537,630.0,1458.0,2,2
2,4,genetico,Brats18_TCIA02_179_1,-0.5988435038954678,405.0,466.0,1,2
2,4,genetico,Brats18_TCIA02_394_1,0.763319408513276,616.0,209.0,2,0
2,4,genetico,Brats18_TCIA03_138_1,1.570335726035725,82.0,106.0,0,0
2,4,genetico,Brats18_TCIA04_149_1,-1.3906413202894212,448.0,737.0,1,2
2,4,genetico,Brats18_TCIA04_343_1,-0.9263370348387064,296.0,579.0,0,2
2,4,genetico,Brats18_TCIA04_361_1,0.28111096820557413,476.0,329.0,2,0
2,4,genetico,Brats18_TCIA04_437_1,-3.8883336812240903,333.0,1767.0,1,2
2,4,genetico,Brats18_TCIA05_277_1,0.005236275306699623,232.0,362.0,0,1
2,4,genetico,Brats18_TCIA08_167_1,1.2844499250076478,153.0,127.0,0,0
2,4,genetico,Brats18_TCIA08_218_1,-1.864530159155307,346.0,871.0,1,2
3,0,edad,Brats18_CBICA_AAP_1,-0.7258018142718693,788.0,515.0,2,2
3,0,edad,Brats18_CBICA_ABE_1,0.20571036559820063,269.0,336.0,0,0
3,0,edad,Brats18_CBICA_ABO_1,-0.14975691324807647,1155.0,385.0,2,1
3,0,edad,Brats18_CBICA_ALN_1,0.0004045234028725651,421.0,362.0,1,1
3,0,edad,Brats18_CBICA_AMH_1,0.055914123685955955,169.0,357.0,0,1
3,0,edad,Brats18_CBICA_ANZ_1,0.23635352412767802,287.0,331.0,0,0
3,0,edad,Brats18_CBICA_AQG_1,-0.24318036731302678,466.0,405.0,2,2
3,0,edad,Brats18_CBICA_AQP_1,-0.48065654603605074,1283.0,465.0,2,2
3,0,edad,Brats18_CBICA_AQQ_1,0.3008601947915722,33.0,327.0,0,0
3,0,edad,Brats18_CBICA_AQZ_1,0.08018297404895483,286.0,355.0,0,1
3,0,edad,Brats18_CBICA_ARW_1,-0.548250772218083,495.0,473.0,2,2
3,0,edad,Brats18_CBICA_ASA_1,0.09409357364142625,210.0,355.0,0,1
3,0,edad,Brats18_CBICA_ASH_1,-0.47673900247540246,660.0,465.0,2,2
3,0,edad,Brats18_CBICA_ASN_1,-0.7118580151576975,407.0,510.0,1,2
3,0,edad,Brats18_CBICA_AUR_1,0.3094920704336782,12.0,322.0,0,0
3,0,edad,Brats18_CBICA_AVJ_1,-0.5207615682501445,614.0,468.0,2,2
3,0,edad,Brats18_CBICA_AXO_1,-0.15367445680872455,394.0,385.0,1,1
3,0,edad,Brats18_CBICA_AXW_1,0.6069265853476405,191.0,239.0,0,0
3,0,edad,Brats18_CBICA_AYI_1,0.16570494194920812,387.0,345.0,1,0
3,0,edad,Brats18_CBICA_AZD_1,-0.48709725324592995,448.0,467.0,1,2
3,0,edad,Brats18_TCIA01_147_1,0.016141096688866218,209.0,359.0,0,1
3,0,edad,Brats18_TCIA01_425_1,-0.15676201232686268,558.0,385.0,2,1
3,0,edad,Brats18_TCIA01_448_1,-0.5471551880019696,199.0,473.0,0,2
3,0,edad,Brats18_TCIA02_377_1,0.09402717459802534,812.0,355.0,2,1
3,0,edad,Brats18_TCIA03_375_1,-0.030869426038912514,946.0,370.0,2,1
3,0,edad,Brats18_TCIA04_149_1,-0.7993719543599752,448.0,579.0,1,2
3,0,edad,Brats18_TCIA04_437_1,-0.46402358566414587,333.0,465.0,1,2
3,0,edad,Brats18_TCIA05_478_1,-0.055603069705716976,30.0,372.0,0,1
3,0,edad,Brats18_TCIA06_409_1,0.27675734203707547,99.0,329.0,0,0
3,0,edad,Brats18_TCIA08_105_1,0.18914380426969635,77.0,336.0,0,0
3,0,edad,Brats18_TCIA08_167_1,0.46403584394908115,153.0,289.0,0,0
3,0,edad,Brats18_TCIA08_319_1,0.13048024942507416,254.0,350.0,0,1
3,0,edad,Brats18_TCIA08_469_1,0.09857550907098137,519.0,355.0,2,1
3,0,coxnet,Brats18_CBICA_AAP_1,-0.7328120541823661,788.0,503.0,2,2
3,0,coxnet,Brats18_CBICA_ABE_1,0.3675758257245179,269.0,317.0,0,0
3,0,coxnet,Brats18_CBICA_ABO_1,0.2589194556831147,1155.0,329.0,2,0
3,0,coxnet,Brats18_CBICA_ALN_1,0.0766018965809433,421.0,355.0,1,1
3,0,coxnet,Brats18_CBICA_AMH_1,-0.1363788796548402,169.0,376.0,0,1
3,0,coxnet,Brats18_CBICA_ANZ_1,0.25652768140282856,287.0,329.0,0,0
3,0,coxnet,Brats18_CBICA_AQG_1,-0.17915728923617233,466.0,382.0,2,1
3,0,coxnet,Brats18_CBICA_AQP_1,-0.21581189202071502,1283.0,387.0,2,2
3,0,coxnet,Brats18_CBICA_AQQ_1,0.7069115044182323,33.0,213.0,0,0
3,0,coxnet,Brats18_CBICA_AQZ_1,0.25547775365001935,286.0,329.0,0,0
3,0,coxnet,Brats18_CBICA_ARW_1,-0.3627194708565031,495.0,434.0,2,2
3,0,coxnet,Brats18_CBICA_ASA_1,0.4394693297832449,210.0,289.0,0,0
3,0,coxnet,Brats18_CBICA_ASH_1,-1.1044530518135525,660.0,630.0,2,2
3,0,coxnet,Brats18_CBICA_ASN_1,-0.5111068904011824,407.0,464.0,1,2
3,0,coxnet,Brats18_CBICA_AUR_1,0.4506809192142962,12.0,289.0,0,0
3,0,coxnet,Brats18_CBICA_AVJ_1,-0.5962309430649277,614.0,473.0,2,2
3,0,coxnet,Brats18_CBICA_AXO_1,0.01922942434611206,394.0,357.0,1,1
3,0,coxnet,Brats18_CBICA_AXW_1,0.30273755211764947,191.0,322.0,0,0
3,0,coxnet,Brats18_CBICA_AYI_1,-0.08451497819739139,387.0,370.0,1,1
3,0,coxnet,Brats18_CBICA_AZD_1,-0.43584646768549445,448.0,439.0,1,2
3,0,coxnet,Brats18_TCIA01_147_1,0.1510833180530141,209.0,345.0,0,1
3,0,coxnet,Brats18_TCIA01_425_1,-0.7140069009177361,558.0,503.0,2,2
3,0,coxnet,Brats18_TCIA01_448_1,-0.7643690229492922,199.0,510.0,0,2
3,0,coxnet,Brats18_TCIA02_377_1,0.1643466695212951,812.0,345.0,2,1
3,0,coxnet,Brats18_TCIA03_375_1,-0.0022997551539828817,946.0,359.0,2,1
3,0,coxnet,Brats18_TCIA04_149_1,-0.7973808398095364,448.0,515.0,1,2
3,0,coxnet,Brats18_TCIA04_437_1,-0.8380269272939438,333.0,576.0,1,2
3,0,coxnet,Brats18_TCIA05_478_1,0.048023024905223484,30.0,355.0,0,1
3,0,coxnet,Brats18_TCIA06_409_1,0.48680114584509315,99.0,268.0,0,0
3,0,coxnet,Brats18_TCIA08_105_1,0.6088224275251933,77.0,239.0,0,0
3,0,coxnet,Brats18_TCIA08_167_1,0.6732913530252392,153.0,229.0,0,0
3,0,coxnet,Brats18_TCIA08_319_1,-0.033210239900558554,254.0,362.0,0,1
3,0,coxnet,Brats18_TCIA08_469_1,0.35088108199765705,519.0,318.0,2,0
3,0,genetico,Brats18_CBICA_AAP_1,-0.35419022673295797,788.0,430.0,2,2
3,0,genetico,Brats18_CBICA_ABE_1,0.7441954439478715,269.0,232.0,0,0
3,0,genetico,Brats18_CBICA_ABO_1,1.7081148091440022,1155.0,106.0,2,0
3,0,genetico,Brats18_CBICA_ALN_1,0.6499331376353051,421.0,262.0,1,0
3,0,genetico,Brats18_CBICA_AMH_1,-0.286468477866321,169.0,405.0,0,1
3,0,genetico,Brats18_CBICA_ANZ_1,0.7165927747181362,287.0,239.0,0,0
3,0,genetico,Brats18_CBICA_AQG_1,0.6315879234185665,466.0,265.0,2,0
3,0,genetico,Brats18_CBICA_AQP_1,0.01768210913899486,1283.0,368.0,2,1
3,0,genetico,Brats18_CBICA_AQQ_1,2.136815045994823,33.0,84.0,0,0
3,0,genetico,Brats18_CBICA_AQZ_1,0.7046426335909296,286.0,244.0,0,0
3,0,genetico,Brats18_CBICA_ARW_1,-0.34374780837785834,495.0,425.0,2,2
3,0,genetico,Brats18_CBICA_ASA_1,1.1718197334378204,210.0,168.0,0,0
3,0,genetico,Brats18_CBICA_ASH_1,-2.648788679892081,660.0,1731.0,2,2
3,0,genetico,Brats18_CBICA_ASN_1,-0.157277586943805,407.0,385.0,1,1
3,0,genetico,Brats18_CBICA_AUR_1,0.8035671966389442,12.0,229.0,0,0
3,0,genetico,Brats18_CBICA_AVJ_1,-0.35318082688629826,614.0,430.0,2,2
3,0,genetico,Brats18_CBICA_AXO_1,0.19324616038596928,394.0,350.0,1,1
3,0,genetico,Brats18_CBICA_AXW_1,0.09986001086213983,191.0,357.0,0,1
3,0,genetico,Brats18_CBICA_AYI_1,-0.6017660908015333,387.0,467.0,1,2
3,0,genetico,Brats18_CBICA_AZD_1,-0.7853878945418995,448.0,503.0,1,2
3,0,genetico,Brats18_TCIA01_147_1,0.5514677828472228,209.0,289.0,0,0
3,0,genetico,Brats18_TCIA01_425_1,-1.2201141411333147,558.0,630.0,2,2
3,0,genetico,Brats18_TCIA01_448_1,-0.9766718453676935,199.0,597.0,0,2
3,0,genetico,Brats18_TCIA02_377_1,0.45232275640690445,812.0,317.0,2,0
3,0,genetico,Brats18_TCIA03_375_1,0.9532760825015797,946.0,187.0,2,0
3,0,genetico,Brats18_TCIA04_149_1,-0.5038555495447873,448.0,453.0,1,2
3,0,genetico,Brats18_TCIA04_437_1,-2.758614801383617,333.0,1767.0,1,2
3,0,genetico,Brats18_TCIA05_478_1,0.2829393459305692,30.0,332.0,0,1
3,0,genetico,Brats18_TCIA06_409_1,0.7995189983100814,99.0,229.0,0,0
3,0,genetico,Brats18_TCIA08_105_1,0.7731192852406313,77.0,229.0,0,0
3,0,genetico,Brats18_TCIA08_167_1,0.39801784496090375,153.0,322.0,0,0
3,0,genetico,Brats18_TCIA08_319_1,0.13664490782581856,254.0,355.0,0,1
3,0,genetico,Brats18_TCIA08_469_1,0.4952643845571024,519.0,296.0,2,0
3,1,edad,Brats18_2013_11_1,-1.0659540085660257,150.0,635.0,0,2
3,1,edad,Brats18_CBICA_ABY_1,-0.40472609936584103,515.0,439.0,2,2
3,1,edad,Brats18_CBICA_ALU_1,0.19758323217141902,495.0,336.0,2,0
3,1,edad,Brats18_CBICA_AOP_1,0.26402552325019263,332.0,322.0,1,0
3,1,edad,Brats18_CBICA_AOZ_1,-0.4631637090478442,331.0,453.0,1,2
3,1,edad,Brats18_CBICA_AQA_1,0.5572098624778324,106.0,244.0,0,0
3,1,edad,Brats18_CBICA_AQT_1,0.5438458235793611,172.0,244.0,0,0
3,1,edad,Brats18_CBICA_ASE_1,-0.45807919039238465,318.0,453.0,1,2
3,1,edad,Brats18_CBICA_ASU_1,0.7261670432045173,85.0,208.0,0,0
3,1,edad,Brats18_CBICA_ASW_1,0.2820961773905415,239.0,322.0,0,0
3,1,edad,Brats18_CBICA_ASY_1,0.2185740490530793,610.0,333.0,2,0
3,1,edad,Brats18_CBICA_ATF_1,0.29470440946184984,152.0,291.0,0,0
3,1,edad,Brats18_CBICA_ATX_1,-0.8026583938671005,1592.0,558.0,2,2
3,1,edad,Brats18_CBICA_AXJ_1,-1.1109245147822175,1767.0,660.0,2,2
3,1,edad,Brats18_CBICA_AXN_1,0.8799737325321648,345.0,187.0,1,0
3,1,edad,Brats18_CBICA_AYW_1,-0.35295333170518317,734.0,434.0,2,2
3,1,edad,Brats18_CBICA_BHM_1,0.06466429515809147,436.0,357.0,1,1
3,1,edad,Brats18_TCIA01_186_1,-0.9021500562063604,370.0,600.0,1,2
3,1,edad,Brats18_TCIA01_401_1,0.6405203877446504,448.0,210.0,1,0
3,1,edad,Brats18_TCIA02_135_1,0.31662280744957366,828.0,289.0,2,0
3,1,edad,Brats18_TCIA02_151_1,-0.41826191254321266,1731.0,448.0,2,2
3,1,edad,Brats18_TCIA02_198_1,-0.20162019199370526,394.0,401.0,1,2
3,1,edad,Brats18_TCIA02_226_1,0.4613941697070464,329.0,265.0,1,0
3,1,edad,Brats18_TCIA02_321_1,0.7236247838767876,67.0,208.0,0,0
3,1,edad,Brats18_TCIA02_368_1,0.08294107843312114,317.0,355.0,1,1
3,1,edad,Brats18_TCIA02_394_1,0.14082901042264226,616.0,350.0,2,0
3,1,edad,Brats18_TCIA02_430_1,-0.21580874743089956,71.0,405.0,0,2
3,1,edad,Brats18_TCIA02_473_1,0.030034600531719146,175.0,362.0,0,1
3,1,edad,Brats18_TCIA04_111_1,0.5192821016965675,626.0,254.0,2,0
3,1,edad,Brats18_TCIA04_343_1,-0.2565879612419152,296.0,407.0,0,2
3,1,edad,Brats18_TCIA04_361_1,0.5436740493004605,476.0,244.0,2,0
3,1,edad,Brats18_TCIA06_165_1,-0.28829749312697633,5.0,424.0,0,2
3,1,edad,Brats18_TCIA06_372_1,0.4937907987077101,213.0,262.0,0,0
3,1,coxnet,Brats18_2013_11_1,-1.0904336420234504,150.0,634.0,0,2
3,1,coxnet,Brats18_CBICA_ABY_1,-0.6432782491369426,515.0,486.0,2,2
3,1,coxnet,Brats18_CBICA_ALU_1,0.24575498430747694,495.0,327.0,2,0
3,1,coxnet,Brats18_CBICA_AOP_1,0.2154296751444498,332.0,333.0,1,0
3,1,coxnet,Brats18_CBICA_AOZ_1,-0.5973270920541814,331.0,468.0,1,2
3,1,coxnet,Brats18_CBICA_AQA_1,0.5135673548157476,106.0,254.0,0,0
3,1,coxnet,Brats18_CBICA_AQT_1,0.5956820599018682,172.0,232.0,0,0
3,1,coxnet,Brats18_CBICA_ASE_1,-0.508287511694875,318.0,464.0,1,2
3,1,coxnet,Brats18_CBICA_ASU_1,0.7844030443985748,85.0,203.0,0,0
3,1,coxnet,Brats18_CBICA_ASW_1,0.3151327805443938,239.0,289.0,0,0
3,1,coxnet,Brats18_CBICA_ASY_1,0.24623510041875413,610.0,327.0,2,0
3,1,coxnet,Brats18_CBICA_ATF_1,0.3422176626574641,152.0,287.0,0,0
3,1,coxnet,Brats18_CBICA_ATX_1,-0.8377194002225609,1592.0,558.0,2,2
3,1,coxnet,Brats18_CBICA_AXJ_1,-1.0916235129046787,1767.0,634.0,2,2
3,1,coxnet,Brats18_CBICA_AXN_1,0.9971268610574645,345.0,169.0,1,0
3,1,coxnet,Brats18_CBICA_AYW_1,-0.38104417451287526,734.0,434.0,2,2
3,1,coxnet,Brats18_CBICA_BHM_1,-0.15243316419958974,436.0,387.0,1,2
3,1,coxnet,Brats18_TCIA01_186_1,-1.0035658603898505,370.0,616.0,1,2
3,1,coxnet,Brats18_TCIA01_401_1,0.7389276784566107,448.0,208.0,1,0
3,1,coxnet,Brats18_TCIA02_135_1,0.37915405190088247,828.0,286.0,2,0
3,1,coxnet,Brats18_TCIA02_151_1,-0.35509531151943335,1731.0,430.0,2,2
3,1,coxnet,Brats18_TCIA02_198_1,-0.20979700582052022,394.0,401.0,1,2
3,1,coxnet,Brats18_TCIA02_226_1,0.3795394195772696,329.0,286.0,1,0
3,1,coxnet,Brats18_TCIA02_321_1,0.7921153996052162,67.0,203.0,0,0
3,1,coxnet,Brats18_TCIA02_368_1,0.12509823874787626,317.0,350.0,1,0
3,1,coxnet,Brats18_TCIA02_394_1,0.14320134267612866,616.0,350.0,2,0
3,1,coxnet,Brats18_TCIA02_430_1,-0.28476781132824286,71.0,421.0,0,2
3,1,coxnet,Brats18_TCIA02_473_1,-0.07523195113675717,175.0,376.0,0,1
3,1,coxnet,Brats18_TCIA04_111_1,0.5152556508093196,626.0,254.0,2,0
3,1,coxnet,Brats18_TCIA04_343_1,-0.2877925853011658,296.0,421.0,0,2
3,1,coxnet,Brats18_TCIA04_361_1,0.6370495792585971,476.0,210.0,2,0
3,1,coxnet,Brats18_TCIA06_165_1,-0.18435263893314807,5.0,394.0,0,2
3,1,coxnet,Brats18_TCIA06_372_1,0.5092971058474374,213.0,254.0,0,0
3,1,genetico,Brats18_2013_11_1,-0.848811990091489,150.0,519.0,0,2
3,1,genetico,Brats18_CBICA_ABY_1,-1.5038637786520543,515.0,822.0,2,2
3,1,genetico,Brats18_CBICA_ALU_1,0.13736970461829767,495.0,355.0,2,1
3,1,genetico,Brats18_CBICA_AOP_1,0.03658819378369088,332.0,359.0,1,1
3,1,genetico,Brats18_CBICA_AOZ_1,-1.517250830458257,331.0,822.0,1,2
3,1,genetico,Brats18_CBICA_AQA_1,0.14107714870899207,106.0,350.0,0,1
3,1,genetico,Brats18_CBICA_AQT_1,0.4729864071438977,172.0,268.0,0,0
3,1,genetico,Brats18_CBICA_ASE_1,-0.7985139592744875,318.0,508.0,1,2
3,1,genetico,Brats18_CBICA_ASU_1,0.8149596139800195,85.0,208.0,0,0
3,1,genetico,Brats18_CBICA_ASW_1,0.5461791227011126,239.0,262.0,0,0
3,1,genetico,Brats18_CBICA_ASY_1,0.22518073395049581,610.0,333.0,2,0
3,1,genetico,Brats18_CBICA_ATF_1,0.6502016536018634,152.0,232.0,0,0
3,1,genetico,Brats18_CBICA_ATX_1,-2.106769507410081,1592.0,1458.0,2,2
3,1,genetico,Brats18_CBICA_AXJ_1,-1.096477284550307,1767.0,621.0,2,2
3,1,genetico,Brats18_CBICA_AXN_1,0.8926495764099311,345.0,199.0,1,0
3,1,genetico,Brats18_CBICA_AYW_1,-0.5230177547641486,734.0,453.0,2,2
3,1,genetico,Brats18_CBICA_BHM_1,-0.883782653972952,436.0,522.0,1,2
3,1,genetico,Brats18_TCIA01_186_1,-1.500877995371395,370.0,822.0,1,2
3,1,genetico,Brats18_TCIA01_401_1,1.0578451715489459,448.0,169.0,1,0
3,1,genetico,Brats18_TCIA02_135_1,0.38987489600348985,828.0,287.0,2,0
3,1,genetico,Brats18_TCIA02_151_1,-0.5372116357503318,1731.0,453.0,2,2
3,1,genetico,Brats18_TCIA02_198_1,-0.2602264706255606,394.0,405.0,1,1
3,1,genetico,Brats18_TCIA02_226_1,-0.09019858114617094,329.0,376.0,1,1
3,1,genetico,Brats18_TCIA02_321_1,1.4041466623581726,67.0,120.0,0,0
3,1,genetico,Brats18_TCIA02_368_1,0.2240740987791176,317.0,333.0,1,0
3,1,genetico,Brats18_TCIA02_394_1,0.40464229318194267,616.0,286.0,2,0
3,1,genetico,Brats18_TCIA02_430_1,-0.5489577159068911,71.0,464.0,0,2
3,1,genetico,Brats18_TCIA02_473_1,-0.29836178273354924,175.0,421.0,0,2
3,1,genetico,Brats18_TCIA04_111_1,0.2813520603674118,626.0,327.0,2,0
3,1,genetico,Brats18_TCIA04_343_1,-0.3129908136466557,296.0,421.0,0,2
3,1,genetico,Brats18_TCIA04_361_1,1.1197516117427986,476.0,168.0,2,0
3,1,genetico,Brats18_TCIA06_165_1,0.26510531940235865,5.0,327.0,0,0
3,1,genetico,Brats18_TCIA06_372_1,0.7106908500711446,213.0,210.0,0,0
3,2,edad,Brats18_CBICA_AAB_1,0.015116502069547738,289.0,362.0,0,1
3,2,edad,Brats18_CBICA_ABN_1,0.3132365209683279,1278.0,322.0,2,0
3,2,edad,Brats18_CBICA_ALX_1,-0.014230521013047729,698.0,370.0,2,1
3,2,edad,Brats18_CBICA_AME_1,-0.3175720232395104,359.0,436.0,1,2
3,2,edad,Brats18_CBICA_ANG_1,-0.1641671298532166,368.0,394.0,1,2
3,2,edad,Brats18_CBICA_ANI_1,-0.06892270039424797,439.0,375.0,1,1
3,2,edad,Brats18_CBICA_ANP_1,0.05864156747256562,486.0,355.0,2,1
3,2,edad,Brats18_CBICA_APY_1,-0.5533391463420232,203.0,468.0,0,2
3,2,edad,Brats18_CBICA_AQD_1,0.4943114646896404,32.0,268.0,0,0
3,2,edad,Brats18_CBICA_AQN_1,0.11912692543630446,488.0,345.0,2,1
3,2,edad,Brats18_CBICA_AQV_1,-0.2555240315791659,84.0,421.0,0,2
3,2,edad,Brats18_CBICA_ARF_1,0.5810566913597532,726.0,244.0,2,0
3,2,edad,Brats18_CBICA_ASG_1,-0.08980863370497824,208.0,382.0,0,1
3,2,edad,Brats18_CBICA_ATB_1,0.42151560223800794,208.0,287.0,0,0
3,2,edad,Brats18_CBICA_ATP_1,-0.3230984107031161,385.0,436.0,1,2
3,2,edad,Brats18_CBICA_AUN_1,0.3215832716892222,376.0,318.0,1,0
3,2,edad,Brats18_CBICA_AUQ_1,0.028570397067153194,1337.0,357.0,2,1
3,2,edad,Brats18_CBICA_BHB_1,-0.17041766463963956,510.0,394.0,2,2
3,2,edad,Brats18_TCIA01_201_1,0.0252545645889897,430.0,357.0,1,1
3,2,edad,Brats18_TCIA01_335_1,-0.21314235668585965,355.0,405.0,1,2
3,2,edad,Brats18_TCIA01_378_1,0.5365788005319755,110.0,265.0,0,0
3,2,edad,Brats18_TCIA01_390_1,0.1337242109436215,634.0,345.0,2,1
3,2,edad,Brats18_TCIA01_412_1,0.33130209102176983,291.0,318.0,0,0
3,2,edad,Brats18_TCIA01_460_1,-1.566116346827486,630.0,1282.0,2,2
3,2,edad,Brats18_TCIA01_499_1,-0.3805347273076241,600.0,448.0,2,2
3,2,edad,Brats18_TCIA02_118_1,-0.48576476721807327,104.0,465.0,0,2
3,2,edad,Brats18_TCIA02_283_1,0.5629148952723307,262.0,254.0,0,0
3,2,edad,Brats18_TCIA02_322_1,-0.10307196361763167,621.0,387.0,2,1
3,2,edad,Brats18_TCIA02_331_1,0.9443499693120894,187.0,172.0,0,0
3,2,edad,Brats18_TCIA02_455_1,-0.19904054039941754,424.0,401.0,1,2
3,2,edad,Brats18_TCIA02_471_1,0.630679839481233,111.0,232.0,0,0
3,2,edad,Brats18_TCIA02_491_1,0.8021121899039778,82.0,199.0,0,0
3,2,edad,Brats18_TCIA08_242_1,0.24440441228369525,147.0,329.0,0,0
3,2,coxnet,Brats18_CBICA_AAB_1,0.03481376486241185,289.0,355.0,0,1
3,2,coxnet,Brats18_CBICA_ABN_1,0.1778045383681932,1278.0,333.0,2,0
3,2,coxnet,Brats18_CBICA_ALX_1,-0.0001761938639488557,698.0,362.0,2,1
3,2,coxnet,Brats18_CBICA_AME_1,-0.27223509836520965,359.0,421.0,1,2
3,2,coxnet,Brats18_CBICA_ANG_1,-0.2558535661486617,368.0,407.0,1,2
3,2,coxnet,Brats18_CBICA_ANI_1,-0.11427414760785977,439.0,387.0,1,1
3,2,coxnet,Brats18_CBICA_ANP_1,0.1505848318848377,486.0,336.0,2,1
3,2,coxnet,Brats18_CBICA_APY_1,-0.6013635171595497,203.0,476.0,0,2
3,2,coxnet,Brats18_CBICA_AQD_1,0.5009054387027764,32.0,268.0,0,0
3,2,coxnet,Brats18_CBICA_AQN_1,0.20743057634023515,488.0,331.0,2,0
3,2,coxnet,Brats18_CBICA_AQV_1,-0.13287621367606753,84.0,387.0,0,1
3,2,coxnet,Brats18_CBICA_ARF_1,0.611443811934256,726.0,239.0,2,0
3,2,coxnet,Brats18_CBICA_ASG_1,-0.004841609487289907,208.0,362.0,0,1
3,2,coxnet,Brats18_CBICA_ATB_1,0.4296198194316513,208.0,286.0,0,0
3,2,coxnet,Brats18_CBICA_ATP_1,-0.40216647383916715,385.0,448.0,1,2
3,2,coxnet,Brats18_CBICA_AUN_1,0.2796139086139865,376.0,327.0,1,0
3,2,coxnet,Brats18_CBICA_AUQ_1,0.0006695222466114108,1337.0,362.0,2,1
3,2,coxnet,Brats18_CBICA_BHB_1,-0.20605645361373126,510.0,401.0,2,2
3,2,coxnet,Brats18_TCIA01_201_1,-0.10776982853269702,430.0,387.0,1,1
3,2,coxnet,Brats18_TCIA01_335_1,-0.17114165996606473,355.0,394.0,1,2
3,2,coxnet,Brats18_TCIA01_378_1,0.5924067843404095,110.0,244.0,0,0
3,2,coxnet,Brats18_TCIA01_390_1,0.16295193548488984,634.0,333.0,2,1
3,2,coxnet,Brats18_TCIA01_412_1,0.3380564695247642,291.0,317.0,0,0
3,2,coxnet,Brats18_TCIA01_460_1,-1.5739878521482855,630.0,1282.0,2,2
3,2,coxnet,Brats18_TCIA01_499_1,-0.38554866277710176,600.0,448.0,2,2
3,2,coxnet,Brats18_TCIA02_118_1,-0.5016072260330362,104.0,465.0,0,2
3,2,coxnet,Brats18_TCIA02_283_1,0.5970670546351076,262.0,239.0,0,0
3,2,coxnet,Brats18_TCIA02_322_1,-0.10114054626139343,621.0,382.0,2,1
3,2,coxnet,Brats18_TCIA02_331_1,0.9188599956361048,187.0,175.0,0,0
3,2,coxnet,Brats18_TCIA02_455_1,-0.20967160855868544,424.0,401.0,1,2
3,2,coxnet,Brats18_TCIA02_471_1,0.6658306362221078,111.0,229.0,0,0
3,2,coxnet,Brats18_TCIA02_491_1,0.8559256263136394,82.0,180.0,0,0
3,2,coxnet,Brats18_TCIA08_242_1,0.19524167648369656,147.0,332.0,0,0
3,2,genetico,Brats18_CBICA_AAB_1,0.30799742880317127,289.0,329.0,0,0
3,2,genetico,Brats18_CBICA_ABN_1,-0.7120257161722243,1278.0,495.0,2,2
3,2,genetico,Brats18_CBICA_ALX_1,0.05923262310706745,698.0,357.0,2,1
3,2,genetico,Brats18_CBICA_AME_1,0.3826242800636414,359.0,318.0,1,0
3,2,genetico,Brats18_CBICA_ANG_1,-0.7270948876020485,368.0,495.0,1,2
3,2,genetico,Brats18_CBICA_ANI_1,-0.060720571250446304,439.0,375.0,1,1
3,2,genetico,Brats18_CBICA_ANP_1,1.1848830353834092,486.0,168.0,2,0
3,2,genetico,Brats18_CBICA_APY_1,-0.5118170223081967,203.0,464.0,0,2
3,2,genetico,Brats18_CBICA_AQD_1,0.6295660136077741,32.0,254.0,0,0
3,2,genetico,Brats18_CBICA_AQN_1,0.27520806077422744,488.0,331.0,2,1
3,2,genetico,Brats18_CBICA_AQV_1,-0.5179671827710319,84.0,464.0,0,2
3,2,genetico,Brats18_CBICA_ARF_1,0.7873557510404153,726.0,213.0,2,0
3,2,genetico,Brats18_CBICA_ASG_1,0.6584833240526355,208.0,244.0,0,0
3,2,genetico,Brats18_CBICA_ATB_1,0.5718914277741293,208.0,268.0,0,0
3,2,genetico,Brats18_CBICA_ATP_1,-1.088821412893756,385.0,616.0,1,2
3,2,genetico,Brats18_CBICA_AUN_1,-0.09474071918957276,376.0,382.0,1,1
3,2,genetico,Brats18_CBICA_AUQ_1,-0.15292898304752667,1337.0,394.0,2,1
3,2,genetico,Brats18_CBICA_BHB_1,0.6396113260404293,510.0,254.0,2,0
3,2,genetico,Brats18_TCIA01_201_1,-0.46186261817627045,430.0,448.0,1,2
3,2,genetico,Brats18_TCIA01_335_1,-0.7054464993602407,355.0,495.0,1,2
3,2,genetico,Brats18_TCIA01_378_1,0.7179144107107057,110.0,232.0,0,0
3,2,genetico,Brats18_TCIA01_390_1,-0.24146965940454307,634.0,405.0,2,1
3,2,genetico,Brats18_TCIA01_412_1,0.4520250922614045,291.0,296.0,0,0
3,2,genetico,Brats18_TCIA01_460_1,-2.111047834369945,630.0,1489.0,2,2
3,2,genetico,Brats18_TCIA01_499_1,-0.7023843766124763,600.0,495.0,2,2
3,2,genetico,Brats18_TCIA02_118_1,-0.4162556238094921,104.0,448.0,0,2
3,2,genetico,Brats18_TCIA02_283_1,0.9204639613591216,262.0,199.0,0,0
3,2,genetico,Brats18_TCIA02_322_1,-0.7016511963472981,621.0,495.0,2,2
3,2,genetico,Brats18_TCIA02_331_1,1.0828985805037679,187.0,170.0,0,0
3,2,genetico,Brats18_TCIA02_455_1,-0.4460701227271062,424.0,448.0,1,2
3,2,genetico,Brats18_TCIA02_471_1,0.5517923709214476,111.0,268.0,0,0
3,2,genetico,Brats18_TCIA02_491_1,1.1487675136017284,82.0,169.0,0,0
3,2,genetico,Brats18_TCIA08_242_1,-0.16758592514302614,147.0,394.0,0,1
3,3,edad,Brats18_2013_27_1,0.26792756682650676,120.0,318.0,0,0
3,3,edad,Brats18_CBICA_AAG_1,-0.2494433300697859,616.0,401.0,2,2
3,3,edad,Brats18_CBICA_AAL_1,-0.18252691908580124,464.0,387.0,2,2
3,3,edad,Brats18_CBICA_ABB_1,0.2834582156957043,465.0,318.0,2,0
3,3,edad,Brats18_CBICA_ABM_1,0.3300501623032974,503.0,296.0,2,0
3,3,edad,Brats18_CBICA_AOH_1,-0.09650091477861804,576.0,375.0,2,1
3,3,edad,Brats18_CBICA_APR_1,0.09338014740017622,23.0,345.0,0,1
3,3,edad,Brats18_CBICA_AQU_1,0.4274696870282641,30.0,286.0,0,0
3,3,edad,Brats18_CBICA_ARZ_1,-0.16532171822436456,871.0,387.0,2,2
3,3,edad,Brats18_CBICA_ATV_1,0.07548542513017048,453.0,345.0,2,1
3,3,edad,Brats18_CBICA_AXL_1,0.48496263876180495,168.0,265.0,0,0
3,3,edad,Brats18_CBICA_AXM_1,0.2322694596976514,438.0,327.0,1,0
3,3,edad,Brats18_CBICA_AYA_1,0.4917265154363393,50.0,265.0,0,0
3,3,edad,Brats18_TCIA01_203_1,-0.4575146236936867,268.0,448.0,0,2
3,3,edad,Brats18_TCIA01_235_1,-0.06195917564458874,804.0,370.0,2,1
3,3,edad,Brats18_TCIA01_411_1,-0.5567400378220485,822.0,488.0,2,2
3,3,edad,Brats18_TCIA01_429_1,-0.16003538742533555,86.0,387.0,0,2
3,3,edad,Brats18_TCIA02_179_1,-0.4328560247491468,405.0,448.0,1,2
3,3,edad,Brats18_TCIA02_274_1,-0.16065924012832652,357.0,387.0,1,2
3,3,edad,Brats18_TCIA02_300_1,0.1483448539689643,127.0,332.0,0,0
3,3,edad,Brats18_TCIA02_314_1,-0.6405004717867906,362.0,510.0,1,2
3,3,edad,Brats18_TCIA03_133_1,0.12811889265093954,382.0,333.0,1,0
3,3,edad,Brats18_TCIA03_138_1,0.3944711624753175,82.0,289.0,0,0
3,3,edad,Brats18_TCIA03_257_1,0.31080923156894225,425.0,317.0,1,0
3,3,edad,Brats18_TCIA03_338_1,0.5439003020180623,468.0,254.0,2,0
3,3,edad,Brats18_TCIA03_474_1,0.05082682618563063,635.0,350.0,2,1
3,3,edad,Brats18_TCIA03_498_1,-0.018979007843786186,467.0,359.0,2,1
3,3,edad,Brats18_TCIA04_192_1,0.5286979966767549,121.0,262.0,0,0
3,3,edad,Brats18_TCIA05_277_1,0.3449897928222929,232.0,296.0,0,0
3,3,edad,Brats18_TCIA06_184_1,0.042913747163481335,434.0,355.0,1,1
3,3,edad,Brats18_TCIA08_218_1,-0.08257914919608153,346.0,372.0,1,1
3,3,edad,Brats18_TCIA08_406_1,0.6200760004885454,82.0,239.0,0,0
3,3,coxnet,Brats18_2013_27_1,0.12031430965425316,120.0,332.0,0,1
3,3,coxnet,Brats18_CBICA_AAG_1,-0.5739828103270808,616.0,473.0,2,2
3,3,coxnet,Brats18_CBICA_AAL_1,-0.7052625185568255,464.0,508.0,2,2
3,3,coxnet,Brats18_CBICA_ABB_1,0.49809048048564347,465.0,265.0,2,0
3,3,coxnet,Brats18_CBICA_ABM_1,0.23237394442529916,503.0,322.0,2,0
3,3,coxnet,Brats18_CBICA_AOH_1,-0.008919287127666483,576.0,355.0,2,1
3,3,coxnet,Brats18_CBICA_APR_1,0.22428984707121713,23.0,327.0,0,0
3,3,coxnet,Brats18_CBICA_AQU_1,0.9113789381665081,30.0,191.0,0,0
3,3,coxnet,Brats18_CBICA_ARZ_1,-0.032083169530589734,871.0,355.0,2,1
3,3,coxnet,Brats18_CBICA_ATV_1,0.015975443283973136,453.0,355.0,2,1
3,3,coxnet,Brats18_CBICA_AXL_1,0.922376475385869,168.0,191.0,0,0
3,3,coxnet,Brats18_CBICA_AXM_1,-0.22636502380954004,438.0,387.0,1,2
3,3,coxnet,Brats18_CBICA_AYA_1,0.7757571509319213,50.0,208.0,0,0
3,3,coxnet,Brats18_TCIA01_203_1,0.09091014548565636,268.0,336.0,0,1
3,3,coxnet,Brats18_TCIA01_235_1,-0.24903106511431886,804.0,387.0,2,2
3,3,coxnet,Brats18_TCIA01_411_1,-0.5212700667333188,822.0,448.0,2,2
3,3,coxnet,Brats18_TCIA01_429_1,-0.0065094206319682366,86.0,355.0,0,1
3,3,coxnet,Brats18_TCIA02_179_1,-0.3202311456284024,405.0,401.0,1,2
3,3,coxnet,Brats18_TCIA02_274_1,-0.19796161328309142,357.0,385.0,1,1
3,3,coxnet,Brats18_TCIA02_300_1,0.630529664337326,127.0,239.0,0,0
3,3,coxnet,Brats18_TCIA02_314_1,0.09089433044916967,362.0,336.0,1,1
3,3,coxnet,Brats18_TCIA03_133_1,-0.2579278962727919,382.0,394.0,1,2
3,3,coxnet,Brats18_TCIA03_138_1,0.7128066512372138,82.0,210.0,0,0
3,3,coxnet,Brats18_TCIA03_257_1,0.35696036793373614,425.0,291.0,1,0
3,3,coxnet,Brats18_TCIA03_338_1,0.47117682221004226,468.0,269.0,2,0
3,3,coxnet,Brats18_TCIA03_474_1,0.4327318465663477,635.0,286.0,2,0
3,3,coxnet,Brats18_TCIA03_498_1,-0.43554862043624676,467.0,436.0,2,2
3,3,coxnet,Brats18_TCIA04_192_1,-0.2431244585346036,121.0,387.0,0,2
3,3,coxnet,Brats18_TCIA05_277_1,0.16788463058494235,232.0,331.0,0,0
3,3,coxnet,Brats18_TCIA06_184_1,-0.028207796616622646,434.0,355.0,1,1
3,3,coxnet,Brats18_TCIA08_218_1,-0.528077201152869,346.0,448.0,1,2
3,3,coxnet,Brats18_TCIA08_406_1,0.45775219103303455,82.0,269.0,0,0
3,3,genetico,Brats18_2013_27_1,1.265003464990481,120.0,169.0,0,0
3,3,genetico,Brats18_CBICA_AAG_1,-0.968759070575946,616.0,597.0,2,2
3,3,genetico,Brats18_CBICA_AAL_1,-1.9619098627356513,464.0,1458.0,2,2
3,3,genetico,Brats18_CBICA_ABB_1,0.4529177533307801,465.0,289.0,2,0
3,3,genetico,Brats18_CBICA_ABM_1,-0.38285983433071547,503.0,424.0,2,2
3,3,genetico,Brats18_CBICA_AOH_1,-0.14039579653883197,576.0,375.0,2,1
3,3,genetico,Brats18_CBICA_APR_1,0.7797864300102874,23.0,213.0,0,0
3,3,genetico,Brats18_CBICA_AQU_1,0.6718841659826014,30.0,244.0,0,0
3,3,genetico,Brats18_CBICA_ARZ_1,-0.2251706418021699,871.0,387.0,2,1
3,3,genetico,Brats18_CBICA_ATV_1,-0.5312889692641014,453.0,448.0,2,2
3,3,genetico,Brats18_CBICA_AXL_1,1.0982839674716918,168.0,180.0,0,0
3,3,genetico,Brats18_CBICA_AXM_1,-0.9778812304981187,438.0,597.0,1,2
3,3,genetico,Brats18_CBICA_AYA_1,1.7988978638064195,50.0,104.0,0,0
3,3,genetico,Brats18_TCIA01_203_1,-0.10924399416319397,268.0,372.0,0,1
3,3,genetico,Brats18_TCIA01_235_1,0.19751267835939473,804.0,331.0,2,1
3,3,genetico,Brats18_TCIA01_411_1,-0.8408785224340458,822.0,515.0,2,2
3,3,genetico,Brats18_TCIA01_429_1,-0.033692628872301955,86.0,359.0,0,1
3,3,genetico,Brats18_TCIA02_179_1,0.27129145829873125,405.0,327.0,1,0
3,3,genetico,Brats18_TCIA02_274_1,0.39661821044580464,357.0,291.0,1,0
3,3,genetico,Brats18_TCIA02_300_1,0.05844717863271631,127.0,350.0,0,1
3,3,genetico,Brats18_TCIA02_314_1,0.22230188908606108,362.0,329.0,1,1
3,3,genetico,Brats18_TCIA03_133_1,-1.0284663434346926,382.0,610.0,1,2
3,3,genetico,Brats18_TCIA03_138_1,0.635775377573748,82.0,254.0,0,0
3,3,genetico,Brats18_TCIA03_257_1,0.20316322205808635,425.0,331.0,1,1
3,3,genetico,Brats18_TCIA03_338_1,0.12767918125860456,468.0,336.0,2,1
3,3,genetico,Brats18_TCIA03_474_1,0.6886170176503349,635.0,239.0,2,0
3,3,genetico,Brats18_TCIA03_498_1,-0.9057135533150223,467.0,558.0,2,2
3,3,genetico,Brats18_TCIA04_192_1,-0.6603363689882572,121.0,486.0,0,2
3,3,genetico,Brats18_TCIA05_277_1,1.8769167930254582,232.0,103.0,0,0
3,3,genetico,Brats18_TCIA06_184_1,-0.6903072035529889,434.0,488.0,1,2
3,3,genetico,Brats18_TCIA08_218_1,-0.9083048724721969,346.0,558.0,1,2
3,3,genetico,Brats18_TCIA08_406_1,-1.0191109046834106,82.0,610.0,0,2
3,4,edad,Brats18_CBICA_AOD_1,-0.0029240201915373466,55.0,368.0,0,1
3,4,edad,Brats18_CBICA_AOO_1,-0.5756626474345768,350.0,476.0,1,2
3,4,edad,Brats18_CBICA_APZ_1,-0.0209932454130426,336.0,370.0,1,1
3,4,edad,Brats18_CBICA_AQJ_1,0.18868650903959805,170.0,332.0,0,0
3,4,edad,Brats18_CBICA_AQO_1,0.2509869651122011,473.0,329.0,2,0
3,4,edad,Brats18_CBICA_AQR_1,0.3734251514586942,89.0,289.0,0,0
3,4,edad,Brats18_CBICA_AQY_1,-0.10279311634823515,229.0,387.0,0,1
3,4,edad,Brats18_CBICA_ASK_1,0.5815700682477323,522.0,239.0,2,0
3,4,edad,Brats18_CBICA_ASO_1,-0.29011307665611774,265.0,430.0,0,2
3,4,edad,Brats18_CBICA_ASV_1,-0.20629001061890334,597.0,407.0,2,2
3,4,edad,Brats18_CBICA_ATD_1,0.29696232967193825,355.0,317.0,1,0
3,4,edad,Brats18_CBICA_AVG_1,0.09398004866047328,579.0,355.0,2,1
3,4,edad,Brats18_CBICA_AVV_1,0.4056218597201795,387.0,287.0,1,0
3,4,edad,Brats18_CBICA_AWG_1,-0.1790466420899544,180.0,405.0,0,2
3,4,edad,Brats18_CBICA_AWH_1,-0.27560188420023696,139.0,430.0,0,2
3,4,edad,Brats18_CBICA_AWI_1,-0.4923279388357814,375.0,465.0,1,2
3,4,edad,Brats18_CBICA_AXQ_1,0.19594210526753833,114.0,332.0,0,0
3,4,edad,Brats18_CBICA_AYU_1,0.10870053716139057,58.0,355.0,0,1
3,4,edad,Brats18_CBICA_AZH_1,-0.20056925205456574,401.0,407.0,1,2
3,4,edad,Brats18_TCIA01_150_1,-0.33312341391116773,1489.0,436.0,2,2
3,4,edad,Brats18_TCIA01_190_1,0.030040106901749235,322.0,362.0,1,1
3,4,edad,Brats18_TCIA01_231_1,0.10953772134153757,1561.0,346.0,2,1
3,4,edad,Brats18_TCIA02_290_1,-0.6122894553160062,737.0,486.0,2,2
3,4,edad,Brats18_TCIA03_121_1,-1.0554389480071307,747.0,634.0,2,2
3,4,edad,Brats18_TCIA03_199_1,-0.4130047377668568,1282.0,448.0,2,2
3,4,edad,Brats18_TCIA03_265_1,-0.037702046341808994,103.0,376.0,0,1
3,4,edad,Brats18_TCIA03_296_1,-0.008295952014147132,22.0,368.0,0,1
3,4,edad,Brats18_TCIA03_419_1,0.3462864309522634,327.0,291.0,1,0
3,4,edad,Brats18_TCIA04_479_1,-0.14876848090797257,372.0,394.0,1,1
3,4,edad,Brats18_TCIA06_247_1,0.559314922125492,244.0,254.0,0,0
3,4,edad,Brats18_TCIA08_278_1,-0.35454137585326095,1458.0,438.0,2,2
3,4,edad,Brats18_TCIA08_280_1,-0.11521134835374845,508.0,387.0,2,1
3,4,coxnet,Brats18_CBICA_AOD_1,0.06389990751025489,55.0,357.0,0,1
3,4,coxnet,Brats18_CBICA_AOO_1,-0.5133181715815667,350.0,464.0,1,2
3,4,coxnet,Brats18_CBICA_APZ_1,-0.02964162463194008,336.0,368.0,1,1
3,4,coxnet,Brats18_CBICA_AQJ_1,0.31968332176849995,170.0,296.0,0,0
3,4,coxnet,Brats18_CBICA_AQO_1,0.127816846038701,473.0,345.0,2,1
3,4,coxnet,Brats18_CBICA_AQR_1,0.24315393022403284,89.0,329.0,0,0
3,4,coxnet,Brats18_CBICA_AQY_1,-0.0065919119527414385,229.0,368.0,0,1
3,4,coxnet,Brats18_CBICA_ASK_1,0.6522921721380832,522.0,210.0,2,0
3,4,coxnet,Brats18_CBICA_ASO_1,-0.36038333129462047,265.0,436.0,0,2
3,4,coxnet,Brats18_CBICA_ASV_1,-0.18654524983727327,597.0,394.0,2,2
3,4,coxnet,Brats18_CBICA_ATD_1,0.0749924454563404,355.0,355.0,1,1
3,4,coxnet,Brats18_CBICA_AVG_1,0.048185901120275106,579.0,357.0,2,1
3,4,coxnet,Brats18_CBICA_AVV_1,0.5210663482492089,387.0,262.0,1,0
3,4,coxnet,Brats18_CBICA_AWG_1,-0.08864904398390339,180.0,382.0,0,1
3,4,coxnet,Brats18_CBICA_AWH_1,-0.3189339397859332,139.0,430.0,0,2
3,4,coxnet,Brats18_CBICA_AWI_1,-0.42346856797336174,375.0,448.0,1,2
3,4,coxnet,Brats18_CBICA_AXQ_1,0.15591069325332166,114.0,333.0,0,1
3,4,coxnet,Brats18_CBICA_AYU_1,-0.08424124787742117,58.0,382.0,0,1
3,4,coxnet,Brats18_CBICA_AZH_1,-0.5609826805506614,401.0,466.0,1,2
3,4,coxnet,Brats18_TCIA01_150_1,-0.1423213743306664,1489.0,387.0,2,1
3,4,coxnet,Brats18_TCIA01_190_1,-0.038787998042930545,322.0,370.0,1,1
3,4,coxnet,Brats18_TCIA01_231_1,0.12712862587360782,1561.0,345.0,2,1
3,4,coxnet,Brats18_TCIA02_290_1,-0.5810639093219182,737.0,467.0,2,2
3,4,coxnet,Brats18_TCIA03_121_1,-0.89511502854298,747.0,600.0,2,2
3,4,coxnet,Brats18_TCIA03_199_1,-0.5455640770584896,1282.0,465.0,2,2
3,4,coxnet,Brats18_TCIA03_265_1,-0.03617144911332502,103.0,370.0,0,1
3,4,coxnet,Brats18_TCIA03_296_1,0.08805376003931019,22.0,355.0,0,1
3,4,coxnet,Brats18_TCIA03_419_1,0.38176317304809126,327.0,289.0,1,0
3,4,coxnet,Brats18_TCIA04_479_1,-0.01721182026015713,372.0,368.0,1,1
3,4,coxnet,Brats18_TCIA06_247_1,0.6638590610180892,244.0,210.0,0,0
3,4,coxnet,Brats18_TCIA08_278_1,-0.3182674605307477,1458.0,430.0,2,2
3,4,coxnet,Brats18_TCIA08_280_1,0.005813760637381235,508.0,362.0,2,1
3,4,genetico,Brats18_CBICA_AOD_1,0.23545174448287365,55.0,331.0,0,0
3,4,genetico,Brats18_CBICA_AOO_1,-0.11245223739679275,350.0,385.0,1,1
3,4,genetico,Brats18_CBICA_APZ_1,0.18498516274375815,336.0,333.0,1,1
3,4,genetico,Brats18_CBICA_AQJ_1,0.973586984936041,170.0,187.0,0,0
3,4,genetico,Brats18_CBICA_AQO_1,-0.47166264485385395,473.0,448.0,2,2
3,4,genetico,Brats18_CBICA_AQR_1,0.09911547212839641,89.0,355.0,0,1
3,4,genetico,Brats18_CBICA_AQY_1,0.35441558199173245,229.0,296.0,0,0
3,4,genetico,Brats18_CBICA_ASK_1,0.8693801613001041,522.0,203.0,2,0
3,4,genetico,Brats18_CBICA_ASO_1,-0.02054625695680662,265.0,370.0,0,1
3,4,genetico,Brats18_CBICA_ASV_1,0.06891926858136169,597.0,357.0,2,1
3,4,genetico,Brats18_CBICA_ATD_1,-0.2034017047144289,355.0,405.0,1,1
3,4,genetico,Brats18_CBICA_AVG_1,-0.4759859488653894,579.0,448.0,2,2
3,4,genetico,Brats18_CBICA_AVV_1,0.6407661030930968,387.0,232.0,1,0
3,4,genetico,Brats18_CBICA_AWG_1,0.06290194188469667,180.0,357.0,0,1
3,4,genetico,Brats18_CBICA_AWH_1,-0.3000620448709541,139.0,425.0,0,2
3,4,genetico,Brats18_CBICA_AWI_1,-0.25901293554640425,375.0,421.0,1,2
3,4,genetico,Brats18_CBICA_AXQ_1,0.3388810105690439,114.0,296.0,0,0
3,4,genetico,Brats18_CBICA_AYU_1,-0.7837461690796388,58.0,495.0,0,2
3,4,genetico,Brats18_CBICA_AZH_1,-0.9270354067734563,401.0,576.0,1,2
3,4,genetico,Brats18_TCIA01_150_1,0.03587190297700937,1489.0,359.0,2,1
3,4,genetico,Brats18_TCIA01_190_1,0.38464265368653006,322.0,291.0,1,0
3,4,genetico,Brats18_TCIA01_231_1,0.3373010843846503,1561.0,296.0,2,0
3,4,genetico,Brats18_TCIA02_290_1,-0.49860475193392,737.0,448.0,2,2
3,4,genetico,Brats18_TCIA03_121_1,-1.4511024298430444,747.0,804.0,2,2
3,4,genetico,Brats18_TCIA03_199_1,-0.6955774262403343,1282.0,486.0,2,2
3,4,genetico,Brats18_TCIA03_265_1,0.09526720165512655,103.0,355.0,0,1
3,4,genetico,Brats18_TCIA03_296_1,-0.6270268154964534,22.0,467.0,0,2
3,4,genetico,Brats18_TCIA03_419_1,0.008907879382790584,327.0,362.0,1,1
3,4,genetico,Brats18_TCIA04_479_1,-0.2347670425902776,372.0,407.0,1,2
3,4,genetico,Brats18_TCIA06_247_1,0.5665515990262351,244.0,262.0,0,0
3,4,genetico,Brats18_TCIA08_278_1,-0.12923322376192556,1458.0,387.0,2,1
3,4,genetico,Brats18_TCIA08_280_1,-0.07761911869023536,508.0,382.0,2,1
4,0,edad,Brats18_2013_11_1,-1.1561561939240845,150.0,698.0,0,2
4,0,edad,Brats18_CBICA_AAL_1,-0.22430287966020043,464.0,394.0,2,2
4,0,edad,Brats18_CBICA_ABE_1,0.2503017331603514,269.0,331.0,0,0
4,0,edad,Brats18_CBICA_ANZ_1,0.28445846280038023,287.0,329.0,0,0
4,0,edad,Brats18_CBICA_AQG_1,-0.2500592001688247,466.0,405.0,2,2
4,0,edad,Brats18_CBICA_AQJ_1,0.21137120273639637,170.0,332.0,0,0
4,0,edad,Brats18_CBICA_AQR_1,0.4073560783307546,89.0,296.0,0,0
4,0,edad,Brats18_CBICA_ARF_1,0.553234548797703,726.0,262.0,2,0
4,0,edad,Brats18_CBICA_ARW_1,-0.5901092420563919,495.0,488.0,2,2
4,0,edad,Brats18_CBICA_ASN_1,-0.7724758332438912,407.0,558.0,1,2
4,0,edad,Brats18_CBICA_ASO_1,-0.29657600315638283,265.0,425.0,0,2
4,0,edad,Brats18_CBICA_AVG_1,0.11089934902818611,579.0,350.0,2,1
4,0,edad,Brats18_CBICA_AVJ_1,-0.5594681021409598,614.0,486.0,2,2
4,0,edad,Brats18_CBICA_AVV_1,0.4415128079707835,387.0,291.0,1,0
4,0,edad,Brats18_CBICA_AXM_1,0.24319654129590312,438.0,331.0,1,0
4,0,edad,Brats18_CBICA_AXW_1,0.6975217523366761,191.0,210.0,0,0
4,0,edad,Brats18_CBICA_AZD_1,-0.5219438076068434,448.0,473.0,1,2
4,0,edad,Brats18_TCIA01_231_1,0.12740411762997678,1561.0,346.0,2,0
4,0,edad,Brats18_TCIA02_151_1,-0.45847816152596677,1731.0,465.0,2,2
4,0,edad,Brats18_TCIA02_198_1,-0.22511701622800173,394.0,394.0,1,2
4,0,edad,Brats18_TCIA02_321_1,0.7715341675913431,67.0,208.0,0,0
4,0,edad,Brats18_TCIA02_377_1,0.12581285070200146,812.0,346.0,2,1
4,0,edad,Brats18_TCIA02_455_1,-0.20420850891855838,424.0,387.0,1,2
4,0,edad,Brats18_TCIA02_473_1,0.02441584180310768,175.0,357.0,0,1
4,0,edad,Brats18_TCIA02_491_1,0.7678705530362369,82.0,208.0,0,0
4,0,edad,Brats18_TCIA03_121_1,-1.108492198500079,747.0,635.0,2,2
4,0,edad,Brats18_TCIA03_199_1,-0.42694887262747844,1282.0,453.0,2,2
4,0,edad,Brats18_TCIA06_165_1,-0.31848367807176414,5.0,430.0,0,2
4,0,edad,Brats18_TCIA06_184_1,0.029781741909071152,434.0,357.0,1,1
4,0,edad,Brats18_TCIA06_247_1,0.6045621587768144,244.0,239.0,0,0
4,0,edad,Brats18_TCIA06_372_1,0.5239626385644822,213.0,268.0,0,0
4,0,edad,Brats18_TCIA08_167_1,0.5382470347086329,153.0,262.0,0,0
4,0,edad,Brats18_TCIA08_242_1,0.22635871682546646,147.0,332.0,0,0
4,0,coxnet,Brats18_2013_11_1,-1.4097345497640366,150.0,804.0,0,2
4,0,coxnet,Brats18_CBICA_AAL_1,-0.47588890747464935,464.0,453.0,2,2
4,0,coxnet,Brats18_CBICA_ABE_1,0.3580404831580581,269.0,317.0,0,0
4,0,coxnet,Brats18_CBICA_ANZ_1,0.2876582658503998,287.0,327.0,0,0
4,0,coxnet,Brats18_CBICA_AQG_1,-0.36386879401037464,466.0,430.0,2,2
4,0,coxnet,Brats18_CBICA_AQJ_1,0.2806955890020037,170.0,327.0,0,0
4,0,coxnet,Brats18_CBICA_AQR_1,0.11042431629436138,89.0,346.0,0,1
4,0,coxnet,Brats18_CBICA_ARF_1,0.6398123573158722,726.0,232.0,2,0
4,0,coxnet,Brats18_CBICA_ARW_1,-0.6372795306775024,495.0,488.0,2,2
4,0,coxnet,Brats18_CBICA_ASN_1,-0.6075897357715317,407.0,486.0,1,2
4,0,coxnet,Brats18_CBICA_ASO_1,-0.2558898667923721,265.0,394.0,0,2
4,0,coxnet,Brats18_CBICA_AVG_1,0.008447252767346886,579.0,357.0,2,1
4,0,coxnet,Brats18_CBICA_AVJ_1,-0.7014523398106379,614.0,508.0,2,2
4,0,coxnet,Brats18_CBICA_AVV_1,0.5738554391017716,387.0,254.0,1,0
4,0,coxnet,Brats18_CBICA_AXM_1,-0.012543769447002733,438.0,359.0,1,1
4,0,coxnet,Brats18_CBICA_AXW_1,0.5985457973014351,191.0,239.0,0,0
4,0,coxnet,Brats18_CBICA_AZD_1,-0.7688399671872761,448.0,515.0,1,2
4,0,coxnet,Brats18_TCIA01_231_1,0.14884612892749752,1561.0,336.0,2,1
4,0,coxnet,Brats18_TCIA02_151_1,-0.4725697646670907,1731.0,453.0,2,2
4,0,coxnet,Brats18_TCIA02_198_1,-0.28949001100843086,394.0,405.0,1,2
4,0,coxnet,Brats18_TCIA02_321_1,0.9976756745707851,67.0,172.0,0,0
4,0,coxnet,Brats18_TCIA02_377_1,0.271637534802925,812.0,329.0,2,0
4,0,coxnet,Brats18_TCIA02_455_1,-0.10662657688298148,424.0,372.0,1,1
4,0,coxnet,Brats18_TCIA02_473_1,0.04548357282436206,175.0,355.0,0,1
4,0,coxnet,Brats18_TCIA02_491_1,1.0696506677331856,82.0,168.0,0,0
4,0,coxnet,Brats18_TCIA03_121_1,-1.0872477934199622,747.0,630.0,2,2
4,0,coxnet,Brats18_TCIA03_199_1,-0.3830727102151638,1282.0,436.0,2,2
4,0,coxnet,Brats18_TCIA06_165_1,-0.30701290617594656,5.0,421.0,0,2
4,0,coxnet,Brats18_TCIA06_184_1,-0.0765463749069362,434.0,370.0,1,1
4,0,coxnet,Brats18_TCIA06_247_1,0.7478111288869903,244.0,209.0,0,0
4,0,coxnet,Brats18_TCIA06_372_1,0.47034754483501384,213.0,286.0,0,0
4,0,coxnet,Brats18_TCIA08_167_1,0.6714981894883961,153.0,229.0,0,0
4,0,coxnet,Brats18_TCIA08_242_1,0.22093367975658326,147.0,332.0,0,0
4,0,genetico,Brats18_2013_11_1,2.038408602052275,150.0,84.0,0,0
4,0,genetico,Brats18_CBICA_AAL_1,-1.0076408057135564,464.0,600.0,2,2
4,0,genetico,Brats18_CBICA_ABE_1,0.32178730198749234,269.0,329.0,0,0
4,0,genetico,Brats18_CBICA_ANZ_1,0.03445254173112716,287.0,357.0,0,1
4,0,genetico,Brats18_CBICA_AQG_1,0.21189908308361877,466.0,336.0,2,1
4,0,genetico,Brats18_CBICA_AQJ_1,0.8451403562807954,170.0,209.0,0,0
4,0,genetico,Brats18_CBICA_AQR_1,0.6743025154068746,89.0,254.0,0,0
4,0,genetico,Brats18_CBICA_ARF_1,0.589410935582927,726.0,286.0,2,0
4,0,genetico,Brats18_CBICA_ARW_1,-0.1428340058068011,495.0,376.0,2,1
4,0,genetico,Brats18_CBICA_ASN_1,-0.22196066306079507,407.0,387.0,1,2
4,0,genetico,Brats18_CBICA_ASO_1,0.4275457884453169,265.0,318.0,0,0
4,0,genetico,Brats18_CBICA_AVG_1,-0.27969889113753044,579.0,401.0,2,2
4,0,genetico,Brats18_CBICA_AVJ_1,-0.7557058292451757,614.0,508.0,2,2
4,0,genetico,Brats18_CBICA_AVV_1,0.8485972774472235,387.0,209.0,1,0
4,0,genetico,Brats18_CBICA_AXM_1,-0.688221118009936,438.0,488.0,1,2
4,0,genetico,Brats18_CBICA_AXW_1,0.8141033968434173,191.0,210.0,0,0
4,0,genetico,Brats18_CBICA_AZD_1,-0.4655990171630964,448.0,448.0,1,2
4,0,genetico,Brats18_TCIA01_231_1,0.2529851566808553,1561.0,333.0,2,0
4,0,genetico,Brats18_TCIA02_151_1,-2.149922121109856,1731.0,1458.0,2,2
4,0,genetico,Brats18_TCIA02_198_1,-1.599420088692482,394.0,822.0,1,2
4,0,genetico,Brats18_TCIA02_321_1,0.9960336952294919,67.0,199.0,0,0
4,0,genetico,Brats18_TCIA02_377_1,0.2726880071380651,812.0,332.0,2,0
4,0,genetico,Brats18_TCIA02_455_1,-0.35103842371909955,424.0,425.0,1,2
4,0,genetico,Brats18_TCIA02_473_1,0.816047915454728,175.0,210.0,0,0
4,0,genetico,Brats18_TCIA02_491_1,2.0975471702467834,82.0,82.0,0,0
4,0,genetico,Brats18_TCIA03_121_1,-1.070701896201394,747.0,616.0,2,2
4,0,genetico,Brats18_TCIA03_199_1,-0.7027071819576547,1282.0,495.0,2,2
4,0,genetico,Brats18_TCIA06_165_1,-1.0112094656996486,5.0,600.0,0,2
4,0,genetico,Brats18_TCIA06_184_1,3.7764474433711634,434.0,23.0,1,0
4,0,genetico,Brats18_TCIA06_247_1,1.2308237509551034,244.0,152.0,0,0
4,0,genetico,Brats18_TCIA06_372_1,1.1650685628161155,213.0,169.0,0,0
4,0,genetico,Brats18_TCIA08_167_1,1.2145924287074559,153.0,168.0,0,0
4,0,genetico,Brats18_TCIA08_242_1,0.14197893428167063,147.0,350.0,0,1
4,1,edad,Brats18_2013_27_1,0.21298527968026013,120.0,345.0,0,0
4,1,edad,Brats18_CBICA_AAB_1,-0.012383454612490803,289.0,375.0,0,1
4,1,edad,Brats18_CBICA_ABB_1,0.22709132855156766,465.0,336.0,2,0
4,1,edad,Brats18_CBICA_ABO_1,-0.1329856990851501,1155.0,394.0,2,1
4,1,edad,Brats18_CBICA_ALU_1,0.14973172861040118,495.0,350.0,2,0
4,1,edad,Brats18_CBICA_ALX_1,-0.03534678998438693,698.0,376.0,2,1
4,1,edad,Brats18_CBICA_ANP_1,0.021673855770243194,486.0,370.0,2,1
4,1,edad,Brats18_CBICA_AOP_1,0.2074084696613712,332.0,345.0,1,0
4,1,edad,Brats18_CBICA_AOZ_1,-0.42384467295800987,331.0,448.0,1,2
4,1,edad,Brats18_CBICA_APR_1,0.054448798073767644,23.0,362.0,0,1
4,1,edad,Brats18_CBICA_AQQ_1,0.27179527624309024,33.0,333.0,0,0
4,1,edad,Brats18_CBICA_AQU_1,0.35789287263096536,30.0,317.0,0,0
4,1,edad,Brats18_CBICA_AQV_1,-0.2241531227629242,84.0,424.0,0,2
4,1,edad,Brats18_CBICA_AQZ_1,0.07356502920803429,286.0,362.0,0,1
4,1,edad,Brats18_CBICA_ARZ_1,-0.18052278555632173,871.0,407.0,2,2
4,1,edad,Brats18_CBICA_ASG_1,-0.09448483419538663,208.0,387.0,0,1
4,1,edad,Brats18_CBICA_ASW_1,0.22309511174658833,239.0,336.0,0,0
4,1,edad,Brats18_CBICA_ATF_1,0.2340399741900766,152.0,336.0,0,0
4,1,edad,Brats18_CBICA_ATP_1,-0.2770284391452252,385.0,430.0,1,2
4,1,edad,Brats18_CBICA_AXJ_1,-0.9861481644347626,1767.0,616.0,2,2
4,1,edad,Brats18_CBICA_AXQ_1,0.1611537512694091,114.0,350.0,0,0
4,1,edad,Brats18_CBICA_AYA_1,0.41625553149174516,50.0,287.0,0,0
4,1,edad,Brats18_CBICA_AYW_1,-0.32817404974626624,734.0,438.0,2,2
4,1,edad,Brats18_TCIA01_203_1,-0.44591333292580587,268.0,453.0,0,2
4,1,edad,Brats18_TCIA01_335_1,-0.1909904877842901,355.0,407.0,1,2
4,1,edad,Brats18_TCIA01_460_1,-1.249659893455637,630.0,804.0,2,2
4,1,edad,Brats18_TCIA02_179_1,-0.4235166253098398,405.0,448.0,1,2
4,1,edad,Brats18_TCIA02_290_1,-0.5298338858303714,737.0,468.0,2,2
4,1,edad,Brats18_TCIA02_322_1,-0.10486306888294482,621.0,387.0,2,1
4,1,edad,Brats18_TCIA02_471_1,0.46927996044139614,111.0,265.0,0,0
4,1,edad,Brats18_TCIA03_419_1,0.28968878432508693,327.0,329.0,1,0
4,1,edad,Brats18_TCIA04_343_1,-0.2445218994629307,296.0,425.0,0,2
4,1,edad,Brats18_TCIA04_479_1,-0.13355232684107995,372.0,394.0,1,1
4,1,coxnet,Brats18_2013_27_1,0.14451449228214994,120.0,350.0,0,0
4,1,coxnet,Brats18_CBICA_AAB_1,0.06888431785989127,289.0,359.0,0,1
4,1,coxnet,Brats18_CBICA_ABB_1,0.3328765540901476,465.0,318.0,2,0
4,1,coxnet,Brats18_CBICA_ABO_1,0.18245028316964074,1155.0,345.0,2,0
4,1,coxnet,Brats18_CBICA_ALU_1,0.05828315433557725,495.0,359.0,2,1
4,1,coxnet,Brats18_CBICA_ALX_1,-0.2556743853932892,698.0,424.0,2,2
4,1,coxnet,Brats18_CBICA_ANP_1,0.1280100826579779,486.0,355.0,2,1
4,1,coxnet,Brats18_CBICA_AOP_1,0.0161772113423117,332.0,368.0,1,1
4,1,coxnet,Brats18_CBICA_AOZ_1,-0.35135096668375687,331.0,436.0,1,2
4,1,coxnet,Brats18_CBICA_APR_1,0.13808437653751077,23.0,350.0,0,0
4,1,coxnet,Brats18_CBICA_AQQ_1,0.5748191809033768,33.0,232.0,0,0
4,1,coxnet,Brats18_CBICA_AQU_1,0.6228145296395028,30.0,229.0,0,0
4,1,coxnet,Brats18_CBICA_AQV_1,-0.26878147455709894,84.0,424.0,0,2
4,1,coxnet,Brats18_CBICA_AQZ_1,0.22453831338036326,286.0,336.0,0,0
4,1,coxnet,Brats18_CBICA_ARZ_1,-0.02983331752564498,871.0,375.0,2,1
4,1,coxnet,Brats18_CBICA_ASG_1,0.25432634313763597,208.0,333.0,0,0
4,1,coxnet,Brats18_CBICA_ASW_1,0.27888743087002427,239.0,329.0,0,0
4,1,coxnet,Brats18_CBICA_ATF_1,0.39301407756464507,152.0,291.0,0,0
4,1,coxnet,Brats18_CBICA_ATP_1,-0.2818999751826463,385.0,425.0,1,2
4,1,coxnet,Brats18_CBICA_AXJ_1,-0.9489487259547463,1767.0,600.0,2,2
4,1,coxnet,Brats18_CBICA_AXQ_1,0.19915623002912816,114.0,345.0,0,0
4,1,coxnet,Brats18_CBICA_AYA_1,0.5630558379633345,50.0,244.0,0,0
4,1,coxnet,Brats18_CBICA_AYW_1,-0.17990295105514337,734.0,401.0,2,2
4,1,coxnet,Brats18_TCIA01_203_1,-0.17735208859400647,268.0,394.0,0,2
4,1,coxnet,Brats18_TCIA01_335_1,-0.23427077750114378,355.0,421.0,1,2
4,1,coxnet,Brats18_TCIA01_460_1,-1.073486655033782,630.0,626.0,2,2
4,1,coxnet,Brats18_TCIA02_179_1,-0.2922813153286741,405.0,425.0,1,2
4,1,coxnet,Brats18_TCIA02_290_1,-0.26154070652053835,737.0,424.0,2,2
4,1,coxnet,Brats18_TCIA02_322_1,-0.34644347242944856,621.0,436.0,2,2
4,1,coxnet,Brats18_TCIA02_471_1,0.46822555230579704,111.0,265.0,0,0
4,1,coxnet,Brats18_TCIA03_419_1,0.30860150281449233,327.0,322.0,1,0
4,1,coxnet,Brats18_TCIA04_343_1,-0.15379802407648996,296.0,394.0,0,2
4,1,coxnet,Brats18_TCIA04_479_1,-0.25221079788185824,372.0,424.0,1,2
4,1,genetico,Brats18_2013_27_1,0.8979484625550325,120.0,203.0,0,0
4,1,genetico,Brats18_CBICA_AAB_1,0.4509827428713704,289.0,317.0,0,0
4,1,genetico,Brats18_CBICA_ABB_1,0.1903487416905616,465.0,355.0,2,1
4,1,genetico,Brats18_CBICA_ABO_1,1.310882752180194,1155.0,153.0,2,0
4,1,genetico,Brats18_CBICA_ALU_1,0.10764187184298747,495.0,362.0,2,1
4,1,genetico,Brats18_CBICA_ALX_1,-1.508856490267064,698.0,822.0,2,2
4,1,genetico,Brats18_CBICA_ANP_1,-0.5412973346732713,486.0,466.0,2,2
4,1,genetico,Brats18_CBICA_AOP_1,-0.0742189691313121,332.0,387.0,1,1
4,1,genetico,Brats18_CBICA_AOZ_1,-1.0103235303594993,331.0,600.0,1,2
4,1,genetico,Brats18_CBICA_APR_1,0.5590393084207796,23.0,265.0,0,0
4,1,genetico,Brats18_CBICA_AQQ_1,0.5667701346274222,33.0,265.0,0,0
4,1,genetico,Brats18_CBICA_AQU_1,0.4604717720921165,30.0,291.0,0,0
4,1,genetico,Brats18_CBICA_AQV_1,-0.36718135379256783,84.0,438.0,0,2
4,1,genetico,Brats18_CBICA_AQZ_1,0.1924111003657311,286.0,355.0,0,1
4,1,genetico,Brats18_CBICA_ARZ_1,-0.5132672340028147,871.0,464.0,2,2
4,1,genetico,Brats18_CBICA_ASG_1,1.0007976439643558,208.0,191.0,0,0
4,1,genetico,Brats18_CBICA_ASW_1,0.1905145437339943,239.0,355.0,0,1
4,1,genetico,Brats18_CBICA_ATF_1,-0.1605426606057896,152.0,401.0,0,1
4,1,genetico,Brats18_CBICA_ATP_1,0.20450370951442373,385.0,350.0,1,1
4,1,genetico,Brats18_CBICA_AXJ_1,-1.4562388109274031,1767.0,812.0,2,2
4,1,genetico,Brats18_CBICA_AXQ_1,0.39748188255383565,114.0,318.0,0,0
4,1,genetico,Brats18_CBICA_AYA_1,0.1639971684665712,50.0,357.0,0,1
4,1,genetico,Brats18_CBICA_AYW_1,-0.32242660497336695,734.0,436.0,2,1
4,1,genetico,Brats18_TCIA01_203_1,-0.7030678881598282,268.0,495.0,0,2
4,1,genetico,Brats18_TCIA01_335_1,-0.0863007677829437,355.0,387.0,1,1
4,1,genetico,Brats18_TCIA01_460_1,-0.9866183720083936,630.0,597.0,2,2
4,1,genetico,Brats18_TCIA02_179_1,-0.6797991673124302,405.0,488.0,1,2
4,1,genetico,Brats18_TCIA02_290_1,0.5794901091798906,737.0,265.0,2,0
4,1,genetico,Brats18_TCIA02_322_1,-1.4160020783861726,621.0,804.0,2,2
4,1,genetico,Brats18_TCIA02_471_1,0.2629988438626177,111.0,345.0,0,0
4,1,genetico,Brats18_TCIA03_419_1,0.6082524600262663,327.0,262.0,1,0
4,1,genetico,Brats18_TCIA04_343_1,0.16632017580676933,296.0,357.0,0,1
4,1,genetico,Brats18_TCIA04_479_1,-0.11287050338214169,372.0,394.0,1,1
4,2,edad,Brats18_CBICA_ABM_1,0.3722503197526326,503.0,287.0,2,0
4,2,edad,Brats18_CBICA_ABY_1,-0.42712628118148754,515.0,448.0,2,2
4,2,edad,Brats18_CBICA_ALN_1,0.039439546469780005,421.0,355.0,1,1
4,2,edad,Brats18_CBICA_ANG_1,-0.1528634900881937,368.0,387.0,1,2
4,2,edad,Brats18_CBICA_AOD_1,0.02604548970778349,55.0,355.0,0,1
4,2,edad,Brats18_CBICA_AOO_1,-0.5831429257360465,350.0,486.0,1,2
4,2,edad,Brats18_CBICA_APY_1,-0.5317186524060539,203.0,466.0,0,2
4,2,edad,Brats18_CBICA_APZ_1,0.006826316847079165,336.0,359.0,1,1
4,2,edad,Brats18_CBICA_AQA_1,0.6117479275052315,106.0,239.0,0,0
4,2,edad,Brats18_CBICA_AQO_1,0.29611568131601995,473.0,296.0,2,0
4,2,edad,Brats18_CBICA_ASA_1,0.14414322564527726,210.0,332.0,0,0
4,2,edad,Brats18_CBICA_ASU_1,0.7942187617309914,85.0,199.0,0,0
4,2,edad,Brats18_CBICA_ASY_1,0.24602710339719625,610.0,318.0,2,0
4,2,edad,Brats18_CBICA_ATB_1,0.4172929372292639,208.0,269.0,0,0
4,2,edad,Brats18_CBICA_ATX_1,-0.8568862797249969,1592.0,614.0,2,2
4,2,edad,Brats18_CBICA_AUN_1,0.3200097881158147,376.0,291.0,1,0
4,2,edad,Brats18_CBICA_AUQ_1,0.03476461253068986,1337.0,355.0,2,1
4,2,edad,Brats18_CBICA_AWG_1,-0.16128579170861831,180.0,387.0,0,2
4,2,edad,Brats18_CBICA_AWH_1,-0.2639859277673623,139.0,407.0,0,2
4,2,edad,Brats18_CBICA_AXN_1,0.9603273271699357,345.0,172.0,1,0
4,2,edad,Brats18_CBICA_BHB_1,-0.15894832473907308,510.0,387.0,2,2
4,2,edad,Brats18_TCIA01_190_1,0.06110749425096025,322.0,355.0,1,1
4,2,edad,Brats18_TCIA01_401_1,0.7017218545075633,448.0,213.0,1,0
4,2,edad,Brats18_TCIA01_429_1,-0.1815438387780093,86.0,394.0,0,2
4,2,edad,Brats18_TCIA02_274_1,-0.1822487891339038,357.0,394.0,1,2
4,2,edad,Brats18_TCIA02_394_1,0.16206380574512305,616.0,331.0,2,0
4,2,edad,Brats18_TCIA03_133_1,0.14406902034465668,382.0,332.0,1,0
4,2,edad,Brats18_TCIA03_338_1,0.6138998812232251,468.0,239.0,2,0
4,2,edad,Brats18_TCIA03_474_1,0.05672938151435187,635.0,355.0,2,1
4,2,edad,Brats18_TCIA04_149_1,-0.8543632995039007,448.0,614.0,1,2
4,2,edad,Brats18_TCIA04_192_1,0.5967213541295843,121.0,239.0,0,0
4,2,edad,Brats18_TCIA06_409_1,0.3482820076522176,99.0,289.0,0,0
4,2,edad,Brats18_TCIA08_469_1,0.1491520834371596,519.0,331.0,2,0
4,2,coxnet,Brats18_CBICA_ABM_1,0.30623549692736457,503.0,291.0,2,0
4,2,coxnet,Brats18_CBICA_ABY_1,-0.5202471499298085,515.0,453.0,2,2
4,2,coxnet,Brats18_CBICA_ALN_1,0.13663855371948377,421.0,331.0,1,0
4,2,coxnet,Brats18_CBICA_ANG_1,-0.33854194253383085,368.0,424.0,1,2
4,2,coxnet,Brats18_CBICA_AOD_1,0.43055536561290897,55.0,269.0,0,0
4,2,coxnet,Brats18_CBICA_AOO_1,-0.44885179830949445,350.0,438.0,1,2
4,2,coxnet,Brats18_CBICA_APY_1,-0.6481872556911239,203.0,486.0,0,2
4,2,coxnet,Brats18_CBICA_APZ_1,0.11704127063616675,336.0,332.0,1,1
4,2,coxnet,Brats18_CBICA_AQA_1,0.6282530355398379,106.0,232.0,0,0
4,2,coxnet,Brats18_CBICA_AQO_1,0.03425923282467358,473.0,355.0,2,1
4,2,coxnet,Brats18_CBICA_ASA_1,0.5796617067269502,210.0,244.0,0,0
4,2,coxnet,Brats18_CBICA_ASU_1,0.8980560677985422,85.0,175.0,0,0
4,2,coxnet,Brats18_CBICA_ASY_1,0.08664544174647555,610.0,333.0,2,1
4,2,coxnet,Brats18_CBICA_ATB_1,0.516057686356787,208.0,262.0,0,0
4,2,coxnet,Brats18_CBICA_ATX_1,-1.2657132250646623,1592.0,747.0,2,2
4,2,coxnet,Brats18_CBICA_AUN_1,0.3385445247926491,376.0,289.0,1,0
4,2,coxnet,Brats18_CBICA_AUQ_1,-0.06268452041869506,1337.0,370.0,2,1
4,2,coxnet,Brats18_CBICA_AWG_1,0.03528974746988635,180.0,355.0,0,1
4,2,coxnet,Brats18_CBICA_AWH_1,-0.1745308954029237,139.0,387.0,0,1
4,2,coxnet,Brats18_CBICA_AXN_1,1.2460246597729314,345.0,147.0,1,0
4,2,coxnet,Brats18_CBICA_BHB_1,-0.12680200241074208,510.0,375.0,2,1
4,2,coxnet,Brats18_TCIA01_190_1,-0.20404724236845084,322.0,394.0,1,1
4,2,coxnet,Brats18_TCIA01_401_1,0.7312832597273476,448.0,209.0,1,0
4,2,coxnet,Brats18_TCIA01_429_1,-0.02941345870447527,86.0,359.0,0,1
4,2,coxnet,Brats18_TCIA02_274_1,-0.13581293094950778,357.0,385.0,1,1
4,2,coxnet,Brats18_TCIA02_394_1,0.34567596765553854,616.0,287.0,2,0
4,2,coxnet,Brats18_TCIA03_133_1,-0.19815692609124802,382.0,387.0,1,1
4,2,coxnet,Brats18_TCIA03_338_1,0.5604081808007465,468.0,244.0,2,0
4,2,coxnet,Brats18_TCIA03_474_1,0.3535223517852329,635.0,287.0,2,0
4,2,coxnet,Brats18_TCIA04_149_1,-0.9792884276022301,448.0,616.0,1,2
4,2,coxnet,Brats18_TCIA04_192_1,0.1014530479578173,121.0,332.0,0,1
4,2,coxnet,Brats18_TCIA06_409_1,0.36970073586480523,99.0,287.0,0,0
4,2,coxnet,Brats18_TCIA08_469_1,0.24182598702641453,519.0,317.0,2,0
4,2,genetico,Brats18_CBICA_ABM_1,0.32157094111259676,503.0,317.0,2,0
4,2,genetico,Brats18_CBICA_ABY_1,-0.508076853978003,515.0,439.0,2,2
4,2,genetico,Brats18_CBICA_ALN_1,0.28687067765342017,421.0,318.0,1,0
4,2,genetico,Brats18_CBICA_ANG_1,-1.299290898708181,368.0,726.0,1,2
4,2,genetico,Brats18_CBICA_AOD_1,0.49369770880089775,55.0,269.0,0,0
4,2,genetico,Brats18_CBICA_AOO_1,-0.6835124831249378,350.0,476.0,1,2
4,2,genetico,Brats18_CBICA_APY_1,-0.8433479789797276,203.0,522.0,0,2
4,2,genetico,Brats18_CBICA_APZ_1,0.08736451642975898,336.0,346.0,1,1
4,2,genetico,Brats18_CBICA_AQA_1,1.8134324258843066,106.0,104.0,0,0
4,2,genetico,Brats18_CBICA_AQO_1,-0.6482332414798548,473.0,467.0,2,2
4,2,genetico,Brats18_CBICA_ASA_1,1.6326040083086497,210.0,114.0,0,0
4,2,genetico,Brats18_CBICA_ASU_1,1.4456015039011525,85.0,147.0,0,0
4,2,genetico,Brats18_CBICA_ASY_1,-0.43432662489069784,610.0,436.0,2,2
4,2,genetico,Brats18_CBICA_ATB_1,0.5485527927728973,208.0,268.0,0,0
4,2,genetico,Brats18_CBICA_ATX_1,-1.1451359219952257,1592.0,630.0,2,2
4,2,genetico,Brats18_CBICA_AUN_1,0.7596400186489242,376.0,232.0,1,0
4,2,genetico,Brats18_CBICA_AUQ_1,-0.06417785669593642,1337.0,372.0,2,1
4,2,genetico,Brats18_CBICA_AWG_1,0.09069058441152462,180.0,346.0,0,1
4,2,genetico,Brats18_CBICA_AWH_1,-0.364647300238259,139.0,425.0,0,2
4,2,genetico,Brats18_CBICA_AXN_1,1.2371978129189,345.0,169.0,1,0
4,2,genetico,Brats18_CBICA_BHB_1,2.0250199994096363,510.0,82.0,2,0
4,2,genetico,Brats18_TCIA01_190_1,0.431786347796301,322.0,287.0,1,0
4,2,genetico,Brats18_TCIA01_401_1,0.3814405261991098,448.0,291.0,1,0
4,2,genetico,Brats18_TCIA01_429_1,0.2804999677135164,86.0,318.0,0,0
4,2,genetico,Brats18_TCIA02_274_1,-0.3245298941815163,357.0,407.0,1,1
4,2,genetico,Brats18_TCIA02_394_1,2.0911914336394153,616.0,82.0,2,0
4,2,genetico,Brats18_TCIA03_133_1,-1.2154413423166694,382.0,660.0,1,2
4,2,genetico,Brats18_TCIA03_338_1,0.511747970635038,468.0,269.0,2,0
4,2,genetico,Brats18_TCIA03_474_1,-0.1468734219355242,635.0,387.0,2,1
4,2,genetico,Brats18_TCIA04_149_1,-1.3489306109795565,448.0,737.0,1,2
4,2,genetico,Brats18_TCIA04_192_1,-1.214316712788811,121.0,660.0,0,2
4,2,genetico,Brats18_TCIA06_409_1,0.02925429559116413,99.0,355.0,0,1
4,2,genetico,Brats18_TCIA08_469_1,1.2570202885682458,519.0,168.0,2,0
4,3,edad,Brats18_CBICA_AAG_1,-0.27921680508010205,616.0,421.0,2,2
4,3,edad,Brats18_CBICA_ABN_1,0.2749306991514712,1278.0,329.0,2,0
4,3,edad,Brats18_CBICA_ANI_1,-0.07186976426944888,439.0,376.0,1,1
4,3,edad,Brats18_CBICA_AQD_1,0.4392519319940756,32.0,286.0,0,0
4,3,edad,Brats18_CBICA_AQN_1,0.0987808277838891,488.0,355.0,2,1
4,3,edad,Brats18_CBICA_AQT_1,0.5410058926387694,172.0,254.0,0,0
4,3,edad,Brats18_CBICA_AQY_1,-0.0905465619404668,229.0,382.0,0,1
4,3,edad,Brats18_CBICA_ASE_1,-0.4676795282456146,318.0,464.0,1,2
4,3,edad,Brats18_CBICA_ASH_1,-0.47611867385992634,660.0,464.0,2,2
4,3,edad,Brats18_CBICA_ATD_1,0.30581658863335837,355.0,327.0,1,0
4,3,edad,Brats18_CBICA_ATV_1,0.0630528055724788,453.0,359.0,2,1
4,3,edad,Brats18_CBICA_AUR_1,0.34296266400127173,12.0,296.0,0,0
4,3,edad,Brats18_CBICA_AWI_1,-0.4767758204446472,375.0,464.0,1,2
4,3,edad,Brats18_CBICA_AYU_1,0.11915237191024011,58.0,350.0,0,1
4,3,edad,Brats18_TCIA01_150_1,-0.3189222934621919,1489.0,430.0,2,2
4,3,edad,Brats18_TCIA01_235_1,-0.08172696304026404,804.0,382.0,2,1
4,3,edad,Brats18_TCIA01_411_1,-0.6029133780487258,822.0,476.0,2,2
4,3,edad,Brats18_TCIA01_412_1,0.29132477710714266,291.0,327.0,0,0
4,3,edad,Brats18_TCIA01_448_1,-0.5494769847122025,199.0,468.0,0,2
4,3,edad,Brats18_TCIA01_499_1,-0.35465031567360217,600.0,434.0,2,2
4,3,edad,Brats18_TCIA02_283_1,0.5015079242308019,262.0,268.0,0,0
4,3,edad,Brats18_TCIA02_368_1,0.07699123050103474,317.0,357.0,1,1
4,3,edad,Brats18_TCIA02_430_1,-0.22377438532706165,71.0,401.0,0,2
4,3,edad,Brats18_TCIA03_138_1,0.39906223033903304,82.0,287.0,0,0
4,3,edad,Brats18_TCIA03_257_1,0.31093541466171126,425.0,327.0,1,0
4,3,edad,Brats18_TCIA03_265_1,-0.026007849988393682,103.0,370.0,0,1
4,3,edad,Brats18_TCIA03_375_1,-0.011619798449239225,946.0,370.0,2,1
4,3,edad,Brats18_TCIA04_111_1,0.5162764290558479,626.0,265.0,2,0
4,3,edad,Brats18_TCIA05_478_1,-0.03738686190277316,30.0,372.0,0,1
4,3,edad,Brats18_TCIA08_105_1,0.21758601296897534,77.0,332.0,0,0
4,3,edad,Brats18_TCIA08_218_1,-0.10344738699841084,346.0,385.0,1,1
4,3,edad,Brats18_TCIA08_278_1,-0.3401585041473865,1458.0,434.0,2,2
4,3,coxnet,Brats18_CBICA_AAG_1,-0.3386375896888751,616.0,430.0,2,2
4,3,coxnet,Brats18_CBICA_ABN_1,0.04299593974241935,1278.0,359.0,2,1
4,3,coxnet,Brats18_CBICA_ANI_1,-0.07073082835648761,439.0,376.0,1,1
4,3,coxnet,Brats18_CBICA_AQD_1,0.3957076323468358,32.0,287.0,0,0
4,3,coxnet,Brats18_CBICA_AQN_1,0.20551101203486025,488.0,332.0,2,0
4,3,coxnet,Brats18_CBICA_AQT_1,0.4705313589659992,172.0,268.0,0,0
4,3,coxnet,Brats18_CBICA_AQY_1,-0.05701218346197677,229.0,372.0,0,1
4,3,coxnet,Brats18_CBICA_ASE_1,-0.524185746457472,318.0,465.0,1,2
4,3,coxnet,Brats18_CBICA_ASH_1,-0.7913635803584248,660.0,515.0,2,2
4,3,coxnet,Brats18_CBICA_ATD_1,0.16136906084429636,355.0,336.0,1,0
4,3,coxnet,Brats18_CBICA_ATV_1,0.03526103962508815,453.0,359.0,2,1
4,3,coxnet,Brats18_CBICA_AUR_1,0.33399711752438294,12.0,296.0,0,0
4,3,coxnet,Brats18_CBICA_AWI_1,-0.43984925451640655,375.0,448.0,1,2
4,3,coxnet,Brats18_CBICA_AYU_1,0.016675725600581302,58.0,362.0,0,1
4,3,coxnet,Brats18_TCIA01_150_1,-0.24133229303751744,1489.0,401.0,2,2
4,3,coxnet,Brats18_TCIA01_235_1,-0.1035439101694699,804.0,382.0,2,1
4,3,coxnet,Brats18_TCIA01_411_1,-0.589926488935911,822.0,468.0,2,2
4,3,coxnet,Brats18_TCIA01_412_1,0.3176049725716108,291.0,322.0,0,0
4,3,coxnet,Brats18_TCIA01_448_1,-0.5516087432446378,199.0,467.0,0,2
4,3,coxnet,Brats18_TCIA01_499_1,-0.30045444501431584,600.0,421.0,2,2
4,3,coxnet,Brats18_TCIA02_283_1,0.5245568189513755,262.0,265.0,0,0
4,3,coxnet,Brats18_TCIA02_368_1,0.1154447709851303,317.0,350.0,1,1
4,3,coxnet,Brats18_TCIA02_430_1,-0.21192865494908564,71.0,394.0,0,2
4,3,coxnet,Brats18_TCIA03_138_1,0.4700053724326235,82.0,268.0,0,0
4,3,coxnet,Brats18_TCIA03_257_1,0.275831051174738,425.0,329.0,1,0
4,3,coxnet,Brats18_TCIA03_265_1,-0.04913391067654817,103.0,372.0,0,1
4,3,coxnet,Brats18_TCIA03_375_1,0.02036015465206078,946.0,362.0,2,1
4,3,coxnet,Brats18_TCIA04_111_1,0.49853171383239514,626.0,265.0,2,0
4,3,coxnet,Brats18_TCIA05_478_1,-0.02910726614083768,30.0,370.0,0,1
4,3,coxnet,Brats18_TCIA08_105_1,0.33327471043046814,77.0,296.0,0,0
4,3,coxnet,Brats18_TCIA08_218_1,-0.04405025733560835,346.0,372.0,1,1
4,3,coxnet,Brats18_TCIA08_278_1,-0.3337712552649582,1458.0,430.0,2,2
4,3,genetico,Brats18_CBICA_AAG_1,-0.3633097554062411,616.0,424.0,2,2
4,3,genetico,Brats18_CBICA_ABN_1,-1.5187936259824362,1278.0,788.0,2,2
4,3,genetico,Brats18_CBICA_ANI_1,1.1178125270194903,439.0,170.0,1,0
4,3,genetico,Brats18_CBICA_AQD_1,1.018913182553987,32.0,187.0,0,0
4,3,genetico,Brats18_CBICA_AQN_1,0.8201728964529156,488.0,209.0,2,0
4,3,genetico,Brats18_CBICA_AQT_1,1.305613147917539,172.0,152.0,0,0
4,3,genetico,Brats18_CBICA_AQY_1,0.6356011665406913,229.0,254.0,0,0
4,3,genetico,Brats18_CBICA_ASE_1,-0.4371305604478203,318.0,436.0,1,2
4,3,genetico,Brats18_CBICA_ASH_1,-2.6534877421688963,660.0,1731.0,2,2
4,3,genetico,Brats18_CBICA_ATD_1,-0.7402967907877049,355.0,486.0,1,2
4,3,genetico,Brats18_CBICA_ATV_1,-0.15448303558420057,453.0,387.0,2,1
4,3,genetico,Brats18_CBICA_AUR_1,0.9560973028050855,12.0,203.0,0,0
4,3,genetico,Brats18_CBICA_AWI_1,-0.18508466123501274,375.0,394.0,1,1
4,3,genetico,Brats18_CBICA_AYU_1,-1.086085080782624,58.0,610.0,0,2
4,3,genetico,Brats18_TCIA01_150_1,-0.7324825070123082,1489.0,486.0,2,2
4,3,genetico,Brats18_TCIA01_235_1,0.17104330441020582,804.0,345.0,2,1
4,3,genetico,Brats18_TCIA01_411_1,0.03070812201103028,822.0,362.0,2,1
4,3,genetico,Brats18_TCIA01_412_1,0.3475760535239283,291.0,327.0,0,0
4,3,genetico,Brats18_TCIA01_448_1,-0.04021024696180997,199.0,372.0,0,1
4,3,genetico,Brats18_TCIA01_499_1,-1.2728225106502569,600.0,635.0,2,2
4,3,genetico,Brats18_TCIA02_283_1,1.7964754154922389,262.0,110.0,0,0
4,3,genetico,Brats18_TCIA02_368_1,0.37113224815774526,317.0,322.0,1,0
4,3,genetico,Brats18_TCIA02_430_1,-0.7171406441393885,71.0,476.0,0,2
4,3,genetico,Brats18_TCIA03_138_1,0.5461752868409154,82.0,269.0,0,0
4,3,genetico,Brats18_TCIA03_257_1,0.8304994362390752,425.0,209.0,1,0
4,3,genetico,Brats18_TCIA03_265_1,0.015988281166803092,103.0,368.0,0,1
4,3,genetico,Brats18_TCIA03_375_1,-0.059027921651522375,946.0,376.0,2,1
4,3,genetico,Brats18_TCIA04_111_1,0.8796515802501624,626.0,208.0,2,0
4,3,genetico,Brats18_TCIA05_478_1,-0.15027203399494338,30.0,387.0,0,1
4,3,genetico,Brats18_TCIA08_105_1,0.9816515696059893,77.0,191.0,0,0
4,3,genetico,Brats18_TCIA08_218_1,-0.31822025828072614,346.0,421.0,1,2
4,3,genetico,Brats18_TCIA08_278_1,-0.5103308133291953,1458.0,448.0,2,2
4,4,edad,Brats18_CBICA_AAP_1,-0.7916338106496646,788.0,600.0,2,2
4,4,edad,Brats18_CBICA_AME_1,-0.31744349564971575,359.0,434.0,1,2
4,4,edad,Brats18_CBICA_AMH_1,0.08988246575873539,169.0,346.0,0,1
4,4,edad,Brats18_CBICA_AOH_1,-0.1232523410701536,576.0,382.0,2,1
4,4,edad,Brats18_CBICA_AQP_1,-0.5151912647820173,1283.0,466.0,2,2
4,4,edad,Brats18_CBICA_ASK_1,0.6410828453374698,522.0,213.0,2,0
4,4,edad,Brats18_CBICA_ASV_1,-0.20449290506430248,597.0,405.0,2,2
4,4,edad,Brats18_CBICA_AXL_1,0.539738049608363,168.0,262.0,0,0
4,4,edad,Brats18_CBICA_AXO_1,-0.14646393078276745,394.0,385.0,1,1
4,4,edad,Brats18_CBICA_AYI_1,0.21369009024198465,387.0,327.0,1,0
4,4,edad,Brats18_CBICA_AZH_1,-0.19835306520483678,401.0,394.0,1,2
4,4,edad,Brats18_CBICA_BHM_1,0.06801864577137014,436.0,350.0,1,1
4,4,edad,Brats18_TCIA01_147_1,0.04503168434629744,209.0,355.0,0,1
4,4,edad,Brats18_TCIA01_186_1,-0.9855628988937619,370.0,630.0,1,2
4,4,edad,Brats18_TCIA01_201_1,0.019311745422804335,430.0,355.0,1,1
4,4,edad,Brats18_TCIA01_378_1,0.5215805963654312,110.0,262.0,0,0
4,4,edad,Brats18_TCIA01_390_1,0.1258604298132872,634.0,336.0,2,1
4,4,edad,Brats18_TCIA01_425_1,-0.14994566923965966,558.0,385.0,2,1
4,4,edad,Brats18_TCIA02_118_1,-0.4826576011364342,104.0,464.0,0,2
4,4,edad,Brats18_TCIA02_135_1,0.34258928924283916,828.0,291.0,2,0
4,4,edad,Brats18_TCIA02_226_1,0.5003532231927668,329.0,265.0,1,0
4,4,edad,Brats18_TCIA02_300_1,0.1559231822959145,127.0,332.0,0,0
4,4,edad,Brats18_TCIA02_314_1,-0.7435259190678759,362.0,519.0,1,2
4,4,edad,Brats18_TCIA02_331_1,0.922130271099716,187.0,175.0,0,0
4,4,edad,Brats18_TCIA03_296_1,0.00800545494988594,22.0,355.0,0,1
4,4,edad,Brats18_TCIA03_498_1,-0.03486110992260284,467.0,368.0,2,1
4,4,edad,Brats18_TCIA04_361_1,0.5900173479697189,476.0,239.0,2,0
4,4,edad,Brats18_TCIA04_437_1,-0.49643480277230806,333.0,465.0,1,2
4,4,edad,Brats18_TCIA05_277_1,0.38013965131018074,232.0,287.0,0,0
4,4,edad,Brats18_TCIA08_280_1,-0.10674216193585874,508.0,376.0,2,1
4,4,edad,Brats18_TCIA08_319_1,0.17396832139507568,254.0,331.0,0,0
4,4,edad,Brats18_TCIA08_406_1,0.6937956168138576,82.0,210.0,0,0
4,4,coxnet,Brats18_CBICA_AAP_1,-0.8103674102758504,788.0,579.0,2,2
4,4,coxnet,Brats18_CBICA_AME_1,-0.21166574449698475,359.0,394.0,1,2
4,4,coxnet,Brats18_CBICA_AMH_1,-0.04511723848451749,169.0,368.0,0,1
4,4,coxnet,Brats18_CBICA_AOH_1,-0.0766436316934065,576.0,372.0,2,1
4,4,coxnet,Brats18_CBICA_AQP_1,-0.4282480067523909,1283.0,448.0,2,2
4,4,coxnet,Brats18_CBICA_ASK_1,0.7341502919090859,522.0,208.0,2,0
4,4,coxnet,Brats18_CBICA_ASV_1,-0.18264631888519686,597.0,387.0,2,2
4,4,coxnet,Brats18_CBICA_AXL_1,0.7572314854370529,168.0,203.0,0,0
4,4,coxnet,Brats18_CBICA_AXO_1,-0.1886059408281263,394.0,387.0,1,2
4,4,coxnet,Brats18_CBICA_AYI_1,0.18839181068028724,387.0,327.0,1,0
4,4,coxnet,Brats18_CBICA_AZH_1,-0.4246748207668483,401.0,448.0,1,2
4,4,coxnet,Brats18_CBICA_BHM_1,0.2202745151539326,436.0,322.0,1,0
4,4,coxnet,Brats18_TCIA01_147_1,0.11386626038700404,209.0,336.0,0,1
4,4,coxnet,Brats18_TCIA01_186_1,-0.918151885527823,370.0,616.0,1,2
4,4,coxnet,Brats18_TCIA01_201_1,-0.17049637893398242,430.0,385.0,1,1
4,4,coxnet,Brats18_TCIA01_378_1,0.6071129372140658,110.0,229.0,0,0
4,4,coxnet,Brats18_TCIA01_390_1,0.19753747184360618,634.0,327.0,2,0
4,4,coxnet,Brats18_TCIA01_425_1,-0.4681533580403625,558.0,453.0,2,2
4,4,coxnet,Brats18_TCIA02_118_1,-0.42261545071227724,104.0,448.0,0,2
4,4,coxnet,Brats18_TCIA02_135_1,0.311619611291937,828.0,296.0,2,0
4,4,coxnet,Brats18_TCIA02_226_1,0.5797567723550818,329.0,239.0,1,0
4,4,coxnet,Brats18_TCIA02_300_1,0.1264604832995474,127.0,336.0,0,1
4,4,coxnet,Brats18_TCIA02_314_1,-0.522167745302041,362.0,465.0,1,2
4,4,coxnet,Brats18_TCIA02_331_1,0.8398821820523331,187.0,191.0,0,0
4,4,coxnet,Brats18_TCIA03_296_1,0.08396093545742303,22.0,346.0,0,1
4,4,coxnet,Brats18_TCIA03_498_1,-0.23577705090088,467.0,405.0,2,2
4,4,coxnet,Brats18_TCIA04_361_1,0.5356373554198113,476.0,262.0,2,0
4,4,coxnet,Brats18_TCIA04_437_1,-0.647227372457144,333.0,488.0,1,2
4,4,coxnet,Brats18_TCIA05_277_1,0.2495955843310553,232.0,318.0,0,0
4,4,coxnet,Brats18_TCIA08_280_1,-0.5103697909119242,508.0,464.0,2,2
4,4,coxnet,Brats18_TCIA08_319_1,0.09576151117885331,254.0,345.0,0,1
4,4,coxnet,Brats18_TCIA08_406_1,0.8020775209340921,82.0,199.0,0,0
4,4,genetico,Brats18_CBICA_AAP_1,-0.8241734104157056,788.0,503.0,2,2
4,4,genetico,Brats18_CBICA_AME_1,-0.11976477617630282,359.0,372.0,1,1
4,4,genetico,Brats18_CBICA_AMH_1,-0.4709992685366592,169.0,439.0,0,2
4,4,genetico,Brats18_CBICA_AOH_1,-0.34285089387646117,576.0,421.0,2,2
4,4,genetico,Brats18_CBICA_AQP_1,-0.14597724985675653,1283.0,375.0,2,1
4,4,genetico,Brats18_CBICA_ASK_1,0.44380726851821184,522.0,286.0,2,0
4,4,genetico,Brats18_CBICA_ASV_1,-0.37604699057600866,597.0,424.0,2,2
4,4,genetico,Brats18_CBICA_AXL_1,1.0409348155245461,168.0,175.0,0,0
4,4,genetico,Brats18_CBICA_AXO_1,0.46823406334332474,394.0,269.0,1,0
4,4,genetico,Brats18_CBICA_AYI_1,-0.48963688992285875,387.0,448.0,1,2
4,4,genetico,Brats18_CBICA_AZH_1,-0.4812816954251731,401.0,448.0,1,2
4,4,genetico,Brats18_CBICA_BHM_1,-0.2924345981743611,436.0,405.0,1,2
4,4,genetico,Brats18_TCIA01_147_1,0.2224772051742073,209.0,322.0,0,0
4,4,genetico,Brats18_TCIA01_186_1,-1.3337531444425397,370.0,737.0,1,2
4,4,genetico,Brats18_TCIA01_201_1,-0.3671955017772464,430.0,424.0,1,2
4,4,genetico,Brats18_TCIA01_378_1,1.0726828264356318,110.0,172.0,0,0
4,4,genetico,Brats18_TCIA01_390_1,0.4071687098055098,634.0,287.0,2,0
4,4,genetico,Brats18_TCIA01_425_1,-0.42771844164795997,558.0,434.0,2,2
4,4,genetico,Brats18_TCIA02_118_1,0.8390880987867396,104.0,208.0,0,0
4,4,genetico,Brats18_TCIA02_135_1,-0.10856457120066004,828.0,372.0,2,1
4,4,genetico,Brats18_TCIA02_226_1,-1.0895490270921377,329.0,621.0,1,2
4,4,genetico,Brats18_TCIA02_300_1,-0.5262490806142173,127.0,448.0,0,2
4,4,genetico,Brats18_TCIA02_314_1,-0.3978910124561451,362.0,425.0,1,2
4,4,genetico,Brats18_TCIA02_331_1,0.5179673876649262,187.0,268.0,0,0
4,4,genetico,Brats18_TCIA03_296_1,0.1876306985669252,22.0,327.0,0,0
4,4,genetico,Brats18_TCIA03_498_1,-0.43212554604865483,467.0,438.0,2,2
4,4,genetico,Brats18_TCIA04_361_1,0.12406510025780453,476.0,336.0,2,1
4,4,genetico,Brats18_TCIA04_437_1,-1.5329342523856244,333.0,822.0,1,2
4,4,genetico,Brats18_TCIA05_277_1,2.1519642998009445,232.0,82.0,0,0
4,4,genetico,Brats18_TCIA08_280_1,-1.453289757620683,508.0,812.0,2,2
4,4,genetico,Brats18_TCIA08_319_1,0.10815225792527977,254.0,336.0,0,1
4,4,genetico,Brats18_TCIA08_406_1,-0.3708404736148503,82.0,424.0,0,2
5,0,edad,Brats18_CBICA_ABB_1,0.28385184434099786,465.0,322.0,2,0
5,0,edad,Brats18_CBICA_ABN_1,0.2769855525035193,1278.0,327.0,2,0
5,0,edad,Brats18_CBICA_ANG_1,-0.13651046459387228,368.0,385.0,1,2
5,0,edad,Brats18_CBICA_ANP_1,0.05647194926141675,486.0,355.0,2,1
5,0,edad,Brats18_CBICA_ANZ_1,0.26919495214945727,287.0,327.0,0,0
5,0,edad,Brats18_CBICA_AQJ_1,0.20399819071185932,170.0,332.0,0,0
5,0,edad,Brats18_CBICA_AQN_1,0.10886043554064091,488.0,346.0,2,1
5,0,edad,Brats18_CBICA_AQR_1,0.3788245444199696,89.0,291.0,0,0
5,0,edad,Brats18_CBICA_AQT_1,0.5309393174348807,172.0,254.0,0,0
5,0,edad,Brats18_CBICA_ARZ_1,-0.16734275582562724,871.0,387.0,2,2
5,0,edad,Brats18_CBICA_ASA_1,0.1277427380937073,210.0,346.0,0,1
5,0,edad,Brats18_CBICA_ASH_1,-0.43984871312556095,660.0,453.0,2,2
5,0,edad,Brats18_CBICA_ASU_1,0.7061287923459344,85.0,208.0,0,0
5,0,edad,Brats18_CBICA_ASV_1,-0.16978557119088425,597.0,394.0,2,2
5,0,edad,Brats18_CBICA_ASW_1,0.27942836786877606,239.0,327.0,0,0
5,0,edad,Brats18_CBICA_AVG_1,0.11437327562169353,579.0,346.0,2,1
5,0,edad,Brats18_CBICA_AVV_1,0.4092937144487811,387.0,289.0,1,0
5,0,edad,Brats18_CBICA_AWI_1,-0.44047592247609985,375.0,453.0,1,2
5,0,edad,Brats18_CBICA_AXW_1,0.6376639400818446,191.0,229.0,0,0
5,0,edad,Brats18_CBICA_AZH_1,-0.16437176416517987,401.0,387.0,1,2
5,0,edad,Brats18_CBICA_BHM_1,0.07050163210241892,436.0,355.0,1,1
5,0,edad,Brats18_TCIA01_201_1,0.02755429709972793,430.0,357.0,1,1
5,0,edad,Brats18_TCIA01_203_1,-0.46110780900698517,268.0,464.0,0,2
5,0,edad,Brats18_TCIA02_151_1,-0.39353425424102956,1731.0,448.0,2,2
5,0,edad,Brats18_TCIA02_226_1,0.45171287315628134,329.0,269.0,1,0
5,0,edad,Brats18_TCIA02_300_1,0.14801150342164895,127.0,345.0,0,0
5,0,edad,Brats18_TCIA02_377_1,0.12767671605680836,812.0,346.0,2,1
5,0,edad,Brats18_TCIA03_138_1,0.39546209771847524,82.0,289.0,0,0
5,0,edad,Brats18_TCIA04_149_1,-0.7606497904169911,448.0,558.0,1,2
5,0,edad,Brats18_TCIA04_343_1,-0.2381844014180752,296.0,407.0,0,2
5,0,edad,Brats18_TCIA06_165_1,-0.26865357144688673,5.0,421.0,0,2
5,0,edad,Brats18_TCIA06_372_1,0.482842263554081,213.0,265.0,0,0
5,0,edad,Brats18_TCIA08_280_1,-0.0835938020194575,508.0,376.0,2,1
5,0,coxnet,Brats18_CBICA_ABB_1,0.33359369830986585,465.0,317.0,2,0
5,0,coxnet,Brats18_CBICA_ABN_1,0.11060007738934523,1278.0,346.0,2,1
5,0,coxnet,Brats18_CBICA_ANG_1,-0.17432757832754583,368.0,387.0,1,2
5,0,coxnet,Brats18_CBICA_ANP_1,0.17134750987205144,486.0,333.0,2,0
5,0,coxnet,Brats18_CBICA_ANZ_1,0.22279125086446364,287.0,331.0,0,0
5,0,coxnet,Brats18_CBICA_AQJ_1,0.21742984826126405,170.0,332.0,0,0
5,0,coxnet,Brats18_CBICA_AQN_1,0.1496713629004315,488.0,336.0,2,0
5,0,coxnet,Brats18_CBICA_AQR_1,0.2661176848654164,89.0,327.0,0,0
5,0,coxnet,Brats18_CBICA_AQT_1,0.49369733369618934,172.0,262.0,0,0
5,0,coxnet,Brats18_CBICA_ARZ_1,-0.1510031318111155,871.0,385.0,2,2
5,0,coxnet,Brats18_CBICA_ASA_1,0.18529236338786031,210.0,333.0,0,0
5,0,coxnet,Brats18_CBICA_ASH_1,-0.660129814104651,660.0,503.0,2,2
5,0,coxnet,Brats18_CBICA_ASU_1,0.6816890189240311,85.0,208.0,0,0
5,0,coxnet,Brats18_CBICA_ASV_1,-0.16304787411241678,597.0,385.0,2,2
5,0,coxnet,Brats18_CBICA_ASW_1,0.310617328272861,239.0,318.0,0,0
5,0,coxnet,Brats18_CBICA_AVG_1,-0.011680333949862723,579.0,359.0,2,1
5,0,coxnet,Brats18_CBICA_AVV_1,0.4579737033545686,387.0,269.0,1,0
5,0,coxnet,Brats18_CBICA_AWI_1,-0.4118274935381299,375.0,448.0,1,2
5,0,coxnet,Brats18_CBICA_AXW_1,0.5455762691024609,191.0,254.0,0,0
5,0,coxnet,Brats18_CBICA_AZH_1,-0.3088279679720728,401.0,424.0,1,2
5,0,coxnet,Brats18_CBICA_BHM_1,0.15400637486283908,436.0,336.0,1,0
5,0,coxnet,Brats18_TCIA01_201_1,-0.11374800161544796,430.0,376.0,1,1
5,0,coxnet,Brats18_TCIA01_203_1,-0.42190098164061185,268.0,448.0,0,2
5,0,coxnet,Brats18_TCIA02_151_1,-0.6380797863948611,1731.0,495.0,2,2
5,0,coxnet,Brats18_TCIA02_226_1,0.5449827653985029,329.0,254.0,1,0
5,0,coxnet,Brats18_TCIA02_300_1,0.05815464430797166,127.0,355.0,0,1
5,0,coxnet,Brats18_TCIA02_377_1,0.15758775357904586,812.0,336.0,2,0
5,0,coxnet,Brats18_TCIA03_138_1,0.4092267175790272,82.0,286.0,0,0
5,0,coxnet,Brats18_TCIA04_149_1,-0.8700794128983502,448.0,610.0,1,2
5,0,coxnet,Brats18_TCIA04_343_1,-0.11883265924146376,296.0,376.0,0,1
5,0,coxnet,Brats18_TCIA06_165_1,-0.25500382231507907,5.0,407.0,0,2
5,0,coxnet,Brats18_TCIA06_372_1,0.48595206678728936,213.0,265.0,0,0
5,0,coxnet,Brats18_TCIA08_280_1,-0.35567912156772913,508.0,434.0,2,2
5,0,genetico,Brats18_CBICA_ABB_1,1.1981594247941754,465.0,147.0,2,0
5,0,genetico,Brats18_CBICA_ABN_1,-0.6862487669997196,1278.0,495.0,2,2
5,0,genetico,Brats18_CBICA_ANG_1,-0.11806565838028224,368.0,376.0,1,1
5,0,genetico,Brats18_CBICA_ANP_1,0.588776144947074,486.0,254.0,2,0
5,0,genetico,Brats18_CBICA_ANZ_1,0.03143918361593014,287.0,355.0,0,1
5,0,genetico,Brats18_CBICA_AQJ_1,0.37434579767830367,170.0,317.0,0,0
5,0,genetico,Brats18_CBICA_AQN_1,0.4050334444488844,488.0,291.0,2,0
5,0,genetico,Brats18_CBICA_AQR_1,-0.10642997828690517,89.0,372.0,0,1
5,0,genetico,Brats18_CBICA_AQT_1,-0.5686371593355628,172.0,466.0,0,2
5,0,genetico,Brats18_CBICA_ARZ_1,1.388521398805431,871.0,114.0,2,0
5,0,genetico,Brats18_CBICA_ASA_1,0.7365281287966665,210.0,208.0,0,0
5,0,genetico,Brats18_CBICA_ASH_1,-0.9822234263219809,660.0,616.0,2,2
5,0,genetico,Brats18_CBICA_ASU_1,0.699363437425834,85.0,209.0,0,0
5,0,genetico,Brats18_CBICA_ASV_1,-0.591298943096309,597.0,467.0,2,2
5,0,genetico,Brats18_CBICA_ASW_1,0.26970098685226124,239.0,331.0,0,0
5,0,genetico,Brats18_CBICA_AVG_1,-0.9411352058412492,579.0,610.0,2,2
5,0,genetico,Brats18_CBICA_AVV_1,0.6787234190431677,387.0,229.0,1,0
5,0,genetico,Brats18_CBICA_AWI_1,0.8905947719482519,375.0,187.0,1,0
5,0,genetico,Brats18_CBICA_AXW_1,-0.4806068101625938,191.0,448.0,0,2
5,0,genetico,Brats18_CBICA_AZH_1,-1.141181673764544,401.0,634.0,1,2
5,0,genetico,Brats18_CBICA_BHM_1,0.5702416330235152,436.0,254.0,1,0
5,0,genetico,Brats18_TCIA01_201_1,-0.39477425730094673,430.0,434.0,1,2
5,0,genetico,Brats18_TCIA01_203_1,0.3003363873172419,268.0,322.0,0,0
5,0,genetico,Brats18_TCIA02_151_1,-0.3094615689346527,1731.0,421.0,2,2
5,0,genetico,Brats18_TCIA02_226_1,0.046674723244424565,329.0,355.0,1,1
5,0,genetico,Brats18_TCIA02_300_1,-0.33152358709979096,127.0,421.0,0,2
5,0,genetico,Brats18_TCIA02_377_1,0.15894718093304136,812.0,345.0,2,1
5,0,genetico,Brats18_TCIA03_138_1,0.5625859154922113,82.0,262.0,0,0
5,0,genetico,Brats18_TCIA04_149_1,-1.3814515046278886,448.0,788.0,1,2
5,0,genetico,Brats18_TCIA04_343_1,0.3245879762342106,296.0,322.0,0,0
5,0,genetico,Brats18_TCIA06_165_1,-0.24217234881649233,5.0,394.0,0,2
5,0,genetico,Brats18_TCIA06_372_1,0.7076855188152881,213.0,209.0,0,0
5,0,genetico,Brats18_TCIA08_280_1,-1.1447179635472857,508.0,634.0,2,2
5,1,edad,Brats18_2013_11_1,-1.1048654830252878,150.0,698.0,0,2
5,1,edad,Brats18_CBICA_AAP_1,-0.7606358514681261,788.0,522.0,2,2
5,1,edad,Brats18_CBICA_ABO_1,-0.16024096434022964,1155.0,394.0,2,1
5,1,edad,Brats18_CBICA_AOD_1,-0.016223701921561626,55.0,368.0,0,1
5,1,edad,Brats18_CBICA_AOO_1,-0.5843686879023658,350.0,486.0,1,2
5,1,edad,Brats18_CBICA_AOP_1,0.2347165160169723,332.0,327.0,1,0
5,1,edad,Brats18_CBICA_AQO_1,0.23565079426908767,473.0,327.0,2,0
5,1,edad,Brats18_CBICA_AQP_1,-0.5051280509636947,1283.0,466.0,2,2
5,1,edad,Brats18_CBICA_AQY_1,-0.11529179954401376,229.0,387.0,0,1
5,1,edad,Brats18_CBICA_ASE_1,-0.49260180180570384,318.0,465.0,1,2
5,1,edad,Brats18_CBICA_ATV_1,0.038379671479845674,453.0,355.0,2,1
5,1,edad,Brats18_CBICA_AUN_1,0.25793506072695,376.0,317.0,1,0
5,1,edad,Brats18_CBICA_AZD_1,-0.5118410132196344,448.0,466.0,1,2
5,1,edad,Brats18_TCIA01_147_1,0.012669718097560605,209.0,359.0,0,1
5,1,edad,Brats18_TCIA01_150_1,-0.34377473653355334,1489.0,434.0,2,2
5,1,edad,Brats18_TCIA01_190_1,0.016476036902475164,322.0,359.0,1,1
5,1,edad,Brats18_TCIA01_390_1,0.08737737536856124,634.0,346.0,2,1
5,1,edad,Brats18_TCIA01_448_1,-0.5744376561113621,199.0,486.0,0,2
5,1,edad,Brats18_TCIA01_460_1,-1.4559118855330688,630.0,946.0,2,2
5,1,edad,Brats18_TCIA02_198_1,-0.23429116654492646,394.0,407.0,1,2
5,1,edad,Brats18_TCIA02_274_1,-0.21048437256509878,357.0,405.0,1,2
5,1,edad,Brats18_TCIA02_290_1,-0.6207017310401843,737.0,495.0,2,2
5,1,edad,Brats18_TCIA02_321_1,0.6976340884910083,67.0,210.0,0,0
5,1,edad,Brats18_TCIA02_331_1,0.8233464177478607,187.0,191.0,0,0
5,1,edad,Brats18_TCIA02_394_1,0.11063052297676507,616.0,345.0,2,0
5,1,edad,Brats18_TCIA02_473_1,-0.0009638238036779532,175.0,362.0,0,1
5,1,edad,Brats18_TCIA02_491_1,0.6942084015665853,82.0,210.0,0,0
5,1,edad,Brats18_TCIA03_133_1,0.09384811733691552,382.0,346.0,1,1
5,1,edad,Brats18_TCIA03_498_1,-0.06117286671777749,467.0,370.0,2,1
5,1,edad,Brats18_TCIA04_479_1,-0.16089841940653296,372.0,394.0,1,1
5,1,edad,Brats18_TCIA06_409_1,0.28430246917553836,99.0,296.0,0,0
5,1,edad,Brats18_TCIA08_242_1,0.18786419181829953,147.0,331.0,0,0
5,1,edad,Brats18_TCIA08_469_1,0.0985887143939452,519.0,346.0,2,0
5,1,coxnet,Brats18_2013_11_1,-1.0683039739638736,150.0,616.0,0,2
5,1,coxnet,Brats18_CBICA_AAP_1,-0.6473780590338789,788.0,486.0,2,2
5,1,coxnet,Brats18_CBICA_ABO_1,0.270919676671607,1155.0,296.0,2,0
5,1,coxnet,Brats18_CBICA_AOD_1,0.5301605675830963,55.0,262.0,0,0
5,1,coxnet,Brats18_CBICA_AOO_1,-0.29223588461697425,350.0,421.0,1,2
5,1,coxnet,Brats18_CBICA_AOP_1,0.03633325423441165,332.0,355.0,1,1
5,1,coxnet,Brats18_CBICA_AQO_1,-0.006547840253976359,473.0,359.0,2,1
5,1,coxnet,Brats18_CBICA_AQP_1,-0.07963666193506662,1283.0,370.0,2,1
5,1,coxnet,Brats18_CBICA_AQY_1,0.08998296875023767,229.0,345.0,0,1
5,1,coxnet,Brats18_CBICA_ASE_1,-0.6134919248699362,318.0,476.0,1,2
5,1,coxnet,Brats18_CBICA_ATV_1,-0.029151502328368783,453.0,362.0,2,1
5,1,coxnet,Brats18_CBICA_AUN_1,0.3671202580400109,376.0,287.0,1,0
5,1,coxnet,Brats18_CBICA_AZD_1,-0.28062312851353166,448.0,407.0,1,2
5,1,coxnet,Brats18_TCIA01_147_1,0.021465834567158604,209.0,355.0,0,1
5,1,coxnet,Brats18_TCIA01_150_1,-0.47817862371360875,1489.0,448.0,2,2
5,1,coxnet,Brats18_TCIA01_190_1,-0.19019946019873857,322.0,394.0,1,2
5,1,coxnet,Brats18_TCIA01_390_1,0.138032231919438,634.0,333.0,2,1
5,1,coxnet,Brats18_TCIA01_448_1,-0.9212077117484547,199.0,579.0,0,2
5,1,coxnet,Brats18_TCIA01_460_1,-1.0782764321218625,630.0,616.0,2,2
5,1,coxnet,Brats18_TCIA02_198_1,-0.5307841465074032,394.0,464.0,1,2
5,1,coxnet,Brats18_TCIA02_274_1,-0.16701298018342484,357.0,387.0,1,1
5,1,coxnet,Brats18_TCIA02_290_1,-0.18371741641256792,737.0,387.0,2,1
5,1,coxnet,Brats18_TCIA02_321_1,0.8678845971740368,67.0,180.0,0,0
5,1,coxnet,Brats18_TCIA02_331_1,0.8630551209037458,187.0,180.0,0,0
5,1,coxnet,Brats18_TCIA02_394_1,0.624522823107018,616.0,232.0,2,0
5,1,coxnet,Brats18_TCIA02_473_1,0.004848977430670928,175.0,359.0,0,1
5,1,coxnet,Brats18_TCIA02_491_1,0.8517069954799155,82.0,191.0,0,0
5,1,coxnet,Brats18_TCIA03_133_1,-0.6075254613061654,382.0,468.0,1,2
5,1,coxnet,Brats18_TCIA03_498_1,-0.39690811147359034,467.0,434.0,2,2
5,1,coxnet,Brats18_TCIA04_479_1,-0.14558025676124567,372.0,387.0,1,1
5,1,coxnet,Brats18_TCIA06_409_1,0.3337438652176847,99.0,289.0,0,0
5,1,coxnet,Brats18_TCIA08_242_1,0.2131188489821234,147.0,329.0,0,0
5,1,coxnet,Brats18_TCIA08_469_1,0.4902769800349864,519.0,265.0,2,0
5,1,genetico,Brats18_2013_11_1,-0.16770280206868454,150.0,394.0,0,1
5,1,genetico,Brats18_CBICA_AAP_1,-0.12306494909808278,788.0,387.0,2,1
5,1,genetico,Brats18_CBICA_ABO_1,1.1439483946639504,1155.0,168.0,2,0
5,1,genetico,Brats18_CBICA_AOD_1,1.19334177683952,55.0,153.0,0,0
5,1,genetico,Brats18_CBICA_AOO_1,-0.16012454615650917,350.0,387.0,1,1
5,1,genetico,Brats18_CBICA_AOP_1,0.2004209886704011,332.0,333.0,1,1
5,1,genetico,Brats18_CBICA_AQO_1,0.3749597752509537,473.0,291.0,2,0
5,1,genetico,Brats18_CBICA_AQP_1,0.7014230035213185,1283.0,239.0,2,0
5,1,genetico,Brats18_CBICA_AQY_1,0.392156546973467,229.0,291.0,0,0
5,1,genetico,Brats18_CBICA_ASE_1,-0.6961498365788401,318.0,488.0,1,2
5,1,genetico,Brats18_CBICA_ATV_1,-0.4494751026353956,453.0,439.0,2,2
5,1,genetico,Brats18_CBICA_AUN_1,0.5383678989398865,376.0,268.0,1,0
5,1,genetico,Brats18_CBICA_AZD_1,-0.47829451588293687,448.0,448.0,1,2
5,1,genetico,Brats18_TCIA01_147_1,-0.4925433219438523,209.0,448.0,0,2
5,1,genetico,Brats18_TCIA01_150_1,-1.3902502697465475,1489.0,734.0,2,2
5,1,genetico,Brats18_TCIA01_190_1,-0.8795238709089043,322.0,522.0,1,2
5,1,genetico,Brats18_TCIA01_390_1,-0.4924400734224659,634.0,448.0,2,2
5,1,genetico,Brats18_TCIA01_448_1,-1.250108042223125,199.0,635.0,0,2
5,1,genetico,Brats18_TCIA01_460_1,-0.5290660922228747,630.0,464.0,2,2
5,1,genetico,Brats18_TCIA02_198_1,-0.6704854336003911,394.0,486.0,1,2
5,1,genetico,Brats18_TCIA02_274_1,-0.522953034748971,357.0,464.0,1,2
5,1,genetico,Brats18_TCIA02_290_1,0.3101554936631634,737.0,317.0,2,0
5,1,genetico,Brats18_TCIA02_321_1,0.8371576991705567,67.0,208.0,0,0
5,1,genetico,Brats18_TCIA02_331_1,0.4546123163655611,187.0,287.0,0,0
5,1,genetico,Brats18_TCIA02_394_1,0.8125198186239344,616.0,210.0,2,0
5,1,genetico,Brats18_TCIA02_473_1,-0.8648637524670437,175.0,515.0,0,2
5,1,genetico,Brats18_TCIA02_491_1,1.099350225018639,82.0,169.0,0,0
5,1,genetico,Brats18_TCIA03_133_1,-1.3646080495520523,382.0,726.0,1,2
5,1,genetico,Brats18_TCIA03_498_1,-0.40070209586974637,467.0,436.0,2,2
5,1,genetico,Brats18_TCIA04_479_1,-0.6604471461280099,372.0,486.0,1,2
5,1,genetico,Brats18_TCIA06_409_1,-0.11380758072042244,99.0,387.0,0,1
5,1,genetico,Brats18_TCIA08_242_1,0.6797120969867697,147.0,244.0,0,0
5,1,genetico,Brats18_TCIA08_469_1,0.7864897334409718,519.0,213.0,2,0
5,2,edad,Brats18_CBICA_ABE_1,0.2862556777680859,269.0,322.0,0,0
5,2,edad,Brats18_CBICA_ALX_1,0.01052182507363462,698.0,362.0,2,1
5,2,edad,Brats18_CBICA_AME_1,-0.28472447300185777,359.0,407.0,1,2
5,2,edad,Brats18_CBICA_AMH_1,0.11887895997481737,169.0,336.0,0,1
5,2,edad,Brats18_CBICA_ANI_1,-0.042710796830917504,439.0,370.0,1,1
5,2,edad,Brats18_CBICA_AOH_1,-0.09230802016637855,576.0,375.0,2,1
5,2,edad,Brats18_CBICA_APR_1,0.12221759131377896,23.0,336.0,0,1
5,2,edad,Brats18_CBICA_AQD_1,0.5054924690265555,32.0,265.0,0,0
5,2,edad,Brats18_CBICA_AQU_1,0.4996684121352563,30.0,265.0,0,0
5,2,edad,Brats18_CBICA_ASG_1,-0.06303935209481629,208.0,372.0,0,1
5,2,edad,Brats18_CBICA_ASY_1,0.263404601048083,610.0,327.0,2,0
5,2,edad,Brats18_CBICA_AXJ_1,-1.1721697788015824,1767.0,734.0,2,2
5,2,edad,Brats18_CBICA_AXL_1,0.5646233396299396,168.0,244.0,0,0
5,2,edad,Brats18_CBICA_AXN_1,0.9775749403557072,345.0,180.0,1,0
5,2,edad,Brats18_CBICA_AYI_1,0.24155511372976857,387.0,329.0,1,0
5,2,edad,Brats18_CBICA_AYU_1,0.1621698796700178,58.0,333.0,0,0
5,2,edad,Brats18_TCIA01_231_1,0.16306018136040756,1561.0,333.0,2,0
5,2,edad,Brats18_TCIA01_335_1,-0.18308169668236435,355.0,387.0,1,2
5,2,edad,Brats18_TCIA01_378_1,0.5466318263033139,110.0,254.0,0,0
5,2,edad,Brats18_TCIA01_401_1,0.7190164911050246,448.0,210.0,1,0
5,2,edad,Brats18_TCIA01_429_1,-0.1640885939540502,86.0,385.0,0,1
5,2,edad,Brats18_TCIA02_135_1,0.36927631039692776,828.0,291.0,2,0
5,2,edad,Brats18_TCIA02_283_1,0.5722650958057849,262.0,244.0,0,0
5,2,edad,Brats18_TCIA02_368_1,0.11694997297897299,317.0,336.0,1,1
5,2,edad,Brats18_TCIA03_121_1,-1.075831716720661,747.0,630.0,2,2
5,2,edad,Brats18_TCIA03_257_1,0.3678666660538103,425.0,291.0,1,0
5,2,edad,Brats18_TCIA03_296_1,0.03775021843805377,22.0,357.0,0,1
5,2,edad,Brats18_TCIA03_338_1,0.6312104868903378,468.0,232.0,2,0
5,2,edad,Brats18_TCIA03_375_1,0.02191026752986993,946.0,357.0,2,1
5,2,edad,Brats18_TCIA03_474_1,0.07414130003273384,635.0,350.0,2,1
5,2,edad,Brats18_TCIA04_192_1,0.6140350834465695,121.0,232.0,0,0
5,2,edad,Brats18_TCIA04_361_1,0.614443138387998,476.0,232.0,2,0
5,2,edad,Brats18_TCIA06_184_1,0.06520118722507036,434.0,355.0,1,1
5,2,coxnet,Brats18_CBICA_ABE_1,0.39157978592478015,269.0,289.0,0,0
5,2,coxnet,Brats18_CBICA_ALX_1,-0.3496673206963656,698.0,421.0,2,2
5,2,coxnet,Brats18_CBICA_AME_1,-0.13278107260890992,359.0,376.0,1,1
5,2,coxnet,Brats18_CBICA_AMH_1,0.04687719773307312,169.0,350.0,0,1
5,2,coxnet,Brats18_CBICA_ANI_1,0.018264791369417513,439.0,357.0,1,1
5,2,coxnet,Brats18_CBICA_AOH_1,-0.12664787353260287,576.0,376.0,2,1
5,2,coxnet,Brats18_CBICA_APR_1,0.1691531929496016,23.0,332.0,0,0
5,2,coxnet,Brats18_CBICA_AQD_1,0.4275787137770211,32.0,286.0,0,0
5,2,coxnet,Brats18_CBICA_AQU_1,0.8167523567940472,30.0,203.0,0,0
5,2,coxnet,Brats18_CBICA_ASG_1,0.06369204763193584,208.0,350.0,0,1
5,2,coxnet,Brats18_CBICA_ASY_1,0.2989599151379627,610.0,318.0,2,0
5,2,coxnet,Brats18_CBICA_AXJ_1,-1.1094963166027758,1767.0,626.0,2,2
5,2,coxnet,Brats18_CBICA_AXL_1,0.7010636165826024,168.0,213.0,0,0
5,2,coxnet,Brats18_CBICA_AXN_1,1.3284156900655186,345.0,139.0,1,0
5,2,coxnet,Brats18_CBICA_AYI_1,0.17178137046594885,387.0,332.0,1,0
5,2,coxnet,Brats18_CBICA_AYU_1,0.09437138188966683,58.0,346.0,0,1
5,2,coxnet,Brats18_TCIA01_231_1,0.17915062895194583,1561.0,331.0,2,0
5,2,coxnet,Brats18_TCIA01_335_1,-0.15576622493862136,355.0,382.0,1,1
5,2,coxnet,Brats18_TCIA01_378_1,0.6324773320028195,110.0,232.0,0,0
5,2,coxnet,Brats18_TCIA01_401_1,0.7450891725469004,448.0,209.0,1,0
5,2,coxnet,Brats18_TCIA01_429_1,-0.08845560153386081,86.0,372.0,0,1
5,2,coxnet,Brats18_TCIA02_135_1,0.4543639028318915,828.0,268.0,2,0
5,2,coxnet,Brats18_TCIA02_283_1,0.5259855264390888,262.0,254.0,0,0
5,2,coxnet,Brats18_TCIA02_368_1,0.13381774008775196,317.0,333.0,1,1
5,2,coxnet,Brats18_TCIA03_121_1,-1.0357781357045013,747.0,616.0,2,2
5,2,coxnet,Brats18_TCIA03_257_1,0.4766230786836378,425.0,268.0,1,0
5,2,coxnet,Brats18_TCIA03_296_1,0.3128747674424218,22.0,296.0,0,0
5,2,coxnet,Brats18_TCIA03_338_1,0.6149085171902668,468.0,232.0,2,0
5,2,coxnet,Brats18_TCIA03_375_1,-0.015735375855486077,946.0,362.0,2,1
5,2,coxnet,Brats18_TCIA03_474_1,0.22173069577818713,635.0,329.0,2,0
5,2,coxnet,Brats18_TCIA04_192_1,0.4403267421614044,121.0,286.0,0,0
5,2,coxnet,Brats18_TCIA04_361_1,0.6388259130185613,476.0,232.0,2,0
5,2,coxnet,Brats18_TCIA06_184_1,0.16088493563546447,434.0,332.0,1,0
5,2,genetico,Brats18_CBICA_ABE_1,0.6503348569109052,269.0,254.0,0,0
5,2,genetico,Brats18_CBICA_ALX_1,-0.9322610497284829,698.0,522.0,2,2
5,2,genetico,Brats18_CBICA_AME_1,0.09970804618007802,359.0,350.0,1,1
5,2,genetico,Brats18_CBICA_AMH_1,-0.6418260277932778,169.0,467.0,0,2
5,2,genetico,Brats18_CBICA_ANI_1,-0.3517652535761828,439.0,407.0,1,2
5,2,genetico,Brats18_CBICA_AOH_1,0.014101181717941724,576.0,362.0,2,1
5,2,genetico,Brats18_CBICA_APR_1,-0.17365352202074344,23.0,382.0,0,1
5,2,genetico,Brats18_CBICA_AQD_1,0.12144065562541076,32.0,346.0,0,1
5,2,genetico,Brats18_CBICA_AQU_1,1.3877856800050752,30.0,150.0,0,0
5,2,genetico,Brats18_CBICA_ASG_1,0.44776089877905867,208.0,291.0,0,0
5,2,genetico,Brats18_CBICA_ASY_1,-0.0286855252599839,610.0,368.0,2,1
5,2,genetico,Brats18_CBICA_AXJ_1,-1.0629161080736094,1767.0,600.0,2,2
5,2,genetico,Brats18_CBICA_AXL_1,0.9714897201440096,168.0,203.0,0,0
5,2,genetico,Brats18_CBICA_AXN_1,1.5384613215985143,345.0,127.0,1,0
5,2,genetico,Brats18_CBICA_AYI_1,0.4590848438437246,387.0,289.0,1,0
5,2,genetico,Brats18_CBICA_AYU_1,-0.35265909110605265,58.0,407.0,0,2
5,2,genetico,Brats18_TCIA01_231_1,0.21583313752693634,1561.0,332.0,2,0
5,2,genetico,Brats18_TCIA01_335_1,-0.10072484264602456,355.0,375.0,1,1
5,2,genetico,Brats18_TCIA01_378_1,1.516847184814797,110.0,139.0,0,0
5,2,genetico,Brats18_TCIA01_401_1,0.5302016737148018,448.0,286.0,1,0
5,2,genetico,Brats18_TCIA01_429_1,0.1772243879636945,86.0,333.0,0,0
5,2,genetico,Brats18_TCIA02_135_1,0.9066934092404493,828.0,209.0,2,0
5,2,genetico,Brats18_TCIA02_283_1,1.1972773336859508,262.0,172.0,0,0
5,2,genetico,Brats18_TCIA02_368_1,0.04871125880817659,317.0,357.0,1,1
5,2,genetico,Brats18_TCIA03_121_1,-1.3805622195789513,747.0,734.0,2,2
5,2,genetico,Brats18_TCIA03_257_1,0.7394401988211545,425.0,232.0,1,0
5,2,genetico,Brats18_TCIA03_296_1,0.8936159650759952,22.0,209.0,0,0
5,2,genetico,Brats18_TCIA03_338_1,0.9584986054381054,468.0,203.0,2,0
5,2,genetico,Brats18_TCIA03_375_1,-0.25342924034668707,946.0,394.0,2,1
5,2,genetico,Brats18_TCIA03_474_1,0.23292649392505863,635.0,331.0,2,0
5,2,genetico,Brats18_TCIA04_192_1,0.8056861365285604,121.0,213.0,0,0
5,2,genetico,Brats18_TCIA04_361_1,1.156551553291199,476.0,175.0,2,0
5,2,genetico,Brats18_TCIA06_184_1,2.0987905885109903,434.0,85.0,1,0
5,3,edad,Brats18_2013_27_1,0.2671736851645764,120.0,329.0,0,0
5,3,edad,Brats18_CBICA_AAL_1,-0.23400432143125324,464.0,424.0,2,2
5,3,edad,Brats18_CBICA_ABM_1,0.33629160837175737,503.0,318.0,2,0
5,3,edad,Brats18_CBICA_ALU_1,0.18969000909563896,495.0,345.0,2,0
5,3,edad,Brats18_CBICA_AOZ_1,-0.5129236362762976,331.0,467.0,1,2
5,3,edad,Brats18_CBICA_APZ_1,-0.023508828027566965,336.0,375.0,1,1
5,3,edad,Brats18_CBICA_AQZ_1,0.09638811910032222,286.0,355.0,0,1
5,3,edad,Brats18_CBICA_ARF_1,0.5335626365529277,726.0,268.0,2,0
5,3,edad,Brats18_CBICA_ARW_1,-0.595119898018452,495.0,486.0,2,2
5,3,edad,Brats18_CBICA_ASN_1,-0.775147977069713,407.0,576.0,1,2
5,3,edad,Brats18_CBICA_ASO_1,-0.30535067662344345,265.0,434.0,0,2
5,3,edad,Brats18_CBICA_ATD_1,0.30947736120787195,355.0,322.0,1,0
5,3,edad,Brats18_CBICA_ATP_1,-0.33307821558446354,385.0,438.0,1,2
5,3,edad,Brats18_CBICA_AUQ_1,0.003999520902140735,1337.0,370.0,2,1
5,3,edad,Brats18_CBICA_AUR_1,0.3487123768127936,12.0,318.0,0,0
5,3,edad,Brats18_CBICA_AWG_1,-0.18903383334032356,180.0,405.0,0,2
5,3,edad,Brats18_CBICA_AWH_1,-0.29015350111911603,139.0,434.0,0,2
5,3,edad,Brats18_CBICA_AXO_1,-0.16094097766044924,394.0,401.0,1,2
5,3,edad,Brats18_CBICA_AXQ_1,0.20368163942774778,114.0,333.0,0,0
5,3,edad,Brats18_CBICA_BHB_1,-0.18673233801154315,510.0,405.0,2,2
5,3,edad,Brats18_TCIA01_411_1,-0.6503557859091796,822.0,508.0,2,2
5,3,edad,Brats18_TCIA02_118_1,-0.4889953911913592,104.0,466.0,0,2
5,3,edad,Brats18_TCIA02_314_1,-0.7435480808888402,362.0,558.0,1,2
5,3,edad,Brats18_TCIA02_322_1,-0.12218087379003777,621.0,387.0,2,1
5,3,edad,Brats18_TCIA02_471_1,0.5811268733477213,111.0,244.0,0,0
5,3,edad,Brats18_TCIA03_199_1,-0.43405175667571444,1282.0,448.0,2,2
5,3,edad,Brats18_TCIA05_277_1,0.3529135190796152,232.0,317.0,0,0
5,3,edad,Brats18_TCIA05_478_1,-0.05302641891097176,30.0,376.0,0,1
5,3,edad,Brats18_TCIA08_105_1,0.21628506622821142,77.0,333.0,0,0
5,3,edad,Brats18_TCIA08_278_1,-0.37282467459578095,1458.0,439.0,2,2
5,3,edad,Brats18_TCIA08_319_1,0.15173360200670624,254.0,346.0,0,0
5,3,edad,Brats18_TCIA08_406_1,0.6589758661355131,82.0,229.0,0,0
5,3,coxnet,Brats18_2013_27_1,0.24627513265664433,120.0,329.0,0,0
5,3,coxnet,Brats18_CBICA_AAL_1,-0.3540739689842892,464.0,438.0,2,2
5,3,coxnet,Brats18_CBICA_ABM_1,0.35883002917196466,503.0,317.0,2,0
5,3,coxnet,Brats18_CBICA_ALU_1,0.17143958903055337,495.0,345.0,2,0
5,3,coxnet,Brats18_CBICA_AOZ_1,-0.5024426679495209,331.0,466.0,1,2
5,3,coxnet,Brats18_CBICA_APZ_1,-0.0024763347777436457,336.0,372.0,1,1
5,3,coxnet,Brats18_CBICA_AQZ_1,0.10938327302017083,286.0,355.0,0,1
5,3,coxnet,Brats18_CBICA_ARF_1,0.5533822230475708,726.0,262.0,2,0
5,3,coxnet,Brats18_CBICA_ARW_1,-0.5863303208216393,495.0,476.0,2,2
5,3,coxnet,Brats18_CBICA_ASN_1,-0.7781389806035858,407.0,576.0,1,2
5,3,coxnet,Brats18_CBICA_ASO_1,-0.3001704237502489,265.0,434.0,0,2
5,3,coxnet,Brats18_CBICA_ATD_1,0.30921772655863494,355.0,322.0,1,0
5,3,coxnet,Brats18_CBICA_ATP_1,-0.3548582569451947,385.0,439.0,1,2
5,3,coxnet,Brats18_CBICA_AUQ_1,0.00028994099527218854,1337.0,370.0,2,1
5,3,coxnet,Brats18_CBICA_AUR_1,0.3630941924789017,12.0,317.0,0,0
5,3,coxnet,Brats18_CBICA_AWG_1,-0.1686884608640449,180.0,401.0,0,2
5,3,coxnet,Brats18_CBICA_AWH_1,-0.2730102742645293,139.0,430.0,0,2
5,3,coxnet,Brats18_CBICA_AXO_1,-0.16708714857271761,394.0,401.0,1,2
5,3,coxnet,Brats18_CBICA_AXQ_1,0.22351014112528786,114.0,332.0,0,0
5,3,coxnet,Brats18_CBICA_BHB_1,-0.19544140923367703,510.0,405.0,2,2
5,3,coxnet,Brats18_TCIA01_411_1,-0.660673152294199,822.0,508.0,2,2
5,3,coxnet,Brats18_TCIA02_118_1,-0.49398544376598,104.0,466.0,0,2
5,3,coxnet,Brats18_TCIA02_314_1,-0.7390664072070218,362.0,522.0,1,2
5,3,coxnet,Brats18_TCIA02_322_1,-0.11712454423358554,621.0,387.0,2,1
5,3,coxnet,Brats18_TCIA02_471_1,0.6018323877277624,111.0,244.0,0,0
5,3,coxnet,Brats18_TCIA03_199_1,-0.4440782297747356,1282.0,453.0,2,2
5,3,coxnet,Brats18_TCIA05_277_1,0.36070729469944857,232.0,317.0,0,0
5,3,coxnet,Brats18_TCIA05_478_1,-0.05780194445598826,30.0,376.0,0,1
5,3,coxnet,Brats18_TCIA08_105_1,0.2331640576813764,77.0,332.0,0,0
5,3,coxnet,Brats18_TCIA08_278_1,-0.37172446612570853,1458.0,439.0,2,2
5,3,coxnet,Brats18_TCIA08_319_1,0.11750970410236043,254.0,355.0,0,1
5,3,coxnet,Brats18_TCIA08_406_1,0.6874651504531423,82.0,213.0,0,0
5,3,genetico,Brats18_2013_27_1,0.07951483595429536,120.0,359.0,0,1
5,3,genetico,Brats18_CBICA_AAL_1,-2.3316164702201996,464.0,1592.0,2,2
5,3,genetico,Brats18_CBICA_ABM_1,-0.05375804278711292,503.0,376.0,2,1
5,3,genetico,Brats18_CBICA_ALU_1,0.03947394192611119,495.0,368.0,2,1
5,3,genetico,Brats18_CBICA_AOZ_1,-1.402068381990889,331.0,788.0,1,2
5,3,genetico,Brats18_CBICA_APZ_1,0.19219017596931853,336.0,345.0,1,1
5,3,genetico,Brats18_CBICA_AQZ_1,0.58835927426709,286.0,268.0,0,0
5,3,genetico,Brats18_CBICA_ARF_1,1.1202212373805254,726.0,172.0,2,0
5,3,genetico,Brats18_CBICA_ARW_1,-0.06783997432753497,495.0,376.0,2,1
5,3,genetico,Brats18_CBICA_ASN_1,-0.6123667999372268,407.0,473.0,1,2
5,3,genetico,Brats18_CBICA_ASO_1,-0.16872658153962167,265.0,394.0,0,1
5,3,genetico,Brats18_CBICA_ATD_1,0.03434859423116585,355.0,368.0,1,1
5,3,genetico,Brats18_CBICA_ATP_1,-0.5507531472077313,385.0,467.0,1,2
5,3,genetico,Brats18_CBICA_AUQ_1,-0.925681489483206,1337.0,600.0,2,2
5,3,genetico,Brats18_CBICA_AUR_1,0.601583399709641,12.0,262.0,0,0
5,3,genetico,Brats18_CBICA_AWG_1,0.42406845615801353,180.0,296.0,0,0
5,3,genetico,Brats18_CBICA_AWH_1,0.018801249807649502,139.0,370.0,0,1
5,3,genetico,Brats18_CBICA_AXO_1,-0.5086633271353116,394.0,465.0,1,2
5,3,genetico,Brats18_CBICA_AXQ_1,0.3290949399379073,114.0,322.0,0,0
5,3,genetico,Brats18_CBICA_BHB_1,-0.2359872856443362,510.0,421.0,2,2
5,3,genetico,Brats18_TCIA01_411_1,0.022200287964526,822.0,370.0,2,1
5,3,genetico,Brats18_TCIA02_118_1,-0.14412160856941655,104.0,387.0,0,1
5,3,genetico,Brats18_TCIA02_314_1,-0.31403352394941436,362.0,430.0,1,2
5,3,genetico,Brats18_TCIA02_322_1,-0.5126839702571913,621.0,465.0,2,2
5,3,genetico,Brats18_TCIA02_471_1,1.0646436526070326,111.0,175.0,0,0
5,3,genetico,Brats18_TCIA03_199_1,-1.1183939009405057,1282.0,630.0,2,2
5,3,genetico,Brats18_TCIA05_277_1,-3.1662430059514937,232.0,1767.0,0,2
5,3,genetico,Brats18_TCIA05_478_1,0.15679965191071474,30.0,350.0,0,1
5,3,genetico,Brats18_TCIA08_105_1,0.848005212960601,77.0,208.0,0,0
5,3,genetico,Brats18_TCIA08_278_1,-0.06793769270621974,1458.0,376.0,2,1
5,3,genetico,Brats18_TCIA08_319_1,-0.14001395401252664,254.0,387.0,0,1
5,3,genetico,Brats18_TCIA08_406_1,-1.5555167018185574,82.0,828.0,0,2
5,4,edad,Brats18_CBICA_AAB_1,-0.004891559673849584,289.0,368.0,0,1
5,4,edad,Brats18_CBICA_AAG_1,-0.2919606921940142,616.0,430.0,2,2
5,4,edad,Brats18_CBICA_ABY_1,-0.42835353857188757,515.0,448.0,2,2
5,4,edad,Brats18_CBICA_ALN_1,0.011877478677023413,421.0,362.0,1,1
5,4,edad,Brats18_CBICA_APY_1,-0.5270423049833928,203.0,468.0,0,2
5,4,edad,Brats18_CBICA_AQA_1,0.5518825236920891,106.0,254.0,0,0
5,4,edad,Brats18_CBICA_AQG_1,-0.24497937806693368,466.0,401.0,2,2
5,4,edad,Brats18_CBICA_AQQ_1,0.32870377737305884,33.0,317.0,0,0
5,4,edad,Brats18_CBICA_AQV_1,-0.25348642675015304,84.0,407.0,0,2
5,4,edad,Brats18_CBICA_ASK_1,0.5858407015633769,522.0,239.0,2,0
5,4,edad,Brats18_CBICA_ATB_1,0.3684033378947498,208.0,287.0,0,0
5,4,edad,Brats18_CBICA_ATF_1,0.2843831039864088,152.0,322.0,0,0
5,4,edad,Brats18_CBICA_ATX_1,-0.8338561924720175,1592.0,597.0,2,2
5,4,edad,Brats18_CBICA_AVJ_1,-0.5376848679451159,614.0,468.0,2,2
5,4,edad,Brats18_CBICA_AXM_1,0.22164799600151427,438.0,331.0,1,0
5,4,edad,Brats18_CBICA_AYA_1,0.4982846161447265,50.0,265.0,0,0
5,4,edad,Brats18_CBICA_AYW_1,-0.37559583336360836,734.0,448.0,2,2
5,4,edad,Brats18_TCIA01_186_1,-0.9352406080547487,370.0,621.0,1,2
5,4,edad,Brats18_TCIA01_235_1,-0.09206255235375327,804.0,376.0,2,1
5,4,edad,Brats18_TCIA01_412_1,0.28553838220264854,291.0,322.0,0,0
5,4,edad,Brats18_TCIA01_425_1,-0.15385243270717894,558.0,387.0,2,2
5,4,edad,Brats18_TCIA01_499_1,-0.3683140797582189,600.0,439.0,2,2
5,4,edad,Brats18_TCIA02_179_1,-0.48751778661567746,405.0,465.0,1,2
5,4,edad,Brats18_TCIA02_430_1,-0.23584217762940152,71.0,401.0,0,2
5,4,edad,Brats18_TCIA02_455_1,-0.20160393231175255,424.0,394.0,1,2
5,4,edad,Brats18_TCIA03_265_1,-0.035663970342779336,103.0,372.0,0,1
5,4,edad,Brats18_TCIA03_419_1,0.34970883585014384,327.0,296.0,1,0
5,4,edad,Brats18_TCIA04_111_1,0.5132332160942524,626.0,262.0,2,0
5,4,edad,Brats18_TCIA04_437_1,-0.4778554597162181,333.0,464.0,1,2
5,4,edad,Brats18_TCIA06_247_1,0.5635053227160761,244.0,254.0,0,0
5,4,edad,Brats18_TCIA08_167_1,0.5007702147311816,153.0,265.0,0,0
5,4,edad,Brats18_TCIA08_218_1,-0.11404784689310246,346.0,382.0,1,1
5,4,coxnet,Brats18_CBICA_AAB_1,0.08016366180638108,289.0,355.0,0,1
5,4,coxnet,Brats18_CBICA_AAG_1,-0.5764882952644035,616.0,465.0,2,2
5,4,coxnet,Brats18_CBICA_ABY_1,-0.2667699357078273,515.0,394.0,2,2
5,4,coxnet,Brats18_CBICA_ALN_1,0.07230501073861549,421.0,355.0,1,1
5,4,coxnet,Brats18_CBICA_APY_1,-1.0535759897557524,203.0,621.0,0,2
5,4,coxnet,Brats18_CBICA_AQA_1,0.3318287894623049,106.0,296.0,0,0
5,4,coxnet,Brats18_CBICA_AQG_1,0.04670974260867214,466.0,355.0,2,1
5,4,coxnet,Brats18_CBICA_AQQ_1,0.6357750572059298,33.0,229.0,0,0
5,4,coxnet,Brats18_CBICA_AQV_1,-0.4292947169009454,84.0,439.0,0,2
5,4,coxnet,Brats18_CBICA_ASK_1,0.7846056402681651,522.0,208.0,2,0
5,4,coxnet,Brats18_CBICA_ATB_1,0.3626840440512053,208.0,287.0,0,0
5,4,coxnet,Brats18_CBICA_ATF_1,0.16707674837538167,152.0,332.0,0,0
5,4,coxnet,Brats18_CBICA_ATX_1,-1.7763545734657429,1592.0,1283.0,2,2
5,4,coxnet,Brats18_CBICA_AVJ_1,-0.8242658080853656,614.0,508.0,2,2
5,4,coxnet,Brats18_CBICA_AXM_1,-0.39016044314804893,438.0,434.0,1,2
5,4,coxnet,Brats18_CBICA_AYA_1,0.8358265551202629,50.0,191.0,0,0
5,4,coxnet,Brats18_CBICA_AYW_1,-0.31956552512896885,734.0,407.0,2,2
5,4,coxnet,Brats18_TCIA01_186_1,-1.051831086083342,370.0,621.0,1,2
5,4,coxnet,Brats18_TCIA01_235_1,-0.18735661913186388,804.0,385.0,2,2
5,4,coxnet,Brats18_TCIA01_412_1,0.4240654350011156,291.0,269.0,0,0
5,4,coxnet,Brats18_TCIA01_425_1,-0.5977250210710533,558.0,467.0,2,2
5,4,coxnet,Brats18_TCIA01_499_1,-0.7734075483836521,600.0,495.0,2,2
5,4,coxnet,Brats18_TCIA02_179_1,-0.3424845080413285,405.0,425.0,1,2
5,4,coxnet,Brats18_TCIA02_430_1,-0.36262000700990277,71.0,430.0,0,2
5,4,coxnet,Brats18_TCIA02_455_1,-0.5973663448990363,424.0,467.0,1,2
5,4,coxnet,Brats18_TCIA03_265_1,-0.308016697593615,103.0,407.0,0,2
5,4,coxnet,Brats18_TCIA03_419_1,0.31902562292317366,327.0,317.0,1,0
5,4,coxnet,Brats18_TCIA04_111_1,0.5698262941455914,626.0,239.0,2,0
5,4,coxnet,Brats18_TCIA04_437_1,-0.9034576587762376,333.0,576.0,1,2
5,4,coxnet,Brats18_TCIA06_247_1,0.869861152613496,244.0,187.0,0,0
5,4,coxnet,Brats18_TCIA08_167_1,0.8893825638151678,153.0,187.0,0,0
5,4,coxnet,Brats18_TCIA08_218_1,-0.551245546856405,346.0,464.0,1,2
5,4,genetico,Brats18_CBICA_AAB_1,-0.6298783971835015,289.0,468.0,0,2
5,4,genetico,Brats18_CBICA_AAG_1,-0.8261757229070232,616.0,503.0,2,2
5,4,genetico,Brats18_CBICA_ABY_1,-0.09441841966319381,515.0,376.0,2,1
5,4,genetico,Brats18_CBICA_ALN_1,0.8863281102544267,421.0,208.0,1,0
5,4,genetico,Brats18_CBICA_APY_1,-3.5512540144911093,203.0,1767.0,0,2
5,4,genetico,Brats18_CBICA_AQA_1,0.2542717832265923,106.0,331.0,0,0
5,4,genetico,Brats18_CBICA_AQG_1,-0.44660080092934173,466.0,448.0,2,2
5,4,genetico,Brats18_CBICA_AQQ_1,1.342744593662032,33.0,147.0,0,0
5,4,genetico,Brats18_CBICA_AQV_1,-0.8724966262278613,84.0,510.0,0,2
5,4,genetico,Brats18_CBICA_ASK_1,0.6445774088705474,522.0,254.0,2,0
5,4,genetico,Brats18_CBICA_ATB_1,0.9003567341510986,208.0,199.0,0,0
5,4,genetico,Brats18_CBICA_ATF_1,-0.8855856017224403,152.0,519.0,0,2
5,4,genetico,Brats18_CBICA_ATX_1,-3.204786550240961,1592.0,1767.0,2,2
5,4,genetico,Brats18_CBICA_AVJ_1,-1.006409987178294,614.0,610.0,2,2
5,4,genetico,Brats18_CBICA_AXM_1,-4.682861882290945,438.0,1767.0,1,2
5,4,genetico,Brats18_CBICA_AYA_1,1.296065753856662,50.0,150.0,0,0
5,4,genetico,Brats18_CBICA_AYW_1,0.18594960061909505,734.0,336.0,2,1
5,4,genetico,Brats18_TCIA01_186_1,-1.161333358399665,370.0,635.0,1,2
5,4,genetico,Brats18_TCIA01_235_1,0.04319280775237064,804.0,357.0,2,1
5,4,genetico,Brats18_TCIA01_412_1,0.6612143984284317,291.0,239.0,0,0
5,4,genetico,Brats18_TCIA01_425_1,-0.33711379542413167,558.0,425.0,2,2
5,4,genetico,Brats18_TCIA01_499_1,-1.5212524040210378,600.0,828.0,2,2
5,4,genetico,Brats18_TCIA02_179_1,-0.6701272450254667,405.0,476.0,1,2
5,4,genetico,Brats18_TCIA02_430_1,-0.15391846984460456,71.0,385.0,0,1
5,4,genetico,Brats18_TCIA02_455_1,-1.0533510152125396,424.0,616.0,1,2
5,4,genetico,Brats18_TCIA03_265_1,0.055477442521829276,103.0,357.0,0,1
5,4,genetico,Brats18_TCIA03_419_1,0.29240811720553217,327.0,329.0,1,0
5,4,genetico,Brats18_TCIA04_111_1,0.8744372681304086,626.0,208.0,2,0
5,4,genetico,Brats18_TCIA04_437_1,-1.7033451989775328,333.0,1278.0,1,2
5,4,genetico,Brats18_TCIA06_247_1,1.3119649549911825,244.0,147.0,0,0
5,4,genetico,Brats18_TCIA08_167_1,1.0322560465510198,153.0,180.0,0,0
5,4,genetico,Brats18_TCIA08_218_1,-1.2358155648736386,346.0,698.0,1,2
6,0,edad,Brats18_CBICA_AAB_1,0.030378461113733993,289.0,359.0,0,1
6,0,edad,Brats18_CBICA_AAG_1,-0.27490104592109127,616.0,425.0,2,2
6,0,edad,Brats18_CBICA_ABN_1,0.321585327458417,1278.0,318.0,2,0
6,0,edad,Brats18_CBICA_ABO_1,-0.12017645674587991,1155.0,387.0,2,1
6,0,edad,Brats18_CBICA_APR_1,0.11380911663386119,23.0,346.0,0,1
6,0,edad,Brats18_CBICA_APY_1,-0.5248951788160728,203.0,468.0,0,2
6,0,edad,Brats18_CBICA_AQA_1,0.622471787928595,106.0,239.0,0,0
6,0,edad,Brats18_CBICA_AQG_1,-0.22493944855026993,466.0,405.0,2,2
6,0,edad,Brats18_CBICA_AQN_1,0.13197697022325078,488.0,346.0,2,1
6,0,edad,Brats18_CBICA_AQO_1,0.3057629139840512,473.0,322.0,2,0
6,0,edad,Brats18_CBICA_AQV_1,-0.23398614613678956,84.0,407.0,0,2
6,0,edad,Brats18_CBICA_ARF_1,0.5831949733039923,726.0,254.0,2,0
6,0,edad,Brats18_CBICA_ASK_1,0.6585841198583242,522.0,229.0,2,0
6,0,edad,Brats18_CBICA_AWI_1,-0.4875542830165694,375.0,465.0,1,2
6,0,edad,Brats18_CBICA_AYW_1,-0.36384162425111516,734.0,439.0,2,2
6,0,edad,Brats18_CBICA_AZD_1,-0.49846244101183806,448.0,467.0,1,2
6,0,edad,Brats18_CBICA_AZH_1,-0.1761691858410478,401.0,394.0,1,2
6,0,edad,Brats18_TCIA01_147_1,0.06585789650448852,209.0,355.0,0,1
6,0,edad,Brats18_TCIA01_201_1,0.04028143048827825,430.0,359.0,1,1
6,0,edad,Brats18_TCIA01_335_1,-0.19258726664621345,355.0,394.0,1,2
6,0,edad,Brats18_TCIA01_412_1,0.3392319721333571,291.0,318.0,0,0
6,0,edad,Brats18_TCIA02_226_1,0.5186395263285795,329.0,265.0,1,0
6,0,edad,Brats18_TCIA02_290_1,-0.615585529930321,737.0,495.0,2,2
6,0,edad,Brats18_TCIA02_321_1,0.8028100723281915,67.0,208.0,0,0
6,0,edad,Brats18_TCIA02_331_1,0.938063785627889,187.0,175.0,0,0
6,0,edad,Brats18_TCIA02_394_1,0.17125378484785325,616.0,336.0,2,0
6,0,edad,Brats18_TCIA02_455_1,-0.1788124596214712,424.0,394.0,1,2
6,0,edad,Brats18_TCIA02_471_1,0.6316674023478148,111.0,232.0,0,0
6,0,edad,Brats18_TCIA03_133_1,0.15319761888298863,382.0,345.0,1,1
6,0,edad,Brats18_TCIA03_296_1,0.02903820961943471,22.0,359.0,0,1
6,0,edad,Brats18_TCIA06_247_1,0.6348318850426876,244.0,232.0,0,0
6,0,edad,Brats18_TCIA08_242_1,0.25434937749440567,147.0,331.0,0,0
6,0,edad,Brats18_TCIA08_406_1,0.7110028449686943,82.0,213.0,0,0
6,0,coxnet,Brats18_CBICA_AAB_1,0.21312304447674432,289.0,332.0,0,0
6,0,coxnet,Brats18_CBICA_AAG_1,-0.6167821099581705,616.0,467.0,2,2
6,0,coxnet,Brats18_CBICA_ABN_1,0.3014546270210582,1278.0,322.0,2,0
6,0,coxnet,Brats18_CBICA_ABO_1,0.4180394890375234,1155.0,287.0,2,0
6,0,coxnet,Brats18_CBICA_APR_1,0.49662125059991097,23.0,268.0,0,0
6,0,coxnet,Brats18_CBICA_APY_1,-0.9388389691186657,203.0,576.0,0,2
6,0,coxnet,Brats18_CBICA_AQA_1,0.6880168034857476,106.0,229.0,0,0
6,0,coxnet,Brats18_CBICA_AQG_1,0.14307563233026233,466.0,345.0,2,1
6,0,coxnet,Brats18_CBICA_AQN_1,0.6126874488081354,488.0,254.0,2,0
6,0,coxnet,Brats18_CBICA_AQO_1,-0.05204040459040051,473.0,368.0,2,1
6,0,coxnet,Brats18_CBICA_AQV_1,-0.1609752109498538,84.0,385.0,0,1
6,0,coxnet,Brats18_CBICA_ARF_1,0.8743190649149752,726.0,199.0,2,0
6,0,coxnet,Brats18_CBICA_ASK_1,0.8305318772474486,522.0,208.0,2,0
6,0,coxnet,Brats18_CBICA_AWI_1,-0.13334355780873472,375.0,376.0,1,1
6,0,coxnet,Brats18_CBICA_AYW_1,-0.17063154411743553,734.0,387.0,2,1
6,0,coxnet,Brats18_CBICA_AZD_1,-0.5963862612090959,448.0,465.0,1,2
6,0,coxnet,Brats18_CBICA_AZH_1,-0.59662075069602,401.0,465.0,1,2
6,0,coxnet,Brats18_TCIA01_147_1,0.00047984513232048965,209.0,359.0,0,1
6,0,coxnet,Brats18_TCIA01_201_1,-0.3339942138134354,430.0,421.0,1,2
6,0,coxnet,Brats18_TCIA01_335_1,-0.04037634155972552,355.0,362.0,1,1
6,0,coxnet,Brats18_TCIA01_412_1,0.5230014677938041,291.0,265.0,0,0
6,0,coxnet,Brats18_TCIA02_226_1,0.5164143416025799,329.0,268.0,1,0
6,0,coxnet,Brats18_TCIA02_290_1,0.23851764381661833,737.0,331.0,2,0
6,0,coxnet,Brats18_TCIA02_321_1,0.9795852335740132,67.0,175.0,0,0
6,0,coxnet,Brats18_TCIA02_331_1,1.38957330897874,187.0,127.0,0,0
6,0,coxnet,Brats18_TCIA02_394_1,0.8600679435374513,616.0,199.0,2,0
6,0,coxnet,Brats18_TCIA02_455_1,-0.6748257926209472,424.0,476.0,1,2
6,0,coxnet,Brats18_TCIA02_471_1,0.5862015850565345,111.0,254.0,0,0
6,0,coxnet,Brats18_TCIA03_133_1,-0.45664538918107095,382.0,439.0,1,2
6,0,coxnet,Brats18_TCIA03_296_1,-0.008024921214452684,22.0,359.0,0,1
6,0,coxnet,Brats18_TCIA06_247_1,0.9712085588552373,244.0,175.0,0,0
6,0,coxnet,Brats18_TCIA08_242_1,0.15753138733944447,147.0,336.0,0,1
6,0,coxnet,Brats18_TCIA08_406_1,0.65928288473625,82.0,232.0,0,0
6,0,genetico,Brats18_CBICA_AAB_1,-0.04733036239088123,289.0,370.0,0,1
6,0,genetico,Brats18_CBICA_AAG_1,-0.7124793972096909,616.0,495.0,2,2
6,0,genetico,Brats18_CBICA_ABN_1,-0.4913992334778389,1278.0,448.0,2,2
6,0,genetico,Brats18_CBICA_ABO_1,1.1862835442611528,1155.0,169.0,2,0
6,0,genetico,Brats18_CBICA_APR_1,0.8580725611047353,23.0,210.0,0,0
6,0,genetico,Brats18_CBICA_APY_1,-0.24557387293863042,203.0,405.0,0,1
6,0,genetico,Brats18_CBICA_AQA_1,0.4338256024836861,106.0,296.0,0,0
6,0,genetico,Brats18_CBICA_AQG_1,0.1825907669191662,466.0,345.0,2,1
6,0,genetico,Brats18_CBICA_AQN_1,0.23492932608436723,488.0,333.0,2,1
6,0,genetico,Brats18_CBICA_AQO_1,0.41724889518337327,473.0,317.0,2,0
6,0,genetico,Brats18_CBICA_AQV_1,-0.6085419070812061,84.0,467.0,0,2
6,0,genetico,Brats18_CBICA_ARF_1,0.7685828560489982,726.0,229.0,2,0
6,0,genetico,Brats18_CBICA_ASK_1,0.7511266096739913,522.0,232.0,2,0
6,0,genetico,Brats18_CBICA_AWI_1,0.13025633222694885,375.0,350.0,1,1
6,0,genetico,Brats18_CBICA_AYW_1,0.30804482793136,734.0,331.0,2,0
6,0,genetico,Brats18_CBICA_AZD_1,-0.8601340087714382,448.0,515.0,1,2
6,0,genetico,Brats18_CBICA_AZH_1,-0.5396040424956077,401.0,464.0,1,2
6,0,genetico,Brats18_TCIA01_147_1,-0.18369204912461728,209.0,394.0,0,1
6,0,genetico,Brats18_TCIA01_201_1,0.39398950225547613,430.0,318.0,1,0
6,0,genetico,Brats18_TCIA01_335_1,-0.3269293956273459,355.0,425.0,1,2
6,0,genetico,Brats18_TCIA01_412_1,1.4294299555075083,291.0,139.0,0,0
6,0,genetico,Brats18_TCIA02_226_1,0.6515487256284747,329.0,262.0,1,0
6,0,genetico,Brats18_TCIA02_290_1,0.2733017709321674,737.0,332.0,2,1
6,0,genetico,Brats18_TCIA02_321_1,1.133276944304385,67.0,172.0,0,0
6,0,genetico,Brats18_TCIA02_331_1,1.2668147739185769,187.0,153.0,0,0
6,0,genetico,Brats18_TCIA02_394_1,0.7579160654150416,616.0,232.0,2,0
6,0,genetico,Brats18_TCIA02_455_1,-1.1227988750629718,424.0,614.0,1,2
6,0,genetico,Brats18_TCIA02_471_1,0.5842845254581703,111.0,268.0,0,0
6,0,genetico,Brats18_TCIA03_133_1,-0.7261651057846484,382.0,495.0,1,2
6,0,genetico,Brats18_TCIA03_296_1,-0.009807704231143993,22.0,368.0,0,1
6,0,genetico,Brats18_TCIA06_247_1,0.9709271072834504,244.0,199.0,0,0
6,0,genetico,Brats18_TCIA08_242_1,0.20409725777520443,147.0,336.0,0,1
6,0,genetico,Brats18_TCIA08_406_1,-0.12438302149649688,82.0,385.0,0,1
6,1,edad,Brats18_CBICA_ANI_1,-0.07515290034080224,439.0,375.0,1,1
6,1,edad,Brats18_CBICA_ANZ_1,0.25469040047877634,287.0,327.0,0,0
6,1,edad,Brats18_CBICA_AOD_1,0.0031052947162788303,55.0,362.0,0,1
6,1,edad,Brats18_CBICA_AQJ_1,0.1881557748921488,170.0,332.0,0,0
6,1,edad,Brats18_CBICA_AQP_1,-0.47287836346774986,1283.0,464.0,2,2
6,1,edad,Brats18_CBICA_AQZ_1,0.0962200821195383,286.0,350.0,0,1
6,1,edad,Brats18_CBICA_ARW_1,-0.5414679825535085,495.0,467.0,2,2
6,1,edad,Brats18_CBICA_ASH_1,-0.46890313014156143,660.0,464.0,2,2
6,1,edad,Brats18_CBICA_ASW_1,0.265133810064525,239.0,327.0,0,0
6,1,edad,Brats18_CBICA_ATF_1,0.27749745947733134,152.0,322.0,0,0
6,1,edad,Brats18_CBICA_ATP_1,-0.29982096010648196,385.0,425.0,1,2
6,1,edad,Brats18_CBICA_AXL_1,0.4763938794588235,168.0,268.0,0,0
6,1,edad,Brats18_CBICA_AYI_1,0.18300144693531162,387.0,332.0,1,0
6,1,edad,Brats18_TCIA01_150_1,-0.3157892702472724,1489.0,430.0,2,2
6,1,edad,Brats18_TCIA01_186_1,-0.896139647452755,370.0,610.0,1,2
6,1,edad,Brats18_TCIA01_235_1,-0.08475409947608782,804.0,376.0,2,1
6,1,edad,Brats18_TCIA01_411_1,-0.592404870597549,822.0,488.0,2,2
6,1,edad,Brats18_TCIA01_425_1,-0.14421415727882056,558.0,387.0,2,1
6,1,edad,Brats18_TCIA02_179_1,-0.4652984694135771,405.0,464.0,1,2
6,1,edad,Brats18_TCIA02_274_1,-0.18602148403983543,357.0,394.0,1,2
6,1,edad,Brats18_TCIA02_300_1,0.1310202179326958,127.0,336.0,0,0
6,1,edad,Brats18_TCIA02_377_1,0.1102681524332718,812.0,345.0,2,1
6,1,edad,Brats18_TCIA03_138_1,0.38354859939971225,82.0,291.0,0,0
6,1,edad,Brats18_TCIA03_265_1,-0.030482058048210976,103.0,368.0,0,1
6,1,edad,Brats18_TCIA03_338_1,0.5368645898021127,468.0,262.0,2,0
6,1,edad,Brats18_TCIA03_375_1,-0.016467676152496176,946.0,368.0,2,1
6,1,edad,Brats18_TCIA04_361_1,0.5216374248577301,476.0,265.0,2,0
6,1,edad,Brats18_TCIA05_277_1,0.3327801534457646,232.0,317.0,0,0
6,1,edad,Brats18_TCIA06_165_1,-0.2941949942973848,5.0,425.0,0,2
6,1,edad,Brats18_TCIA06_184_1,0.022846707675146412,434.0,359.0,1,1
6,1,edad,Brats18_TCIA08_105_1,0.20678547005640432,77.0,331.0,0,0
6,1,edad,Brats18_TCIA08_218_1,-0.10591042599173438,346.0,376.0,1,1
6,1,edad,Brats18_TCIA08_319_1,0.14725803541763466,254.0,336.0,0,0
6,1,coxnet,Brats18_CBICA_ANI_1,-0.06329350752155015,439.0,372.0,1,1
6,1,coxnet,Brats18_CBICA_ANZ_1,0.3151059075338977,287.0,318.0,0,0
6,1,coxnet,Brats18_CBICA_AOD_1,0.02581456013378392,55.0,355.0,0,1
6,1,coxnet,Brats18_CBICA_AQJ_1,0.22090906879719413,170.0,329.0,0,0
6,1,coxnet,Brats18_CBICA_AQP_1,-0.38250535954892917,1283.0,438.0,2,2
6,1,coxnet,Brats18_CBICA_AQZ_1,0.1415435983604394,286.0,336.0,0,0
6,1,coxnet,Brats18_CBICA_ARW_1,-0.5344205881585109,495.0,466.0,2,2
6,1,coxnet,Brats18_CBICA_ASH_1,-0.8195266769445709,660.0,576.0,2,2
6,1,coxnet,Brats18_CBICA_ASW_1,0.3059776583877407,239.0,318.0,0,0
6,1,coxnet,Brats18_CBICA_ATF_1,0.2909527290054409,152.0,322.0,0,0
6,1,coxnet,Brats18_CBICA_ATP_1,-0.42526124772381907,385.0,448.0,1,2
6,1,coxnet,Brats18_CBICA_AXL_1,0.6292318931639774,168.0,213.0,0,0
6,1,coxnet,Brats18_CBICA_AYI_1,0.15027874657654164,387.0,333.0,1,0
6,1,coxnet,Brats18_TCIA01_150_1,-0.2311316473401156,1489.0,401.0,2,2
6,1,coxnet,Brats18_TCIA01_186_1,-0.8384953575362418,370.0,579.0,1,2
6,1,coxnet,Brats18_TCIA01_235_1,-0.10326203399267611,804.0,376.0,2,1
6,1,coxnet,Brats18_TCIA01_411_1,-0.5789802206260319,822.0,473.0,2,2
6,1,coxnet,Brats18_TCIA01_425_1,-0.36528447469863573,558.0,438.0,2,2
6,1,coxnet,Brats18_TCIA02_179_1,-0.38563609775153446,405.0,438.0,1,2
6,1,coxnet,Brats18_TCIA02_274_1,-0.14131836246670298,357.0,382.0,1,2
6,1,coxnet,Brats18_TCIA02_300_1,0.13133502745800996,127.0,336.0,0,0
6,1,coxnet,Brats18_TCIA02_377_1,0.1593867532831217,812.0,333.0,2,0
6,1,coxnet,Brats18_TCIA03_138_1,0.47677224364546056,82.0,268.0,0,0
6,1,coxnet,Brats18_TCIA03_265_1,-0.04921841592451797,103.0,368.0,0,1
6,1,coxnet,Brats18_TCIA03_338_1,0.4540836765271582,468.0,269.0,2,0
6,1,coxnet,Brats18_TCIA03_375_1,0.04417159089581342,946.0,355.0,2,1
6,1,coxnet,Brats18_TCIA04_361_1,0.5162098469525006,476.0,265.0,2,0
6,1,coxnet,Brats18_TCIA05_277_1,0.25170584075494773,232.0,327.0,0,0
6,1,coxnet,Brats18_TCIA06_165_1,-0.21761002462413417,5.0,401.0,0,2
6,1,coxnet,Brats18_TCIA06_184_1,-0.009734172876935808,434.0,362.0,1,1
6,1,coxnet,Brats18_TCIA08_105_1,0.3358401854305979,77.0,317.0,0,0
6,1,coxnet,Brats18_TCIA08_218_1,-0.03950924753993157,346.0,368.0,1,1
6,1,coxnet,Brats18_TCIA08_319_1,0.11874332724881004,254.0,336.0,0,1
6,1,genetico,Brats18_CBICA_ANI_1,0.4102311577046968,439.0,291.0,1,0
6,1,genetico,Brats18_CBICA_ANZ_1,0.951806928609831,287.0,187.0,0,0
6,1,genetico,Brats18_CBICA_AOD_1,0.3200160878695531,55.0,322.0,0,0
6,1,genetico,Brats18_CBICA_AQJ_1,0.8131044872133083,170.0,208.0,0,0
6,1,genetico,Brats18_CBICA_AQP_1,-0.41160506930020946,1283.0,438.0,2,2
6,1,genetico,Brats18_CBICA_AQZ_1,0.41565705598842295,286.0,291.0,0,0
6,1,genetico,Brats18_CBICA_ARW_1,-1.2222273752930883,495.0,634.0,2,2
6,1,genetico,Brats18_CBICA_ASH_1,-2.283213378831432,660.0,1731.0,2,2
6,1,genetico,Brats18_CBICA_ASW_1,0.39457223641852285,239.0,296.0,0,0
6,1,genetico,Brats18_CBICA_ATF_1,0.18082204565574206,152.0,332.0,0,1
6,1,genetico,Brats18_CBICA_ATP_1,-0.8894237547847197,385.0,522.0,1,2
6,1,genetico,Brats18_CBICA_AXL_1,1.3827236534149048,168.0,120.0,0,0
6,1,genetico,Brats18_CBICA_AYI_1,0.3402767169849844,387.0,318.0,1,0
6,1,genetico,Brats18_TCIA01_150_1,-0.627176944122652,1489.0,467.0,2,2
6,1,genetico,Brats18_TCIA01_186_1,-1.316589000440946,370.0,726.0,1,2
6,1,genetico,Brats18_TCIA01_235_1,-0.28311208940126664,804.0,407.0,2,2
6,1,genetico,Brats18_TCIA01_411_1,-1.0381691753660431,822.0,614.0,2,2
6,1,genetico,Brats18_TCIA01_425_1,-0.6904036591092908,558.0,488.0,2,2
6,1,genetico,Brats18_TCIA02_179_1,-0.4772969376812416,405.0,448.0,1,2
6,1,genetico,Brats18_TCIA02_274_1,0.25457466327172074,357.0,329.0,1,0
6,1,genetico,Brats18_TCIA02_300_1,0.09369949731082261,127.0,350.0,0,1
6,1,genetico,Brats18_TCIA02_377_1,0.5556698788696383,812.0,265.0,2,0
6,1,genetico,Brats18_TCIA03_138_1,-0.07435456538565519,82.0,372.0,0,1
6,1,genetico,Brats18_TCIA03_265_1,-0.48445008701107795,103.0,448.0,0,2
6,1,genetico,Brats18_TCIA03_338_1,0.1414383055660277,468.0,336.0,2,1
6,1,genetico,Brats18_TCIA03_375_1,0.3544706840975965,946.0,317.0,2,0
6,1,genetico,Brats18_TCIA04_361_1,0.6740372456601104,476.0,213.0,2,0
6,1,genetico,Brats18_TCIA05_277_1,0.18088920635181327,232.0,332.0,0,1
6,1,genetico,Brats18_TCIA06_165_1,-0.1917437609828198,5.0,394.0,0,1
6,1,genetico,Brats18_TCIA06_184_1,0.5776174256886755,434.0,262.0,1,0
6,1,genetico,Brats18_TCIA08_105_1,0.5607117928725203,77.0,265.0,0,0
6,1,genetico,Brats18_TCIA08_218_1,-0.19126568955046552,346.0,394.0,1,1
6,1,genetico,Brats18_TCIA08_319_1,-0.07781454026690404,254.0,372.0,0,1
6,2,edad,Brats18_CBICA_ABM_1,0.33134354673136285,503.0,296.0,2,0
6,2,edad,Brats18_CBICA_ALN_1,0.013522324105447164,421.0,370.0,1,1
6,2,edad,Brats18_CBICA_ANP_1,0.03701345795171036,486.0,368.0,2,1
6,2,edad,Brats18_CBICA_AOO_1,-0.5810194948090301,350.0,476.0,1,2
6,2,edad,Brats18_CBICA_AOZ_1,-0.49229883243943245,331.0,465.0,1,2
6,2,edad,Brats18_CBICA_APZ_1,-0.01762202981742675,336.0,375.0,1,1
6,2,edad,Brats18_CBICA_AQT_1,0.5462714772161789,172.0,254.0,0,0
6,2,edad,Brats18_CBICA_AQU_1,0.43646902806147336,30.0,286.0,0,0
6,2,edad,Brats18_CBICA_ASA_1,0.11351022714338857,210.0,357.0,0,1
6,2,edad,Brats18_CBICA_ASG_1,-0.1009925244482829,208.0,387.0,0,1
6,2,edad,Brats18_CBICA_ASO_1,-0.2909766265352572,265.0,434.0,0,2
6,2,edad,Brats18_CBICA_ATX_1,-0.8424336509443707,1592.0,610.0,2,2
6,2,edad,Brats18_CBICA_AUN_1,0.28145588993567844,376.0,317.0,1,0
6,2,edad,Brats18_CBICA_AUQ_1,0.009057945727424353,1337.0,370.0,2,1
6,2,edad,Brats18_CBICA_AUR_1,0.34339028203713856,12.0,291.0,0,0
6,2,edad,Brats18_CBICA_AVG_1,0.0991604394997435,579.0,359.0,2,1
6,2,edad,Brats18_CBICA_AWG_1,-0.17816249355410735,180.0,405.0,0,2
6,2,edad,Brats18_CBICA_AXN_1,0.8929340014270996,345.0,175.0,1,0
6,2,edad,Brats18_CBICA_AXO_1,-0.150915612818396,394.0,401.0,1,2
6,2,edad,Brats18_CBICA_AXQ_1,0.2027269315549887,114.0,332.0,0,0
6,2,edad,Brats18_CBICA_BHB_1,-0.17593030436509582,510.0,405.0,2,2
6,2,edad,Brats18_TCIA01_190_1,0.034214363571839095,322.0,368.0,1,1
6,2,edad,Brats18_TCIA01_231_1,0.11496292169496732,1561.0,357.0,2,1
6,2,edad,Brats18_TCIA01_429_1,-0.1975081331922065,86.0,407.0,0,2
6,2,edad,Brats18_TCIA01_448_1,-0.5708506329479781,199.0,473.0,0,2
6,2,edad,Brats18_TCIA01_460_1,-1.473434559946035,630.0,871.0,2,2
6,2,edad,Brats18_TCIA01_499_1,-0.37126457419081166,600.0,448.0,2,2
6,2,edad,Brats18_TCIA02_491_1,0.7281771803333974,82.0,209.0,0,0
6,2,edad,Brats18_TCIA03_419_1,0.3554370173429147,327.0,291.0,1,0
6,2,edad,Brats18_TCIA04_192_1,0.5457045720253191,121.0,254.0,0,0
6,2,edad,Brats18_TCIA04_437_1,-0.4821299705783801,333.0,465.0,1,2
6,2,edad,Brats18_TCIA08_278_1,-0.35641874450516425,1458.0,439.0,2,2
6,2,edad,Brats18_TCIA08_280_1,-0.11332271234948893,508.0,387.0,2,1
6,2,coxnet,Brats18_CBICA_ABM_1,0.3925947973137453,503.0,287.0,2,0
6,2,coxnet,Brats18_CBICA_ALN_1,0.14243028745465963,421.0,355.0,1,0
6,2,coxnet,Brats18_CBICA_ANP_1,0.17950061116608632,486.0,346.0,2,0
6,2,coxnet,Brats18_CBICA_AOO_1,-0.5460842671730006,350.0,467.0,1,2
6,2,coxnet,Brats18_CBICA_AOZ_1,-0.40881535035172334,331.0,448.0,1,2
6,2,coxnet,Brats18_CBICA_APZ_1,0.0802548787527181,336.0,359.0,1,1
6,2,coxnet,Brats18_CBICA_AQT_1,0.539690900845138,172.0,254.0,0,0
6,2,coxnet,Brats18_CBICA_AQU_1,0.578438779569829,30.0,244.0,0,0
6,2,coxnet,Brats18_CBICA_ASA_1,0.22702446598853862,210.0,329.0,0,0
6,2,coxnet,Brats18_CBICA_ASG_1,-0.0008690802088153535,208.0,370.0,0,1
6,2,coxnet,Brats18_CBICA_ASO_1,-0.2581428460040912,265.0,425.0,0,2
6,2,coxnet,Brats18_CBICA_ATX_1,-0.9523988239687702,1592.0,616.0,2,2
6,2,coxnet,Brats18_CBICA_AUN_1,0.2860264274307457,376.0,317.0,1,0
6,2,coxnet,Brats18_CBICA_AUQ_1,-0.008744014982546403,1337.0,372.0,2,1
6,2,coxnet,Brats18_CBICA_AUR_1,0.3769991403482176,12.0,289.0,0,0
6,2,coxnet,Brats18_CBICA_AVG_1,0.04422131844498465,579.0,362.0,2,1
6,2,coxnet,Brats18_CBICA_AWG_1,-0.08726889983483108,180.0,385.0,0,1
6,2,coxnet,Brats18_CBICA_AXN_1,1.0835775404581196,345.0,152.0,1,0
6,2,coxnet,Brats18_CBICA_AXO_1,-0.19551972291015463,394.0,405.0,1,2
6,2,coxnet,Brats18_CBICA_AXQ_1,0.27263980880973376,114.0,318.0,0,0
6,2,coxnet,Brats18_CBICA_BHB_1,-0.08573092841415324,510.0,385.0,2,1
6,2,coxnet,Brats18_TCIA01_190_1,-0.26218042246733925,322.0,425.0,1,2
6,2,coxnet,Brats18_TCIA01_231_1,0.0852165491365936,1561.0,359.0,2,1
6,2,coxnet,Brats18_TCIA01_429_1,-0.14252871988801874,86.0,394.0,0,1
6,2,coxnet,Brats18_TCIA01_448_1,-0.6330103183991819,199.0,488.0,0,2
6,2,coxnet,Brats18_TCIA01_460_1,-1.5231976814240793,630.0,871.0,2,2
6,2,coxnet,Brats18_TCIA01_499_1,-0.4105422067144354,600.0,448.0,2,2
6,2,coxnet,Brats18_TCIA02_491_1,0.8181391097573473,82.0,191.0,0,0
6,2,coxnet,Brats18_TCIA03_419_1,0.4210938845754296,327.0,286.0,1,0
6,2,coxnet,Brats18_TCIA04_192_1,0.20600442321945878,121.0,332.0,0,0
6,2,coxnet,Brats18_TCIA04_437_1,-0.6156552732551795,333.0,476.0,1,2
6,2,coxnet,Brats18_TCIA08_278_1,-0.40275812168054304,1458.0,448.0,2,2
6,2,coxnet,Brats18_TCIA08_280_1,-0.44855009702110765,508.0,453.0,2,2
6,2,genetico,Brats18_CBICA_ABM_1,0.1646514675567522,503.0,355.0,2,1
6,2,genetico,Brats18_CBICA_ALN_1,0.4029456504953567,421.0,289.0,1,0
6,2,genetico,Brats18_CBICA_ANP_1,0.8475720156256752,486.0,208.0,2,0
6,2,genetico,Brats18_CBICA_AOO_1,-0.740319731182408,350.0,495.0,1,2
6,2,genetico,Brats18_CBICA_AOZ_1,-0.21247014214608473,331.0,401.0,1,1
6,2,genetico,Brats18_CBICA_APZ_1,0.3361117574524416,336.0,296.0,1,0
6,2,genetico,Brats18_CBICA_AQT_1,0.7664545324124594,172.0,213.0,0,0
6,2,genetico,Brats18_CBICA_AQU_1,1.5162111990010525,30.0,110.0,0,0
6,2,genetico,Brats18_CBICA_ASA_1,0.819392673650769,210.0,208.0,0,0
6,2,genetico,Brats18_CBICA_ASG_1,0.487848404710549,208.0,269.0,0,0
6,2,genetico,Brats18_CBICA_ASO_1,-0.29287646092641223,265.0,425.0,0,2
6,2,genetico,Brats18_CBICA_ATX_1,-2.872467400151471,1592.0,1767.0,2,2
6,2,genetico,Brats18_CBICA_AUN_1,0.2408037814804146,376.0,329.0,1,0
6,2,genetico,Brats18_CBICA_AUQ_1,-0.16912523605572927,1337.0,394.0,2,1
6,2,genetico,Brats18_CBICA_AUR_1,0.719785751328571,12.0,229.0,0,0
6,2,genetico,Brats18_CBICA_AVG_1,-0.282768849953761,579.0,424.0,2,2
6,2,genetico,Brats18_CBICA_AWG_1,-0.027755114530697168,180.0,372.0,0,1
6,2,genetico,Brats18_CBICA_AXN_1,2.4117418313642793,345.0,67.0,1,0
6,2,genetico,Brats18_CBICA_AXO_1,-0.24569205685487058,394.0,407.0,1,1
6,2,genetico,Brats18_CBICA_AXQ_1,0.2482150465453067,114.0,329.0,0,0
6,2,genetico,Brats18_CBICA_BHB_1,1.2210185403488292,510.0,150.0,2,0
6,2,genetico,Brats18_TCIA01_190_1,-0.1640134598103502,322.0,387.0,1,1
6,2,genetico,Brats18_TCIA01_231_1,0.005315316703468388,1561.0,370.0,2,1
6,2,genetico,Brats18_TCIA01_429_1,-0.2765096988304904,86.0,424.0,0,2
6,2,genetico,Brats18_TCIA01_448_1,-0.8089586599296399,199.0,519.0,0,2
6,2,genetico,Brats18_TCIA01_460_1,-1.574709096563921,630.0,828.0,2,2
6,2,genetico,Brats18_TCIA01_499_1,-0.4801287376622435,600.0,448.0,2,2
6,2,genetico,Brats18_TCIA02_491_1,1.1890830328213735,82.0,152.0,0,0
6,2,genetico,Brats18_TCIA03_419_1,0.9232665702798138,327.0,191.0,1,0
6,2,genetico,Brats18_TCIA04_192_1,-0.2918800247772856,121.0,425.0,0,2
6,2,genetico,Brats18_TCIA04_437_1,-1.0855927639067111,333.0,626.0,1,2
6,2,genetico,Brats18_TCIA08_278_1,-0.23976763807782064,1458.0,405.0,2,1
6,2,genetico,Brats18_TCIA08_280_1,-0.4181958077217361,508.0,439.0,2,2
6,3,edad,Brats18_2013_27_1,0.24347688675782503,120.0,329.0,0,0
6,3,edad,Brats18_CBICA_AAL_1,-0.17232251291549167,464.0,387.0,2,2
6,3,edad,Brats18_CBICA_AAP_1,-0.6340086602457371,788.0,495.0,2,2
6,3,edad,Brats18_CBICA_ABB_1,0.25781270686464614,465.0,327.0,2,0
6,3,edad,Brats18_CBICA_ALU_1,0.17919300843527214,495.0,332.0,2,0
6,3,edad,Brats18_CBICA_ALX_1,-0.008900225355281526,698.0,359.0,2,1
6,3,edad,Brats18_CBICA_AMH_1,0.07963028316908309,169.0,350.0,0,1
6,3,edad,Brats18_CBICA_AOH_1,-0.0929147990045587,576.0,375.0,2,1
6,3,edad,Brats18_CBICA_AQD_1,0.39550325812318393,32.0,287.0,0,0
6,3,edad,Brats18_CBICA_AQQ_1,0.30324483020529086,33.0,322.0,0,0
6,3,edad,Brats18_CBICA_AQY_1,-0.06875909366600376,229.0,370.0,0,1
6,3,edad,Brats18_CBICA_ARZ_1,-0.15644097013330502,871.0,385.0,2,2
6,3,edad,Brats18_CBICA_ASV_1,-0.15868378342697276,597.0,385.0,2,2
6,3,edad,Brats18_CBICA_ATB_1,0.33761442851635887,208.0,291.0,0,0
6,3,edad,Brats18_CBICA_ATD_1,0.27857388397494737,355.0,327.0,1,0
6,3,edad,Brats18_CBICA_ATV_1,0.06584001224180279,453.0,350.0,2,1
6,3,edad,Brats18_CBICA_AVV_1,0.3729842003232516,387.0,289.0,1,0
6,3,edad,Brats18_CBICA_AXJ_1,-0.9751890554729787,1767.0,626.0,2,2
6,3,edad,Brats18_CBICA_AYU_1,0.11500005497597583,58.0,345.0,0,0
6,3,edad,Brats18_CBICA_BHM_1,0.061930243121760736,436.0,350.0,1,1
6,3,edad,Brats18_TCIA02_135_1,0.2842112254968688,828.0,322.0,2,0
6,3,edad,Brats18_TCIA02_198_1,-0.17298929524604142,394.0,387.0,1,2
6,3,edad,Brats18_TCIA02_283_1,0.45005817607726,262.0,269.0,0,0
6,3,edad,Brats18_TCIA02_368_1,0.07805425220596536,317.0,350.0,1,1
6,3,edad,Brats18_TCIA02_430_1,-0.1855066180877268,71.0,387.0,0,2
6,3,edad,Brats18_TCIA02_473_1,0.03137948906747803,175.0,357.0,0,1
6,3,edad,Brats18_TCIA03_257_1,0.2830595105622824,425.0,322.0,1,0
6,3,edad,Brats18_TCIA04_343_1,-0.22148255564966468,296.0,401.0,0,2
6,3,edad,Brats18_TCIA04_479_1,-0.10870541692348855,372.0,376.0,1,1
6,3,edad,Brats18_TCIA06_409_1,0.2812410132971469,99.0,322.0,0,0
6,3,edad,Brats18_TCIA08_167_1,0.45221006450767076,153.0,269.0,0,0
6,3,edad,Brats18_TCIA08_469_1,0.11857643293074312,519.0,345.0,2,0
6,3,coxnet,Brats18_2013_27_1,0.2576008557748646,120.0,327.0,0,0
6,3,coxnet,Brats18_CBICA_AAL_1,-0.6379448339402128,464.0,486.0,2,2
6,3,coxnet,Brats18_CBICA_AAP_1,-0.7549547338368954,788.0,508.0,2,2
6,3,coxnet,Brats18_CBICA_ABB_1,0.36229289836520795,465.0,289.0,2,0
6,3,coxnet,Brats18_CBICA_ALU_1,0.0383730284664441,495.0,350.0,2,1
6,3,coxnet,Brats18_CBICA_ALX_1,-0.4797750423076899,698.0,448.0,2,2
6,3,coxnet,Brats18_CBICA_AMH_1,-0.11796680184158871,169.0,375.0,0,1
6,3,coxnet,Brats18_CBICA_AOH_1,-0.002737131413459748,576.0,357.0,2,1
6,3,coxnet,Brats18_CBICA_AQD_1,0.3734378317136711,32.0,289.0,0,0
6,3,coxnet,Brats18_CBICA_AQQ_1,0.5530015314309793,33.0,244.0,0,0
6,3,coxnet,Brats18_CBICA_AQY_1,0.0056139538597837066,229.0,357.0,0,1
6,3,coxnet,Brats18_CBICA_ARZ_1,-0.013485449905985221,871.0,357.0,2,1
6,3,coxnet,Brats18_CBICA_ASV_1,-0.20913061918062537,597.0,387.0,2,2
6,3,coxnet,Brats18_CBICA_ATB_1,0.5632707566332293,208.0,244.0,0,0
6,3,coxnet,Brats18_CBICA_ATD_1,0.17984709687375258,355.0,332.0,1,0
6,3,coxnet,Brats18_CBICA_ATV_1,-0.04083563708236624,453.0,359.0,2,1
6,3,coxnet,Brats18_CBICA_AVV_1,0.3953700448418,387.0,287.0,1,0
6,3,coxnet,Brats18_CBICA_AXJ_1,-0.9930562356529337,1767.0,616.0,2,2
6,3,coxnet,Brats18_CBICA_AYU_1,0.016502637959291286,58.0,355.0,0,1
6,3,coxnet,Brats18_CBICA_BHM_1,-0.05814977736341994,436.0,362.0,1,1
6,3,coxnet,Brats18_TCIA02_135_1,0.3880904616867585,828.0,287.0,2,0
6,3,coxnet,Brats18_TCIA02_198_1,-0.39726423944427514,394.0,434.0,1,2
6,3,coxnet,Brats18_TCIA02_283_1,0.4550531011929475,262.0,269.0,0,0
6,3,coxnet,Brats18_TCIA02_368_1,0.07393667778689929,317.0,346.0,1,1
6,3,coxnet,Brats18_TCIA02_430_1,-0.2518320113030099,71.0,394.0,0,2
6,3,coxnet,Brats18_TCIA02_473_1,0.11856398929427904,175.0,336.0,0,1
6,3,coxnet,Brats18_TCIA03_257_1,0.4176129681811345,425.0,286.0,1,0
6,3,coxnet,Brats18_TCIA04_343_1,-0.14598336515602237,296.0,376.0,0,1
6,3,coxnet,Brats18_TCIA04_479_1,-0.13407383343558824,372.0,375.0,1,1
6,3,coxnet,Brats18_TCIA06_409_1,0.35060903500742624,99.0,289.0,0,0
6,3,coxnet,Brats18_TCIA08_167_1,0.8102291110246908,153.0,199.0,0,0
6,3,coxnet,Brats18_TCIA08_469_1,0.27155448458352305,519.0,322.0,2,0
6,3,genetico,Brats18_2013_27_1,-0.012256375426068198,120.0,362.0,0,1
6,3,genetico,Brats18_CBICA_AAL_1,-1.306243239962921,464.0,737.0,2,2
6,3,genetico,Brats18_CBICA_AAP_1,-0.8491615852936243,788.0,522.0,2,2
6,3,genetico,Brats18_CBICA_ABB_1,0.4668830049880707,465.0,287.0,2,0
6,3,genetico,Brats18_CBICA_ALU_1,-0.562025226484558,495.0,467.0,2,2
6,3,genetico,Brats18_CBICA_ALX_1,-0.32226410405173844,698.0,421.0,2,2
6,3,genetico,Brats18_CBICA_AMH_1,-0.49442217278436834,169.0,448.0,0,2
6,3,genetico,Brats18_CBICA_AOH_1,0.03179582018815994,576.0,357.0,2,1
6,3,genetico,Brats18_CBICA_AQD_1,-0.009780664389038584,32.0,362.0,0,1
6,3,genetico,Brats18_CBICA_AQQ_1,1.3652170272193127,33.0,127.0,0,0
6,3,genetico,Brats18_CBICA_AQY_1,0.09965581099346203,229.0,350.0,0,1
6,3,genetico,Brats18_CBICA_ARZ_1,-0.21167850924340856,871.0,387.0,2,1
6,3,genetico,Brats18_CBICA_ASV_1,-0.34716465641623745,597.0,424.0,2,2
6,3,genetico,Brats18_CBICA_ATB_1,0.8842529798539149,208.0,199.0,0,0
6,3,genetico,Brats18_CBICA_ATD_1,-0.4784972136938498,355.0,448.0,1,2
6,3,genetico,Brats18_CBICA_ATV_1,0.3912357225907303,453.0,291.0,2,0
6,3,genetico,Brats18_CBICA_AVV_1,0.5037440284031569,387.0,269.0,1,0
6,3,genetico,Brats18_CBICA_AXJ_1,-1.4471368993135185,1767.0,822.0,2,2
6,3,genetico,Brats18_CBICA_AYU_1,-0.19537798380383078,58.0,387.0,0,1
6,3,genetico,Brats18_CBICA_BHM_1,-0.09559599604950844,436.0,375.0,1,1
6,3,genetico,Brats18_TCIA02_135_1,0.23497774241196773,828.0,332.0,2,0
6,3,genetico,Brats18_TCIA02_198_1,-0.6678009754617728,394.0,486.0,1,2
6,3,genetico,Brats18_TCIA02_283_1,0.3333558470612997,262.0,322.0,0,0
6,3,genetico,Brats18_TCIA02_368_1,-0.016969238099600093,317.0,362.0,1,1
6,3,genetico,Brats18_TCIA02_430_1,0.06655849883020049,71.0,355.0,0,1
6,3,genetico,Brats18_TCIA02_473_1,0.16250668326941328,175.0,336.0,0,0
6,3,genetico,Brats18_TCIA03_257_1,0.5675473876886873,425.0,265.0,1,0
6,3,genetico,Brats18_TCIA04_343_1,-0.21024726618525671,296.0,387.0,0,1
6,3,genetico,Brats18_TCIA04_479_1,-0.5662512820765618,372.0,467.0,1,2
6,3,genetico,Brats18_TCIA06_409_1,0.27580204689769033,99.0,329.0,0,0
6,3,genetico,Brats18_TCIA08_167_1,0.5911907580554199,153.0,254.0,0,0
6,3,genetico,Brats18_TCIA08_469_1,0.23002185957564938,519.0,332.0,2,0
6,4,edad,Brats18_2013_11_1,-1.257484617983695,150.0,804.0,0,2
6,4,edad,Brats18_CBICA_ABE_1,0.24245795765496087,269.0,329.0,0,0
6,4,edad,Brats18_CBICA_ABY_1,-0.4978836404191735,515.0,465.0,2,2
6,4,edad,Brats18_CBICA_AME_1,-0.36500181512381596,359.0,434.0,1,2
6,4,edad,Brats18_CBICA_ANG_1,-0.20615140026969855,368.0,394.0,1,2
6,4,edad,Brats18_CBICA_AOP_1,0.2703603783510751,332.0,322.0,1,0
6,4,edad,Brats18_CBICA_AQR_1,0.4099514137148054,89.0,287.0,0,0
6,4,edad,Brats18_CBICA_ASE_1,-0.5591742476908366,318.0,473.0,1,2
6,4,edad,Brats18_CBICA_ASN_1,-0.8483017356961198,407.0,576.0,1,2
6,4,edad,Brats18_CBICA_ASU_1,0.8012562244672461,85.0,203.0,0,0
6,4,edad,Brats18_CBICA_ASY_1,0.21814693764250462,610.0,329.0,2,0
6,4,edad,Brats18_CBICA_AVJ_1,-0.6211357759693371,614.0,486.0,2,2
6,4,edad,Brats18_CBICA_AWH_1,-0.3243518952977933,139.0,425.0,0,2
6,4,edad,Brats18_CBICA_AXM_1,0.2348804968718573,438.0,329.0,1,0
6,4,edad,Brats18_CBICA_AXW_1,0.7194038616330997,191.0,209.0,0,0
6,4,edad,Brats18_CBICA_AYA_1,0.5467403672264503,50.0,244.0,0,0
6,4,edad,Brats18_TCIA01_203_1,-0.594220003812689,268.0,476.0,0,2
6,4,edad,Brats18_TCIA01_378_1,0.5194694015955942,110.0,254.0,0,0
6,4,edad,Brats18_TCIA01_390_1,0.10231439910912943,634.0,346.0,2,1
6,4,edad,Brats18_TCIA01_401_1,0.70286763211164,448.0,209.0,1,0
6,4,edad,Brats18_TCIA02_118_1,-0.5391650153104548,104.0,468.0,0,2
6,4,edad,Brats18_TCIA02_151_1,-0.5134332214011665,1731.0,466.0,2,2
6,4,edad,Brats18_TCIA02_314_1,-0.8141636962305765,362.0,522.0,1,2
6,4,edad,Brats18_TCIA02_322_1,-0.14288749591910213,621.0,387.0,2,1
6,4,edad,Brats18_TCIA03_121_1,-1.2066524852303773,747.0,788.0,2,2
6,4,edad,Brats18_TCIA03_199_1,-0.4798082391761458,1282.0,464.0,2,2
6,4,edad,Brats18_TCIA03_474_1,0.016791703708167238,635.0,357.0,2,1
6,4,edad,Brats18_TCIA03_498_1,-0.06711288808806991,467.0,375.0,2,1
6,4,edad,Brats18_TCIA04_111_1,0.5635923242805395,626.0,244.0,2,0
6,4,edad,Brats18_TCIA04_149_1,-0.9523339576974749,448.0,600.0,1,2
6,4,edad,Brats18_TCIA05_478_1,-0.06817846851069356,30.0,375.0,0,1
6,4,edad,Brats18_TCIA06_372_1,0.5343085956291715,213.0,254.0,0,0
6,4,coxnet,Brats18_2013_11_1,-1.3734312652367746,150.0,822.0,0,2
6,4,coxnet,Brats18_CBICA_ABE_1,0.41216024440493315,269.0,287.0,0,0
6,4,coxnet,Brats18_CBICA_ABY_1,-0.41784566618428637,515.0,436.0,2,2
6,4,coxnet,Brats18_CBICA_AME_1,-0.26456695041396056,359.0,401.0,1,2
6,4,coxnet,Brats18_CBICA_ANG_1,-0.29799703168711894,368.0,405.0,1,2
6,4,coxnet,Brats18_CBICA_AOP_1,0.10998635898624856,332.0,345.0,1,1
6,4,coxnet,Brats18_CBICA_AQR_1,0.18840076855888002,89.0,331.0,0,0
6,4,coxnet,Brats18_CBICA_ASE_1,-0.5972865833752148,318.0,473.0,1,2
6,4,coxnet,Brats18_CBICA_ASN_1,-0.7177457152059338,407.0,495.0,1,2
6,4,coxnet,Brats18_CBICA_ASU_1,0.8103570281581923,85.0,203.0,0,0
6,4,coxnet,Brats18_CBICA_ASY_1,0.10463049517794183,610.0,345.0,2,1
6,4,coxnet,Brats18_CBICA_AVJ_1,-0.7524150493003534,614.0,503.0,2,2
6,4,coxnet,Brats18_CBICA_AWH_1,-0.2417680078104292,139.0,394.0,0,2
6,4,coxnet,Brats18_CBICA_AXM_1,-0.09777472041373267,438.0,376.0,1,1
6,4,coxnet,Brats18_CBICA_AXW_1,0.5914984212409995,191.0,239.0,0,0
6,4,coxnet,Brats18_CBICA_AYA_1,0.638944755459885,50.0,229.0,0,0
6,4,coxnet,Brats18_TCIA01_203_1,-0.44076067113383977,268.0,439.0,0,2
6,4,coxnet,Brats18_TCIA01_378_1,0.5985002904726353,110.0,239.0,0,0
6,4,coxnet,Brats18_TCIA01_390_1,0.1512165016177597,634.0,333.0,2,1
6,4,coxnet,Brats18_TCIA01_401_1,0.7476583204198732,448.0,208.0,1,0
6,4,coxnet,Brats18_TCIA02_118_1,-0.4101670573646719,104.0,434.0,0,2
6,4,coxnet,Brats18_TCIA02_151_1,-0.8175194672187909,1731.0,519.0,2,2
6,4,coxnet,Brats18_TCIA02_314_1,-0.5573662453850813,362.0,466.0,1,2
6,4,coxnet,Brats18_TCIA02_322_1,-0.33241708174132517,621.0,424.0,2,2
6,4,coxnet,Brats18_TCIA03_121_1,-1.1924603300328722,747.0,734.0,2,2
6,4,coxnet,Brats18_TCIA03_199_1,-0.5951090373670448,1282.0,468.0,2,2
6,4,coxnet,Brats18_TCIA03_474_1,0.4109671153488387,635.0,287.0,2,0
6,4,coxnet,Brats18_TCIA03_498_1,-0.31088280984543765,467.0,421.0,2,2
6,4,coxnet,Brats18_TCIA04_111_1,0.5172354967634204,626.0,254.0,2,0
6,4,coxnet,Brats18_TCIA04_149_1,-1.0277610186525796,448.0,616.0,1,2
6,4,coxnet,Brats18_TCIA05_478_1,-0.03602163905672433,30.0,370.0,0,1
6,4,coxnet,Brats18_TCIA06_372_1,0.5357729221946882,213.0,254.0,0,0
6,4,genetico,Brats18_2013_11_1,-2.1001806057144514,150.0,1561.0,0,2
6,4,genetico,Brats18_CBICA_ABE_1,0.414155139139488,269.0,289.0,0,0
6,4,genetico,Brats18_CBICA_ABY_1,0.10529009214053262,515.0,346.0,2,1
6,4,genetico,Brats18_CBICA_AME_1,0.32111467982037356,359.0,322.0,1,0
6,4,genetico,Brats18_CBICA_ANG_1,-0.6240391168996249,368.0,468.0,1,2
6,4,genetico,Brats18_CBICA_AOP_1,-0.6680498504485484,332.0,476.0,1,2
6,4,genetico,Brats18_CBICA_AQR_1,-0.4863336097131762,89.0,439.0,0,2
6,4,genetico,Brats18_CBICA_ASE_1,-0.173535891915362,318.0,387.0,1,1
6,4,genetico,Brats18_CBICA_ASN_1,-0.7924871262715758,407.0,503.0,1,2
6,4,genetico,Brats18_CBICA_ASU_1,1.2672033294207097,85.0,152.0,0,0
6,4,genetico,Brats18_CBICA_ASY_1,0.028862489531059514,610.0,355.0,2,1
6,4,genetico,Brats18_CBICA_AVJ_1,-0.8829612811554682,614.0,519.0,2,2
6,4,genetico,Brats18_CBICA_AWH_1,-0.032853948042477245,139.0,370.0,0,1
6,4,genetico,Brats18_CBICA_AXM_1,-0.9710907700173123,438.0,576.0,1,2
6,4,genetico,Brats18_CBICA_AXW_1,0.4723011646611146,191.0,287.0,0,0
6,4,genetico,Brats18_CBICA_AYA_1,1.3096393704499072,50.0,147.0,0,0
6,4,genetico,Brats18_TCIA01_203_1,-0.14474172333864088,268.0,385.0,0,1
6,4,genetico,Brats18_TCIA01_378_1,0.7975555494022962,110.0,208.0,0,0
6,4,genetico,Brats18_TCIA01_390_1,-0.8684816473356614,634.0,510.0,2,2
6,4,genetico,Brats18_TCIA01_401_1,0.44272870720299123,448.0,287.0,1,0
6,4,genetico,Brats18_TCIA02_118_1,-0.23249565287461413,104.0,394.0,0,1
6,4,genetico,Brats18_TCIA02_151_1,-1.8687475845662869,1731.0,1337.0,2,2
6,4,genetico,Brats18_TCIA02_314_1,0.9674874493285266,362.0,187.0,1,0
6,4,genetico,Brats18_TCIA02_322_1,-1.2566499913648534,621.0,726.0,2,2
6,4,genetico,Brats18_TCIA03_121_1,-0.8968345267278997,747.0,519.0,2,2
6,4,genetico,Brats18_TCIA03_199_1,-0.5831220544500655,1282.0,465.0,2,2
6,4,genetico,Brats18_TCIA03_474_1,0.632497860095282,635.0,239.0,2,0
6,4,genetico,Brats18_TCIA03_498_1,-1.4740871739982833,467.0,822.0,2,2
6,4,genetico,Brats18_TCIA04_111_1,0.05003303324189756,626.0,355.0,2,1
6,4,genetico,Brats18_TCIA04_149_1,-1.5494770894180347,448.0,871.0,1,2
6,4,genetico,Brats18_TCIA05_478_1,-0.47178628369085795,30.0,439.0,0,2
6,4,genetico,Brats18_TCIA06_372_1,0.30828699794376463,213.0,322.0,0,0
7,0,edad,Brats18_CBICA_ABE_1,0.25103683752178685,269.0,327.0,0,0
7,0,edad,Brats18_CBICA_ABM_1,0.3583668267246794,503.0,291.0,2,0
7,0,edad,Brats18_CBICA_ABY_1,-0.47164918812683515,515.0,465.0,2,2
7,0,edad,Brats18_CBICA_ALN_1,0.01279970427315526,421.0,359.0,1,1
7,0,edad,Brats18_CBICA_ANI_1,-0.09060075912259605,439.0,376.0,1,1
7,0,edad,Brats18_CBICA_AQJ_1,0.21050878704029236,170.0,331.0,0,0
7,0,edad,Brats18_CBICA_AQP_1,-0.545424108917768,1283.0,473.0,2,2
7,0,edad,Brats18_CBICA_AQQ_1,0.36144880774988797,33.0,291.0,0,0
7,0,edad,Brats18_CBICA_AUR_1,0.37146524608181586,12.0,291.0,0,0
7,0,edad,Brats18_CBICA_AVJ_1,-0.5919620223984191,614.0,486.0,2,2
7,0,edad,Brats18_CBICA_AWG_1,-0.19561926255658227,180.0,394.0,0,1
7,0,edad,Brats18_CBICA_BHM_1,0.05471464621599342,436.0,355.0,1,1
7,0,edad,Brats18_TCIA01_147_1,0.031060441847516593,209.0,357.0,0,1
7,0,edad,Brats18_TCIA01_190_1,0.035298165757178784,322.0,357.0,1,1
7,0,edad,Brats18_TCIA01_201_1,0.004593929793537098,430.0,359.0,1,1
7,0,edad,Brats18_TCIA01_231_1,0.12309610021281109,1561.0,345.0,2,0
7,0,edad,Brats18_TCIA01_390_1,0.11423540476533622,634.0,350.0,2,1
7,0,edad,Brats18_TCIA01_460_1,-1.6039690167885061,630.0,1282.0,2,2
7,0,edad,Brats18_TCIA02_118_1,-0.5119460900314386,104.0,468.0,0,2
7,0,edad,Brats18_TCIA02_135_1,0.3372552567019998,828.0,296.0,2,0
7,0,edad,Brats18_TCIA02_179_1,-0.5367560372843686,405.0,473.0,1,2
7,0,edad,Brats18_TCIA02_314_1,-0.780386637327115,362.0,558.0,1,2
7,0,edad,Brats18_TCIA02_321_1,0.7936581217725908,67.0,208.0,0,0
7,0,edad,Brats18_TCIA02_322_1,-0.12511894660493336,621.0,385.0,2,1
7,0,edad,Brats18_TCIA02_331_1,0.93361858507988,187.0,175.0,0,0
7,0,edad,Brats18_TCIA02_394_1,0.14012404537708908,616.0,345.0,2,0
7,0,edad,Brats18_TCIA03_296_1,-0.007040548576625676,22.0,368.0,0,1
7,0,edad,Brats18_TCIA03_498_1,-0.051151401999925114,467.0,375.0,2,1
7,0,edad,Brats18_TCIA04_437_1,-0.5261232027473984,333.0,468.0,1,2
7,0,edad,Brats18_TCIA04_479_1,-0.16217976843306792,372.0,387.0,1,1
7,0,edad,Brats18_TCIA08_105_1,0.2318129808770473,77.0,329.0,0,0
7,0,edad,Brats18_TCIA08_218_1,-0.1257738675727903,346.0,385.0,1,1
7,0,edad,Brats18_TCIA08_242_1,0.22611131598041137,147.0,329.0,0,0
7,0,coxnet,Brats18_CBICA_ABE_1,0.26147588227877255,269.0,327.0,0,0
7,0,coxnet,Brats18_CBICA_ABM_1,0.3774495234083057,503.0,289.0,2,0
7,0,coxnet,Brats18_CBICA_ABY_1,-0.45695465555822773,515.0,464.0,2,2
7,0,coxnet,Brats18_CBICA_ALN_1,0.03494405120684706,421.0,357.0,1,1
7,0,coxnet,Brats18_CBICA_ANI_1,-0.0838123573731104,439.0,376.0,1,1
7,0,coxnet,Brats18_CBICA_AQJ_1,0.219879858376399,170.0,329.0,0,0
7,0,coxnet,Brats18_CBICA_AQP_1,-0.5306943461034258,1283.0,468.0,2,2
7,0,coxnet,Brats18_CBICA_AQQ_1,0.3860133637639926,33.0,289.0,0,0
7,0,coxnet,Brats18_CBICA_AUR_1,0.38195095644478205,12.0,289.0,0,0
7,0,coxnet,Brats18_CBICA_AVJ_1,-0.5933838300400847,614.0,486.0,2,2
7,0,coxnet,Brats18_CBICA_AWG_1,-0.1768029513706618,180.0,387.0,0,1
7,0,coxnet,Brats18_CBICA_BHM_1,0.06821133306488245,436.0,355.0,1,1
7,0,coxnet,Brats18_TCIA01_147_1,0.04604094832099853,209.0,355.0,0,1
7,0,coxnet,Brats18_TCIA01_190_1,-0.04100325985056954,322.0,370.0,1,1
7,0,coxnet,Brats18_TCIA01_201_1,-0.02941587833201325,430.0,370.0,1,1
7,0,coxnet,Brats18_TCIA01_231_1,0.11913375889537545,1561.0,345.0,2,1
7,0,coxnet,Brats18_TCIA01_390_1,0.1093948855480526,634.0,350.0,2,1
7,0,coxnet,Brats18_TCIA01_460_1,-1.6204036810072076,630.0,1282.0,2,2
7,0,coxnet,Brats18_TCIA02_118_1,-0.5123763949189523,104.0,466.0,0,2
7,0,coxnet,Brats18_TCIA02_135_1,0.3436688437385624,828.0,296.0,2,0
7,0,coxnet,Brats18_TCIA02_179_1,-0.5263919269054442,405.0,468.0,1,2
7,0,coxnet,Brats18_TCIA02_314_1,-0.7734041552321028,362.0,522.0,1,2
7,0,coxnet,Brats18_TCIA02_321_1,0.8094886460065884,67.0,208.0,0,0
7,0,coxnet,Brats18_TCIA02_322_1,-0.12278080019152773,621.0,385.0,2,1
7,0,coxnet,Brats18_TCIA02_331_1,0.8972088803473994,187.0,191.0,0,0
7,0,coxnet,Brats18_TCIA02_394_1,0.12681510375267496,616.0,345.0,2,1
7,0,coxnet,Brats18_TCIA03_296_1,0.007412944817682184,22.0,359.0,0,1
7,0,coxnet,Brats18_TCIA03_498_1,-0.07854727547682529,467.0,376.0,2,1
7,0,coxnet,Brats18_TCIA04_437_1,-0.5623843927436256,333.0,476.0,1,2
7,0,coxnet,Brats18_TCIA04_479_1,-0.15069358642097266,372.0,387.0,1,1
7,0,coxnet,Brats18_TCIA08_105_1,0.24730523719402084,77.0,327.0,0,0
7,0,coxnet,Brats18_TCIA08_218_1,-0.10997616032342858,346.0,382.0,1,1
7,0,coxnet,Brats18_TCIA08_242_1,0.22030914280910455,147.0,329.0,0,0
7,0,genetico,Brats18_CBICA_ABE_1,0.41871400268616543,269.0,289.0,0,0
7,0,genetico,Brats18_CBICA_ABM_1,0.7003284430032954,503.0,229.0,2,0
7,0,genetico,Brats18_CBICA_ABY_1,-0.20872758966431113,515.0,394.0,2,1
7,0,genetico,Brats18_CBICA_ALN_1,0.40174749473801585,421.0,289.0,1,0
7,0,genetico,Brats18_CBICA_ANI_1,0.14793189013038613,439.0,345.0,1,1
7,0,genetico,Brats18_CBICA_AQJ_1,0.5166305404022487,170.0,265.0,0,0
7,0,genetico,Brats18_CBICA_AQP_1,-0.3487815560960068,1283.0,438.0,2,2
7,0,genetico,Brats18_CBICA_AQQ_1,0.7174656831198969,33.0,213.0,0,0
7,0,genetico,Brats18_CBICA_AUR_1,0.5851756558411199,12.0,254.0,0,0
7,0,genetico,Brats18_CBICA_AVJ_1,-0.4922732984678387,614.0,465.0,2,2
7,0,genetico,Brats18_CBICA_AWG_1,0.1811144325760407,180.0,332.0,0,1
7,0,genetico,Brats18_CBICA_BHM_1,0.30655534185118094,436.0,318.0,1,0
7,0,genetico,Brats18_TCIA01_147_1,0.1432291607210032,209.0,345.0,0,1
7,0,genetico,Brats18_TCIA01_190_1,-0.3413709348675401,322.0,434.0,1,2
7,0,genetico,Brats18_TCIA01_201_1,-0.6730602472023699,430.0,495.0,1,2
7,0,genetico,Brats18_TCIA01_231_1,0.026079251366961403,1561.0,359.0,2,1
7,0,genetico,Brats18_TCIA01_390_1,-0.2991989839114636,634.0,424.0,2,2
7,0,genetico,Brats18_TCIA01_460_1,-1.6706985973238662,630.0,1282.0,2,2
7,0,genetico,Brats18_TCIA02_118_1,-0.5938554288456702,104.0,476.0,0,2
7,0,genetico,Brats18_TCIA02_135_1,0.3870300332253371,828.0,291.0,2,0
7,0,genetico,Brats18_TCIA02_179_1,-0.30096118666775795,405.0,424.0,1,2
7,0,genetico,Brats18_TCIA02_314_1,-0.4872242529358507,362.0,465.0,1,2
7,0,genetico,Brats18_TCIA02_321_1,0.9545451092095998,67.0,191.0,0,0
7,0,genetico,Brats18_TCIA02_322_1,-0.17557566501574584,621.0,387.0,2,1
7,0,genetico,Brats18_TCIA02_331_1,0.6911410841114494,187.0,229.0,0,0
7,0,genetico,Brats18_TCIA02_394_1,0.15148090681246087,616.0,345.0,2,1
7,0,genetico,Brats18_TCIA03_296_1,-0.005233409544706302,22.0,368.0,0,1
7,0,genetico,Brats18_TCIA03_498_1,-0.6132898866127763,467.0,486.0,2,2
7,0,genetico,Brats18_TCIA04_437_1,-0.6701508058103761,333.0,495.0,1,2
7,0,genetico,Brats18_TCIA04_479_1,-0.16148935886396054,372.0,387.0,1,1
7,0,genetico,Brats18_TCIA08_105_1,0.37747102225041046,77.0,291.0,0,0
7,0,genetico,Brats18_TCIA08_218_1,-0.09372899093265602,346.0,376.0,1,1
7,0,genetico,Brats18_TCIA08_242_1,-0.010425139483821802,147.0,368.0,0,1
7,1,edad,Brats18_CBICA_ALU_1,0.18433702063213686,495.0,333.0,2,0
7,1,edad,Brats18_CBICA_ANP_1,0.046889532664034624,486.0,355.0,2,1
7,1,edad,Brats18_CBICA_ANZ_1,0.2531567922044285,287.0,322.0,0,0
7,1,edad,Brats18_CBICA_AOD_1,0.014112115877976004,55.0,357.0,0,1
7,1,edad,Brats18_CBICA_AOH_1,-0.10304154177532027,576.0,382.0,2,1
7,1,edad,Brats18_CBICA_AOZ_1,-0.4312958475771105,331.0,453.0,1,2
7,1,edad,Brats18_CBICA_APR_1,0.08206763915610372,23.0,350.0,0,1
7,1,edad,Brats18_CBICA_AQN_1,0.09768812684320986,488.0,350.0,2,1
7,1,edad,Brats18_CBICA_AQT_1,0.506957707923823,172.0,262.0,0,0
7,1,edad,Brats18_CBICA_AQV_1,-0.21696227062452267,84.0,401.0,0,2
7,1,edad,Brats18_CBICA_ASE_1,-0.42655848655725037,318.0,448.0,1,2
7,1,edad,Brats18_CBICA_ASU_1,0.6768305115211024,85.0,210.0,0,0
7,1,edad,Brats18_CBICA_AUN_1,0.2677209764208901,376.0,322.0,1,0
7,1,edad,Brats18_CBICA_AUQ_1,0.021634276956807846,1337.0,357.0,2,1
7,1,edad,Brats18_CBICA_AVG_1,0.10303366258859255,579.0,346.0,2,1
7,1,edad,Brats18_CBICA_AVV_1,0.3890038203685238,387.0,286.0,1,0
7,1,edad,Brats18_CBICA_AWI_1,-0.434976905126326,375.0,453.0,1,2
7,1,edad,Brats18_CBICA_AXL_1,0.46380931160780026,168.0,268.0,0,0
7,1,edad,Brats18_CBICA_AXM_1,0.21746653857507706,438.0,332.0,1,0
7,1,edad,Brats18_CBICA_AXQ_1,0.19659654273082863,114.0,333.0,0,0
7,1,edad,Brats18_CBICA_AZD_1,-0.4443555995778056,448.0,453.0,1,2
7,1,edad,Brats18_TCIA01_186_1,-0.8403093550890827,370.0,610.0,1,2
7,1,edad,Brats18_TCIA01_378_1,0.44828485150893455,110.0,268.0,0,0
7,1,edad,Brats18_TCIA01_499_1,-0.3219524337673673,600.0,430.0,2,2
7,1,edad,Brats18_TCIA02_226_1,0.4301356373314979,329.0,269.0,1,0
7,1,edad,Brats18_TCIA02_290_1,-0.5450565304459122,737.0,468.0,2,2
7,1,edad,Brats18_TCIA02_300_1,0.13565103339425064,127.0,345.0,0,0
7,1,edad,Brats18_TCIA03_199_1,-0.3621879932400977,1282.0,436.0,2,2
7,1,edad,Brats18_TCIA03_257_1,0.2940325355987612,425.0,317.0,1,0
7,1,edad,Brats18_TCIA03_375_1,-0.004485227044582854,946.0,359.0,2,1
7,1,edad,Brats18_TCIA05_277_1,0.32735410871818266,232.0,296.0,0,0
7,1,edad,Brats18_TCIA06_409_1,0.2921119838339534,99.0,317.0,0,0
7,1,edad,Brats18_TCIA08_278_1,-0.3085405806097906,1458.0,430.0,2,2
7,1,coxnet,Brats18_CBICA_ALU_1,0.10192458423145262,495.0,346.0,2,1
7,1,coxnet,Brats18_CBICA_ANP_1,0.1276008889464992,486.0,345.0,2,0
7,1,coxnet,Brats18_CBICA_ANZ_1,0.2994638412320636,287.0,296.0,0,0
7,1,coxnet,Brats18_CBICA_AOD_1,0.09044298944685285,55.0,346.0,0,1
7,1,coxnet,Brats18_CBICA_AOH_1,-0.07482377312454379,576.0,368.0,2,1
7,1,coxnet,Brats18_CBICA_AOZ_1,-0.4329493316734589,331.0,448.0,1,2
7,1,coxnet,Brats18_CBICA_APR_1,0.14307901749846344,23.0,336.0,0,0
7,1,coxnet,Brats18_CBICA_AQN_1,0.19051052721053865,488.0,332.0,2,0
7,1,coxnet,Brats18_CBICA_AQT_1,0.4804326878345911,172.0,265.0,0,0
7,1,coxnet,Brats18_CBICA_AQV_1,-0.11575111299989561,84.0,382.0,0,1
7,1,coxnet,Brats18_CBICA_ASE_1,-0.3822100789003376,318.0,436.0,1,2
7,1,coxnet,Brats18_CBICA_ASU_1,0.70424283196751,85.0,209.0,0,0
7,1,coxnet,Brats18_CBICA_AUN_1,0.2698089308899134,376.0,317.0,1,0
7,1,coxnet,Brats18_CBICA_AUQ_1,-0.017553669277678537,1337.0,359.0,2,1
7,1,coxnet,Brats18_CBICA_AVG_1,-0.031524909573190166,579.0,362.0,2,1
7,1,coxnet,Brats18_CBICA_AVV_1,0.43559548676064125,387.0,268.0,1,0
7,1,coxnet,Brats18_CBICA_AWI_1,-0.3615004678207358,375.0,434.0,1,2
7,1,coxnet,Brats18_CBICA_AXL_1,0.646677201876024,168.0,213.0,0,0
7,1,coxnet,Brats18_CBICA_AXM_1,0.08341137575987521,438.0,350.0,1,1
7,1,coxnet,Brats18_CBICA_AXQ_1,0.2476470597535826,114.0,322.0,0,0
7,1,coxnet,Brats18_CBICA_AZD_1,-0.44357657956661395,448.0,448.0,1,2
7,1,coxnet,Brats18_TCIA01_186_1,-0.8166194019705594,370.0,558.0,1,2
7,1,coxnet,Brats18_TCIA01_378_1,0.5256349907257641,110.0,254.0,0,0
7,1,coxnet,Brats18_TCIA01_499_1,-0.3342211516171529,600.0,430.0,2,2
7,1,coxnet,Brats18_TCIA02_226_1,0.4970906767899883,329.0,262.0,1,0
7,1,coxnet,Brats18_TCIA02_290_1,-0.4278126771385813,737.0,448.0,2,2
7,1,coxnet,Brats18_TCIA02_300_1,0.10018046639777858,127.0,346.0,0,1
7,1,coxnet,Brats18_TCIA03_199_1,-0.4518594298796481,1282.0,448.0,2,2
7,1,coxnet,Brats18_TCIA03_257_1,0.3624886868210808,425.0,289.0,1,0
7,1,coxnet,Brats18_TCIA03_375_1,0.054038697877640644,946.0,355.0,2,1
7,1,coxnet,Brats18_TCIA05_277_1,0.25633164732315333,232.0,322.0,0,0
7,1,coxnet,Brats18_TCIA06_409_1,0.4137796469638662,99.0,269.0,0,0
7,1,coxnet,Brats18_TCIA08_278_1,-0.3504795944955146,1458.0,434.0,2,2
7,1,genetico,Brats18_CBICA_ALU_1,-0.1946091165861036,495.0,394.0,2,1
7,1,genetico,Brats18_CBICA_ANP_1,-0.02953312796510177,486.0,359.0,2,1
7,1,genetico,Brats18_CBICA_ANZ_1,0.11389311012183492,287.0,346.0,0,1
7,1,genetico,Brats18_CBICA_AOD_1,0.5874351059664482,55.0,244.0,0,0
7,1,genetico,Brats18_CBICA_AOH_1,-0.0623118092385426,576.0,368.0,2,1
7,1,genetico,Brats18_CBICA_AOZ_1,-0.39826661301627087,331.0,436.0,1,2
7,1,genetico,Brats18_CBICA_APR_1,0.04383814370940792,23.0,355.0,0,1
7,1,genetico,Brats18_CBICA_AQN_1,0.038060333717849795,488.0,355.0,2,1
7,1,genetico,Brats18_CBICA_AQT_1,0.3913688028697074,172.0,286.0,0,0
7,1,genetico,Brats18_CBICA_AQV_1,-0.5036531460259313,84.0,453.0,0,2
7,1,genetico,Brats18_CBICA_ASE_1,-0.3266855866877313,318.0,424.0,1,2
7,1,genetico,Brats18_CBICA_ASU_1,0.22379041981272169,85.0,327.0,0,0
7,1,genetico,Brats18_CBICA_AUN_1,0.32117588152492227,376.0,296.0,1,0
7,1,genetico,Brats18_CBICA_AUQ_1,-0.5257552283042508,1337.0,464.0,2,2
7,1,genetico,Brats18_CBICA_AVG_1,-0.5021526827172038,579.0,453.0,2,2
7,1,genetico,Brats18_CBICA_AVV_1,0.35072720517606587,387.0,291.0,1,0
7,1,genetico,Brats18_CBICA_AWI_1,-0.06174041601340616,375.0,368.0,1,1
7,1,genetico,Brats18_CBICA_AXL_1,0.7751676442936932,168.0,208.0,0,0
7,1,genetico,Brats18_CBICA_AXM_1,-0.22516033442792602,438.0,394.0,1,2
7,1,genetico,Brats18_CBICA_AXQ_1,0.08270960139401054,114.0,350.0,0,1
7,1,genetico,Brats18_CBICA_AZD_1,-0.76632900798703,448.0,510.0,1,2
7,1,genetico,Brats18_TCIA01_186_1,-1.1204288703551253,370.0,634.0,1,2
7,1,genetico,Brats18_TCIA01_378_1,0.3713146653046723,110.0,289.0,0,0
7,1,genetico,Brats18_TCIA01_499_1,-0.4666076218142431,600.0,448.0,2,2
7,1,genetico,Brats18_TCIA02_226_1,0.7934185267361507,329.0,208.0,1,0
7,1,genetico,Brats18_TCIA02_290_1,-0.16103673761953105,737.0,387.0,2,1
7,1,genetico,Brats18_TCIA02_300_1,-0.009576623367335557,127.0,359.0,0,1
7,1,genetico,Brats18_TCIA03_199_1,-0.5539387171442776,1282.0,466.0,2,2
7,1,genetico,Brats18_TCIA03_257_1,0.43690405167678426,425.0,269.0,1,0
7,1,genetico,Brats18_TCIA03_375_1,-0.19589589820059347,946.0,394.0,2,1
7,1,genetico,Brats18_TCIA05_277_1,0.1116221449124381,232.0,346.0,0,1
7,1,genetico,Brats18_TCIA06_409_1,0.2197843025646079,99.0,332.0,0,0
7,1,genetico,Brats18_TCIA08_278_1,-0.2447426966524972,1458.0,401.0,2,2
7,2,edad,Brats18_2013_11_1,-1.0511940910901951,150.0,634.0,0,2
7,2,edad,Brats18_2013_27_1,0.23827170779091433,120.0,332.0,0,0
7,2,edad,Brats18_CBICA_AAG_1,-0.2840448113085623,616.0,430.0,2,2
7,2,edad,Brats18_CBICA_APY_1,-0.5066351156655454,203.0,467.0,0,2
7,2,edad,Brats18_CBICA_AQA_1,0.5149599089030129,106.0,286.0,0,0
7,2,edad,Brats18_CBICA_AQD_1,0.4045431845823707,32.0,296.0,0,0
7,2,edad,Brats18_CBICA_AQG_1,-0.23955989865821659,466.0,424.0,2,2
7,2,edad,Brats18_CBICA_AQO_1,0.23296799242276595,473.0,332.0,2,0
7,2,edad,Brats18_CBICA_ARF_1,0.4799885356942833,726.0,287.0,2,0
7,2,edad,Brats18_CBICA_ARW_1,-0.5441589018951964,495.0,476.0,2,2
7,2,edad,Brats18_CBICA_ASN_1,-0.7075133352341708,407.0,519.0,1,2
7,2,edad,Brats18_CBICA_ASO_1,-0.2812272125192334,265.0,425.0,0,2
7,2,edad,Brats18_CBICA_ATD_1,0.2766573477678893,355.0,329.0,1,0
7,2,edad,Brats18_CBICA_ATP_1,-0.3063867122968879,385.0,434.0,1,2
7,2,edad,Brats18_CBICA_AXJ_1,-1.09458511244586,1767.0,660.0,2,2
7,2,edad,Brats18_CBICA_AYA_1,0.46420998247404144,50.0,287.0,0,0
7,2,edad,Brats18_CBICA_AYI_1,0.16869359180501625,387.0,345.0,1,0
7,2,edad,Brats18_CBICA_AYU_1,0.09775639875602951,58.0,350.0,0,0
7,2,edad,Brats18_TCIA01_203_1,-0.49410508810829457,268.0,465.0,0,2
7,2,edad,Brats18_TCIA01_235_1,-0.09476846910776185,804.0,382.0,2,1
7,2,edad,Brats18_TCIA01_335_1,-0.21075409456495994,355.0,405.0,1,2
7,2,edad,Brats18_TCIA01_411_1,-0.5942790121241998,822.0,488.0,2,2
7,2,edad,Brats18_TCIA02_151_1,-0.4262506796170445,1731.0,448.0,2,2
7,2,edad,Brats18_TCIA02_283_1,0.46420998247404144,262.0,287.0,0,0
7,2,edad,Brats18_TCIA03_138_1,0.3660249517211918,82.0,317.0,0,0
7,2,edad,Brats18_TCIA03_419_1,0.32352893233390195,327.0,318.0,1,0
7,2,edad,Brats18_TCIA03_474_1,0.019095670202176816,635.0,368.0,2,1
7,2,edad,Brats18_TCIA04_149_1,-0.7948920459244179,448.0,576.0,1,2
7,2,edad,Brats18_TCIA05_478_1,-0.0522724497204717,30.0,375.0,0,1
7,2,edad,Brats18_TCIA06_372_1,0.4537682928429992,213.0,289.0,0,0
7,2,edad,Brats18_TCIA08_167_1,0.46656350616865727,153.0,287.0,0,0
7,2,edad,Brats18_TCIA08_280_1,-0.11502203216987893,508.0,387.0,2,1
7,2,edad,Brats18_TCIA08_319_1,0.13352332926998114,254.0,346.0,0,0
7,2,coxnet,Brats18_2013_11_1,-1.0958618024511968,150.0,626.0,0,2
7,2,coxnet,Brats18_2013_27_1,0.17714639155246323,120.0,333.0,0,0
7,2,coxnet,Brats18_CBICA_AAG_1,-0.47780753813691595,616.0,448.0,2,2
7,2,coxnet,Brats18_CBICA_APY_1,-1.0049869406763983,203.0,614.0,0,2
7,2,coxnet,Brats18_CBICA_AQA_1,0.432826601169827,106.0,289.0,0,0
7,2,coxnet,Brats18_CBICA_AQD_1,0.34326044831019664,32.0,317.0,0,0
7,2,coxnet,Brats18_CBICA_AQG_1,-0.3035063308513098,466.0,425.0,2,2
7,2,coxnet,Brats18_CBICA_AQO_1,0.15626020895808204,473.0,336.0,2,0
7,2,coxnet,Brats18_CBICA_ARF_1,0.45372952967905866,726.0,287.0,2,0
7,2,coxnet,Brats18_CBICA_ARW_1,-0.6055864014611694,495.0,476.0,2,2
7,2,coxnet,Brats18_CBICA_ASN_1,-0.41730597512346207,407.0,439.0,1,2
7,2,coxnet,Brats18_CBICA_ASO_1,-0.2895014127914093,265.0,424.0,0,2
7,2,coxnet,Brats18_CBICA_ATD_1,0.1589413273991621,355.0,336.0,1,0
7,2,coxnet,Brats18_CBICA_ATP_1,-0.5109199995609899,385.0,464.0,1,2
7,2,coxnet,Brats18_CBICA_AXJ_1,-1.2365834791748225,1767.0,734.0,2,2
7,2,coxnet,Brats18_CBICA_AYA_1,0.5376356760078591,50.0,269.0,0,0
7,2,coxnet,Brats18_CBICA_AYI_1,0.17215599767384415,387.0,336.0,1,0
7,2,coxnet,Brats18_CBICA_AYU_1,-0.07888517028850749,58.0,375.0,0,1
7,2,coxnet,Brats18_TCIA01_203_1,-0.2978211728578397,268.0,424.0,0,2
7,2,coxnet,Brats18_TCIA01_235_1,-0.15840440546708381,804.0,387.0,2,2
7,2,coxnet,Brats18_TCIA01_335_1,-0.16587711174701217,355.0,394.0,1,2
7,2,coxnet,Brats18_TCIA01_411_1,-0.5752250909365179,822.0,467.0,2,2
7,2,coxnet,Brats18_TCIA02_151_1,-0.7630714748233988,1731.0,515.0,2,2
7,2,coxnet,Brats18_TCIA02_283_1,0.5057190828257645,262.0,286.0,0,0
7,2,coxnet,Brats18_TCIA03_138_1,0.6815680802426118,82.0,210.0,0,0
7,2,coxnet,Brats18_TCIA03_419_1,0.5244691035974011,327.0,269.0,1,0
7,2,coxnet,Brats18_TCIA03_474_1,0.5218298973586467,635.0,269.0,2,0
7,2,coxnet,Brats18_TCIA04_149_1,-0.8771542394581447,448.0,579.0,1,2
7,2,coxnet,Brats18_TCIA05_478_1,-0.070587067045325,30.0,372.0,0,1
7,2,coxnet,Brats18_TCIA06_372_1,0.3330089613825637,213.0,318.0,0,0
7,2,coxnet,Brats18_TCIA08_167_1,0.5649987436146279,153.0,244.0,0,0
7,2,coxnet,Brats18_TCIA08_280_1,-1.3689147236427557,508.0,788.0,2,2
7,2,coxnet,Brats18_TCIA08_319_1,0.08182848111378584,254.0,350.0,0,1
7,2,genetico,Brats18_2013_11_1,-0.9551917543572226,150.0,579.0,0,2
7,2,genetico,Brats18_2013_27_1,0.08072790990784834,120.0,357.0,0,1
7,2,genetico,Brats18_CBICA_AAG_1,-0.33845878667203433,616.0,425.0,2,2
7,2,genetico,Brats18_CBICA_APY_1,-0.8490253625096382,203.0,519.0,0,2
7,2,genetico,Brats18_CBICA_AQA_1,0.23116203204694646,106.0,332.0,0,0
7,2,genetico,Brats18_CBICA_AQD_1,0.2665514158267832,32.0,331.0,0,0
7,2,genetico,Brats18_CBICA_AQG_1,0.32796635842630684,466.0,322.0,2,0
7,2,genetico,Brats18_CBICA_AQO_1,0.07237551330306563,473.0,357.0,2,1
7,2,genetico,Brats18_CBICA_ARF_1,0.2199234340570845,726.0,333.0,2,1
7,2,genetico,Brats18_CBICA_ARW_1,-0.04152823792027138,495.0,370.0,2,1
7,2,genetico,Brats18_CBICA_ASN_1,-0.3528482794317877,407.0,425.0,1,2
7,2,genetico,Brats18_CBICA_ASO_1,-0.06037000461253815,265.0,372.0,0,1
7,2,genetico,Brats18_CBICA_ATD_1,-0.31466826833259354,355.0,424.0,1,2
7,2,genetico,Brats18_CBICA_ATP_1,-0.8911717032723938,385.0,558.0,1,2
7,2,genetico,Brats18_CBICA_AXJ_1,-1.209913133054601,1767.0,634.0,2,2
7,2,genetico,Brats18_CBICA_AYA_1,0.9620707235156984,50.0,180.0,0,0
7,2,genetico,Brats18_CBICA_AYI_1,-0.22739507766560424,387.0,394.0,1,1
7,2,genetico,Brats18_CBICA_AYU_1,0.05071735283812906,58.0,359.0,0,1
7,2,genetico,Brats18_TCIA01_203_1,0.2584382158816267,268.0,331.0,0,0
7,2,genetico,Brats18_TCIA01_235_1,-0.6992657649166502,804.0,486.0,2,2
7,2,genetico,Brats18_TCIA01_335_1,-0.016707936106286625,355.0,368.0,1,1
7,2,genetico,Brats18_TCIA01_411_1,-1.2503873991262788,822.0,660.0,2,2
7,2,genetico,Brats18_TCIA02_151_1,-1.3431445995660494,1731.0,737.0,2,2
7,2,genetico,Brats18_TCIA02_283_1,0.9972080635058649,262.0,180.0,0,0
7,2,genetico,Brats18_TCIA03_138_1,1.0064137986851678,82.0,175.0,0,0
7,2,genetico,Brats18_TCIA03_419_1,0.29754203926160494,327.0,329.0,1,0
7,2,genetico,Brats18_TCIA03_474_1,0.34010234851086013,635.0,318.0,2,0
7,2,genetico,Brats18_TCIA04_149_1,-0.9392730377547089,448.0,579.0,1,2
7,2,genetico,Brats18_TCIA05_478_1,-0.522845785463703,30.0,448.0,0,2
7,2,genetico,Brats18_TCIA06_372_1,0.23259708459057052,213.0,332.0,0,0
7,2,genetico,Brats18_TCIA08_167_1,0.795896934600582,153.0,208.0,0,0
7,2,genetico,Brats18_TCIA08_280_1,0.034642876630989416,508.0,359.0,2,1
7,2,genetico,Brats18_TCIA08_319_1,-0.13071708574144364,254.0,382.0,0,1
7,3,edad,Brats18_CBICA_AAL_1,-0.18008346886795693,464.0,387.0,2,2
7,3,edad,Brats18_CBICA_ABN_1,0.2984158696557181,1278.0,327.0,2,0
7,3,edad,Brats18_CBICA_ALX_1,0.004417992324810146,698.0,362.0,2,1
7,3,edad,Brats18_CBICA_AMH_1,0.10436768968090676,169.0,355.0,0,1
7,3,edad,Brats18_CBICA_AQR_1,0.40397725833889475,89.0,289.0,0,0
7,3,edad,Brats18_CBICA_AQU_1,0.45561166207403675,30.0,269.0,0,0
7,3,edad,Brats18_CBICA_AQZ_1,0.12938077724246336,286.0,350.0,0,1
7,3,edad,Brats18_CBICA_ASA_1,0.1437179642305513,210.0,346.0,0,1
7,3,edad,Brats18_CBICA_ASG_1,-0.06343556805079387,208.0,372.0,0,1
7,3,edad,Brats18_CBICA_ASH_1,-0.44461996673169646,660.0,453.0,2,2
7,3,edad,Brats18_CBICA_ASV_1,-0.16468553534853103,597.0,387.0,2,2
7,3,edad,Brats18_CBICA_ASW_1,0.30094797427891257,239.0,327.0,0,0
7,3,edad,Brats18_CBICA_ASY_1,0.23767957632909345,610.0,331.0,2,0
7,3,edad,Brats18_CBICA_ATB_1,0.3956281566083615,208.0,289.0,0,0
7,3,edad,Brats18_CBICA_ATX_1,-0.7794736943341484,1592.0,519.0,2,2
7,3,edad,Brats18_CBICA_AWH_1,-0.23267596624430767,139.0,407.0,0,2
7,3,edad,Brats18_CBICA_AXN_1,0.8964373899201828,345.0,175.0,1,0
7,3,edad,Brats18_CBICA_AYW_1,-0.33156491706906605,734.0,430.0,2,2
7,3,edad,Brats18_CBICA_AZH_1,-0.15907384402145128,401.0,387.0,1,2
7,3,edad,Brats18_CBICA_BHB_1,-0.13580585559209635,510.0,385.0,2,2
7,3,edad,Brats18_TCIA01_401_1,0.6579405085192949,448.0,213.0,1,0
7,3,edad,Brats18_TCIA01_412_1,0.31463502629618034,291.0,322.0,0,0
7,3,edad,Brats18_TCIA02_198_1,-0.1808362567289066,394.0,387.0,1,2
7,3,edad,Brats18_TCIA02_368_1,0.10258837291866199,317.0,355.0,1,1
7,3,edad,Brats18_TCIA02_377_1,0.14364952897046487,812.0,346.0,2,1
7,3,edad,Brats18_TCIA02_471_1,0.5834145102852729,111.0,254.0,0,0
7,3,edad,Brats18_TCIA02_491_1,0.7373254102194468,82.0,203.0,0,0
7,3,edad,Brats18_TCIA03_133_1,0.14364952897046487,382.0,346.0,1,1
7,3,edad,Brats18_TCIA04_111_1,0.5371864920969517,626.0,262.0,2,0
7,3,edad,Brats18_TCIA06_165_1,-0.26716733732782205,5.0,421.0,0,2
7,3,edad,Brats18_TCIA06_184_1,0.05485477900844138,434.0,357.0,1,1
7,3,edad,Brats18_TCIA06_247_1,0.5863230088389421,244.0,254.0,0,0
7,3,coxnet,Brats18_CBICA_AAL_1,-0.3306784675715213,464.0,430.0,2,2
7,3,coxnet,Brats18_CBICA_ABN_1,0.16150831400929083,1278.0,336.0,2,0
7,3,coxnet,Brats18_CBICA_ALX_1,-0.02257393964188822,698.0,368.0,2,1
7,3,coxnet,Brats18_CBICA_AMH_1,-0.0038267828162508607,169.0,362.0,0,1
7,3,coxnet,Brats18_CBICA_AQR_1,0.3085900482070448,89.0,322.0,0,0
7,3,coxnet,Brats18_CBICA_AQU_1,0.47734634079357613,30.0,268.0,0,0
7,3,coxnet,Brats18_CBICA_AQZ_1,0.1832968040876035,286.0,333.0,0,0
7,3,coxnet,Brats18_CBICA_ASA_1,0.21165758746165683,210.0,332.0,0,0
7,3,coxnet,Brats18_CBICA_ASG_1,0.012967380656748384,208.0,359.0,0,1
7,3,coxnet,Brats18_CBICA_ASH_1,-0.607684580643479,660.0,486.0,2,2
7,3,coxnet,Brats18_CBICA_ASV_1,-0.1903475486709903,597.0,387.0,2,2
7,3,coxnet,Brats18_CBICA_ASW_1,0.30295475501762226,239.0,322.0,0,0
7,3,coxnet,Brats18_CBICA_ASY_1,0.12265838147798704,610.0,346.0,2,1
7,3,coxnet,Brats18_CBICA_ATB_1,0.40108417029301885,208.0,289.0,0,0
7,3,coxnet,Brats18_CBICA_ATX_1,-0.9012275202615294,1592.0,600.0,2,2
7,3,coxnet,Brats18_CBICA_AWH_1,-0.18235292217226157,139.0,387.0,0,2
7,3,coxnet,Brats18_CBICA_AXN_1,0.9580568386540753,345.0,170.0,1,0
7,3,coxnet,Brats18_CBICA_AYW_1,-0.2554301929248557,734.0,407.0,2,2
7,3,coxnet,Brats18_CBICA_AZH_1,-0.3080753084773392,401.0,425.0,1,2
7,3,coxnet,Brats18_CBICA_BHB_1,-0.2090508559973442,510.0,394.0,2,2
7,3,coxnet,Brats18_TCIA01_401_1,0.6702853882347014,448.0,213.0,1,0
7,3,coxnet,Brats18_TCIA01_412_1,0.31753502590532534,291.0,322.0,0,0
7,3,coxnet,Brats18_TCIA02_198_1,-0.32315018961909026,394.0,425.0,1,2
7,3,coxnet,Brats18_TCIA02_368_1,0.13647974238255117,317.0,346.0,1,1
7,3,coxnet,Brats18_TCIA02_377_1,0.13904167343741236,812.0,346.0,2,1
7,3,coxnet,Brats18_TCIA02_471_1,0.6261334540686118,111.0,229.0,0,0
7,3,coxnet,Brats18_TCIA02_491_1,0.7971557037686782,82.0,191.0,0,0
7,3,coxnet,Brats18_TCIA03_133_1,-0.0020857208462179344,382.0,362.0,1,1
7,3,coxnet,Brats18_TCIA04_111_1,0.4923683529103481,626.0,268.0,2,0
7,3,coxnet,Brats18_TCIA06_165_1,-0.24787234704977487,5.0,407.0,0,2
7,3,coxnet,Brats18_TCIA06_184_1,-0.024886605860162767,434.0,368.0,1,1
7,3,coxnet,Brats18_TCIA06_247_1,0.6703540690375844,244.0,213.0,0,0
7,3,genetico,Brats18_CBICA_AAL_1,-1.3633024331196715,464.0,804.0,2,2
7,3,genetico,Brats18_CBICA_ABN_1,-1.0589836732182405,1278.0,616.0,2,2
7,3,genetico,Brats18_CBICA_ALX_1,-1.0711163009848967,698.0,621.0,2,2
7,3,genetico,Brats18_CBICA_AMH_1,-0.2699585950882959,169.0,407.0,0,2
7,3,genetico,Brats18_CBICA_AQR_1,0.11889706089977989,89.0,350.0,0,1
7,3,genetico,Brats18_CBICA_AQU_1,0.9086685526177855,30.0,180.0,0,0
7,3,genetico,Brats18_CBICA_AQZ_1,0.5712122841121029,286.0,262.0,0,0
7,3,genetico,Brats18_CBICA_ASA_1,0.9791723171126918,210.0,172.0,0,0
7,3,genetico,Brats18_CBICA_ASG_1,0.6065524258763276,208.0,254.0,0,0
7,3,genetico,Brats18_CBICA_ASH_1,-2.0132057953200886,660.0,1489.0,2,2
7,3,genetico,Brats18_CBICA_ASV_1,-0.4319396278783938,597.0,439.0,2,2
7,3,genetico,Brats18_CBICA_ASW_1,0.4648186469194977,239.0,269.0,0,0
7,3,genetico,Brats18_CBICA_ASY_1,-0.12471958212277864,610.0,376.0,2,1
7,3,genetico,Brats18_CBICA_ATB_1,0.5205064235611663,208.0,265.0,0,0
7,3,genetico,Brats18_CBICA_ATX_1,-2.0976487199087583,1592.0,1489.0,2,2
7,3,genetico,Brats18_CBICA_AWH_1,-0.228852514691668,139.0,394.0,0,1
7,3,genetico,Brats18_CBICA_AXN_1,1.408878490654703,345.0,120.0,1,0
7,3,genetico,Brats18_CBICA_AYW_1,-0.17456373175367293,734.0,387.0,2,1
7,3,genetico,Brats18_CBICA_AZH_1,-0.7146352439903648,401.0,495.0,1,2
7,3,genetico,Brats18_CBICA_BHB_1,-0.6204244394210452,510.0,473.0,2,2
7,3,genetico,Brats18_TCIA01_401_1,0.9106533622809386,448.0,180.0,1,0
7,3,genetico,Brats18_TCIA01_412_1,0.6380516380887367,291.0,232.0,0,0
7,3,genetico,Brats18_TCIA02_198_1,-0.4252884107531141,394.0,439.0,1,2
7,3,genetico,Brats18_TCIA02_368_1,0.3336013532076681,317.0,322.0,1,0
7,3,genetico,Brats18_TCIA02_377_1,0.2860242090283325,812.0,327.0,2,0
7,3,genetico,Brats18_TCIA02_471_1,1.2136855846054209,111.0,150.0,0,0
7,3,genetico,Brats18_TCIA02_491_1,1.3178312535814833,82.0,121.0,0,0
7,3,genetico,Brats18_TCIA03_133_1,-0.7273737687681933,382.0,495.0,1,2
7,3,genetico,Brats18_TCIA04_111_1,0.1791328499264654,626.0,333.0,2,1
7,3,genetico,Brats18_TCIA06_165_1,0.2512722065708139,5.0,331.0,0,0
7,3,genetico,Brats18_TCIA06_184_1,2.0653406350597874,434.0,82.0,1,0
7,3,genetico,Brats18_TCIA06_247_1,1.4050038402205,244.0,120.0,0,0
7,4,edad,Brats18_CBICA_AAB_1,-0.0023634475272951566,289.0,370.0,0,1
7,4,edad,Brats18_CBICA_AAP_1,-0.7993963845852736,788.0,597.0,2,2
7,4,edad,Brats18_CBICA_ABB_1,0.29678001985179164,465.0,317.0,2,0
7,4,edad,Brats18_CBICA_ABO_1,-0.1530155249969127,1155.0,387.0,2,2
7,4,edad,Brats18_CBICA_AME_1,-0.327546925329543,359.0,434.0,1,2
7,4,edad,Brats18_CBICA_ANG_1,-0.17760265930204303,368.0,394.0,1,2
7,4,edad,Brats18_CBICA_AOO_1,-0.6096284116302214,350.0,495.0,1,2
7,4,edad,Brats18_CBICA_AOP_1,0.2721928855466613,332.0,318.0,1,0
7,4,edad,Brats18_CBICA_APZ_1,-0.017264741045555976,336.0,372.0,1,1
7,4,edad,Brats18_CBICA_AQY_1,-0.1046235742963603,229.0,385.0,0,1
7,4,edad,Brats18_CBICA_ARZ_1,-0.21239717966718205,871.0,405.0,2,2
7,4,edad,Brats18_CBICA_ASK_1,0.6262476195405398,522.0,232.0,2,0
7,4,edad,Brats18_CBICA_ATF_1,0.3054600233261787,152.0,317.0,0,0
7,4,edad,Brats18_CBICA_ATV_1,0.060818036990130865,453.0,355.0,2,1
7,4,edad,Brats18_CBICA_AXO_1,-0.1574114065847995,394.0,387.0,1,2
7,4,edad,Brats18_CBICA_AXW_1,0.6960601796735918,191.0,209.0,0,0
7,4,edad,Brats18_TCIA01_150_1,-0.3506066770490517,1489.0,436.0,2,2
7,4,edad,Brats18_TCIA01_425_1,-0.16087595732779528,558.0,387.0,2,2
7,4,edad,Brats18_TCIA01_429_1,-0.20639940902608228,86.0,401.0,0,2
7,4,edad,Brats18_TCIA01_448_1,-0.5989367335308692,199.0,488.0,0,2
7,4,edad,Brats18_TCIA02_274_1,-0.2071072204681996,357.0,401.0,1,2
7,4,edad,Brats18_TCIA02_430_1,-0.2481230308772126,71.0,407.0,0,2
7,4,edad,Brats18_TCIA02_455_1,-0.21168936822506473,424.0,405.0,1,2
7,4,edad,Brats18_TCIA02_473_1,0.01846111016447432,175.0,362.0,0,1
7,4,edad,Brats18_TCIA03_121_1,-1.1220093892556213,747.0,698.0,2,2
7,4,edad,Brats18_TCIA03_265_1,-0.035109040033673336,103.0,375.0,0,1
7,4,edad,Brats18_TCIA03_338_1,0.5922726703189047,468.0,239.0,2,0
7,4,edad,Brats18_TCIA04_192_1,0.575024423071518,121.0,239.0,0,0
7,4,edad,Brats18_TCIA04_343_1,-0.29234261939265166,296.0,425.0,0,2
7,4,edad,Brats18_TCIA04_361_1,0.57543420864327,476.0,239.0,2,0
7,4,edad,Brats18_TCIA08_406_1,0.6787001727248181,82.0,210.0,0,0
7,4,edad,Brats18_TCIA08_469_1,0.1256386637945657,519.0,345.0,2,1
7,4,coxnet,Brats18_CBICA_AAB_1,0.10337538565862446,289.0,345.0,0,1
7,4,coxnet,Brats18_CBICA_AAP_1,-1.0591226932345934,788.0,616.0,2,2
7,4,coxnet,Brats18_CBICA_ABB_1,0.5694735384557285,465.0,244.0,2,0
7,4,coxnet,Brats18_CBICA_ABO_1,0.24304532004234405,1155.0,322.0,2,0
7,4,coxnet,Brats18_CBICA_AME_1,-0.09119905601847647,359.0,375.0,1,1
7,4,coxnet,Brats18_CBICA_ANG_1,-0.5500521297324692,368.0,448.0,1,2
7,4,coxnet,Brats18_CBICA_AOO_1,-0.43445854082221713,350.0,436.0,1,2
7,4,coxnet,Brats18_CBICA_AOP_1,-0.0590137923842929,332.0,372.0,1,1
7,4,coxnet,Brats18_CBICA_APZ_1,0.08388555946653369,336.0,346.0,1,1
7,4,coxnet,Brats18_CBICA_AQY_1,0.1533907519806093,229.0,331.0,0,1
7,4,coxnet,Brats18_CBICA_ARZ_1,-0.12694329798587664,871.0,382.0,2,1
7,4,coxnet,Brats18_CBICA_ASK_1,0.6345555292286749,522.0,232.0,2,0
7,4,coxnet,Brats18_CBICA_ATF_1,0.38376684277734974,152.0,286.0,0,0
7,4,coxnet,Brats18_CBICA_ATV_1,-0.05668880004767466,453.0,372.0,2,1
7,4,coxnet,Brats18_CBICA_AXO_1,-0.18191383160158514,394.0,387.0,1,1
7,4,coxnet,Brats18_CBICA_AXW_1,0.4576213825165163,191.0,265.0,0,0
7,4,coxnet,Brats18_TCIA01_150_1,-0.512716293565402,1489.0,448.0,2,2
7,4,coxnet,Brats18_TCIA01_425_1,-0.8554405394455769,558.0,515.0,2,2
7,4,coxnet,Brats18_TCIA01_429_1,-0.2044767942792268,86.0,387.0,0,1
7,4,coxnet,Brats18_TCIA01_448_1,-0.7444553579645377,199.0,495.0,0,2
7,4,coxnet,Brats18_TCIA02_274_1,-0.24195970720011203,357.0,394.0,1,1
7,4,coxnet,Brats18_TCIA02_430_1,-0.3926231398964861,71.0,430.0,0,2
7,4,coxnet,Brats18_TCIA02_455_1,-0.5084112072102615,424.0,448.0,1,2
7,4,coxnet,Brats18_TCIA02_473_1,0.3039081090263648,175.0,317.0,0,0
7,4,coxnet,Brats18_TCIA03_121_1,-1.1959872654632582,747.0,634.0,2,2
7,4,coxnet,Brats18_TCIA03_265_1,0.009044412138811981,103.0,355.0,0,1
7,4,coxnet,Brats18_TCIA03_338_1,0.31586906847905316,468.0,291.0,2,0
7,4,coxnet,Brats18_TCIA04_192_1,-0.0884345142565749,121.0,375.0,0,1
7,4,coxnet,Brats18_TCIA04_343_1,-0.16911577732688393,296.0,385.0,0,1
7,4,coxnet,Brats18_TCIA04_361_1,0.46189428000813154,476.0,265.0,2,0
7,4,coxnet,Brats18_TCIA08_406_1,0.5806112750008242,82.0,244.0,0,0
7,4,coxnet,Brats18_TCIA08_469_1,0.27711119634121445,519.0,318.0,2,0
7,4,genetico,Brats18_CBICA_AAB_1,0.9048860423831403,289.0,208.0,0,0
7,4,genetico,Brats18_CBICA_AAP_1,-0.9308980748843929,788.0,579.0,2,2
7,4,genetico,Brats18_CBICA_ABB_1,0.6837587510703227,465.0,239.0,2,0
7,4,genetico,Brats18_CBICA_ABO_1,1.0750197510227457,1155.0,170.0,2,0
7,4,genetico,Brats18_CBICA_AME_1,0.1989648098708971,359.0,333.0,1,0
7,4,genetico,Brats18_CBICA_ANG_1,-0.6108077665811118,368.0,467.0,1,2
7,4,genetico,Brats18_CBICA_AOO_1,-1.1267310002869635,350.0,621.0,1,2
7,4,genetico,Brats18_CBICA_AOP_1,0.001079246926946581,332.0,372.0,1,1
7,4,genetico,Brats18_CBICA_APZ_1,0.556376358493307,336.0,265.0,1,0
7,4,genetico,Brats18_CBICA_AQY_1,0.10700396933145714,229.0,355.0,0,1
7,4,genetico,Brats18_CBICA_ARZ_1,1.0686957396278938,871.0,170.0,2,0
7,4,genetico,Brats18_CBICA_ASK_1,0.6378875623742857,522.0,244.0,2,0
7,4,genetico,Brats18_CBICA_ATF_1,1.8457551794466565,152.0,89.0,0,0
7,4,genetico,Brats18_CBICA_ATV_1,0.15543259024430334,453.0,345.0,2,1
7,4,genetico,Brats18_CBICA_AXO_1,0.5518473533175379,394.0,265.0,1,0
7,4,genetico,Brats18_CBICA_AXW_1,0.2952089849688261,191.0,322.0,0,0
7,4,genetico,Brats18_TCIA01_150_1,-1.5847286422911466,1489.0,822.0,2,2
7,4,genetico,Brats18_TCIA01_425_1,-1.7498550093698146,558.0,1278.0,2,2
7,4,genetico,Brats18_TCIA01_429_1,-0.6991866756234884,86.0,488.0,0,2
7,4,genetico,Brats18_TCIA01_448_1,-1.3059999865255265,199.0,660.0,0,2
7,4,genetico,Brats18_TCIA02_274_1,-0.23953405346459797,357.0,405.0,1,1
7,4,genetico,Brats18_TCIA02_430_1,-0.749136186278685,71.0,495.0,0,2
7,4,genetico,Brats18_TCIA02_455_1,-1.0404017387249804,424.0,614.0,1,2
7,4,genetico,Brats18_TCIA02_473_1,0.20381940741848756,175.0,333.0,0,0
7,4,genetico,Brats18_TCIA03_121_1,-1.6372696974144654,747.0,828.0,2,2
7,4,genetico,Brats18_TCIA03_265_1,-0.2623394972676824,103.0,407.0,0,1
7,4,genetico,Brats18_TCIA03_338_1,0.5164267549508839,468.0,268.0,2,0
7,4,genetico,Brats18_TCIA04_192_1,-0.184129180248288,121.0,394.0,0,1
7,4,genetico,Brats18_TCIA04_343_1,-0.9213272129848953,296.0,579.0,0,2
7,4,genetico,Brats18_TCIA04_361_1,0.22319588812015756,476.0,331.0,2,0
7,4,genetico,Brats18_TCIA08_406_1,0.34801457427275173,82.0,318.0,0,0
7,4,genetico,Brats18_TCIA08_469_1,1.3046841136970104,519.0,147.0,2,0
8,0,edad,Brats18_CBICA_ABE_1,0.22311276962191942,269.0,327.0,0,0
8,0,edad,Brats18_CBICA_ABY_1,-0.4441962512717282,515.0,453.0,2,2
8,0,edad,Brats18_CBICA_ALN_1,0.0031309483517921086,421.0,359.0,1,1
8,0,edad,Brats18_CBICA_ALX_1,-0.04129940332453217,698.0,370.0,2,1
8,0,edad,Brats18_CBICA_AOD_1,-0.009710810619507255,55.0,359.0,0,1
8,0,edad,Brats18_CBICA_AOH_1,-0.1399070373091363,576.0,394.0,2,1
8,0,edad,Brats18_CBICA_AOO_1,-0.5937796210066706,350.0,488.0,1,2
8,0,edad,Brats18_CBICA_AQR_1,0.3740834761986367,89.0,289.0,0,0
8,0,edad,Brats18_CBICA_ASN_1,-0.7600466055824427,407.0,522.0,1,2
8,0,edad,Brats18_CBICA_AUN_1,0.27213200469796006,376.0,318.0,1,0
8,0,edad,Brats18_CBICA_AWI_1,-0.5087963462630849,375.0,466.0,1,2
8,0,edad,Brats18_CBICA_AXJ_1,-1.1754294851056113,1767.0,734.0,2,2
8,0,edad,Brats18_CBICA_AXL_1,0.4900506070751911,168.0,265.0,0,0
8,0,edad,Brats18_CBICA_AXQ_1,0.19308937745633256,114.0,329.0,0,0
8,0,edad,Brats18_TCIA01_147_1,0.01999242689028492,209.0,355.0,0,1
8,0,edad,Brats18_TCIA01_231_1,0.10497570163387068,1561.0,336.0,2,1
8,0,edad,Brats18_TCIA01_411_1,-0.6385301273387888,822.0,495.0,2,2
8,0,edad,Brats18_TCIA01_448_1,-0.58357024476079,199.0,486.0,0,2
8,0,edad,Brats18_TCIA02_274_1,-0.20941617035600382,357.0,405.0,1,2
8,0,edad,Brats18_TCIA02_314_1,-0.7292761858866696,362.0,519.0,1,2
8,0,edad,Brats18_TCIA02_491_1,0.7206331047260585,82.0,210.0,0,0
8,0,edad,Brats18_TCIA03_121_1,-1.083047080539227,747.0,634.0,2,2
8,0,edad,Brats18_TCIA03_133_1,0.10344607383396523,382.0,336.0,1,1
8,0,edad,Brats18_TCIA03_296_1,-0.015189012507540945,22.0,368.0,0,1
8,0,edad,Brats18_TCIA03_338_1,0.5539036745363616,468.0,254.0,2,0
8,0,edad,Brats18_TCIA03_375_1,-0.03037857228799764,946.0,368.0,2,1
8,0,edad,Brats18_TCIA03_474_1,0.01970784497402359,635.0,355.0,2,1
8,0,edad,Brats18_TCIA04_361_1,0.5378247962675878,476.0,254.0,2,0
8,0,edad,Brats18_TCIA04_479_1,-0.1584404346056655,372.0,394.0,1,1
8,0,edad,Brats18_TCIA06_165_1,-0.3236402369954569,5.0,436.0,0,2
8,0,edad,Brats18_TCIA06_409_1,0.2992384322218664,99.0,317.0,0,0
8,0,edad,Brats18_TCIA08_218_1,-0.12482419574727768,346.0,387.0,1,1
8,0,edad,Brats18_TCIA08_406_1,0.6364324302521922,82.0,232.0,0,0
8,0,coxnet,Brats18_CBICA_ABE_1,0.3856309877790777,269.0,287.0,0,0
8,0,coxnet,Brats18_CBICA_ABY_1,-0.3722225141285119,515.0,438.0,2,2
8,0,coxnet,Brats18_CBICA_ALN_1,0.04536203406791794,421.0,345.0,1,1
8,0,coxnet,Brats18_CBICA_ALX_1,-0.44485086052379424,698.0,448.0,2,2
8,0,coxnet,Brats18_CBICA_AOD_1,0.32098995411904757,55.0,296.0,0,0
8,0,coxnet,Brats18_CBICA_AOH_1,-0.1357506198630659,576.0,387.0,2,1
8,0,coxnet,Brats18_CBICA_AOO_1,-0.46418885045093883,350.0,448.0,1,2
8,0,coxnet,Brats18_CBICA_AQR_1,0.26897274967389495,89.0,317.0,0,0
8,0,coxnet,Brats18_CBICA_ASN_1,-0.5246176179725126,407.0,465.0,1,2
8,0,coxnet,Brats18_CBICA_AUN_1,0.33833091668371523,376.0,291.0,1,0
8,0,coxnet,Brats18_CBICA_AWI_1,-0.3409004771410508,375.0,436.0,1,2
8,0,coxnet,Brats18_CBICA_AXJ_1,-1.1700215694042497,1767.0,660.0,2,2
8,0,coxnet,Brats18_CBICA_AXL_1,0.7445599172388797,168.0,208.0,0,0
8,0,coxnet,Brats18_CBICA_AXQ_1,0.19465895102123365,114.0,327.0,0,0
8,0,coxnet,Brats18_TCIA01_147_1,0.07517138317541665,209.0,336.0,0,1
8,0,coxnet,Brats18_TCIA01_231_1,0.02083868021764111,1561.0,355.0,2,1
8,0,coxnet,Brats18_TCIA01_411_1,-0.658711466251901,822.0,495.0,2,2
8,0,coxnet,Brats18_TCIA01_448_1,-0.5657129518853972,199.0,467.0,0,2
8,0,coxnet,Brats18_TCIA02_274_1,-0.1236582714159962,357.0,387.0,1,1
8,0,coxnet,Brats18_TCIA02_314_1,-0.3334698276282806,362.0,434.0,1,2
8,0,coxnet,Brats18_TCIA02_491_1,0.9087131589008944,82.0,187.0,0,0
8,0,coxnet,Brats18_TCIA03_121_1,-1.030008428171958,747.0,616.0,2,2
8,0,coxnet,Brats18_TCIA03_133_1,-0.1053739952583925,382.0,385.0,1,1
8,0,coxnet,Brats18_TCIA03_296_1,0.2235427477118997,22.0,322.0,0,0
8,0,coxnet,Brats18_TCIA03_338_1,0.4525628956311787,468.0,268.0,2,0
8,0,coxnet,Brats18_TCIA03_375_1,-0.09419971912342899,946.0,385.0,2,1
8,0,coxnet,Brats18_TCIA03_474_1,0.3257649871795987,635.0,291.0,2,0
8,0,coxnet,Brats18_TCIA04_361_1,0.5411077032723662,476.0,254.0,2,0
8,0,coxnet,Brats18_TCIA04_479_1,-0.18078565556291873,372.0,394.0,1,2
8,0,coxnet,Brats18_TCIA06_165_1,-0.30513538001316787,5.0,430.0,0,2
8,0,coxnet,Brats18_TCIA06_409_1,0.3380691402994301,99.0,291.0,0,0
8,0,coxnet,Brats18_TCIA08_218_1,-0.23481509742269413,346.0,405.0,1,2
8,0,coxnet,Brats18_TCIA08_406_1,0.532524393154906,82.0,254.0,0,0
8,0,genetico,Brats18_CBICA_ABE_1,0.6615212783868293,269.0,244.0,0,0
8,0,genetico,Brats18_CBICA_ABY_1,-0.23956776790827622,515.0,424.0,2,2
8,0,genetico,Brats18_CBICA_ALN_1,0.387344479221873,421.0,291.0,1,0
8,0,genetico,Brats18_CBICA_ALX_1,-1.0632797234371325,698.0,614.0,2,2
8,0,genetico,Brats18_CBICA_AOD_1,0.4687636701113033,55.0,287.0,0,0
8,0,genetico,Brats18_CBICA_AOH_1,-0.34631928128508693,576.0,436.0,2,2
8,0,genetico,Brats18_CBICA_AOO_1,-0.4121925290393896,350.0,448.0,1,2
8,0,genetico,Brats18_CBICA_AQR_1,-0.14128505119597418,89.0,394.0,0,1
8,0,genetico,Brats18_CBICA_ASN_1,-0.23184934001167287,407.0,405.0,1,1
8,0,genetico,Brats18_CBICA_AUN_1,0.7671419944022834,376.0,213.0,1,0
8,0,genetico,Brats18_CBICA_AWI_1,0.4644217093114965,375.0,287.0,1,0
8,0,genetico,Brats18_CBICA_AXJ_1,-1.634552539590916,1767.0,828.0,2,2
8,0,genetico,Brats18_CBICA_AXL_1,1.4809001874942938,168.0,127.0,0,0
8,0,genetico,Brats18_CBICA_AXQ_1,0.019334868332087002,114.0,359.0,0,1
8,0,genetico,Brats18_TCIA01_147_1,0.11974510859499986,209.0,336.0,0,1
8,0,genetico,Brats18_TCIA01_231_1,0.04926691432264535,1561.0,355.0,2,1
8,0,genetico,Brats18_TCIA01_411_1,-1.3037517960580036,822.0,660.0,2,2
8,0,genetico,Brats18_TCIA01_448_1,-0.11791479172137231,199.0,387.0,0,1
8,0,genetico,Brats18_TCIA02_274_1,-0.10783636388919582,357.0,387.0,1,1
8,0,genetico,Brats18_TCIA02_314_1,-0.007395412639629111,362.0,368.0,1,1
8,0,genetico,Brats18_TCIA02_491_1,1.6045739301303672,82.0,120.0,0,0
8,0,genetico,Brats18_TCIA03_121_1,-1.0590895302682717,747.0,614.0,2,2
8,0,genetico,Brats18_TCIA03_133_1,-0.6932798662106445,382.0,495.0,1,2
8,0,genetico,Brats18_TCIA03_296_1,0.41581777997048625,22.0,289.0,0,0
8,0,genetico,Brats18_TCIA03_338_1,0.7636519989633983,468.0,229.0,2,0
8,0,genetico,Brats18_TCIA03_375_1,-0.04683590276953212,946.0,370.0,2,1
8,0,genetico,Brats18_TCIA03_474_1,0.2941261537832329,635.0,318.0,2,0
8,0,genetico,Brats18_TCIA04_361_1,0.5308939780427444,476.0,268.0,2,0
8,0,genetico,Brats18_TCIA04_479_1,-0.10194756038648531,372.0,387.0,1,1
8,0,genetico,Brats18_TCIA06_165_1,-0.012974984371680764,5.0,368.0,0,1
8,0,genetico,Brats18_TCIA06_409_1,-0.039732806104922774,99.0,370.0,0,1
8,0,genetico,Brats18_TCIA08_218_1,-1.099284125775171,346.0,616.0,1,2
8,0,genetico,Brats18_TCIA08_406_1,0.01321483350904424,82.0,359.0,0,1
8,1,edad,Brats18_CBICA_ABB_1,0.3225902110858217,465.0,296.0,2,0
8,1,edad,Brats18_CBICA_ABN_1,0.3144361806342985,1278.0,317.0,2,0
8,1,edad,Brats18_CBICA_AME_1,-0.33439727130397745,359.0,434.0,1,2
8,1,edad,Brats18_CBICA_AOP_1,0.2967168452300269,332.0,317.0,1,0
8,1,edad,Brats18_CBICA_APZ_1,-0.00788323461774083,336.0,372.0,1,1
8,1,edad,Brats18_CBICA_AQU_1,0.4945304878184231,30.0,268.0,0,0
8,1,edad,Brats18_CBICA_AQV_1,-0.2705763021930166,84.0,424.0,0,2
8,1,edad,Brats18_CBICA_ARF_1,0.5899091228595579,726.0,244.0,2,0
8,1,edad,Brats18_CBICA_ARW_1,-0.6212780157474739,495.0,488.0,2,2
8,1,edad,Brats18_CBICA_ASO_1,-0.3103272006441926,265.0,430.0,0,2
8,1,edad,Brats18_CBICA_ATB_1,0.4258092600226525,208.0,287.0,0,0
8,1,edad,Brats18_CBICA_ATF_1,0.3317242932743071,152.0,296.0,0,0
8,1,edad,Brats18_CBICA_ATP_1,-0.3400815713783568,385.0,436.0,1,2
8,1,edad,Brats18_CBICA_ATV_1,0.07428430300914725,453.0,355.0,2,1
8,1,edad,Brats18_CBICA_AVG_1,0.12132678638331999,579.0,346.0,2,1
8,1,edad,Brats18_CBICA_AVJ_1,-0.5888187022192946,614.0,486.0,2,2
8,1,edad,Brats18_CBICA_AYW_1,-0.40731312053394503,734.0,448.0,2,2
8,1,edad,Brats18_TCIA01_186_1,-1.0339974032168817,370.0,626.0,1,2
8,1,edad,Brats18_TCIA01_335_1,-0.2269836009329501,355.0,407.0,1,2
8,1,edad,Brats18_TCIA01_401_1,0.7263323246446587,448.0,210.0,1,0
8,1,edad,Brats18_TCIA02_135_1,0.3567352136015757,828.0,291.0,2,0
8,1,edad,Brats18_TCIA02_179_1,-0.5326421366566367,405.0,468.0,1,2
8,1,edad,Brats18_TCIA02_290_1,-0.6723975143474079,737.0,503.0,2,2
8,1,edad,Brats18_TCIA02_321_1,0.8211621307130949,67.0,208.0,0,0
8,1,edad,Brats18_TCIA02_331_1,0.9635832491284023,187.0,180.0,0,0
8,1,edad,Brats18_TCIA02_473_1,0.029711550012118657,175.0,362.0,0,1
8,1,edad,Brats18_TCIA03_138_1,0.45513240799255317,82.0,286.0,0,0
8,1,edad,Brats18_TCIA03_199_1,-0.44843609141686763,1282.0,448.0,2,2
8,1,edad,Brats18_TCIA04_192_1,0.6153904680205682,121.0,239.0,0,0
8,1,edad,Brats18_TCIA04_437_1,-0.5218223654805769,333.0,468.0,1,2
8,1,edad,Brats18_TCIA05_478_1,-0.0395585067563504,30.0,375.0,0,1
8,1,edad,Brats18_TCIA08_242_1,0.2436372431561688,147.0,327.0,0,0
8,1,edad,Brats18_TCIA08_278_1,-0.38273342297094004,1458.0,438.0,2,2
8,1,coxnet,Brats18_CBICA_ABB_1,0.45373405888877505,465.0,286.0,2,0
8,1,coxnet,Brats18_CBICA_ABN_1,-0.8237962616518558,1278.0,503.0,2,2
8,1,coxnet,Brats18_CBICA_AME_1,0.055762435554433804,359.0,350.0,1,1
8,1,coxnet,Brats18_CBICA_AOP_1,-0.008751419727498311,332.0,362.0,1,1
8,1,coxnet,Brats18_CBICA_APZ_1,0.19595263555389994,336.0,327.0,1,0
8,1,coxnet,Brats18_CBICA_AQU_1,1.1124161349994277,30.0,169.0,0,0
8,1,coxnet,Brats18_CBICA_AQV_1,-0.3565707152262032,84.0,424.0,0,2
8,1,coxnet,Brats18_CBICA_ARF_1,0.5186793873801752,726.0,268.0,2,0
8,1,coxnet,Brats18_CBICA_ARW_1,-0.5706485104473409,495.0,448.0,2,2
8,1,coxnet,Brats18_CBICA_ASO_1,-0.3105947935420479,265.0,407.0,0,2
8,1,coxnet,Brats18_CBICA_ATB_1,0.5868243663454892,208.0,254.0,0,0
8,1,coxnet,Brats18_CBICA_ATF_1,0.361133515925267,152.0,291.0,0,0
8,1,coxnet,Brats18_CBICA_ATP_1,-0.7475989850553754,385.0,486.0,1,2
8,1,coxnet,Brats18_CBICA_ATV_1,0.13237315051985296,453.0,345.0,2,1
8,1,coxnet,Brats18_CBICA_AVG_1,-0.41228337943856175,579.0,430.0,2,2
8,1,coxnet,Brats18_CBICA_AVJ_1,-0.6040269537339207,614.0,466.0,2,2
8,1,coxnet,Brats18_CBICA_AYW_1,-0.19067706907486673,734.0,387.0,2,1
8,1,coxnet,Brats18_TCIA01_186_1,-1.0732853650460576,370.0,600.0,1,2
8,1,coxnet,Brats18_TCIA01_335_1,-0.14171399122770312,355.0,382.0,1,1
8,1,coxnet,Brats18_TCIA01_401_1,0.4750401133982837,448.0,269.0,1,0
8,1,coxnet,Brats18_TCIA02_135_1,0.48934868226546635,828.0,269.0,2,0
8,1,coxnet,Brats18_TCIA02_179_1,-0.33456883933355974,405.0,421.0,1,2
8,1,coxnet,Brats18_TCIA02_290_1,-0.2432270104207778,737.0,394.0,2,1
8,1,coxnet,Brats18_TCIA02_321_1,1.05788063930818,67.0,170.0,0,0
8,1,coxnet,Brats18_TCIA02_331_1,0.7369129721071063,187.0,213.0,0,0
8,1,coxnet,Brats18_TCIA02_473_1,0.41570958989387086,175.0,287.0,0,0
8,1,coxnet,Brats18_TCIA03_138_1,0.6406732408292215,82.0,239.0,0,0
8,1,coxnet,Brats18_TCIA03_199_1,-1.1834030396820816,1282.0,616.0,2,2
8,1,coxnet,Brats18_TCIA04_192_1,-0.7424820131345082,121.0,486.0,0,2
8,1,coxnet,Brats18_TCIA04_437_1,-0.8090650802945585,333.0,503.0,1,2
8,1,coxnet,Brats18_TCIA05_478_1,0.18108508344625338,30.0,329.0,0,1
8,1,coxnet,Brats18_TCIA08_242_1,0.45214841592405364,147.0,286.0,0,0
8,1,coxnet,Brats18_TCIA08_278_1,-0.5227363906089002,1458.0,448.0,2,2
8,1,genetico,Brats18_CBICA_ABB_1,0.48597134411576864,465.0,287.0,2,0
8,1,genetico,Brats18_CBICA_ABN_1,-0.3148433421185013,1278.0,424.0,2,1
8,1,genetico,Brats18_CBICA_AME_1,0.19088200070684644,359.0,345.0,1,0
8,1,genetico,Brats18_CBICA_AOP_1,-0.02401449608570269,332.0,372.0,1,1
8,1,genetico,Brats18_CBICA_APZ_1,0.2749459288630805,336.0,327.0,1,0
8,1,genetico,Brats18_CBICA_AQU_1,0.8931607533798429,30.0,208.0,0,0
8,1,genetico,Brats18_CBICA_AQV_1,1.1207906481437357,84.0,172.0,0,0
8,1,genetico,Brats18_CBICA_ARF_1,1.0346491141048357,726.0,191.0,2,0
8,1,genetico,Brats18_CBICA_ARW_1,-0.13106282175861306,495.0,387.0,2,1
8,1,genetico,Brats18_CBICA_ASO_1,-0.33002691903894577,265.0,425.0,0,1
8,1,genetico,Brats18_CBICA_ATB_1,0.6228084468730006,208.0,254.0,0,0
8,1,genetico,Brats18_CBICA_ATF_1,0.887739435867726,152.0,209.0,0,0
8,1,genetico,Brats18_CBICA_ATP_1,-1.7056775615843534,385.0,871.0,1,2
8,1,genetico,Brats18_CBICA_ATV_1,0.3530849970328318,453.0,317.0,2,0
8,1,genetico,Brats18_CBICA_AVG_1,-0.8942251209006084,579.0,519.0,2,2
8,1,genetico,Brats18_CBICA_AVJ_1,-0.5280438824257053,614.0,448.0,2,2
8,1,genetico,Brats18_CBICA_AYW_1,0.18965028351806423,734.0,345.0,2,1
8,1,genetico,Brats18_TCIA01_186_1,-0.5354146504156514,370.0,464.0,1,2
8,1,genetico,Brats18_TCIA01_335_1,-0.02721926538996977,355.0,372.0,1,1
8,1,genetico,Brats18_TCIA01_401_1,0.1032701388194083,448.0,355.0,1,1
8,1,genetico,Brats18_TCIA02_135_1,0.3125607578518582,828.0,318.0,2,0
8,1,genetico,Brats18_TCIA02_179_1,-0.03320466669486244,405.0,372.0,1,1
8,1,genetico,Brats18_TCIA02_290_1,-0.06405763984553425,737.0,375.0,2,1
8,1,genetico,Brats18_TCIA02_321_1,1.300599388243409,67.0,150.0,0,0
8,1,genetico,Brats18_TCIA02_331_1,1.3338681884417922,187.0,150.0,0,0
8,1,genetico,Brats18_TCIA02_473_1,-0.347812681338442,175.0,425.0,0,1
8,1,genetico,Brats18_TCIA03_138_1,0.9179662397275721,82.0,208.0,0,0
8,1,genetico,Brats18_TCIA03_199_1,-1.2107330875279991,1282.0,626.0,2,2
8,1,genetico,Brats18_TCIA04_192_1,0.1134849951033889,121.0,350.0,0,1
8,1,genetico,Brats18_TCIA04_437_1,0.05839199258035721,333.0,357.0,1,1
8,1,genetico,Brats18_TCIA05_478_1,1.0831243090449814,30.0,172.0,0,0
8,1,genetico,Brats18_TCIA08_242_1,-0.11079053849913925,147.0,382.0,0,1
8,1,genetico,Brats18_TCIA08_278_1,-0.3730701010665164,1458.0,430.0,2,2
8,2,edad,Brats18_2013_27_1,0.24194173207736275,120.0,332.0,0,0
8,2,edad,Brats18_CBICA_AAL_1,-0.18274508509099133,464.0,387.0,2,2
8,2,edad,Brats18_CBICA_AAP_1,-0.6542994466279505,788.0,515.0,2,2
8,2,edad,Brats18_CBICA_ALU_1,0.17628383141302298,495.0,345.0,2,0
8,2,edad,Brats18_CBICA_AMH_1,0.07459302345340163,169.0,355.0,0,1
8,2,edad,Brats18_CBICA_ANZ_1,0.24283945914915273,287.0,332.0,0,0
8,2,edad,Brats18_CBICA_AQA_1,0.5003323482231646,106.0,265.0,0,0
8,2,edad,Brats18_CBICA_AQD_1,0.3972175593910494,32.0,291.0,0,0
8,2,edad,Brats18_CBICA_AQG_1,-0.20429053481394321,466.0,394.0,2,2
8,2,edad,Brats18_CBICA_AQJ_1,0.1817011499496846,170.0,336.0,0,0
8,2,edad,Brats18_CBICA_AQN_1,0.09248565267734725,488.0,355.0,2,1
8,2,edad,Brats18_CBICA_AQO_1,0.23698875512955786,473.0,332.0,2,0
8,2,edad,Brats18_CBICA_AQT_1,0.4882904230188135,172.0,268.0,0,0
8,2,edad,Brats18_CBICA_AQZ_1,0.09722193688368573,286.0,355.0,0,1
8,2,edad,Brats18_CBICA_ASA_1,0.11019254526575017,210.0,350.0,0,1
8,2,edad,Brats18_CBICA_AYI_1,0.17696486574334633,387.0,345.0,1,0
8,2,edad,Brats18_CBICA_AZD_1,-0.4317250450359635,448.0,453.0,1,2
8,2,edad,Brats18_CBICA_BHM_1,0.05651465759391353,436.0,357.0,1,1
8,2,edad,Brats18_TCIA01_190_1,0.04091278020832787,322.0,357.0,1,1
8,2,edad,Brats18_TCIA01_201_1,0.01624076378707413,430.0,359.0,1,1
8,2,edad,Brats18_TCIA01_235_1,-0.06907426413886686,804.0,372.0,2,1
8,2,edad,Brats18_TCIA01_378_1,0.43154788086052254,110.0,289.0,0,0
8,2,edad,Brats18_TCIA01_460_1,-1.276300482954486,630.0,828.0,2,2
8,2,edad,Brats18_TCIA02_151_1,-0.3786353233766789,1731.0,439.0,2,2
8,2,edad,Brats18_TCIA02_322_1,-0.08798844485829709,621.0,375.0,2,1
8,2,edad,Brats18_TCIA02_368_1,0.07298330594536502,317.0,355.0,1,1
8,2,edad,Brats18_TCIA02_455_1,-0.16593591957437814,424.0,387.0,1,2
8,2,edad,Brats18_TCIA02_471_1,0.5079785063863387,111.0,265.0,0,0
8,2,edad,Brats18_TCIA03_265_1,-0.01920397749565522,103.0,368.0,0,1
8,2,edad,Brats18_TCIA04_149_1,-0.7228981773550496,448.0,576.0,1,2
8,2,edad,Brats18_TCIA06_372_1,0.44318737668786445,213.0,269.0,0,0
8,2,edad,Brats18_TCIA08_319_1,0.14412043735821425,254.0,346.0,0,0
8,2,edad,Brats18_TCIA08_469_1,0.11437161956546057,519.0,350.0,2,0
8,2,coxnet,Brats18_2013_27_1,0.16907000594184826,120.0,336.0,0,0
8,2,coxnet,Brats18_CBICA_AAL_1,-0.5131526641039053,464.0,468.0,2,2
8,2,coxnet,Brats18_CBICA_AAP_1,-0.6919639123839417,788.0,515.0,2,2
8,2,coxnet,Brats18_CBICA_ALU_1,-0.05919543194599726,495.0,370.0,2,1
8,2,coxnet,Brats18_CBICA_AMH_1,-0.09433706210161259,169.0,372.0,0,1
8,2,coxnet,Brats18_CBICA_ANZ_1,0.2408954194909035,287.0,332.0,0,0
8,2,coxnet,Brats18_CBICA_AQA_1,0.4825885455297781,106.0,268.0,0,0
8,2,coxnet,Brats18_CBICA_AQD_1,0.33797119106456613,32.0,318.0,0,0
8,2,coxnet,Brats18_CBICA_AQG_1,-0.2693830027698581,466.0,401.0,2,2
8,2,coxnet,Brats18_CBICA_AQJ_1,0.16732456178518562,170.0,336.0,0,0
8,2,coxnet,Brats18_CBICA_AQN_1,0.17217955662438533,488.0,336.0,2,0
8,2,coxnet,Brats18_CBICA_AQO_1,0.048770686137352914,473.0,355.0,2,1
8,2,coxnet,Brats18_CBICA_AQT_1,0.40546206449260547,172.0,289.0,0,0
8,2,coxnet,Brats18_CBICA_AQZ_1,0.16166191107874014,286.0,345.0,0,0
8,2,coxnet,Brats18_CBICA_ASA_1,0.2234630855643033,210.0,332.0,0,0
8,2,coxnet,Brats18_CBICA_AYI_1,0.007722383182098409,387.0,359.0,1,1
8,2,coxnet,Brats18_CBICA_AZD_1,-0.37776948226095,448.0,434.0,1,2
8,2,coxnet,Brats18_CBICA_BHM_1,0.11253058117147395,436.0,350.0,1,1
8,2,coxnet,Brats18_TCIA01_190_1,-0.14529654167646544,322.0,382.0,1,2
8,2,coxnet,Brats18_TCIA01_201_1,-0.11269256574367717,430.0,375.0,1,1
8,2,coxnet,Brats18_TCIA01_235_1,-0.19413803473399166,804.0,387.0,2,2
8,2,coxnet,Brats18_TCIA01_378_1,0.5583950586213162,110.0,244.0,0,0
8,2,coxnet,Brats18_TCIA01_460_1,-1.229874415574006,630.0,812.0,2,2
8,2,coxnet,Brats18_TCIA02_151_1,-0.5994092018817618,1731.0,495.0,2,2
8,2,coxnet,Brats18_TCIA02_322_1,-0.14136920209494963,621.0,376.0,2,2
8,2,coxnet,Brats18_TCIA02_368_1,0.13910118179319683,317.0,346.0,1,1
8,2,coxnet,Brats18_TCIA02_455_1,-0.19197079110407322,424.0,387.0,1,2
8,2,coxnet,Brats18_TCIA02_471_1,0.5838916850809815,111.0,239.0,0,0
8,2,coxnet,Brats18_TCIA03_265_1,-0.0886012403940342,103.0,372.0,0,1
8,2,coxnet,Brats18_TCIA04_149_1,-0.7343584688100627,448.0,558.0,1,2
8,2,coxnet,Brats18_TCIA06_372_1,0.5014635085895752,213.0,265.0,0,0
8,2,coxnet,Brats18_TCIA08_319_1,0.04472397621925995,254.0,355.0,0,1
8,2,coxnet,Brats18_TCIA08_469_1,0.16774774786628224,519.0,336.0,2,0
8,2,genetico,Brats18_2013_27_1,0.41975891434805707,120.0,291.0,0,0
8,2,genetico,Brats18_CBICA_AAL_1,-0.35422796946536855,464.0,425.0,2,2
8,2,genetico,Brats18_CBICA_AAP_1,-0.8516871202411403,788.0,600.0,2,2
8,2,genetico,Brats18_CBICA_ALU_1,-0.13408736098228496,495.0,382.0,2,1
8,2,genetico,Brats18_CBICA_AMH_1,-0.14989555468074334,169.0,382.0,0,1
8,2,genetico,Brats18_CBICA_ANZ_1,0.028874217266131572,287.0,359.0,0,1
8,2,genetico,Brats18_CBICA_AQA_1,0.6965507552031115,106.0,229.0,0,0
8,2,genetico,Brats18_CBICA_AQD_1,0.1746115511314959,32.0,345.0,0,0
8,2,genetico,Brats18_CBICA_AQG_1,0.21275553743653194,466.0,336.0,2,0
8,2,genetico,Brats18_CBICA_AQJ_1,0.2457630700895734,170.0,332.0,0,0
8,2,genetico,Brats18_CBICA_AQN_1,0.2550938320650016,488.0,332.0,2,0
8,2,genetico,Brats18_CBICA_AQO_1,-0.06441428771332572,473.0,372.0,2,1
8,2,genetico,Brats18_CBICA_AQT_1,0.5111789123306264,172.0,268.0,0,0
8,2,genetico,Brats18_CBICA_AQZ_1,0.2649790686713195,286.0,332.0,0,0
8,2,genetico,Brats18_CBICA_ASA_1,0.5637937410700073,210.0,262.0,0,0
8,2,genetico,Brats18_CBICA_AYI_1,0.3167032625945634,387.0,329.0,1,0
8,2,genetico,Brats18_CBICA_AZD_1,-0.9359286474038877,448.0,616.0,1,2
8,2,genetico,Brats18_CBICA_BHM_1,0.40872588587441944,436.0,291.0,1,0
8,2,genetico,Brats18_TCIA01_190_1,0.31578071206745717,322.0,329.0,1,0
8,2,genetico,Brats18_TCIA01_201_1,-0.05187572758778487,430.0,370.0,1,1
8,2,genetico,Brats18_TCIA01_235_1,-0.22748381578836635,804.0,394.0,2,2
8,2,genetico,Brats18_TCIA01_378_1,0.42338667484486947,110.0,291.0,0,0
8,2,genetico,Brats18_TCIA01_460_1,-1.104510029656659,630.0,698.0,2,2
8,2,genetico,Brats18_TCIA02_151_1,-1.3395687530432516,1731.0,822.0,2,2
8,2,genetico,Brats18_TCIA02_322_1,-0.6531583257883171,621.0,508.0,2,2
8,2,genetico,Brats18_TCIA02_368_1,-0.0649619266419729,317.0,372.0,1,1
8,2,genetico,Brats18_TCIA02_455_1,-0.44788207966535054,424.0,453.0,1,2
8,2,genetico,Brats18_TCIA02_471_1,0.5393120573511044,111.0,265.0,0,0
8,2,genetico,Brats18_TCIA03_265_1,0.1823056533702861,103.0,345.0,0,0
8,2,genetico,Brats18_TCIA04_149_1,-1.0124445568985474,448.0,634.0,1,2
8,2,genetico,Brats18_TCIA06_372_1,0.4658789707229906,213.0,269.0,0,0
8,2,genetico,Brats18_TCIA08_319_1,0.2743527957510192,254.0,331.0,0,0
8,2,genetico,Brats18_TCIA08_469_1,0.22880515871140467,519.0,333.0,2,0
8,3,edad,Brats18_2013_11_1,-1.076111024123538,150.0,698.0,0,2
8,3,edad,Brats18_CBICA_AAB_1,0.029176458506471943,289.0,362.0,0,1
8,3,edad,Brats18_CBICA_ABO_1,-0.11343218073532897,1155.0,385.0,2,1
8,3,edad,Brats18_CBICA_ANG_1,-0.13670658773324884,368.0,387.0,1,1
8,3,edad,Brats18_CBICA_AQQ_1,0.36520952560219894,33.0,317.0,0,0
8,3,edad,Brats18_CBICA_ASH_1,-0.4607498087997442,660.0,453.0,2,2
8,3,edad,Brats18_CBICA_ASK_1,0.6242254640866268,522.0,213.0,2,0
8,3,edad,Brats18_CBICA_ASV_1,-0.17225295478461766,597.0,394.0,2,2
8,3,edad,Brats18_CBICA_ASW_1,0.30762300040886015,239.0,331.0,0,0
8,3,edad,Brats18_CBICA_AUQ_1,0.04162473982505648,1337.0,359.0,2,1
8,3,edad,Brats18_CBICA_AUR_1,0.374378231389258,12.0,317.0,0,0
8,3,edad,Brats18_CBICA_AVV_1,0.4463525718176746,387.0,286.0,1,0
8,3,edad,Brats18_CBICA_AXW_1,0.6903106742595085,191.0,209.0,0,0
8,3,edad,Brats18_CBICA_AYA_1,0.5360295672657207,50.0,265.0,0,0
8,3,edad,Brats18_CBICA_AYU_1,0.14618325005056063,58.0,350.0,0,0
8,3,edad,Brats18_CBICA_AZH_1,-0.16646961728816478,401.0,394.0,1,2
8,3,edad,Brats18_TCIA01_150_1,-0.30047377879134046,1489.0,434.0,2,2
8,3,edad,Brats18_TCIA01_425_1,-0.12087293812405789,558.0,385.0,2,1
8,3,edad,Brats18_TCIA01_499_1,-0.336901752168388,600.0,438.0,2,2
8,3,edad,Brats18_TCIA02_226_1,0.49166713695756425,329.0,269.0,1,0
8,3,edad,Brats18_TCIA02_283_1,0.5360295672657207,262.0,265.0,0,0
8,3,edad,Brats18_TCIA02_300_1,0.16723600910777014,127.0,346.0,0,0
8,3,edad,Brats18_TCIA02_394_1,0.16261639196121327,616.0,346.0,2,0
8,3,edad,Brats18_TCIA02_430_1,-0.2034618187136467,71.0,405.0,0,2
8,3,edad,Brats18_TCIA03_257_1,0.34172353308611564,425.0,318.0,1,0
8,3,edad,Brats18_TCIA03_419_1,0.38636807741848966,327.0,317.0,1,0
8,3,edad,Brats18_TCIA04_111_1,0.5510874033083146,626.0,265.0,2,0
8,3,edad,Brats18_TCIA04_343_1,-0.24532048705687548,296.0,421.0,0,2
8,3,edad,Brats18_TCIA05_277_1,0.3784336204873807,232.0,317.0,0,0
8,3,edad,Brats18_TCIA06_247_1,0.601726870655304,244.0,229.0,0,0
8,3,edad,Brats18_TCIA08_105_1,0.24654531416583372,77.0,333.0,0,0
8,3,edad,Brats18_TCIA08_280_1,-0.0801779901307249,508.0,382.0,2,1
8,3,coxnet,Brats18_2013_11_1,-1.159550694611902,150.0,726.0,0,2
8,3,coxnet,Brats18_CBICA_AAB_1,0.1188092086233658,289.0,350.0,0,1
8,3,coxnet,Brats18_CBICA_ABO_1,0.0028736870943539728,1155.0,362.0,2,1
8,3,coxnet,Brats18_CBICA_ANG_1,-0.29783134646874093,368.0,424.0,1,2
8,3,coxnet,Brats18_CBICA_AQQ_1,0.6278190468098015,33.0,213.0,0,0
8,3,coxnet,Brats18_CBICA_ASH_1,-0.9130459881571932,660.0,610.0,2,2
8,3,coxnet,Brats18_CBICA_ASK_1,0.7793009157444581,522.0,208.0,2,0
8,3,coxnet,Brats18_CBICA_ASV_1,-0.24212943121979008,597.0,407.0,2,2
8,3,coxnet,Brats18_CBICA_ASW_1,0.38160290175580486,239.0,291.0,0,0
8,3,coxnet,Brats18_CBICA_AUQ_1,-0.1578742913297365,1337.0,387.0,2,1
8,3,coxnet,Brats18_CBICA_AUR_1,0.41187404994252186,12.0,287.0,0,0
8,3,coxnet,Brats18_CBICA_AVV_1,0.6236344768607025,387.0,213.0,1,0
8,3,coxnet,Brats18_CBICA_AXW_1,0.5240498279265152,191.0,265.0,0,0
8,3,coxnet,Brats18_CBICA_AYA_1,0.7909480135194403,50.0,203.0,0,0
8,3,coxnet,Brats18_CBICA_AYU_1,0.11390657437368754,58.0,355.0,0,1
8,3,coxnet,Brats18_CBICA_AZH_1,-0.5299220669162403,401.0,465.0,1,2
8,3,coxnet,Brats18_TCIA01_150_1,-0.29299779794119185,1489.0,424.0,2,2
8,3,coxnet,Brats18_TCIA01_425_1,-0.5014152277452835,558.0,464.0,2,2
8,3,coxnet,Brats18_TCIA01_499_1,-0.35427348738698966,600.0,436.0,2,2
8,3,coxnet,Brats18_TCIA02_226_1,0.6308947556846397,329.0,213.0,1,0
8,3,coxnet,Brats18_TCIA02_283_1,0.705147062011741,262.0,209.0,0,0
8,3,coxnet,Brats18_TCIA02_300_1,0.2113183899075863,127.0,336.0,0,0
8,3,coxnet,Brats18_TCIA02_394_1,0.35692466712560683,616.0,317.0,2,0
8,3,coxnet,Brats18_TCIA02_430_1,-0.23977198579081954,71.0,407.0,0,2
8,3,coxnet,Brats18_TCIA03_257_1,0.34071074958782066,425.0,318.0,1,0
8,3,coxnet,Brats18_TCIA03_419_1,0.3874456924440503,327.0,291.0,1,0
8,3,coxnet,Brats18_TCIA04_111_1,0.5408205371293144,626.0,265.0,2,0
8,3,coxnet,Brats18_TCIA04_343_1,-0.03963851128567458,296.0,372.0,0,1
8,3,coxnet,Brats18_TCIA05_277_1,0.21479164934489528,232.0,336.0,0,0
8,3,coxnet,Brats18_TCIA06_247_1,0.8447021321681292,244.0,199.0,0,0
8,3,coxnet,Brats18_TCIA08_105_1,0.5118650634959733,77.0,268.0,0,0
8,3,coxnet,Brats18_TCIA08_280_1,-0.1840408124479233,508.0,394.0,2,2
8,3,genetico,Brats18_2013_11_1,-2.6860625169486614,150.0,1731.0,0,2
8,3,genetico,Brats18_CBICA_AAB_1,0.4536755555433347,289.0,317.0,0,0
8,3,genetico,Brats18_CBICA_ABO_1,0.6616461093252485,1155.0,254.0,2,0
8,3,genetico,Brats18_CBICA_ANG_1,-0.2661844430451763,368.0,424.0,1,2
8,3,genetico,Brats18_CBICA_AQQ_1,1.2217178566153915,33.0,168.0,0,0
8,3,genetico,Brats18_CBICA_ASH_1,-1.2293117565779883,660.0,726.0,2,2
8,3,genetico,Brats18_CBICA_ASK_1,0.6521536611632437,522.0,254.0,2,0
8,3,genetico,Brats18_CBICA_ASV_1,-0.3984622718754756,597.0,439.0,2,2
8,3,genetico,Brats18_CBICA_ASW_1,0.8093777282737867,239.0,209.0,0,0
8,3,genetico,Brats18_CBICA_AUQ_1,-0.2440614444457339,1337.0,421.0,2,2
8,3,genetico,Brats18_CBICA_AUR_1,0.8139915753171112,12.0,208.0,0,0
8,3,genetico,Brats18_CBICA_AVV_1,0.934987064765731,387.0,199.0,1,0
8,3,genetico,Brats18_CBICA_AXW_1,0.4387577876351313,191.0,317.0,0,0
8,3,genetico,Brats18_CBICA_AYA_1,1.118804053211661,50.0,170.0,0,0
8,3,genetico,Brats18_CBICA_AYU_1,-0.08952091866946377,58.0,385.0,0,1
8,3,genetico,Brats18_CBICA_AZH_1,-0.504737375736253,401.0,453.0,1,2
8,3,genetico,Brats18_TCIA01_150_1,-0.2361203430678302,1489.0,407.0,2,2
8,3,genetico,Brats18_TCIA01_425_1,-0.6940320431824201,558.0,486.0,2,2
8,3,genetico,Brats18_TCIA01_499_1,-0.880239229661084,600.0,515.0,2,2
8,3,genetico,Brats18_TCIA02_226_1,1.3863337550428507,329.0,139.0,1,0
8,3,genetico,Brats18_TCIA02_283_1,0.8074510226091609,262.0,209.0,0,0
8,3,genetico,Brats18_TCIA02_300_1,0.2506381551203999,127.0,345.0,0,0
8,3,genetico,Brats18_TCIA02_394_1,0.3731963180151129,616.0,331.0,2,0
8,3,genetico,Brats18_TCIA02_430_1,-0.3845399940563319,71.0,438.0,0,2
8,3,genetico,Brats18_TCIA03_257_1,0.8839537574631166,425.0,203.0,1,0
8,3,genetico,Brats18_TCIA03_419_1,0.5637473982079662,327.0,269.0,1,0
8,3,genetico,Brats18_TCIA04_111_1,0.5829803166000309,626.0,268.0,2,0
8,3,genetico,Brats18_TCIA04_343_1,-0.3888170250593513,296.0,438.0,0,2
8,3,genetico,Brats18_TCIA05_277_1,0.5345357058031193,232.0,286.0,0,0
8,3,genetico,Brats18_TCIA06_247_1,1.1756537649563121,244.0,169.0,0,0
8,3,genetico,Brats18_TCIA08_105_1,0.5418313739863705,77.0,286.0,0,0
8,3,genetico,Brats18_TCIA08_280_1,-0.5126670942936432,508.0,453.0,2,2
8,4,edad,Brats18_CBICA_AAG_1,-0.2988788626208271,616.0,421.0,2,2
8,4,edad,Brats18_CBICA_ABM_1,0.3254388818184657,503.0,296.0,2,0
8,4,edad,Brats18_CBICA_ANI_1,-0.08681104699877701,439.0,375.0,1,1
8,4,edad,Brats18_CBICA_ANP_1,0.031586113783041124,486.0,357.0,2,1
8,4,edad,Brats18_CBICA_AOZ_1,-0.49686778072534965,331.0,465.0,1,2
8,4,edad,Brats18_CBICA_APR_1,0.07046226547088659,23.0,355.0,0,1
8,4,edad,Brats18_CBICA_APY_1,-0.5364160405861421,203.0,466.0,0,2
8,4,edad,Brats18_CBICA_AQP_1,-0.504437841199598,1283.0,465.0,2,2
8,4,edad,Brats18_CBICA_AQY_1,-0.10591306875622601,229.0,375.0,0,1
8,4,edad,Brats18_CBICA_ARZ_1,-0.20825038161604092,871.0,387.0,2,2
8,4,edad,Brats18_CBICA_ASE_1,-0.4916324117992339,318.0,464.0,1,2
8,4,edad,Brats18_CBICA_ASG_1,-0.10619606167115128,208.0,375.0,0,1
8,4,edad,Brats18_CBICA_ASU_1,0.7277486844989612,85.0,208.0,0,0
8,4,edad,Brats18_CBICA_ASY_1,0.20509614474653676,610.0,329.0,2,0
8,4,edad,Brats18_CBICA_ATD_1,0.2994742818740809,355.0,317.0,1,0
8,4,edad,Brats18_CBICA_ATX_1,-0.8464347788866668,1592.0,579.0,2,2
8,4,edad,Brats18_CBICA_AWG_1,-0.18324088275952918,180.0,387.0,0,2
8,4,edad,Brats18_CBICA_AWH_1,-0.28115643132363805,139.0,407.0,0,2
8,4,edad,Brats18_CBICA_AXM_1,0.22009476923757054,438.0,329.0,1,0
8,4,edad,Brats18_CBICA_AXN_1,0.88611859451396,345.0,175.0,1,0
8,4,edad,Brats18_CBICA_AXO_1,-0.15603818881234693,394.0,385.0,1,2
8,4,edad,Brats18_CBICA_BHB_1,-0.18101231355449338,510.0,387.0,2,2
8,4,edad,Brats18_TCIA01_203_1,-0.5230446253559278,268.0,466.0,0,2
8,4,edad,Brats18_TCIA01_390_1,0.10127311908336463,634.0,350.0,2,1
8,4,edad,Brats18_TCIA01_412_1,0.2846525279548752,291.0,317.0,0,0
8,4,edad,Brats18_TCIA01_429_1,-0.20255514920317208,86.0,387.0,0,2
8,4,edad,Brats18_TCIA02_118_1,-0.47369773581585134,104.0,464.0,0,2
8,4,edad,Brats18_TCIA02_198_1,-0.22756464805968382,394.0,401.0,1,2
8,4,edad,Brats18_TCIA02_377_1,0.10788807846974043,812.0,346.0,2,1
8,4,edad,Brats18_TCIA03_498_1,-0.050587953888355366,467.0,370.0,2,1
8,4,edad,Brats18_TCIA06_184_1,0.016092251690888185,434.0,359.0,1,1
8,4,edad,Brats18_TCIA08_167_1,0.5021325830748689,153.0,262.0,0,0
8,4,coxnet,Brats18_CBICA_AAG_1,-0.3496893437586872,616.0,425.0,2,2
8,4,coxnet,Brats18_CBICA_ABM_1,0.32595067788688914,503.0,296.0,2,0
8,4,coxnet,Brats18_CBICA_ANI_1,-0.10853329483425939,439.0,375.0,1,1
8,4,coxnet,Brats18_CBICA_ANP_1,0.07169609299583045,486.0,355.0,2,1
8,4,coxnet,Brats18_CBICA_AOZ_1,-0.4771153676466832,331.0,453.0,1,2
8,4,coxnet,Brats18_CBICA_APR_1,0.1026730573814673,23.0,346.0,0,1
8,4,coxnet,Brats18_CBICA_APY_1,-0.5546454180086722,203.0,468.0,0,2
8,4,coxnet,Brats18_CBICA_AQP_1,-0.47471015070473727,1283.0,453.0,2,2
8,4,coxnet,Brats18_CBICA_AQY_1,-0.10298609394937457,229.0,375.0,0,1
8,4,coxnet,Brats18_CBICA_ARZ_1,-0.25390811502227123,871.0,405.0,2,2
8,4,coxnet,Brats18_CBICA_ASE_1,-0.4767767548784536,318.0,453.0,1,2
8,4,coxnet,Brats18_CBICA_ASG_1,-0.07276986937495934,208.0,372.0,0,1
8,4,coxnet,Brats18_CBICA_ASU_1,0.732430836404621,85.0,208.0,0,0
8,4,coxnet,Brats18_CBICA_ASY_1,0.15410318912476717,610.0,333.0,2,0
8,4,coxnet,Brats18_CBICA_ATD_1,0.26395129767202885,355.0,322.0,1,0
8,4,coxnet,Brats18_CBICA_ATX_1,-0.8799860602863089,1592.0,597.0,2,2
8,4,coxnet,Brats18_CBICA_AWG_1,-0.14058508855077803,180.0,382.0,0,2
8,4,coxnet,Brats18_CBICA_AWH_1,-0.24777550669678108,139.0,405.0,0,2
8,4,coxnet,Brats18_CBICA_AXM_1,0.18854277331196642,438.0,332.0,1,0
8,4,coxnet,Brats18_CBICA_AXN_1,0.9236719516728502,345.0,172.0,1,0
8,4,coxnet,Brats18_CBICA_AXO_1,-0.16687229210660148,394.0,385.0,1,2
8,4,coxnet,Brats18_CBICA_BHB_1,-0.20263010577141355,510.0,387.0,2,2
8,4,coxnet,Brats18_TCIA01_203_1,-0.4987362748607128,268.0,464.0,0,2
8,4,coxnet,Brats18_TCIA01_390_1,0.12292631911870672,634.0,346.0,2,1
8,4,coxnet,Brats18_TCIA01_412_1,0.29374743123827657,291.0,317.0,0,0
8,4,coxnet,Brats18_TCIA01_429_1,-0.1801419445280605,86.0,387.0,0,2
8,4,coxnet,Brats18_TCIA02_118_1,-0.4816618174271193,104.0,464.0,0,2
8,4,coxnet,Brats18_TCIA02_198_1,-0.28948119537633515,394.0,421.0,1,2
8,4,coxnet,Brats18_TCIA02_377_1,0.10917495866950251,812.0,346.0,2,1
8,4,coxnet,Brats18_TCIA03_498_1,-0.10884053035236882,467.0,375.0,2,1
8,4,coxnet,Brats18_TCIA06_184_1,-0.03495743368107934,434.0,368.0,1,1
8,4,coxnet,Brats18_TCIA08_167_1,0.5067190142097262,153.0,254.0,0,0
8,4,genetico,Brats18_CBICA_AAG_1,-0.4422122770609648,616.0,448.0,2,2
8,4,genetico,Brats18_CBICA_ABM_1,-0.41637662164936506,503.0,448.0,2,2
8,4,genetico,Brats18_CBICA_ANI_1,0.4541108534932159,439.0,289.0,1,0
8,4,genetico,Brats18_CBICA_ANP_1,-0.04491611231065448,486.0,372.0,2,1
8,4,genetico,Brats18_CBICA_AOZ_1,-0.05030589600782154,331.0,372.0,1,1
8,4,genetico,Brats18_CBICA_APR_1,0.2636152265813159,23.0,332.0,0,1
8,4,genetico,Brats18_CBICA_APY_1,-6.5609170386196265,203.0,1767.0,0,2
8,4,genetico,Brats18_CBICA_AQP_1,-0.37031552144804136,1283.0,430.0,2,2
8,4,genetico,Brats18_CBICA_AQY_1,0.03655104850993443,229.0,362.0,0,1
8,4,genetico,Brats18_CBICA_ARZ_1,-0.002478208713411048,871.0,370.0,2,1
8,4,genetico,Brats18_CBICA_ASE_1,-0.3083523736922075,318.0,421.0,1,2
8,4,genetico,Brats18_CBICA_ASG_1,0.6928272105252109,208.0,244.0,0,0
8,4,genetico,Brats18_CBICA_ASU_1,0.747493975890521,85.0,232.0,0,0
8,4,genetico,Brats18_CBICA_ASY_1,-0.6926428923457252,610.0,488.0,2,2
8,4,genetico,Brats18_CBICA_ATD_1,0.038497076212084765,355.0,362.0,1,1
8,4,genetico,Brats18_CBICA_ATX_1,-3.1651661417298733,1592.0,1767.0,2,2
8,4,genetico,Brats18_CBICA_AWG_1,0.4048142538369188,180.0,317.0,0,0
8,4,genetico,Brats18_CBICA_AWH_1,-0.4846726481837109,139.0,448.0,0,2
8,4,genetico,Brats18_CBICA_AXM_1,-1.169751494084376,438.0,626.0,1,2
8,4,genetico,Brats18_CBICA_AXN_1,2.2352740379189444,345.0,77.0,1,0
8,4,genetico,Brats18_CBICA_AXO_1,-0.25822590845689786,394.0,405.0,1,2
8,4,genetico,Brats18_CBICA_BHB_1,0.6458781616380763,510.0,254.0,2,0
8,4,genetico,Brats18_TCIA01_203_1,-0.43040423949413265,268.0,448.0,0,2
8,4,genetico,Brats18_TCIA01_390_1,0.1550201779583588,634.0,350.0,2,1
8,4,genetico,Brats18_TCIA01_412_1,-0.16645964808137936,291.0,387.0,0,1
8,4,genetico,Brats18_TCIA01_429_1,0.046433404023602964,86.0,362.0,0,1
8,4,genetico,Brats18_TCIA02_118_1,1.5909366851250395,104.0,111.0,0,0
8,4,genetico,Brats18_TCIA02_198_1,-0.589331542791276,394.0,466.0,1,2
8,4,genetico,Brats18_TCIA02_377_1,0.41239507010628296,812.0,296.0,2,0
8,4,genetico,Brats18_TCIA03_498_1,-0.8869374817857529,467.0,558.0,2,2
8,4,genetico,Brats18_TCIA06_184_1,3.362436156926802,434.0,30.0,1,0
8,4,genetico,Brats18_TCIA08_167_1,1.0826915301556714,153.0,172.0,0,0
9,0,edad,Brats18_2013_11_1,-1.2609855755057233,150.0,804.0,0,2
9,0,edad,Brats18_2013_27_1,0.3188750434887744,120.0,318.0,0,0
9,0,edad,Brats18_CBICA_AAB_1,0.01195970421521622,289.0,359.0,0,1
9,0,edad,Brats18_CBICA_ABE_1,0.28256667862036644,269.0,329.0,0,0
9,0,edad,Brats18_CBICA_ABY_1,-0.4792997828633815,515.0,464.0,2,2
9,0,edad,Brats18_CBICA_AMH_1,0.09931909217041311,169.0,355.0,0,1
9,0,edad,Brats18_CBICA_ANG_1,-0.17908565187090508,368.0,401.0,1,1
9,0,edad,Brats18_CBICA_AOP_1,0.3112803407702148,332.0,322.0,1,0
9,0,edad,Brats18_CBICA_AQN_1,0.1227936278459613,488.0,350.0,2,1
9,0,edad,Brats18_CBICA_AQP_1,-0.5570744123074551,1283.0,468.0,2,2
9,0,edad,Brats18_CBICA_AQU_1,0.516215474020761,30.0,262.0,0,0
9,0,edad,Brats18_CBICA_AQZ_1,0.12900747552478278,286.0,350.0,0,1
9,0,edad,Brats18_CBICA_ASK_1,0.6972699377605418,522.0,210.0,2,0
9,0,edad,Brats18_CBICA_ASW_1,0.33264298050263386,239.0,318.0,0,0
9,0,edad,Brats18_CBICA_ATB_1,0.4450202127072043,208.0,287.0,0,0
9,0,edad,Brats18_CBICA_AVJ_1,-0.6061353796016801,614.0,486.0,2,2
9,0,edad,Brats18_CBICA_AYI_1,0.23362755147670666,387.0,333.0,1,0
9,0,edad,Brats18_CBICA_AZD_1,-0.5649534087106666,448.0,468.0,1,2
9,0,edad,Brats18_CBICA_BHB_1,-0.18574624676846552,510.0,401.0,2,1
9,0,edad,Brats18_TCIA01_147_1,0.05066425871140516,209.0,357.0,0,1
9,0,edad,Brats18_TCIA01_186_1,-1.0673409628742128,370.0,698.0,1,2
9,0,edad,Brats18_TCIA01_201_1,0.02276286423199086,430.0,359.0,1,1
9,0,edad,Brats18_TCIA01_231_1,0.1476896319447692,1561.0,346.0,2,0
9,0,edad,Brats18_TCIA02_118_1,-0.5217813820270896,104.0,466.0,0,2
9,0,edad,Brats18_TCIA02_322_1,-0.11398239808560477,621.0,387.0,2,1
9,0,edad,Brats18_TCIA02_394_1,0.16564074746136476,616.0,345.0,2,0
9,0,edad,Brats18_TCIA03_265_1,-0.023739459900366303,103.0,375.0,0,1
9,0,edad,Brats18_TCIA03_419_1,0.42333266590661117,327.0,287.0,1,0
9,0,edad,Brats18_TCIA04_111_1,0.6130377803365163,626.0,232.0,2,0
9,0,edad,Brats18_TCIA04_192_1,0.6414265354181912,121.0,229.0,0,0
9,0,edad,Brats18_TCIA04_361_1,0.6418732826369299,476.0,229.0,2,0
9,0,edad,Brats18_TCIA04_479_1,-0.1530524730334894,372.0,394.0,1,1
9,0,edad,Brats18_TCIA08_167_1,0.5985794158027875,153.0,244.0,0,0
9,0,coxnet,Brats18_2013_11_1,-1.3428200144405547,150.0,804.0,0,2
9,0,coxnet,Brats18_2013_27_1,0.2212096964450783,120.0,331.0,0,0
9,0,coxnet,Brats18_CBICA_AAB_1,0.14079567574995322,289.0,345.0,0,1
9,0,coxnet,Brats18_CBICA_ABE_1,0.36467282296870596,269.0,296.0,0,0
9,0,coxnet,Brats18_CBICA_ABY_1,-0.19163127658299675,515.0,394.0,2,1
9,0,coxnet,Brats18_CBICA_AMH_1,-0.11972357761091837,169.0,385.0,0,1
9,0,coxnet,Brats18_CBICA_ANG_1,-0.36978964542189574,368.0,434.0,1,2
9,0,coxnet,Brats18_CBICA_AOP_1,0.12560544529179513,332.0,346.0,1,1
9,0,coxnet,Brats18_CBICA_AQN_1,0.3656731844424405,488.0,296.0,2,0
9,0,coxnet,Brats18_CBICA_AQP_1,-0.35806473621539614,1283.0,434.0,2,2
9,0,coxnet,Brats18_CBICA_AQU_1,0.6996616762824357,30.0,213.0,0,0
9,0,coxnet,Brats18_CBICA_AQZ_1,0.3703017672916607,286.0,296.0,0,0
9,0,coxnet,Brats18_CBICA_ASK_1,0.9296734608972563,522.0,180.0,2,0
9,0,coxnet,Brats18_CBICA_ASW_1,0.4485900102475475,239.0,268.0,0,0
9,0,coxnet,Brats18_CBICA_ATB_1,0.4383481618317758,208.0,287.0,0,0
9,0,coxnet,Brats18_CBICA_AVJ_1,-0.7481106445907276,614.0,503.0,2,2
9,0,coxnet,Brats18_CBICA_AYI_1,0.3933812118694345,387.0,291.0,1,0
9,0,coxnet,Brats18_CBICA_AZD_1,-0.37665139254167096,448.0,436.0,1,2
9,0,coxnet,Brats18_CBICA_BHB_1,-0.503280606791277,510.0,453.0,2,2
9,0,coxnet,Brats18_TCIA01_147_1,0.15305023117395627,209.0,345.0,0,1
9,0,coxnet,Brats18_TCIA01_186_1,-0.967077663628591,370.0,610.0,1,2
9,0,coxnet,Brats18_TCIA01_201_1,-0.22617793868341607,430.0,401.0,1,1
9,0,coxnet,Brats18_TCIA01_231_1,0.015648322556521956,1561.0,357.0,2,1
9,0,coxnet,Brats18_TCIA02_118_1,-0.4672095533929157,104.0,448.0,0,2
9,0,coxnet,Brats18_TCIA02_322_1,-0.28001977641129894,621.0,407.0,2,2
9,0,coxnet,Brats18_TCIA02_394_1,0.41431125040673,616.0,291.0,2,0
9,0,coxnet,Brats18_TCIA03_265_1,-0.06565325218884448,103.0,375.0,0,1
9,0,coxnet,Brats18_TCIA03_419_1,0.3954618793948546,327.0,291.0,1,0
9,0,coxnet,Brats18_TCIA04_111_1,0.5581217043582377,626.0,254.0,2,0
9,0,coxnet,Brats18_TCIA04_192_1,0.36215022336075087,121.0,296.0,0,0
9,0,coxnet,Brats18_TCIA04_361_1,0.5219909479228467,476.0,262.0,2,0
9,0,coxnet,Brats18_TCIA04_479_1,-0.11123976881619654,372.0,382.0,1,1
9,0,coxnet,Brats18_TCIA08_167_1,0.6731060441749845,153.0,213.0,0,0
9,0,genetico,Brats18_2013_11_1,-0.5377086472432298,150.0,464.0,0,2
9,0,genetico,Brats18_2013_27_1,0.0519912975735638,120.0,359.0,0,1
9,0,genetico,Brats18_CBICA_AAB_1,0.34259357740629803,289.0,331.0,0,0
9,0,genetico,Brats18_CBICA_ABE_1,0.3471928253487485,269.0,331.0,0,0
9,0,genetico,Brats18_CBICA_ABY_1,-0.5239316269166756,515.0,453.0,2,2
9,0,genetico,Brats18_CBICA_AMH_1,-0.4946866024357395,169.0,448.0,0,2
9,0,genetico,Brats18_CBICA_ANG_1,-0.9593212237551187,368.0,597.0,1,2
9,0,genetico,Brats18_CBICA_AOP_1,-0.25736586645180215,332.0,407.0,1,2
9,0,genetico,Brats18_CBICA_AQN_1,0.6558986073492491,488.0,265.0,2,0
9,0,genetico,Brats18_CBICA_AQP_1,-0.49355360992166497,1283.0,448.0,2,2
9,0,genetico,Brats18_CBICA_AQU_1,1.006416143251292,30.0,199.0,0,0
9,0,genetico,Brats18_CBICA_AQZ_1,0.21598052030482218,286.0,346.0,0,1
9,0,genetico,Brats18_CBICA_ASK_1,0.8508718527817645,522.0,213.0,2,0
9,0,genetico,Brats18_CBICA_ASW_1,0.48265769418318644,239.0,317.0,0,0
9,0,genetico,Brats18_CBICA_ATB_1,0.9428500741728089,208.0,203.0,0,0
9,0,genetico,Brats18_CBICA_AVJ_1,-0.6150686606823981,614.0,466.0,2,2
9,0,genetico,Brats18_CBICA_AYI_1,-0.3544217080165791,387.0,434.0,1,2
9,0,genetico,Brats18_CBICA_AZD_1,-0.8322553239635456,448.0,508.0,1,2
9,0,genetico,Brats18_CBICA_BHB_1,0.8721132021982184,510.0,210.0,2,0
9,0,genetico,Brats18_TCIA01_147_1,0.02398766550722886,209.0,362.0,0,1
9,0,genetico,Brats18_TCIA01_186_1,-0.6386791997078047,370.0,467.0,1,2
9,0,genetico,Brats18_TCIA01_201_1,-0.9032700296806696,430.0,576.0,1,2
9,0,genetico,Brats18_TCIA01_231_1,-0.3240818097656075,1561.0,425.0,2,2
9,0,genetico,Brats18_TCIA02_118_1,0.07041058975917686,104.0,359.0,0,1
9,0,genetico,Brats18_TCIA02_322_1,-1.5231204936991911,621.0,812.0,2,2
9,0,genetico,Brats18_TCIA02_394_1,1.3361626422613488,616.0,152.0,2,0
9,0,genetico,Brats18_TCIA03_265_1,0.011134234148957312,103.0,375.0,0,1
9,0,genetico,Brats18_TCIA03_419_1,0.6326436120323355,327.0,265.0,1,0
9,0,genetico,Brats18_TCIA04_111_1,0.28809163021660117,626.0,336.0,2,1
9,0,genetico,Brats18_TCIA04_192_1,-0.7943447376503646,121.0,503.0,0,2
9,0,genetico,Brats18_TCIA04_361_1,0.4608178083052332,476.0,317.0,2,0
9,0,genetico,Brats18_TCIA04_479_1,-0.18439076246892405,372.0,401.0,1,1
9,0,genetico,Brats18_TCIA08_167_1,1.4723397294454426,153.0,127.0,0,0
9,1,edad,Brats18_CBICA_AAP_1,-0.6924807363111821,788.0,510.0,2,2
9,1,edad,Brats18_CBICA_ABB_1,0.24532065580704093,465.0,332.0,2,0
9,1,edad,Brats18_CBICA_ABM_1,0.29054547060451824,503.0,329.0,2,0
9,1,edad,Brats18_CBICA_ANP_1,0.0257938592425441,486.0,362.0,2,1
9,1,edad,Brats18_CBICA_ANZ_1,0.23116997379852847,287.0,332.0,0,0
9,1,edad,Brats18_CBICA_APY_1,-0.4859572691599131,203.0,466.0,0,2
9,1,edad,Brats18_CBICA_AQQ_1,0.29309514303848444,33.0,329.0,0,0
9,1,edad,Brats18_CBICA_AQR_1,0.33701325071355365,89.0,318.0,0,0
9,1,edad,Brats18_CBICA_ASA_1,0.09460314405420932,210.0,355.0,0,1
9,1,edad,Brats18_CBICA_ASO_1,-0.26923511227277924,265.0,425.0,0,2
9,1,edad,Brats18_CBICA_ASY_1,0.18212065035010205,610.0,345.0,2,0
9,1,edad,Brats18_CBICA_ATX_1,-0.7652738843009195,1592.0,522.0,2,2
9,1,edad,Brats18_CBICA_AXO_1,-0.14324942312942024,394.0,385.0,1,2
9,1,edad,Brats18_CBICA_AYU_1,0.09514494944642704,58.0,355.0,0,1
9,1,edad,Brats18_TCIA01_150_1,-0.3085319386612845,1489.0,436.0,2,2
9,1,edad,Brats18_TCIA01_190_1,0.023276057714002606,322.0,362.0,1,1
9,1,edad,Brats18_TCIA01_235_1,-0.08996126925952504,804.0,376.0,2,1
9,1,edad,Brats18_TCIA01_378_1,0.4254550132667588,110.0,289.0,0,0
9,1,edad,Brats18_TCIA01_390_1,0.08857954292896399,634.0,355.0,2,1
9,1,edad,Brats18_TCIA01_412_1,0.253798316649979,291.0,331.0,0,0
9,1,edad,Brats18_TCIA01_448_1,-0.5209833942215251,199.0,468.0,0,2
9,1,edad,Brats18_TCIA01_460_1,-1.3328628390072383,630.0,871.0,2,2
9,1,edad,Brats18_TCIA02_179_1,-0.4499750169355641,405.0,453.0,1,2
9,1,edad,Brats18_TCIA02_198_1,-0.20769239389791797,394.0,401.0,1,2
9,1,edad,Brats18_TCIA02_283_1,0.4474778089151426,262.0,286.0,0,0
9,1,edad,Brats18_TCIA02_300_1,0.11417187998490047,127.0,355.0,0,0
9,1,edad,Brats18_TCIA02_321_1,0.6506548309968307,67.0,229.0,0,0
9,1,edad,Brats18_TCIA02_455_1,-0.1896853323330312,424.0,387.0,1,2
9,1,edad,Brats18_TCIA02_473_1,0.007213121380014873,175.0,362.0,0,1
9,1,edad,Brats18_TCIA02_491_1,0.6474996113597974,82.0,229.0,0,0
9,1,edad,Brats18_TCIA03_121_1,-0.968482777288032,747.0,616.0,2,2
9,1,edad,Brats18_TCIA04_437_1,-0.4411786470383802,333.0,453.0,1,2
9,1,edad,Brats18_TCIA06_184_1,0.011834402666578857,434.0,362.0,1,1
9,1,coxnet,Brats18_CBICA_AAP_1,-0.722419938711844,788.0,510.0,2,2
9,1,coxnet,Brats18_CBICA_ABB_1,0.3251108020331629,465.0,318.0,2,0
9,1,coxnet,Brats18_CBICA_ABM_1,0.2588075180710723,503.0,331.0,2,0
9,1,coxnet,Brats18_CBICA_ANP_1,0.04811151188680069,486.0,357.0,2,1
9,1,coxnet,Brats18_CBICA_ANZ_1,0.3044720184908399,287.0,327.0,0,0
9,1,coxnet,Brats18_CBICA_APY_1,-0.541112939793994,203.0,468.0,0,2
9,1,coxnet,Brats18_CBICA_AQQ_1,0.4164025109681158,33.0,289.0,0,0
9,1,coxnet,Brats18_CBICA_AQR_1,0.13635123724471496,89.0,350.0,0,0
9,1,coxnet,Brats18_CBICA_ASA_1,0.20012990205949197,210.0,336.0,0,0
9,1,coxnet,Brats18_CBICA_ASO_1,-0.28827180743224523,265.0,425.0,0,2
9,1,coxnet,Brats18_CBICA_ASY_1,0.08334913132158792,610.0,355.0,2,1
9,1,coxnet,Brats18_CBICA_ATX_1,-0.8020030702345707,1592.0,558.0,2,2
9,1,coxnet,Brats18_CBICA_AXO_1,-0.08364086764729124,394.0,375.0,1,1
9,1,coxnet,Brats18_CBICA_AYU_1,0.00351936193633435,58.0,362.0,0,1
9,1,coxnet,Brats18_TCIA01_150_1,-0.2774422076472884,1489.0,421.0,2,2
9,1,coxnet,Brats18_TCIA01_190_1,-0.17806352689320668,322.0,387.0,1,2
9,1,coxnet,Brats18_TCIA01_235_1,-0.1348989850750525,804.0,382.0,2,1
9,1,coxnet,Brats18_TCIA01_378_1,0.5027597184368322,110.0,268.0,0,0
9,1,coxnet,Brats18_TCIA01_390_1,0.128200897734953,634.0,350.0,2,0
9,1,coxnet,Brats18_TCIA01_412_1,0.2915398595818645,291.0,329.0,0,0
9,1,coxnet,Brats18_TCIA01_448_1,-0.6392285276986494,199.0,495.0,0,2
9,1,coxnet,Brats18_TCIA01_460_1,-1.3022519320835468,630.0,822.0,2,2
9,1,coxnet,Brats18_TCIA02_179_1,-0.36151632799777406,405.0,438.0,1,2
9,1,coxnet,Brats18_TCIA02_198_1,-0.3213687293489315,394.0,430.0,1,2
9,1,coxnet,Brats18_TCIA02_283_1,0.4525143151497952,262.0,286.0,0,0
9,1,coxnet,Brats18_TCIA02_300_1,0.16775643962999767,127.0,345.0,0,0
9,1,coxnet,Brats18_TCIA02_321_1,0.7480033938193605,67.0,208.0,0,0
9,1,coxnet,Brats18_TCIA02_455_1,-0.17016170737676117,424.0,387.0,1,2
9,1,coxnet,Brats18_TCIA02_473_1,-0.04191197004136856,175.0,370.0,0,1
9,1,coxnet,Brats18_TCIA02_491_1,0.7152147899351782,82.0,209.0,0,0
9,1,coxnet,Brats18_TCIA03_121_1,-0.9236889844193512,747.0,614.0,2,2
9,1,coxnet,Brats18_TCIA04_437_1,-0.701603731512884,333.0,510.0,1,2
9,1,coxnet,Brats18_TCIA06_184_1,-0.114195711546482,434.0,376.0,1,1
9,1,genetico,Brats18_CBICA_AAP_1,-0.9470459967430107,788.0,597.0,2,2
9,1,genetico,Brats18_CBICA_ABB_1,0.5447718813819556,465.0,268.0,2,0
9,1,genetico,Brats18_CBICA_ABM_1,0.3298099061437779,503.0,327.0,2,0
9,1,genetico,Brats18_CBICA_ANP_1,0.27649697896590586,486.0,331.0,2,0
9,1,genetico,Brats18_CBICA_ANZ_1,0.7163229068691819,287.0,213.0,0,0
9,1,genetico,Brats18_CBICA_APY_1,-1.8854585830089574,203.0,1337.0,0,2
9,1,genetico,Brats18_CBICA_AQQ_1,0.8980234243978811,33.0,187.0,0,0
9,1,genetico,Brats18_CBICA_AQR_1,-0.4620095572734737,89.0,448.0,0,2
9,1,genetico,Brats18_CBICA_ASA_1,0.7116773706088115,210.0,229.0,0,0
9,1,genetico,Brats18_CBICA_ASO_1,-0.3057484632372419,265.0,425.0,0,2
9,1,genetico,Brats18_CBICA_ASY_1,-0.20301477033259765,610.0,387.0,2,1
9,1,genetico,Brats18_CBICA_ATX_1,-0.6607565339596906,1592.0,488.0,2,2
9,1,genetico,Brats18_CBICA_AXO_1,0.14799157989247072,394.0,346.0,1,1
9,1,genetico,Brats18_CBICA_AYU_1,-0.26484681912379293,58.0,407.0,0,2
9,1,genetico,Brats18_TCIA01_150_1,-0.608928065288763,1489.0,473.0,2,2
9,1,genetico,Brats18_TCIA01_190_1,-0.9696845092292959,322.0,600.0,1,2
9,1,genetico,Brats18_TCIA01_235_1,-0.5430152542163995,804.0,466.0,2,2
9,1,genetico,Brats18_TCIA01_378_1,1.4525770703636245,110.0,120.0,0,0
9,1,genetico,Brats18_TCIA01_390_1,-1.1093445521000913,634.0,626.0,2,2
9,1,genetico,Brats18_TCIA01_412_1,0.39852790184793385,291.0,296.0,0,0
9,1,genetico,Brats18_TCIA01_448_1,-1.0440930536124027,199.0,616.0,0,2
9,1,genetico,Brats18_TCIA01_460_1,-1.4511842473933463,630.0,871.0,2,2
9,1,genetico,Brats18_TCIA02_179_1,-0.256569056304892,405.0,407.0,1,2
9,1,genetico,Brats18_TCIA02_198_1,-0.9327305216144365,394.0,597.0,1,2
9,1,genetico,Brats18_TCIA02_283_1,0.5120345164695406,262.0,269.0,0,0
9,1,genetico,Brats18_TCIA02_300_1,0.2142108123641822,127.0,336.0,0,0
9,1,genetico,Brats18_TCIA02_321_1,0.7377454130913037,67.0,213.0,0,0
9,1,genetico,Brats18_TCIA02_455_1,-0.5395431978019457,424.0,466.0,1,2
9,1,genetico,Brats18_TCIA02_473_1,-0.1517689428280765,175.0,382.0,0,1
9,1,genetico,Brats18_TCIA02_491_1,0.7390110449090406,82.0,213.0,0,0
9,1,genetico,Brats18_TCIA03_121_1,-0.9140211659678881,747.0,579.0,2,2
9,1,genetico,Brats18_TCIA04_437_1,-2.022262123925935,333.0,1458.0,1,2
9,1,genetico,Brats18_TCIA06_184_1,1.7350939822137368,434.0,103.0,1,0
9,2,edad,Brats18_CBICA_ALN_1,0.04823818786990567,421.0,355.0,1,1
9,2,edad,Brats18_CBICA_ALU_1,0.2281812885659741,495.0,327.0,2,0
9,2,edad,Brats18_CBICA_AOD_1,0.035133596513988744,55.0,355.0,0,1
9,2,edad,Brats18_CBICA_AOH_1,-0.0977273573991868,576.0,372.0,2,1
9,2,edad,Brats18_CBICA_APR_1,0.11220020994504641,23.0,336.0,0,1
9,2,edad,Brats18_CBICA_AQG_1,-0.21810083367680702,466.0,394.0,2,2
9,2,edad,Brats18_CBICA_AQJ_1,0.234533929804992,170.0,327.0,0,0
9,2,edad,Brats18_CBICA_AQT_1,0.5940571231263276,172.0,239.0,0,0
9,2,edad,Brats18_CBICA_AQY_1,-0.0687956141563449,229.0,370.0,0,1
9,2,edad,Brats18_CBICA_ARF_1,0.5698807856109795,726.0,244.0,2,0
9,2,edad,Brats18_CBICA_ASE_1,-0.4646196145577834,318.0,464.0,1,2
9,2,edad,Brats18_CBICA_ASH_1,-0.4734770114853285,660.0,464.0,2,2
9,2,edad,Brats18_CBICA_AUN_1,0.3227448910096415,376.0,296.0,1,0
9,2,edad,Brats18_CBICA_AUQ_1,0.04366428617781283,1337.0,355.0,2,1
9,2,edad,Brats18_CBICA_AVG_1,0.13597723858251362,579.0,333.0,2,1
9,2,edad,Brats18_CBICA_AWI_1,-0.47416672681985034,375.0,464.0,1,2
9,2,edad,Brats18_CBICA_AXM_1,0.26575262389388016,438.0,322.0,1,0
9,2,edad,Brats18_CBICA_AXN_1,0.9492242195980515,345.0,175.0,1,0
9,2,edad,Brats18_CBICA_AXW_1,0.7114176324162994,191.0,208.0,0,0
9,2,edad,Brats18_CBICA_AZH_1,-0.17054677640187255,401.0,387.0,1,1
9,2,edad,Brats18_CBICA_BHM_1,0.0877334659730573,436.0,346.0,1,1
9,2,edad,Brats18_TCIA01_425_1,-0.12360983284729996,558.0,382.0,2,1
9,2,edad,Brats18_TCIA02_274_1,-0.16865913443370725,357.0,387.0,1,1
9,2,edad,Brats18_TCIA03_257_1,0.3525841544294854,425.0,291.0,1,0
9,2,edad,Brats18_TCIA03_296_1,0.029543272223652824,22.0,355.0,0,1
9,2,edad,Brats18_TCIA03_474_1,0.06515436396923349,635.0,350.0,2,1
9,2,edad,Brats18_TCIA05_478_1,-0.013001273674227282,30.0,359.0,0,1
9,2,edad,Brats18_TCIA06_372_1,0.5411668472106185,213.0,262.0,0,0
9,2,edad,Brats18_TCIA08_242_1,0.24923575667243358,147.0,327.0,0,0
9,2,edad,Brats18_TCIA08_280_1,-0.08171870147686147,508.0,370.0,2,1
9,2,edad,Brats18_TCIA08_319_1,0.19046475000974752,254.0,331.0,0,0
9,2,edad,Brats18_TCIA08_406_1,0.6945014563169719,82.0,209.0,0,0
9,2,edad,Brats18_TCIA08_469_1,0.155579674405769,519.0,332.0,2,0
9,2,coxnet,Brats18_CBICA_ALN_1,0.12825716377570603,421.0,333.0,1,1
9,2,coxnet,Brats18_CBICA_ALU_1,0.013535120922236864,495.0,355.0,2,1
9,2,coxnet,Brats18_CBICA_AOD_1,0.08129770640723713,55.0,346.0,0,1
9,2,coxnet,Brats18_CBICA_AOH_1,-0.06222453476605762,576.0,368.0,2,1
9,2,coxnet,Brats18_CBICA_APR_1,0.2311448888903068,23.0,327.0,0,0
9,2,coxnet,Brats18_CBICA_AQG_1,-0.28018234954472615,466.0,405.0,2,2
9,2,coxnet,Brats18_CBICA_AQJ_1,0.2124081704007855,170.0,329.0,0,0
9,2,coxnet,Brats18_CBICA_AQT_1,0.5080017885449155,172.0,265.0,0,0
9,2,coxnet,Brats18_CBICA_AQY_1,-0.048491985167838494,229.0,362.0,0,1
9,2,coxnet,Brats18_CBICA_ARF_1,0.6528090039023026,726.0,210.0,2,0
9,2,coxnet,Brats18_CBICA_ASE_1,-0.4228066525666484,318.0,448.0,1,2
9,2,coxnet,Brats18_CBICA_ASH_1,-0.6883224294375316,660.0,503.0,2,2
9,2,coxnet,Brats18_CBICA_AUN_1,0.27257043574117107,376.0,317.0,1,0
9,2,coxnet,Brats18_CBICA_AUQ_1,-0.014519296014109884,1337.0,359.0,2,1
9,2,coxnet,Brats18_CBICA_AVG_1,0.0038579093073357685,579.0,355.0,2,1
9,2,coxnet,Brats18_CBICA_AWI_1,-0.45647796095105236,375.0,453.0,1,2
9,2,coxnet,Brats18_CBICA_AXM_1,0.1360899836389028,438.0,333.0,1,1
9,2,coxnet,Brats18_CBICA_AXN_1,1.0741700228666002,345.0,152.0,1,0
9,2,coxnet,Brats18_CBICA_AXW_1,0.5768322802142605,191.0,244.0,0,0
9,2,coxnet,Brats18_CBICA_AZH_1,-0.4246296873498317,401.0,448.0,1,2
9,2,coxnet,Brats18_CBICA_BHM_1,0.24056430857973396,436.0,327.0,1,0
9,2,coxnet,Brats18_TCIA01_425_1,-0.4910458999222472,558.0,464.0,2,2
9,2,coxnet,Brats18_TCIA02_274_1,-0.2029200735786672,357.0,387.0,1,2
9,2,coxnet,Brats18_TCIA03_257_1,0.38460629925744033,425.0,287.0,1,0
9,2,coxnet,Brats18_TCIA03_296_1,0.08169623639629679,22.0,346.0,0,1
9,2,coxnet,Brats18_TCIA03_474_1,0.16451976997641465,635.0,332.0,2,1
9,2,coxnet,Brats18_TCIA05_478_1,-0.08468324146470348,30.0,370.0,0,1
9,2,coxnet,Brats18_TCIA06_372_1,0.5103187372093178,213.0,265.0,0,0
9,2,coxnet,Brats18_TCIA08_242_1,0.19081659267730045,147.0,331.0,0,0
9,2,coxnet,Brats18_TCIA08_280_1,-0.6579902271377379,508.0,488.0,2,2
9,2,coxnet,Brats18_TCIA08_319_1,0.12064859814830477,254.0,333.0,0,1
9,2,coxnet,Brats18_TCIA08_406_1,0.7851491804782755,82.0,203.0,0,0
9,2,coxnet,Brats18_TCIA08_469_1,0.1625742015096995,519.0,332.0,2,1
9,2,genetico,Brats18_CBICA_ALN_1,1.0226172995274623,421.0,180.0,1,0
9,2,genetico,Brats18_CBICA_ALU_1,-0.0681805841191793,495.0,368.0,2,1
9,2,genetico,Brats18_CBICA_AOD_1,-0.04295938759795096,55.0,362.0,0,1
9,2,genetico,Brats18_CBICA_AOH_1,-0.2565677779696822,576.0,394.0,2,1
9,2,genetico,Brats18_CBICA_APR_1,0.745878914095416,23.0,210.0,0,0
9,2,genetico,Brats18_CBICA_AQG_1,0.5798791544264138,466.0,265.0,2,0
9,2,genetico,Brats18_CBICA_AQJ_1,0.9943528331928773,170.0,187.0,0,0
9,2,genetico,Brats18_CBICA_AQT_1,0.5152724429770682,172.0,269.0,0,0
9,2,genetico,Brats18_CBICA_AQY_1,0.37781872490208995,229.0,291.0,0,0
9,2,genetico,Brats18_CBICA_ARF_1,1.0193244558584447,726.0,180.0,2,0
9,2,genetico,Brats18_CBICA_ASE_1,-0.5701855137219682,318.0,465.0,1,2
9,2,genetico,Brats18_CBICA_ASH_1,-1.4110500622508977,660.0,804.0,2,2
9,2,genetico,Brats18_CBICA_AUN_1,0.6519434675729111,376.0,244.0,1,0
9,2,genetico,Brats18_CBICA_AUQ_1,0.003631009776383115,1337.0,355.0,2,1
9,2,genetico,Brats18_CBICA_AVG_1,-1.4015401498635263,579.0,804.0,2,2
9,2,genetico,Brats18_CBICA_AWI_1,0.4526542995872254,375.0,287.0,1,0
9,2,genetico,Brats18_CBICA_AXM_1,0.6244062755355756,438.0,262.0,1,0
9,2,genetico,Brats18_CBICA_AXN_1,2.1414989553145927,345.0,85.0,1,0
9,2,genetico,Brats18_CBICA_AXW_1,0.27862446358161275,191.0,327.0,0,0
9,2,genetico,Brats18_CBICA_AZH_1,-0.6814687916400282,401.0,476.0,1,2
9,2,genetico,Brats18_CBICA_BHM_1,0.7197660788689388,436.0,232.0,1,0
9,2,genetico,Brats18_TCIA01_425_1,-1.2720654197199712,558.0,734.0,2,2
9,2,genetico,Brats18_TCIA02_274_1,-0.2513691454115388,357.0,394.0,1,1
9,2,genetico,Brats18_TCIA03_257_1,0.46144545631565737,425.0,287.0,1,0
9,2,genetico,Brats18_TCIA03_296_1,0.6233897980320819,22.0,262.0,0,0
9,2,genetico,Brats18_TCIA03_474_1,0.2563027642063165,635.0,327.0,2,0
9,2,genetico,Brats18_TCIA05_478_1,-1.009234620814265,30.0,614.0,0,2
9,2,genetico,Brats18_TCIA06_372_1,0.1384532654988137,213.0,333.0,0,1
9,2,genetico,Brats18_TCIA08_242_1,-0.13073594913988146,147.0,372.0,0,1
9,2,genetico,Brats18_TCIA08_280_1,-4.150899051696198,508.0,1767.0,2,2
9,2,genetico,Brats18_TCIA08_319_1,0.11310155098817354,254.0,336.0,0,1
9,2,genetico,Brats18_TCIA08_406_1,-0.5039769968239447,82.0,448.0,0,2
9,2,genetico,Brats18_TCIA08_469_1,-0.43092690675152495,519.0,439.0,2,2
9,3,edad,Brats18_CBICA_AAG_1,-0.30575741369021386,616.0,425.0,2,2
9,3,edad,Brats18_CBICA_ALX_1,-0.04396419714189605,698.0,368.0,2,1
9,3,edad,Brats18_CBICA_AOO_1,-0.5911930593507687,350.0,488.0,1,2
9,3,edad,Brats18_CBICA_AQD_1,0.42617131946701453,32.0,269.0,0,0
9,3,edad,Brats18_CBICA_AQV_1,-0.26703456779699686,84.0,421.0,0,2
9,3,edad,Brats18_CBICA_ARW_1,-0.5822434662143929,495.0,486.0,2,2
9,3,edad,Brats18_CBICA_ARZ_1,-0.21548632071621773,871.0,401.0,2,2
9,3,edad,Brats18_CBICA_ASG_1,-0.1138344459191926,208.0,375.0,0,1
9,3,edad,Brats18_CBICA_ASN_1,-0.7558796669075436,407.0,522.0,1,2
9,3,edad,Brats18_CBICA_ATD_1,0.2902361607263132,355.0,296.0,1,0
9,3,edad,Brats18_CBICA_ATF_1,0.27431011309780184,152.0,318.0,0,0
9,3,edad,Brats18_CBICA_ATP_1,-0.3295055466583923,385.0,430.0,1,2
9,3,edad,Brats18_CBICA_ATV_1,0.042924372441973675,453.0,355.0,2,1
9,3,edad,Brats18_CBICA_AUR_1,0.32807814115335127,12.0,291.0,0,0
9,3,edad,Brats18_CBICA_AVV_1,0.3999919978121829,387.0,286.0,1,0
9,3,edad,Brats18_CBICA_AWG_1,-0.1905754453326835,180.0,394.0,0,2
9,3,edad,Brats18_CBICA_AXQ_1,0.18819670512416933,114.0,329.0,0,0
9,3,edad,Brats18_TCIA01_411_1,-0.6355182096088822,822.0,495.0,2,2
9,3,edad,Brats18_TCIA01_429_1,-0.2098135471140269,86.0,401.0,0,2
9,3,edad,Brats18_TCIA01_499_1,-0.38260411695964597,600.0,438.0,2,2
9,3,edad,Brats18_TCIA02_314_1,-0.7254017217777595,362.0,515.0,1,2
9,3,edad,Brats18_TCIA02_331_1,0.8422216964525508,187.0,203.0,0,0
9,3,edad,Brats18_TCIA02_368_1,0.05712392375677471,317.0,346.0,1,1
9,3,edad,Brats18_TCIA02_377_1,0.09940546613335374,812.0,336.0,2,1
9,3,edad,Brats18_TCIA03_133_1,0.09940546613335374,382.0,336.0,1,1
9,3,edad,Brats18_TCIA03_199_1,-0.4268940325991123,1282.0,448.0,2,2
9,3,edad,Brats18_TCIA03_338_1,0.5455814420622027,468.0,254.0,2,0
9,3,edad,Brats18_TCIA03_498_1,-0.058445625405874384,467.0,370.0,2,1
9,3,edad,Brats18_TCIA04_149_1,-0.8487581216614287,448.0,579.0,1,2
9,3,edad,Brats18_TCIA06_165_1,-0.3236213653443184,5.0,430.0,0,2
9,3,edad,Brats18_TCIA06_409_1,0.29333680716726257,99.0,296.0,0,0
9,3,edad,Brats18_TCIA08_278_1,-0.3678408117464906,1458.0,436.0,2,2
9,3,coxnet,Brats18_CBICA_AAG_1,-0.35107026792745905,616.0,434.0,2,2
9,3,coxnet,Brats18_CBICA_ALX_1,-0.061623774726929315,698.0,370.0,2,1
9,3,coxnet,Brats18_CBICA_AOO_1,-0.5831313572783656,350.0,476.0,1,2
9,3,coxnet,Brats18_CBICA_AQD_1,0.39974931745971437,32.0,286.0,0,0
9,3,coxnet,Brats18_CBICA_AQV_1,-0.2545131524922078,84.0,405.0,0,2
9,3,coxnet,Brats18_CBICA_ARW_1,-0.5864703789529806,495.0,486.0,2,2
9,3,coxnet,Brats18_CBICA_ARZ_1,-0.282548521471034,871.0,424.0,2,2
9,3,coxnet,Brats18_CBICA_ASG_1,-0.05148149472680793,208.0,368.0,0,1
9,3,coxnet,Brats18_CBICA_ASN_1,-0.7342718182664066,407.0,515.0,1,2
9,3,coxnet,Brats18_CBICA_ATD_1,0.2464084727836867,355.0,322.0,1,0
9,3,coxnet,Brats18_CBICA_ATF_1,0.3019312050908291,152.0,296.0,0,0
9,3,coxnet,Brats18_CBICA_ATP_1,-0.4137317197321252,385.0,439.0,1,2
9,3,coxnet,Brats18_CBICA_ATV_1,0.06475565503772446,453.0,345.0,2,1
9,3,coxnet,Brats18_CBICA_AUR_1,0.35858804058588084,12.0,289.0,0,0
9,3,coxnet,Brats18_CBICA_AVV_1,0.4362717415076834,387.0,269.0,1,0
9,3,coxnet,Brats18_CBICA_AWG_1,-0.15637894149403608,180.0,387.0,0,2
9,3,coxnet,Brats18_CBICA_AXQ_1,0.19084749004189466,114.0,329.0,0,0
9,3,coxnet,Brats18_TCIA01_411_1,-0.6665993711645083,822.0,503.0,2,2
9,3,coxnet,Brats18_TCIA01_429_1,-0.17499396435408737,86.0,394.0,0,2
9,3,coxnet,Brats18_TCIA01_499_1,-0.3877407626489458,600.0,438.0,2,2
9,3,coxnet,Brats18_TCIA02_314_1,-0.6411817909370988,362.0,495.0,1,2
9,3,coxnet,Brats18_TCIA02_331_1,0.7735845701254759,187.0,209.0,0,0
9,3,coxnet,Brats18_TCIA02_368_1,0.08063870621155736,317.0,345.0,1,1
9,3,coxnet,Brats18_TCIA02_377_1,0.13356782412692253,812.0,332.0,2,0
9,3,coxnet,Brats18_TCIA03_133_1,0.022908042822727466,382.0,355.0,1,1
9,3,coxnet,Brats18_TCIA03_199_1,-0.4466623688512259,1282.0,448.0,2,2
9,3,coxnet,Brats18_TCIA03_338_1,0.5099541004420176,468.0,262.0,2,0
9,3,coxnet,Brats18_TCIA03_498_1,-0.12933118884057643,467.0,376.0,2,1
9,3,coxnet,Brats18_TCIA04_149_1,-0.8462159278525986,448.0,576.0,1,2
9,3,coxnet,Brats18_TCIA06_165_1,-0.30231950256109735,5.0,425.0,0,2
9,3,coxnet,Brats18_TCIA06_409_1,0.31794639870661007,99.0,291.0,0,0
9,3,coxnet,Brats18_TCIA08_278_1,-0.3644230602860934,1458.0,434.0,2,2
9,3,genetico,Brats18_CBICA_AAG_1,-1.1610490560379123,616.0,621.0,2,2
9,3,genetico,Brats18_CBICA_ALX_1,-0.181238606584458,698.0,394.0,2,1
9,3,genetico,Brats18_CBICA_AOO_1,-0.30106483345259,350.0,421.0,1,2
9,3,genetico,Brats18_CBICA_AQD_1,0.34766503358424355,32.0,318.0,0,0
9,3,genetico,Brats18_CBICA_AQV_1,-0.8347797818061662,84.0,510.0,0,2
9,3,genetico,Brats18_CBICA_ARW_1,-0.5734762636493071,495.0,465.0,2,2
9,3,genetico,Brats18_CBICA_ARZ_1,0.013705392687717755,871.0,359.0,2,1
9,3,genetico,Brats18_CBICA_ASG_1,0.9760440083782037,208.0,199.0,0,0
9,3,genetico,Brats18_CBICA_ASN_1,-0.22347918976219708,407.0,394.0,1,2
9,3,genetico,Brats18_CBICA_ATD_1,0.14134072408577286,355.0,336.0,1,0
9,3,genetico,Brats18_CBICA_ATF_1,0.4177942441576916,152.0,289.0,0,0
9,3,genetico,Brats18_CBICA_ATP_1,-1.8391204996768327,385.0,1283.0,1,2
9,3,genetico,Brats18_CBICA_ATV_1,0.503575904730376,453.0,286.0,2,0
9,3,genetico,Brats18_CBICA_AUR_1,0.42254510440308973,12.0,289.0,0,0
9,3,genetico,Brats18_CBICA_AVV_1,0.6113373546760316,387.0,262.0,1,0
9,3,genetico,Brats18_CBICA_AWG_1,0.409231086285781,180.0,291.0,0,0
9,3,genetico,Brats18_CBICA_AXQ_1,0.2829741541112843,114.0,327.0,0,0
9,3,genetico,Brats18_TCIA01_411_1,-0.2191574869890438,822.0,394.0,2,2
9,3,genetico,Brats18_TCIA01_429_1,-0.32400322136831494,86.0,424.0,0,2
9,3,genetico,Brats18_TCIA01_499_1,-0.17128739939760096,600.0,387.0,2,1
9,3,genetico,Brats18_TCIA02_314_1,1.0381548701647918,362.0,191.0,1,0
9,3,genetico,Brats18_TCIA02_331_1,0.6128436291260548,187.0,262.0,0,0
9,3,genetico,Brats18_TCIA02_368_1,0.2748658019069139,317.0,327.0,1,0
9,3,genetico,Brats18_TCIA02_377_1,-0.255795045386965,812.0,405.0,2,2
9,3,genetico,Brats18_TCIA03_133_1,0.05146014559987132,382.0,355.0,1,1
9,3,genetico,Brats18_TCIA03_199_1,-0.867769459928143,1282.0,515.0,2,2
9,3,genetico,Brats18_TCIA03_338_1,0.6422234502850483,468.0,254.0,2,0
9,3,genetico,Brats18_TCIA03_498_1,-0.217036524285816,467.0,394.0,2,2
9,3,genetico,Brats18_TCIA04_149_1,-0.5468516257329045,448.0,464.0,1,2
9,3,genetico,Brats18_TCIA06_165_1,-0.6433567704974287,5.0,473.0,0,2
9,3,genetico,Brats18_TCIA06_409_1,0.13655810647156055,99.0,336.0,0,1
9,3,genetico,Brats18_TCIA08_278_1,-0.9288596224353818,1458.0,522.0,2,2
9,4,edad,Brats18_CBICA_AAL_1,-0.17993581437992084,464.0,394.0,2,2
9,4,edad,Brats18_CBICA_ABN_1,0.2505291961664959,1278.0,327.0,2,0
9,4,edad,Brats18_CBICA_ABO_1,-0.11473809610637188,1155.0,387.0,2,1
9,4,edad,Brats18_CBICA_AME_1,-0.258954956404567,359.0,421.0,1,2
9,4,edad,Brats18_CBICA_ANI_1,-0.05812874582069803,439.0,382.0,1,1
9,4,edad,Brats18_CBICA_AOZ_1,-0.41496158351049117,331.0,448.0,1,2
9,4,edad,Brats18_CBICA_APZ_1,-0.0025660066876686963,336.0,372.0,1,1
9,4,edad,Brats18_CBICA_AQA_1,0.499314823686243,106.0,265.0,0,0
9,4,edad,Brats18_CBICA_AQO_1,0.23744655675844195,473.0,327.0,2,0
9,4,edad,Brats18_CBICA_ASU_1,0.6507040486481477,85.0,210.0,0,0
9,4,edad,Brats18_CBICA_ASV_1,-0.1660836079478638,597.0,394.0,2,2
9,4,edad,Brats18_CBICA_AWH_1,-0.2272487950156361,139.0,405.0,0,2
9,4,edad,Brats18_CBICA_AXJ_1,-0.9953690330136867,1767.0,616.0,2,2
9,4,edad,Brats18_CBICA_AXL_1,0.44584530685850204,168.0,269.0,0,0
9,4,edad,Brats18_CBICA_AYA_1,0.45218653913628826,50.0,269.0,0,0
9,4,edad,Brats18_CBICA_AYW_1,-0.31621074299040336,734.0,430.0,2,2
9,4,edad,Brats18_TCIA01_203_1,-0.437740767420985,268.0,448.0,0,2
9,4,edad,Brats18_TCIA01_335_1,-0.174610410573819,355.0,394.0,1,2
9,4,edad,Brats18_TCIA01_401_1,0.5739628250145511,448.0,239.0,1,0
9,4,edad,Brats18_TCIA02_135_1,0.2837437089224732,828.0,322.0,2,0
9,4,edad,Brats18_TCIA02_151_1,-0.37472861949560493,1731.0,436.0,2,2
9,4,edad,Brats18_TCIA02_226_1,0.4134619264884486,329.0,287.0,1,0
9,4,edad,Brats18_TCIA02_290_1,-0.5243632316427825,737.0,467.0,2,2
9,4,edad,Brats18_TCIA02_430_1,-0.19332628059757617,71.0,401.0,0,2
9,4,edad,Brats18_TCIA02_471_1,0.5069181458833943,111.0,262.0,0,0
9,4,edad,Brats18_TCIA03_138_1,0.36100823813239186,82.0,291.0,0,0
9,4,edad,Brats18_TCIA03_375_1,-0.004505315588156774,946.0,372.0,2,1
9,4,edad,Brats18_TCIA04_343_1,-0.22986532289724693,296.0,407.0,0,2
9,4,edad,Brats18_TCIA05_277_1,0.3146187379254806,232.0,317.0,0,0
9,4,edad,Brats18_TCIA06_247_1,0.5095346737650049,244.0,262.0,0,0
9,4,edad,Brats18_TCIA08_105_1,0.19949151113460514,77.0,333.0,0,0
9,4,edad,Brats18_TCIA08_218_1,-0.08623333353729416,346.0,385.0,1,1
9,4,coxnet,Brats18_CBICA_AAL_1,0.19135400774688416,464.0,333.0,2,0
9,4,coxnet,Brats18_CBICA_ABN_1,0.48831143752670214,1278.0,265.0,2,0
9,4,coxnet,Brats18_CBICA_ABO_1,0.44063927507021383,1155.0,286.0,2,0
9,4,coxnet,Brats18_CBICA_AME_1,0.100077685619046,359.0,355.0,1,1
9,4,coxnet,Brats18_CBICA_ANI_1,0.32030745902559954,439.0,317.0,1,0
9,4,coxnet,Brats18_CBICA_AOZ_1,-0.7212966410535524,331.0,495.0,1,2
9,4,coxnet,Brats18_CBICA_APZ_1,0.11722000179553826,336.0,350.0,1,1
9,4,coxnet,Brats18_CBICA_AQA_1,0.29465269872110617,106.0,318.0,0,0
9,4,coxnet,Brats18_CBICA_AQO_1,0.06349808986369374,473.0,357.0,2,1
9,4,coxnet,Brats18_CBICA_ASU_1,0.9821346566163174,85.0,175.0,0,0
9,4,coxnet,Brats18_CBICA_ASV_1,0.0018735859789156572,597.0,370.0,2,1
9,4,coxnet,Brats18_CBICA_AWH_1,-0.2047048257133567,139.0,394.0,0,1
9,4,coxnet,Brats18_CBICA_AXJ_1,-0.7261881960194245,1767.0,495.0,2,2
9,4,coxnet,Brats18_CBICA_AXL_1,0.747249758106825,168.0,208.0,0,0
9,4,coxnet,Brats18_CBICA_AYA_1,0.6784059872408041,50.0,210.0,0,0
9,4,coxnet,Brats18_CBICA_AYW_1,-0.39324722952631835,734.0,434.0,2,2
9,4,coxnet,Brats18_TCIA01_203_1,-0.13547973595708204,268.0,387.0,0,1
9,4,coxnet,Brats18_TCIA01_335_1,-0.14032834115373083,355.0,387.0,1,1
9,4,coxnet,Brats18_TCIA01_401_1,0.43662142396889625,448.0,286.0,1,0
9,4,coxnet,Brats18_TCIA02_135_1,0.45997816941022646,828.0,269.0,2,0
9,4,coxnet,Brats18_TCIA02_151_1,-0.7389750487170837,1731.0,495.0,2,2
9,4,coxnet,Brats18_TCIA02_226_1,0.200454331985302,329.0,332.0,1,0
9,4,coxnet,Brats18_TCIA02_290_1,-0.07622403640697437,737.0,376.0,2,1
9,4,coxnet,Brats18_TCIA02_430_1,-0.4300919938095272,71.0,436.0,0,2
9,4,coxnet,Brats18_TCIA02_471_1,0.46923428661880673,111.0,269.0,0,0
9,4,coxnet,Brats18_TCIA03_138_1,0.6576627396864139,82.0,210.0,0,0
9,4,coxnet,Brats18_TCIA03_375_1,-0.005792433225540485,946.0,370.0,2,1
9,4,coxnet,Brats18_TCIA04_343_1,-0.22402802229545474,296.0,394.0,0,2
9,4,coxnet,Brats18_TCIA05_277_1,-0.19302187811351298,232.0,394.0,0,1
9,4,coxnet,Brats18_TCIA06_247_1,0.8363462808263498,244.0,199.0,0,0
9,4,coxnet,Brats18_TCIA08_105_1,0.4804355634115805,77.0,265.0,0,0
9,4,coxnet,Brats18_TCIA08_218_1,-0.5531262061279585,346.0,465.0,1,2
9,4,genetico,Brats18_CBICA_AAL_1,-0.6118215789706712,464.0,486.0,2,2
9,4,genetico,Brats18_CBICA_ABN_1,-0.7359891257055828,1278.0,503.0,2,2
9,4,genetico,Brats18_CBICA_ABO_1,1.4950735958718246,1155.0,121.0,2,0
9,4,genetico,Brats18_CBICA_AME_1,0.41295593633515315,359.0,291.0,1,0
9,4,genetico,Brats18_CBICA_ANI_1,-0.014511809168080758,439.0,376.0,1,1
9,4,genetico,Brats18_CBICA_AOZ_1,-3.2427811318800535,331.0,1592.0,1,2
9,4,genetico,Brats18_CBICA_APZ_1,-0.16649478931036202,336.0,394.0,1,1
9,4,genetico,Brats18_CBICA_AQA_1,0.23522405557696147,106.0,333.0,0,1
9,4,genetico,Brats18_CBICA_AQO_1,-0.3531153187138868,473.0,434.0,2,2
9,4,genetico,Brats18_CBICA_ASU_1,0.7225164811403287,85.0,213.0,0,0
9,4,genetico,Brats18_CBICA_ASV_1,-0.3639995869694003,597.0,436.0,2,2
9,4,genetico,Brats18_CBICA_AWH_1,0.16339613542255418,139.0,355.0,0,1
9,4,genetico,Brats18_CBICA_AXJ_1,-1.0192802706425899,1767.0,610.0,2,2
9,4,genetico,Brats18_CBICA_AXL_1,1.0849049293228035,168.0,175.0,0,0
9,4,genetico,Brats18_CBICA_AYA_1,0.762448850870546,50.0,210.0,0,0
9,4,genetico,Brats18_CBICA_AYW_1,-0.1430458754106667,734.0,394.0,2,1
9,4,genetico,Brats18_TCIA01_203_1,0.019484040631514085,268.0,375.0,0,1
9,4,genetico,Brats18_TCIA01_335_1,-0.09560500492934826,355.0,387.0,1,1
9,4,genetico,Brats18_TCIA01_401_1,0.33446106158144107,448.0,322.0,1,0
9,4,genetico,Brats18_TCIA02_135_1,0.2972935457012662,828.0,327.0,2,0
9,4,genetico,Brats18_TCIA02_151_1,-0.7877599360867549,1731.0,510.0,2,2
9,4,genetico,Brats18_TCIA02_226_1,-3.1231791127306625,329.0,1592.0,1,2
9,4,genetico,Brats18_TCIA02_290_1,-0.0002854248095026102,737.0,376.0,2,1
9,4,genetico,Brats18_TCIA02_430_1,-0.4449466737424731,71.0,448.0,0,2
9,4,genetico,Brats18_TCIA02_471_1,0.5555212791595587,111.0,265.0,0,0
9,4,genetico,Brats18_TCIA03_138_1,0.9784271057554663,82.0,191.0,0,0
9,4,genetico,Brats18_TCIA03_375_1,0.3288546437212535,946.0,322.0,2,0
9,4,genetico,Brats18_TCIA04_343_1,-0.8213404708083242,296.0,515.0,0,2
9,4,genetico,Brats18_TCIA05_277_1,-1.2145430012492842,232.0,626.0,0,2
9,4,genetico,Brats18_TCIA06_247_1,1.266734119971307,244.0,152.0,0,0
9,4,genetico,Brats18_TCIA08_105_1,0.6365916312985946,77.0,254.0,0,0
9,4,genetico,Brats18_TCIA08_218_1,-0.7030835376731619,346.0,495.0,1,2
