repeticion,fold,brazo,paciente_id,riesgo,dias,dias_pred,clase,clase_pred
0,0,edad,Brats18_2013_27_1,0.2258122074886352,120.0,317.0,0,0
0,0,edad,Brats18_CBICA_AAL_1,-0.23554906414181484,464.0,387.0,2,2
0,0,edad,Brats18_CBICA_AAP_1,-0.7478251958384874,788.0,488.0,2,2
0,0,edad,Brats18_CBICA_ABM_1,0.2894389678884323,503.0,291.0,2,0
0,0,edad,Brats18_CBICA_ABY_1,-0.43510572175935935,515.0,434.0,2,2
0,0,edad,Brats18_CBICA_ALU_1,0.15448432228357778,495.0,327.0,2,0
0,0,edad,Brats18_CBICA_AMH_1,0.0440118550989411,169.0,345.0,0,1
0,0,edad,Brats18_CBICA_AOZ_1,-0.49230927326044516,331.0,439.0,1,2
0,0,edad,Brats18_CBICA_APY_1,-0.5299069044057795,203.0,448.0,0,2
0,0,edad,Brats18_CBICA_ASH_1,-0.4955376923927815,660.0,439.0,2,2
0,0,edad,Brats18_CBICA_ASO_1,-0.3012272158652838,265.0,394.0,0,2
0,0,edad,Brats18_CBICA_ASU_1,0.6719057469724111,85.0,208.0,0,0
0,0,edad,Brats18_CBICA_ATD_1,0.2647550132724432,355.0,296.0,1,0
0,0,edad,Brats18_CBICA_AVG_1,0.06906573274051028,579.0,336.0,2,1
0,0,edad,Brats18_CBICA_AVJ_1,-0.5401302316581782,614.0,448.0,2,2
0,0,edad,Brats18_CBICA_AWG_1,-0.19415131464279292,180.0,382.0,0,1
0,0,edad,Brats18_CBICA_AYW_1,-0.38442626725486995,734.0,424.0,2,2
0,0,edad,Brats18_CBICA_BHM_1,0.024372305377228065,436.0,346.0,1,1
0,0,edad,Brats18_TCIA01_390_1,0.07632967578826724,634.0,333.0,2,1
0,0,edad,Brats18_TCIA01_425_1,-0.17141786325259062,558.0,376.0,2,1
0,0,edad,Brats18_TCIA01_460_1,-1.4235400461096903,630.0,1155.0,2,2
0,0,edad,Brats18_TCIA01_499_1,-0.37743135913480774,600.0,424.0,2,2
0,0,edad,Brats18_TCIA02_179_1,-0.49193935023486485,405.0,439.0,1,2
0,0,edad,Brats18_TCIA02_314_1,-0.7046114605775259,362.0,476.0,1,2
0,0,edad,Brats18_TCIA02_377_1,0.08261836722313079,812.0,333.0,2,1
0,0,edad,Brats18_TCIA03_199_1,-0.41970347214883763,1282.0,430.0,2,2
0,0,edad,Brats18_TCIA03_375_1,-0.04389530752530233,946.0,357.0,2,1
0,0,edad,Brats18_TCIA04_192_1,0.4928966319575498,121.0,239.0,0,0
0,0,edad,Brats18_TCIA04_479_1,-0.1649610249879178,372.0,376.0,1,1
0,0,edad,Brats18_TCIA06_372_1,0.44443671560654174,213.0,262.0,0,0
0,0,edad,Brats18_TCIA08_280_1,-0.1326095749326299,508.0,370.0,2,1
0,0,edad,Brats18_TCIA08_319_1,0.11954341104922846,254.0,332.0,0,0
0,0,coxnet,Brats18_2013_27_1,0.22577914705223306,120.0,317.0,0,0
0,0,coxnet,Brats18_CBICA_AAL_1,-0.23551457816365967,464.0,387.0,2,2
0,0,coxnet,Brats18_CBICA_AAP_1,-0.7477157091654602,788.0,488.0,2,2
0,0,coxnet,Brats18_CBICA_ABM_1,0.28939659206342006,503.0,291.0,2,0
0,0,coxnet,Brats18_CBICA_ABY_1,-0.43504201933510883,515.0,434.0,2,2
0,0,coxnet,Brats18_CBICA_ALU_1,0.15446170473261014,495.0,327.0,2,0
0,0,coxnet,Brats18_CBICA_AMH_1,0.0440054114653013,169.0,345.0,0,1
0,0,coxnet,Brats18_CBICA_AOZ_1,-0.49223719584886594,331.0,439.0,1,2
0,0,coxnet,Brats18_CBICA_APY_1,-0.5298293224463853,203.0,448.0,0,2
0,0,coxnet,Brats18_CBICA_ASH_1,-0.4954651423187781,660.0,439.0,2,2
0,0,coxnet,Brats18_CBICA_ASO_1,-0.30118311416093646,265.0,394.0,0,2
0,0,coxnet,Brats18_CBICA_ASU_1,0.6718073754208328,85.0,208.0,0,0
0,0,coxnet,Brats18_CBICA_ATD_1,0.26471625134554927,355.0,296.0,1,0
0,0,coxnet,Brats18_CBICA_AVG_1,0.06905562104951607,579.0,336.0,2,1
0,0,coxnet,Brats18_CBICA_AVJ_1,-0.5400511529344407,614.0,448.0,2,2
0,0,coxnet,Brats18_CBICA_AWG_1,-0.19412288957551466,180.0,382.0,0,1
0,0,coxnet,Brats18_CBICA_AYW_1,-0.38436998464596583,734.0,424.0,2,2
0,0,coxnet,Brats18_CBICA_BHM_1,0.024368737106668772,436.0,346.0,1,1
0,0,coxnet,Brats18_TCIA01_390_1,0.07631850060681859,634.0,333.0,2,1
0,0,coxnet,Brats18_TCIA01_425_1,-0.1713927665165494,558.0,376.0,2,1
0,0,coxnet,Brats18_TCIA01_460_1,-1.4233316302065662,630.0,1155.0,2,2
0,0,coxnet,Brats18_TCIA01_499_1,-0.37737610062782273,600.0,424.0,2,2
0,0,coxnet,Brats18_TCIA02_179_1,-0.4918673269825217,405.0,439.0,1,2
0,0,coxnet,Brats18_TCIA02_314_1,-0.7045083006879891,362.0,476.0,1,2
0,0,coxnet,Brats18_TCIA02_377_1,0.08260627133466836,812.0,333.0,2,1
0,0,coxnet,Brats18_TCIA03_199_1,-0.4196420247182358,1282.0,430.0,2,2
0,0,coxnet,Brats18_TCIA03_375_1,-0.04388888095501672,946.0,357.0,2,1
0,0,coxnet,Brats18_TCIA04_192_1,0.49282446855267953,121.0,239.0,0,0
0,0,coxnet,Brats18_TCIA04_479_1,-0.16493687357672496,372.0,376.0,1,1
0,0,coxnet,Brats18_TCIA06_372_1,0.4443716470616013,213.0,262.0,0,0
0,0,coxnet,Brats18_TCIA08_280_1,-0.13259015999281282,508.0,370.0,2,1
0,0,coxnet,Brats18_TCIA08_319_1,0.11952590908428931,254.0,332.0,0,0
0,0,genetico,Brats18_2013_27_1,-0.30623859031804423,120.0,394.0,0,1
0,0,genetico,Brats18_CBICA_AAL_1,-1.4758977568136327,464.0,822.0,2,2
0,0,genetico,Brats18_CBICA_AAP_1,-0.9317306412387626,788.0,519.0,2,2
0,0,genetico,Brats18_CBICA_ABM_1,-0.0935434539610055,503.0,359.0,2,1
0,0,genetico,Brats18_CBICA_ABY_1,-0.4220046515000105,515.0,421.0,2,2
0,0,genetico,Brats18_CBICA_ALU_1,0.15016655885187066,495.0,329.0,2,0
0,0,genetico,Brats18_CBICA_AMH_1,-0.16722419769938074,169.0,375.0,0,1
0,0,genetico,Brats18_CBICA_AOZ_1,-0.6385161833333093,331.0,448.0,1,2
0,0,genetico,Brats18_CBICA_APY_1,-0.5646642100650219,203.0,439.0,0,2
0,0,genetico,Brats18_CBICA_ASH_1,-0.8571451611741622,660.0,488.0,2,2
0,0,genetico,Brats18_CBICA_ASO_1,-0.36878389395228345,265.0,401.0,0,2
0,0,genetico,Brats18_CBICA_ASU_1,1.2589221523929734,85.0,127.0,0,0
0,0,genetico,Brats18_CBICA_ATD_1,-0.7603946177949805,355.0,468.0,1,2
0,0,genetico,Brats18_CBICA_AVG_1,-0.46490503566846886,579.0,425.0,2,2
0,0,genetico,Brats18_CBICA_AVJ_1,-0.6774282798466604,614.0,465.0,2,2
0,0,genetico,Brats18_CBICA_AWG_1,0.2241247903040488,180.0,322.0,0,0
0,0,genetico,Brats18_CBICA_AYW_1,0.20149111741845827,734.0,327.0,2,0
0,0,genetico,Brats18_CBICA_BHM_1,1.1185144556752813,436.0,152.0,1,0
0,0,genetico,Brats18_TCIA01_390_1,-0.47829260954021036,634.0,430.0,2,2
0,0,genetico,Brats18_TCIA01_425_1,-1.3052823140052907,558.0,737.0,2,2
0,0,genetico,Brats18_TCIA01_460_1,-1.0716595360499792,630.0,616.0,2,2
0,0,genetico,Brats18_TCIA01_499_1,-0.7120685381163748,600.0,466.0,2,2
0,0,genetico,Brats18_TCIA02_179_1,-0.13041945209304398,405.0,370.0,1,1
0,0,genetico,Brats18_TCIA02_314_1,0.193520437996055,362.0,327.0,1,0
0,0,genetico,Brats18_TCIA02_377_1,-0.26950970640635924,812.0,387.0,2,1
0,0,genetico,Brats18_TCIA03_199_1,-1.3458931528234264,1282.0,747.0,2,2
0,0,genetico,Brats18_TCIA03_375_1,0.01835741169474761,946.0,346.0,2,1
0,0,genetico,Brats18_TCIA04_192_1,-0.7605226303054669,121.0,468.0,0,2
0,0,genetico,Brats18_TCIA04_479_1,-0.34387352049418785,372.0,394.0,1,1
0,0,genetico,Brats18_TCIA06_372_1,0.23617278678431997,213.0,318.0,0,0
0,0,genetico,Brats18_TCIA08_280_1,-1.6160609637526981,508.0,1155.0,2,2
0,0,genetico,Brats18_TCIA08_319_1,-0.3045709929330178,254.0,394.0,0,1
0,1,edad,Brats18_CBICA_ABO_1,-0.08134786919655762,1155.0,376.0,2,1
0,1,edad,Brats18_CBICA_AOD_1,0.06337077976040656,55.0,357.0,0,1
0,1,edad,Brats18_CBICA_AQA_1,0.6122724117725723,106.0,265.0,0,0
0,1,edad,Brats18_CBICA_AQT_1,0.5987463294937975,172.0,265.0,0,0
0,1,edad,Brats18_CBICA_AQY_1,-0.036179794954583296,229.0,372.0,0,1
0,1,edad,Brats18_CBICA_ASG_1,-0.03645796631250162,208.0,372.0,0,1
0,1,edad,Brats18_CBICA_ASK_1,0.6460006889201587,522.0,262.0,2,0
0,1,edad,Brats18_CBICA_ASV_1,-0.13934659732251048,597.0,401.0,2,2
0,1,edad,Brats18_CBICA_ASY_1,0.2695305273975617,610.0,332.0,2,0
0,1,edad,Brats18_CBICA_ATP_1,-0.2492938265396945,385.0,425.0,1,2
0,1,edad,Brats18_CBICA_AUR_1,0.3996451800638178,12.0,317.0,0,0
0,1,edad,Brats18_CBICA_AVV_1,0.4706136477527089,387.0,289.0,1,0
0,1,edad,Brats18_CBICA_AWH_1,-0.20843740834545296,139.0,421.0,0,2
0,1,edad,Brats18_CBICA_AXM_1,0.2842736093672281,438.0,332.0,1,0
0,1,edad,Brats18_CBICA_AXO_1,-0.08545089672585147,394.0,376.0,1,1
0,1,edad,Brats18_CBICA_AXW_1,0.711162329512506,191.0,239.0,0,0
0,1,edad,Brats18_TCIA01_150_1,-0.26577547949635005,1489.0,430.0,2,2
0,1,edad,Brats18_TCIA01_235_1,-0.027313082920939574,804.0,370.0,2,1
0,1,edad,Brats18_TCIA01_378_1,0.535010317110781,110.0,269.0,0,0
0,1,edad,Brats18_TCIA01_412_1,0.34773145039232656,291.0,322.0,0,0
0,1,edad,Brats18_TCIA02_198_1,-0.1557587074396864,394.0,405.0,1,2
0,1,edad,Brats18_TCIA02_321_1,0.7807051689920659,67.0,213.0,0,0
0,1,edad,Brats18_TCIA02_491_1,0.7772627984378275,82.0,213.0,0,0
0,1,edad,Brats18_TCIA03_133_1,0.17397866595264636,382.0,346.0,1,0
0,1,edad,Brats18_TCIA03_338_1,0.6142891541174792,468.0,265.0,2,0
0,1,edad,Brats18_TCIA03_419_1,0.4114674627753431,327.0,317.0,1,0
0,1,edad,Brats18_TCIA04_111_1,0.5738847643798553,626.0,268.0,2,0
0,1,edad,Brats18_TCIA04_361_1,0.5985724723950987,476.0,265.0,2,0
0,1,edad,Brats18_TCIA06_165_1,-0.24348699944315122,5.0,425.0,0,2
0,1,edad,Brats18_TCIA06_247_1,0.6238165231261789,244.0,262.0,0,0
0,1,edad,Brats18_TCIA08_242_1,0.2684526133856283,147.0,332.0,0,0
0,1,edad,Brats18_TCIA08_406_1,0.6949588479137688,82.0,239.0,0,0
0,1,coxnet,Brats18_CBICA_ABO_1,-0.08134468933815979,1155.0,376.0,2,1
0,1,coxnet,Brats18_CBICA_AOD_1,0.0633683026198471,55.0,357.0,0,1
0,1,coxnet,Brats18_CBICA_AQA_1,0.6122484782683559,106.0,265.0,0,0
0,1,coxnet,Brats18_CBICA_AQT_1,0.5987229247191811,172.0,265.0,0,0
0,1,coxnet,Brats18_CBICA_AQY_1,-0.03617838069965628,229.0,372.0,0,1
0,1,coxnet,Brats18_CBICA_ASG_1,-0.03645654118395816,208.0,372.0,0,1
0,1,coxnet,Brats18_CBICA_ASK_1,0.6459754369899481,522.0,262.0,2,0
0,1,coxnet,Brats18_CBICA_ASV_1,-0.13934115031508315,597.0,401.0,2,2
0,1,coxnet,Brats18_CBICA_ASY_1,0.26951999154801193,610.0,332.0,2,0
0,1,coxnet,Brats18_CBICA_ATP_1,-0.24928408173536595,385.0,425.0,1,2
0,1,coxnet,Brats18_CBICA_AUR_1,0.39962955808017425,12.0,317.0,0,0
0,1,coxnet,Brats18_CBICA_AVV_1,0.470595251637669,387.0,289.0,1,0
0,1,coxnet,Brats18_CBICA_AWH_1,-0.20842926060354028,139.0,421.0,0,2
0,1,coxnet,Brats18_CBICA_AXM_1,0.2842624972160066,438.0,332.0,1,0
0,1,coxnet,Brats18_CBICA_AXO_1,-0.08544755648161104,394.0,376.0,1,1
0,1,coxnet,Brats18_CBICA_AXW_1,0.7111345304376424,191.0,239.0,0,0
0,1,coxnet,Brats18_TCIA01_150_1,-0.265765090430247,1489.0,430.0,2,2
0,1,coxnet,Brats18_TCIA01_235_1,-0.02731201526253685,804.0,370.0,2,1
0,1,coxnet,Brats18_TCIA01_378_1,0.5349894037535332,110.0,269.0,0,0
0,1,coxnet,Brats18_TCIA01_412_1,0.3477178576973527,291.0,322.0,0,0
0,1,coxnet,Brats18_TCIA02_198_1,-0.1557526188888886,394.0,405.0,1,2
0,1,coxnet,Brats18_TCIA02_321_1,0.7806746515130901,67.0,213.0,0,0
0,1,coxnet,Brats18_TCIA02_491_1,0.7772324155198552,82.0,213.0,0,0
0,1,coxnet,Brats18_TCIA03_133_1,0.1739718651903466,382.0,346.0,1,0
0,1,coxnet,Brats18_TCIA03_338_1,0.6142651417795436,468.0,265.0,2,0
0,1,coxnet,Brats18_TCIA03_419_1,0.41145137866300047,327.0,317.0,1,0
0,1,coxnet,Brats18_TCIA04_111_1,0.5738623314347089,626.0,268.0,2,0
0,1,coxnet,Brats18_TCIA04_361_1,0.5985490744164925,476.0,265.0,2,0
0,1,coxnet,Brats18_TCIA06_165_1,-0.24347748162556604,5.0,425.0,0,2
0,1,coxnet,Brats18_TCIA06_247_1,0.6237921383668801,244.0,262.0,0,0
0,1,coxnet,Brats18_TCIA08_242_1,0.2684421196713423,147.0,332.0,0,0
0,1,coxnet,Brats18_TCIA08_406_1,0.6949316822270633,82.0,239.0,0,0
0,1,genetico,Brats18_CBICA_ABO_1,0.703005867216727,1155.0,265.0,2,0
0,1,genetico,Brats18_CBICA_AOD_1,1.3299125713003936,55.0,153.0,0,0
0,1,genetico,Brats18_CBICA_AQA_1,0.3216811492985411,106.0,332.0,0,0
0,1,genetico,Brats18_CBICA_AQT_1,1.0275622725868139,172.0,199.0,0,0
0,1,genetico,Brats18_CBICA_AQY_1,0.6177702802801958,229.0,269.0,0,0
0,1,genetico,Brats18_CBICA_ASG_1,0.7642158972667472,208.0,254.0,0,0
0,1,genetico,Brats18_CBICA_ASK_1,0.5152910949426404,522.0,296.0,2,0
0,1,genetico,Brats18_CBICA_ASV_1,-0.3605828193608186,597.0,439.0,2,2
0,1,genetico,Brats18_CBICA_ASY_1,-0.19563127973241057,610.0,407.0,2,1
0,1,genetico,Brats18_CBICA_ATP_1,-1.3640193490713897,385.0,747.0,1,2
0,1,genetico,Brats18_CBICA_AUR_1,1.0447811538729435,12.0,199.0,0,0
0,1,genetico,Brats18_CBICA_AVV_1,1.1280703959414464,387.0,180.0,1,0
0,1,genetico,Brats18_CBICA_AWH_1,0.2010508357540323,139.0,350.0,0,1
0,1,genetico,Brats18_CBICA_AXM_1,-0.9493521254779883,438.0,600.0,1,2
0,1,genetico,Brats18_CBICA_AXO_1,-0.2762559409605009,394.0,430.0,1,2
0,1,genetico,Brats18_CBICA_AXW_1,0.5778367727775747,191.0,286.0,0,0
0,1,genetico,Brats18_TCIA01_150_1,-0.0635763215476276,1489.0,375.0,2,1
0,1,genetico,Brats18_TCIA01_235_1,-0.3700144434825357,804.0,439.0,2,2
0,1,genetico,Brats18_TCIA01_378_1,0.7048756610299824,110.0,265.0,0,0
0,1,genetico,Brats18_TCIA01_412_1,0.6568514007190054,291.0,268.0,0,0
0,1,genetico,Brats18_TCIA02_198_1,-1.1083233764572933,394.0,634.0,1,2
0,1,genetico,Brats18_TCIA02_321_1,0.7904385406129688,67.0,239.0,0,0
0,1,genetico,Brats18_TCIA02_491_1,1.1418873928739377,82.0,175.0,0,0
0,1,genetico,Brats18_TCIA03_133_1,-0.0664345639585608,382.0,376.0,1,1
0,1,genetico,Brats18_TCIA03_338_1,0.15906933511273508,468.0,355.0,2,1
0,1,genetico,Brats18_TCIA03_419_1,0.7021648141703081,327.0,265.0,1,0
0,1,genetico,Brats18_TCIA04_111_1,0.6130819877790535,626.0,269.0,2,0
0,1,genetico,Brats18_TCIA04_361_1,0.2549296250901735,476.0,345.0,2,0
0,1,genetico,Brats18_TCIA06_165_1,-0.6249833398292349,5.0,486.0,0,2
0,1,genetico,Brats18_TCIA06_247_1,1.2174980240681927,244.0,170.0,0,0
0,1,genetico,Brats18_TCIA08_242_1,0.3221333748310888,147.0,332.0,0,0
0,1,genetico,Brats18_TCIA08_406_1,0.150575296253916,82.0,355.0,0,1
0,2,edad,Brats18_CBICA_AAB_1,-0.007104793339184643,289.0,370.0,0,1
0,2,edad,Brats18_CBICA_AAG_1,-0.2955391638004062,616.0,436.0,2,2
0,2,edad,Brats18_CBICA_AME_1,-0.3141466981874776,359.0,438.0,1,2
0,2,edad,Brats18_CBICA_ANI_1,-0.08466549905467158,439.0,385.0,1,1
0,2,edad,Brats18_CBICA_ANP_1,0.033064968986024346,486.0,362.0,2,1
0,2,edad,Brats18_CBICA_AOP_1,0.25213439084364475,332.0,333.0,1,0
0,2,edad,Brats18_CBICA_APR_1,0.07172220961247355,23.0,357.0,0,1
0,2,edad,Brats18_CBICA_AQG_1,-0.24833441682980148,466.0,421.0,2,2
0,2,edad,Brats18_CBICA_AQJ_1,0.19026170088739008,170.0,345.0,0,1
0,2,edad,Brats18_CBICA_AQV_1,-0.25688192317395697,84.0,421.0,0,2
0,2,edad,Brats18_CBICA_AQZ_1,0.09426933540096653,286.0,355.0,0,1
0,2,edad,Brats18_CBICA_ARW_1,-0.5715567863625044,495.0,495.0,2,2
0,2,edad,Brats18_CBICA_ARZ_1,-0.20542101049288783,871.0,405.0,2,2
0,2,edad,Brats18_CBICA_ASA_1,0.10900762823307054,210.0,355.0,0,1
0,2,edad,Brats18_CBICA_ASW_1,0.27063640046103526,239.0,331.0,0,0
0,2,edad,Brats18_CBICA_AWI_1,-0.4964583252729057,375.0,468.0,1,2
0,2,edad,Brats18_CBICA_AXQ_1,0.19757808491860152,114.0,345.0,0,1
0,2,edad,Brats18_CBICA_AYI_1,0.1848799376336627,387.0,345.0,1,1
0,2,edad,Brats18_TCIA01_147_1,0.02641690849612546,209.0,368.0,0,1
0,2,edad,Brats18_TCIA01_201_1,0.0022517362391915033,430.0,370.0,1,1
0,2,edad,Brats18_TCIA01_203_1,-0.518442652289767,268.0,473.0,0,2
0,2,edad,Brats18_TCIA01_429_1,-0.19975784785334452,86.0,405.0,0,2
0,2,edad,Brats18_TCIA01_448_1,-0.5703960138960141,199.0,495.0,0,2
0,2,edad,Brats18_TCIA02_394_1,0.12599711615170092,616.0,355.0,2,1
0,2,edad,Brats18_TCIA02_455_1,-0.2047526869515753,424.0,405.0,1,2
0,2,edad,Brats18_TCIA02_473_1,0.012557988744696097,175.0,368.0,0,1
0,2,edad,Brats18_TCIA03_296_1,-0.008371090575355906,22.0,370.0,0,1
0,2,edad,Brats18_TCIA03_474_1,0.02613550911030979,635.0,368.0,2,1
0,2,edad,Brats18_TCIA06_184_1,0.017658352612608053,434.0,368.0,1,1
0,2,edad,Brats18_TCIA08_105_1,0.20971343343190896,77.0,336.0,0,1
0,2,edad,Brats18_TCIA08_167_1,0.5009617977512887,153.0,287.0,0,0
0,2,edad,Brats18_TCIA08_278_1,-0.35751737852634186,1458.0,448.0,2,2
0,2,edad,Brats18_TCIA08_469_1,0.11375624286871254,519.0,355.0,2,1
0,2,coxnet,Brats18_CBICA_AAB_1,0.04499038997961484,289.0,357.0,0,1
0,2,coxnet,Brats18_CBICA_AAG_1,-0.36136106788138617,616.0,448.0,2,2
0,2,coxnet,Brats18_CBICA_AME_1,-0.2557756564594271,359.0,407.0,1,2
0,2,coxnet,Brats18_CBICA_ANI_1,-0.10561235543061212,439.0,382.0,1,1
0,2,coxnet,Brats18_CBICA_ANP_1,-0.012835418889614085,486.0,370.0,2,1
0,2,coxnet,Brats18_CBICA_AOP_1,0.15215485152846184,332.0,346.0,1,1
0,2,coxnet,Brats18_CBICA_APR_1,0.14226528925719775,23.0,346.0,0,1
0,2,coxnet,Brats18_CBICA_AQG_1,-0.19778279031729057,466.0,401.0,2,2
0,2,coxnet,Brats18_CBICA_AQJ_1,0.32433169987826005,170.0,322.0,0,0
0,2,coxnet,Brats18_CBICA_AQV_1,-0.33401372117923045,84.0,438.0,0,2
0,2,coxnet,Brats18_CBICA_AQZ_1,0.21193742970220586,286.0,336.0,0,0
0,2,coxnet,Brats18_CBICA_ARW_1,-0.5421239471207471,495.0,473.0,2,2
0,2,coxnet,Brats18_CBICA_ARZ_1,-0.14642145282262606,871.0,387.0,2,1
0,2,coxnet,Brats18_CBICA_ASA_1,0.3975150518664599,210.0,317.0,0,0
0,2,coxnet,Brats18_CBICA_ASW_1,0.3236175941523681,239.0,322.0,0,0
0,2,coxnet,Brats18_CBICA_AWI_1,-0.4110498803117018,375.0,448.0,1,2
0,2,coxnet,Brats18_CBICA_AXQ_1,0.1929039505962876,114.0,336.0,0,0
0,2,coxnet,Brats18_CBICA_AYI_1,0.3426286740762304,387.0,322.0,1,0
0,2,coxnet,Brats18_TCIA01_147_1,0.031964788918830755,209.0,362.0,0,1
0,2,coxnet,Brats18_TCIA01_201_1,0.09698301344441182,430.0,355.0,1,1
0,2,coxnet,Brats18_TCIA01_203_1,-0.34652857110295704,268.0,438.0,0,2
0,2,coxnet,Brats18_TCIA01_429_1,-0.15690688125862265,86.0,394.0,0,1
0,2,coxnet,Brats18_TCIA01_448_1,-0.5558429736669183,199.0,476.0,0,2
0,2,coxnet,Brats18_TCIA02_394_1,0.2447933111404466,616.0,331.0,2,0
0,2,coxnet,Brats18_TCIA02_455_1,-0.3144998050167941,424.0,436.0,1,2
0,2,coxnet,Brats18_TCIA02_473_1,0.10262389496857686,175.0,355.0,0,1
0,2,coxnet,Brats18_TCIA03_296_1,0.07473731088475041,22.0,355.0,0,1
0,2,coxnet,Brats18_TCIA03_474_1,0.22728978069779643,635.0,333.0,2,0
0,2,coxnet,Brats18_TCIA06_184_1,0.2553914182837676,434.0,331.0,1,0
0,2,coxnet,Brats18_TCIA08_105_1,0.37662119964202856,77.0,317.0,0,0
0,2,coxnet,Brats18_TCIA08_167_1,0.764921305671763,153.0,208.0,0,0
0,2,coxnet,Brats18_TCIA08_278_1,-0.43981156435576985,1458.0,453.0,2,2
0,2,coxnet,Brats18_TCIA08_469_1,0.19696963276323504,519.0,336.0,2,0
0,2,genetico,Brats18_CBICA_AAB_1,-0.11539590344296485,289.0,385.0,0,1
0,2,genetico,Brats18_CBICA_AAG_1,-0.48501823269957356,616.0,464.0,2,2
0,2,genetico,Brats18_CBICA_AME_1,-0.2515651753496125,359.0,405.0,1,2
0,2,genetico,Brats18_CBICA_ANI_1,-0.09470384448781254,439.0,382.0,1,1
0,2,genetico,Brats18_CBICA_ANP_1,-0.14553332369414598,486.0,387.0,2,1
0,2,genetico,Brats18_CBICA_AOP_1,0.06872608848392628,332.0,357.0,1,1
0,2,genetico,Brats18_CBICA_APR_1,0.2855463158607324,23.0,331.0,0,1
0,2,genetico,Brats18_CBICA_AQG_1,-0.029722912529564827,466.0,370.0,2,1
0,2,genetico,Brats18_CBICA_AQJ_1,0.25687936987074156,170.0,333.0,0,1
0,2,genetico,Brats18_CBICA_AQV_1,-0.5063988044030654,84.0,465.0,0,2
0,2,genetico,Brats18_CBICA_AQZ_1,0.4291424437628122,286.0,317.0,0,0
0,2,genetico,Brats18_CBICA_ARW_1,-0.6293252771444404,495.0,488.0,2,2
0,2,genetico,Brats18_CBICA_ARZ_1,0.013412630813961629,871.0,368.0,2,1
0,2,genetico,Brats18_CBICA_ASA_1,1.0655149909241475,210.0,169.0,0,0
0,2,genetico,Brats18_CBICA_ASW_1,0.12362241702715984,239.0,350.0,0,1
0,2,genetico,Brats18_CBICA_AWI_1,-0.051399964780593416,375.0,372.0,1,1
0,2,genetico,Brats18_CBICA_AXQ_1,-0.08294393961989213,114.0,376.0,0,1
0,2,genetico,Brats18_CBICA_AYI_1,0.20454599807667834,387.0,345.0,1,1
0,2,genetico,Brats18_TCIA01_147_1,-0.10150901007738776,209.0,382.0,0,1
0,2,genetico,Brats18_TCIA01_201_1,0.15299836494736718,430.0,346.0,1,1
0,2,genetico,Brats18_TCIA01_203_1,-0.27019046550378445,268.0,407.0,0,2
0,2,genetico,Brats18_TCIA01_429_1,-0.06469003585838708,86.0,376.0,0,1
0,2,genetico,Brats18_TCIA01_448_1,-0.5164257970742093,199.0,467.0,0,2
0,2,genetico,Brats18_TCIA02_394_1,0.9216318413766003,616.0,191.0,2,0
0,2,genetico,Brats18_TCIA02_455_1,-0.8612561252730278,424.0,579.0,1,2
0,2,genetico,Brats18_TCIA02_473_1,0.05146742781281202,175.0,357.0,0,1
0,2,genetico,Brats18_TCIA03_296_1,0.15235658867312707,22.0,346.0,0,1
0,2,genetico,Brats18_TCIA03_474_1,0.6464550240631541,635.0,254.0,2,0
0,2,genetico,Brats18_TCIA06_184_1,0.28900083493914075,434.0,331.0,1,1
0,2,genetico,Brats18_TCIA08_105_1,0.7115400140893392,77.0,232.0,0,0
0,2,genetico,Brats18_TCIA08_167_1,0.9181541797143873,153.0,191.0,0,0
0,2,genetico,Brats18_TCIA08_278_1,-0.3114730881239886,1458.0,425.0,2,2
0,2,genetico,Brats18_TCIA08_469_1,0.4778127054773028,519.0,291.0,2,0
0,3,edad,Brats18_CBICA_ABB_1,0.26025141804664786,465.0,289.0,2,0
0,3,edad,Brats18_CBICA_ALX_1,-0.028176425247387612,698.0,372.0,2,1
0,3,edad,Brats18_CBICA_ANZ_1,0.2456989223168128,287.0,291.0,0,0
0,3,edad,Brats18_CBICA_AOH_1,-0.11903119588500877,576.0,385.0,2,1
0,3,edad,Brats18_CBICA_AOO_1,-0.5372187927700769,350.0,467.0,1,2
0,3,edad,Brats18_CBICA_AQN_1,0.08650641835327501,488.0,355.0,2,1
0,3,edad,Brats18_CBICA_AQP_1,-0.46216200173106087,1283.0,448.0,2,2
0,3,edad,Brats18_CBICA_AQU_1,0.40400647721569816,30.0,254.0,0,0
0,3,edad,Brats18_CBICA_ARF_1,0.48375022070824214,726.0,232.0,2,0
0,3,edad,Brats18_CBICA_ASE_1,-0.4502971290864653,318.0,448.0,1,2
0,3,edad,Brats18_CBICA_ASN_1,-0.6904133086287499,407.0,503.0,1,2
0,3,edad,Brats18_CBICA_ATV_1,0.052648922657509215,453.0,357.0,2,1
0,3,edad,Brats18_CBICA_ATX_1,-0.7790393186590991,1592.0,519.0,2,2
0,3,edad,Brats18_CBICA_AUQ_1,0.008630900663885489,1337.0,362.0,2,1
0,3,edad,Brats18_CBICA_AXJ_1,-1.073137391145165,1767.0,630.0,2,2
0,3,edad,Brats18_CBICA_AXN_1,0.8262582846199095,345.0,180.0,1,0
0,3,edad,Brats18_CBICA_AYA_1,0.4681488964573375,50.0,232.0,0,0
0,3,edad,Brats18_CBICA_AZH_1,-0.1847796337995355,401.0,394.0,1,2
0,3,edad,Brats18_CBICA_BHB_1,-0.1624920277268146,510.0,387.0,2,1
0,3,edad,Brats18_TCIA01_186_1,-0.8739582998158635,370.0,597.0,1,2
0,3,edad,Brats18_TCIA01_190_1,0.031901783475108844,322.0,359.0,1,1
0,3,edad,Brats18_TCIA01_335_1,-0.19923380185552078,355.0,394.0,1,2
0,3,edad,Brats18_TCIA02_135_1,0.288799219354501,828.0,286.0,2,0
0,3,edad,Brats18_TCIA02_226_1,0.4269168252228039,329.0,244.0,1,0
0,3,edad,Brats18_TCIA02_283_1,0.4681488964573375,262.0,232.0,0,0
0,3,edad,Brats18_TCIA02_300_1,0.12537862541540298,127.0,333.0,0,0
0,3,edad,Brats18_TCIA02_322_1,-0.10457702782902349,621.0,382.0,2,1
0,3,edad,Brats18_TCIA02_368_1,0.06585760684472466,317.0,357.0,1,1
0,3,edad,Brats18_TCIA03_138_1,0.37106670647586765,82.0,265.0,0,0
0,3,edad,Brats18_TCIA04_343_1,-0.2580665267092472,296.0,421.0,0,2
0,3,edad,Brats18_TCIA05_478_1,-0.04253226562952241,30.0,372.0,0,1
0,3,edad,Brats18_TCIA06_409_1,0.28558718200872657,99.0,286.0,0,0
0,3,edad,Brats18_TCIA08_218_1,-0.10513421798084162,346.0,382.0,1,1
0,3,coxnet,Brats18_CBICA_ABB_1,0.2602516446719469,465.0,289.0,2,0
0,3,coxnet,Brats18_CBICA_ALX_1,-0.02817630105438732,698.0,372.0,2,1
0,3,coxnet,Brats18_CBICA_ANZ_1,0.24569914914518798,287.0,291.0,0,0
0,3,coxnet,Brats18_CBICA_AOH_1,-0.11903111439856183,576.0,385.0,2,1
0,3,coxnet,Brats18_CBICA_AOO_1,-0.5372188347333869,350.0,467.0,1,2
0,3,coxnet,Brats18_CBICA_AQN_1,0.0865065850565833,488.0,355.0,2,1
0,3,coxnet,Brats18_CBICA_AQP_1,-0.4621620230384763,1283.0,448.0,2,2
0,3,coxnet,Brats18_CBICA_AQU_1,0.404006745939642,30.0,254.0,0,0
0,3,coxnet,Brats18_CBICA_ARF_1,0.4837505158242208,726.0,232.0,2,0
0,3,coxnet,Brats18_CBICA_ASE_1,-0.4502971377667475,318.0,448.0,1,2
0,3,coxnet,Brats18_CBICA_ASN_1,-0.6904134027585493,407.0,503.0,1,2
0,3,coxnet,Brats18_CBICA_ATV_1,0.05264906157475844,453.0,357.0,2,1
0,3,coxnet,Brats18_CBICA_ATX_1,-0.7790394423827784,1592.0,519.0,2,2
0,3,coxnet,Brats18_CBICA_AUQ_1,0.008631005279311071,1337.0,362.0,2,1
0,3,coxnet,Brats18_CBICA_AXJ_1,-1.0731379682017992,1767.0,630.0,2,2
0,3,coxnet,Brats18_CBICA_AXN_1,0.8262586707520444,345.0,180.0,1,0
0,3,coxnet,Brats18_CBICA_AYA_1,0.46814920276189403,50.0,232.0,0,0
0,3,coxnet,Brats18_CBICA_AZH_1,-0.18477959166919952,401.0,394.0,1,2
0,3,coxnet,Brats18_CBICA_BHB_1,-0.16249196883375328,510.0,387.0,2,1
0,3,coxnet,Brats18_TCIA01_186_1,-0.8739584657217002,370.0,597.0,1,2
0,3,coxnet,Brats18_TCIA01_190_1,0.03190179998936006,322.0,359.0,1,1
0,3,coxnet,Brats18_TCIA01_335_1,-0.1992337638154001,355.0,394.0,1,2
0,3,coxnet,Brats18_TCIA02_135_1,0.2887993860938726,828.0,286.0,2,0
0,3,coxnet,Brats18_TCIA02_226_1,0.42691706444214533,329.0,244.0,1,0
0,3,coxnet,Brats18_TCIA02_283_1,0.46814906349676505,262.0,232.0,0,0
0,3,coxnet,Brats18_TCIA02_300_1,0.12537875426618977,127.0,333.0,0,0
0,3,coxnet,Brats18_TCIA02_322_1,-0.10457692490748363,621.0,382.0,2,1
0,3,coxnet,Brats18_TCIA02_368_1,0.06585773938913753,317.0,357.0,1,1
0,3,coxnet,Brats18_TCIA03_138_1,0.3710669422761177,82.0,265.0,0,0
0,3,coxnet,Brats18_TCIA04_343_1,-0.2580664796339495,296.0,421.0,0,2
0,3,coxnet,Brats18_TCIA05_478_1,-0.04253225089574001,30.0,372.0,0,1
0,3,coxnet,Brats18_TCIA06_409_1,0.28558735086281445,99.0,286.0,0,0
0,3,coxnet,Brats18_TCIA08_218_1,-0.10513415173054254,346.0,382.0,1,1
0,3,genetico,Brats18_CBICA_ABB_1,1.8278586066014384,465.0,89.0,2,0
0,3,genetico,Brats18_CBICA_ALX_1,-1.2831384055347512,698.0,634.0,2,2
0,3,genetico,Brats18_CBICA_ANZ_1,0.3310170983342329,287.0,286.0,0,0
0,3,genetico,Brats18_CBICA_AOH_1,-1.1016803973619542,576.0,614.0,2,2
0,3,genetico,Brats18_CBICA_AOO_1,-0.45969629856432087,350.0,439.0,1,2
0,3,genetico,Brats18_CBICA_AQN_1,0.4613119690661348,488.0,254.0,2,0
0,3,genetico,Brats18_CBICA_AQP_1,-0.39170192891432004,1283.0,434.0,2,2
0,3,genetico,Brats18_CBICA_AQU_1,0.9074023132369675,30.0,180.0,0,0
0,3,genetico,Brats18_CBICA_ARF_1,1.0199676103154218,726.0,170.0,2,0
0,3,genetico,Brats18_CBICA_ASE_1,-2.1301227463962764,318.0,1489.0,1,2
0,3,genetico,Brats18_CBICA_ASN_1,0.25111296764635227,407.0,291.0,1,0
0,3,genetico,Brats18_CBICA_ATV_1,-0.7329148631956748,453.0,486.0,2,2
0,3,genetico,Brats18_CBICA_ATX_1,-3.440442321758144,1592.0,1731.0,2,2
0,3,genetico,Brats18_CBICA_AUQ_1,-1.4069026777741858,1337.0,734.0,2,2
0,3,genetico,Brats18_CBICA_AXJ_1,-1.8997356360119293,1767.0,1278.0,2,2
0,3,genetico,Brats18_CBICA_AXN_1,1.2096728128948597,345.0,152.0,1,0
0,3,genetico,Brats18_CBICA_AYA_1,0.30888652432699615,50.0,286.0,0,0
0,3,genetico,Brats18_CBICA_AZH_1,-1.3262217517488,401.0,635.0,1,2
0,3,genetico,Brats18_CBICA_BHB_1,-1.061581892371352,510.0,610.0,2,2
0,3,genetico,Brats18_TCIA01_186_1,-1.1903687520351598,370.0,626.0,1,2
0,3,genetico,Brats18_TCIA01_190_1,-0.74933884001139,322.0,495.0,1,2
0,3,genetico,Brats18_TCIA01_335_1,0.1735904253567892,355.0,332.0,1,0
0,3,genetico,Brats18_TCIA02_135_1,-0.0357881937943796,828.0,372.0,2,1
0,3,genetico,Brats18_TCIA02_226_1,0.0567965243513342,329.0,357.0,1,1
0,3,genetico,Brats18_TCIA02_283_1,-0.23593592156567925,262.0,394.0,0,1
0,3,genetico,Brats18_TCIA02_300_1,-1.132905320041897,127.0,616.0,0,2
0,3,genetico,Brats18_TCIA02_322_1,-0.5412196241668074,621.0,448.0,2,2
0,3,genetico,Brats18_TCIA02_368_1,-0.2028571447522663,317.0,387.0,1,1
0,3,genetico,Brats18_TCIA03_138_1,1.7614707334321162,82.0,103.0,0,0
0,3,genetico,Brats18_TCIA04_343_1,-0.8775681142330463,296.0,519.0,0,2
0,3,genetico,Brats18_TCIA05_478_1,-0.4764711845770453,30.0,439.0,0,2
0,3,genetico,Brats18_TCIA06_409_1,0.546643257684507,99.0,232.0,0,0
0,3,genetico,Brats18_TCIA08_218_1,-1.8253605062869656,346.0,1155.0,1,2
0,4,edad,Brats18_2013_11_1,-1.2267453845511875,150.0,734.0,0,2
0,4,edad,Brats18_CBICA_ABE_1,0.26421465009462547,269.0,329.0,0,0
0,4,edad,Brats18_CBICA_ABN_1,0.3096817521352108,1278.0,322.0,2,0
0,4,edad,Brats18_CBICA_ALN_1,0.021618826954865642,421.0,370.0,1,1
0,4,edad,Brats18_CBICA_ANG_1,-0.1817081703500138,368.0,401.0,1,2
0,4,edad,Brats18_CBICA_APZ_1,-0.012863988138900242,336.0,372.0,1,1
0,4,edad,Brats18_CBICA_AQD_1,0.4960615638649972,32.0,287.0,0,0
0,4,edad,Brats18_CBICA_AQO_1,0.29300917373378826,473.0,327.0,2,0
0,4,edad,Brats18_CBICA_AQQ_1,0.3766466729145723,33.0,317.0,0,0
0,4,edad,Brats18_CBICA_AQR_1,0.43070505653142044,89.0,291.0,0,0
0,4,edad,Brats18_CBICA_ATB_1,0.421133035049192,208.0,291.0,0,0
0,4,edad,Brats18_CBICA_ATF_1,0.32698200407645184,152.0,322.0,0,0
0,4,edad,Brats18_CBICA_AUN_1,0.31827303371147364,376.0,322.0,1,0
0,4,edad,Brats18_CBICA_AXL_1,0.5585935402693918,168.0,265.0,0,0
0,4,edad,Brats18_CBICA_AYU_1,0.1329916506763691,58.0,350.0,0,0
0,4,edad,Brats18_CBICA_AZD_1,-0.5544285642133475,448.0,495.0,1,2
0,4,edad,Brats18_TCIA01_231_1,0.13393316098609653,1561.0,350.0,2,0
0,4,edad,Brats18_TCIA01_401_1,0.7218671198146184,448.0,229.0,1,0
0,4,edad,Brats18_TCIA01_411_1,-0.6860046299977515,822.0,519.0,2,2
0,4,edad,Brats18_TCIA02_118_1,-0.5127275034116717,104.0,486.0,0,2
0,4,edad,Brats18_TCIA02_151_1,-0.4871498066640774,1731.0,476.0,2,2
0,4,edad,Brats18_TCIA02_274_1,-0.212778010571018,357.0,405.0,1,2
0,4,edad,Brats18_TCIA02_290_1,-0.6778448739801141,737.0,519.0,2,2
0,4,edad,Brats18_TCIA02_331_1,0.959284636250877,187.0,191.0,0,0
0,4,edad,Brats18_TCIA02_430_1,-0.2559697960297624,71.0,424.0,0,2
0,4,edad,Brats18_TCIA02_471_1,0.6364250592068571,111.0,254.0,0,0
0,4,edad,Brats18_TCIA03_121_1,-1.1762176645958171,747.0,726.0,2,2
0,4,edad,Brats18_TCIA03_257_1,0.35051976181963657,425.0,318.0,1,0
0,4,edad,Brats18_TCIA03_265_1,-0.03165496473720954,103.0,375.0,0,1
0,4,edad,Brats18_TCIA03_498_1,-0.04350230280127956,467.0,382.0,2,1
0,4,edad,Brats18_TCIA04_149_1,-0.9234221464340108,448.0,616.0,1,2
0,4,edad,Brats18_TCIA04_437_1,-0.5271639948274917,333.0,488.0,1,2
0,4,edad,Brats18_TCIA05_277_1,0.391357771504063,232.0,296.0,0,0
0,4,coxnet,Brats18_2013_11_1,-1.2069106060671824,150.0,698.0,0,2
0,4,coxnet,Brats18_CBICA_ABE_1,0.29086541186768955,269.0,322.0,0,0
0,4,coxnet,Brats18_CBICA_ABN_1,0.4007811684494486,1278.0,296.0,2,0
0,4,coxnet,Brats18_CBICA_ALN_1,0.05537530729137669,421.0,359.0,1,1
0,4,coxnet,Brats18_CBICA_ANG_1,-0.28814232670516526,368.0,424.0,1,2
0,4,coxnet,Brats18_CBICA_APZ_1,0.026639915105580128,336.0,362.0,1,1
0,4,coxnet,Brats18_CBICA_AQD_1,0.5224169789313767,32.0,268.0,0,0
0,4,coxnet,Brats18_CBICA_AQO_1,0.19064628161108638,473.0,332.0,2,0
0,4,coxnet,Brats18_CBICA_AQQ_1,0.43588698212446697,33.0,289.0,0,0
0,4,coxnet,Brats18_CBICA_AQR_1,0.2921370468978212,89.0,322.0,0,0
0,4,coxnet,Brats18_CBICA_ATB_1,0.42770360484382736,208.0,291.0,0,0
0,4,coxnet,Brats18_CBICA_ATF_1,0.12122949373303046,152.0,350.0,0,1
0,4,coxnet,Brats18_CBICA_AUN_1,0.4644443095887524,376.0,287.0,1,0
0,4,coxnet,Brats18_CBICA_AXL_1,0.7062784771731914,168.0,239.0,0,0
0,4,coxnet,Brats18_CBICA_AYU_1,-0.025904140548433076,58.0,372.0,0,1
0,4,coxnet,Brats18_CBICA_AZD_1,-0.7435498306303895,448.0,519.0,1,2
0,4,coxnet,Brats18_TCIA01_231_1,0.07098634948991267,1561.0,355.0,2,1
0,4,coxnet,Brats18_TCIA01_401_1,0.6359729325602509,448.0,254.0,1,0
0,4,coxnet,Brats18_TCIA01_411_1,-0.6933291089090073,822.0,510.0,2,2
0,4,coxnet,Brats18_TCIA02_118_1,-0.23504066473129212,104.0,405.0,0,2
0,4,coxnet,Brats18_TCIA02_151_1,-0.5348417173912535,1731.0,476.0,2,2
0,4,coxnet,Brats18_TCIA02_274_1,-0.1544953269431781,357.0,387.0,1,1
0,4,coxnet,Brats18_TCIA02_290_1,-0.3933839143805844,737.0,439.0,2,2
0,4,coxnet,Brats18_TCIA02_331_1,1.08510945242124,187.0,172.0,0,0
0,4,coxnet,Brats18_TCIA02_430_1,-0.34310365482227984,71.0,436.0,0,2
0,4,coxnet,Brats18_TCIA02_471_1,0.6385869593971265,111.0,254.0,0,0
0,4,coxnet,Brats18_TCIA03_121_1,-1.1031903858886964,747.0,634.0,2,2
0,4,coxnet,Brats18_TCIA03_257_1,0.32487147298761604,425.0,318.0,1,0
0,4,coxnet,Brats18_TCIA03_265_1,0.002886290818238946,103.0,370.0,0,1
0,4,coxnet,Brats18_TCIA03_498_1,-0.12499019294211003,467.0,387.0,2,1
0,4,coxnet,Brats18_TCIA04_149_1,-0.8471756095662089,448.0,579.0,1,2
0,4,coxnet,Brats18_TCIA04_437_1,-0.4382206853802539,333.0,464.0,1,2
0,4,coxnet,Brats18_TCIA05_277_1,0.14315207098734792,232.0,346.0,0,1
0,4,genetico,Brats18_2013_11_1,-2.1036838917577527,150.0,1458.0,0,2
0,4,genetico,Brats18_CBICA_ABE_1,0.47449093033797995,269.0,291.0,0,0
0,4,genetico,Brats18_CBICA_ABN_1,0.3484201317153781,1278.0,322.0,2,0
0,4,genetico,Brats18_CBICA_ALN_1,0.08930598881178711,421.0,359.0,1,1
0,4,genetico,Brats18_CBICA_ANG_1,-0.42186489798322563,368.0,453.0,1,2
0,4,genetico,Brats18_CBICA_APZ_1,0.37459321126084966,336.0,318.0,1,0
0,4,genetico,Brats18_CBICA_AQD_1,0.28074316304951025,32.0,329.0,0,0
0,4,genetico,Brats18_CBICA_AQO_1,-0.42567241475702544,473.0,453.0,2,2
0,4,genetico,Brats18_CBICA_AQQ_1,0.8394308386452776,33.0,210.0,0,0
0,4,genetico,Brats18_CBICA_AQR_1,0.29189897387735547,89.0,329.0,0,0
0,4,genetico,Brats18_CBICA_ATB_1,1.1646725263199336,208.0,172.0,0,0
0,4,genetico,Brats18_CBICA_ATF_1,0.1039582739248879,152.0,355.0,0,1
0,4,genetico,Brats18_CBICA_AUN_1,0.3210621482565092,376.0,327.0,1,0
0,4,genetico,Brats18_CBICA_AXL_1,0.9590183850653548,168.0,203.0,0,0
0,4,genetico,Brats18_CBICA_AYU_1,-0.026126445404240667,58.0,375.0,0,1
0,4,genetico,Brats18_CBICA_AZD_1,-0.6332518259919844,448.0,495.0,1,2
0,4,genetico,Brats18_TCIA01_231_1,0.15153707928206409,1561.0,350.0,2,1
0,4,genetico,Brats18_TCIA01_401_1,0.0016173440369668668,448.0,372.0,1,1
0,4,genetico,Brats18_TCIA01_411_1,-0.6203711055111147,822.0,495.0,2,2
0,4,genetico,Brats18_TCIA02_118_1,0.28610568635386313,104.0,329.0,0,0
0,4,genetico,Brats18_TCIA02_151_1,-1.3508286417483975,1731.0,788.0,2,2
0,4,genetico,Brats18_TCIA02_274_1,0.11232422319697632,357.0,355.0,1,1
0,4,genetico,Brats18_TCIA02_290_1,0.04348012306148394,737.0,362.0,2,1
0,4,genetico,Brats18_TCIA02_331_1,0.7430171109130428,187.0,239.0,0,0
0,4,genetico,Brats18_TCIA02_430_1,-0.7719094971448879,71.0,519.0,0,2
0,4,genetico,Brats18_TCIA02_471_1,0.2541449463218116,111.0,331.0,0,0
0,4,genetico,Brats18_TCIA03_121_1,-0.9516824382193589,747.0,610.0,2,2
0,4,genetico,Brats18_TCIA03_257_1,0.3205280501536149,425.0,327.0,1,0
0,4,genetico,Brats18_TCIA03_265_1,0.1552699815052721,103.0,350.0,0,1
0,4,genetico,Brats18_TCIA03_498_1,-0.20213570370839667,467.0,401.0,2,1
0,4,genetico,Brats18_TCIA04_149_1,-0.14593421210051244,448.0,394.0,1,1
0,4,genetico,Brats18_TCIA04_437_1,-0.8525321273032067,333.0,576.0,1,2
0,4,genetico,Brats18_TCIA05_277_1,-0.3660713840652985,232.0,438.0,0,2
1,0,edad,Brats18_2013_27_1,0.23756686572407174,120.0,331.0,0,0
1,0,edad,Brats18_CBICA_AAL_1,-0.18631132317920027,464.0,394.0,2,2
1,0,edad,Brats18_CBICA_ABO_1,-0.12087113044670313,1155.0,376.0,2,1
1,0,edad,Brats18_CBICA_AQO_1,0.23262331953087093,473.0,331.0,2,0
1,0,edad,Brats18_CBICA_AQR_1,0.34107236414421643,89.0,317.0,0,0
1,0,edad,Brats18_CBICA_AQT_1,0.48344649450840294,172.0,269.0,0,0
1,0,edad,Brats18_CBICA_ASE_1,-0.4176383878572963,318.0,448.0,1,2
1,0,edad,Brats18_CBICA_ASY_1,0.19091214852573823,610.0,333.0,2,0
1,0,edad,Brats18_CBICA_AXJ_1,-1.0047771897910291,1767.0,630.0,2,2
1,0,edad,Brats18_CBICA_AYI_1,0.17271371910201735,387.0,333.0,1,0
1,0,edad,Brats18_CBICA_AZD_1,-0.4348172108786694,448.0,453.0,1,2
1,0,edad,Brats18_CBICA_BHB_1,-0.14633039334168785,510.0,385.0,2,2
1,0,edad,Brats18_CBICA_BHM_1,0.0524928551161121,436.0,355.0,1,1
1,0,edad,Brats18_TCIA01_147_1,0.0335219965997034,209.0,355.0,0,1
1,0,edad,Brats18_TCIA01_186_1,-0.8170151259405165,370.0,579.0,1,2
1,0,edad,Brats18_TCIA01_203_1,-0.4450750692295614,268.0,453.0,0,2
1,0,edad,Brats18_TCIA01_231_1,0.10733532069693487,1561.0,346.0,2,0
1,0,edad,Brats18_TCIA01_412_1,0.26039986970391865,291.0,329.0,0,0
1,0,edad,Brats18_TCIA02_151_1,-0.38182857512029716,1731.0,439.0,2,2
1,0,edad,Brats18_TCIA02_179_1,-0.4218712992852246,405.0,448.0,1,2
1,0,edad,Brats18_TCIA02_283_1,0.4481619335544314,262.0,286.0,0,0
1,0,edad,Brats18_TCIA02_394_1,0.12099186705565244,616.0,346.0,2,0
1,0,edad,Brats18_TCIA02_491_1,0.6420725329827377,82.0,213.0,0,0
1,0,edad,Brats18_TCIA03_133_1,0.10600674265751213,382.0,346.0,1,0
1,0,edad,Brats18_TCIA03_138_1,0.3566445346527991,82.0,296.0,0,0
1,0,edad,Brats18_TCIA03_257_1,0.27791856152607425,425.0,327.0,1,0
1,0,edad,Brats18_TCIA03_296_1,0.0029647016929802423,22.0,359.0,0,1
1,0,edad,Brats18_TCIA05_277_1,0.31008250894558814,232.0,322.0,0,0
1,0,edad,Brats18_TCIA06_165_1,-0.2649446048148026,5.0,421.0,0,2
1,0,edad,Brats18_TCIA06_409_1,0.2760647317036243,99.0,327.0,0,0
1,0,edad,Brats18_TCIA08_105_1,0.1945271166795161,77.0,333.0,0,0
1,0,edad,Brats18_TCIA08_278_1,-0.30372054526772246,1458.0,424.0,2,2
1,0,edad,Brats18_TCIA08_469_1,0.11023965408544045,519.0,346.0,2,0
1,0,coxnet,Brats18_2013_27_1,0.2690082200618207,120.0,327.0,0,0
1,0,coxnet,Brats18_CBICA_AAL_1,-0.41666102493186447,464.0,439.0,2,2
1,0,coxnet,Brats18_CBICA_ABO_1,0.3293541740896295,1155.0,317.0,2,0
1,0,coxnet,Brats18_CBICA_AQO_1,0.17990465106423698,473.0,333.0,2,0
1,0,coxnet,Brats18_CBICA_AQR_1,0.18808453327056077,89.0,332.0,0,0
1,0,coxnet,Brats18_CBICA_AQT_1,0.5800902079639244,172.0,244.0,0,0
1,0,coxnet,Brats18_CBICA_ASE_1,-0.7129489415539689,318.0,495.0,1,2
1,0,coxnet,Brats18_CBICA_ASY_1,0.28447492592282325,610.0,327.0,2,0
1,0,coxnet,Brats18_CBICA_AXJ_1,-0.8163393235665397,1767.0,522.0,2,2
1,0,coxnet,Brats18_CBICA_AYI_1,-0.04841586666746414,387.0,362.0,1,1
1,0,coxnet,Brats18_CBICA_AZD_1,-0.8065368668088434,448.0,522.0,1,2
1,0,coxnet,Brats18_CBICA_BHB_1,-0.2804615129951842,510.0,407.0,2,2
1,0,coxnet,Brats18_CBICA_BHM_1,-0.004931223718003334,436.0,357.0,1,1
1,0,coxnet,Brats18_TCIA01_147_1,0.13103659977081764,209.0,345.0,0,1
1,0,coxnet,Brats18_TCIA01_186_1,-0.8819201058754058,370.0,579.0,1,2
1,0,coxnet,Brats18_TCIA01_203_1,-0.22464664494331854,268.0,394.0,0,2
1,0,coxnet,Brats18_TCIA01_231_1,0.06079061186169645,1561.0,350.0,2,1
1,0,coxnet,Brats18_TCIA01_412_1,0.46927449540858934,291.0,269.0,0,0
1,0,coxnet,Brats18_TCIA02_151_1,-0.626782971809528,1731.0,486.0,2,2
1,0,coxnet,Brats18_TCIA02_179_1,-0.3896121432932951,405.0,438.0,1,2
1,0,coxnet,Brats18_TCIA02_283_1,0.4635804983856846,262.0,269.0,0,0
1,0,coxnet,Brats18_TCIA02_394_1,0.23879932764009315,616.0,331.0,2,0
1,0,coxnet,Brats18_TCIA02_491_1,0.8750645676700365,82.0,191.0,0,0
1,0,coxnet,Brats18_TCIA03_133_1,-0.186232084657819,382.0,387.0,1,2
1,0,coxnet,Brats18_TCIA03_138_1,0.6124990707947547,82.0,229.0,0,0
1,0,coxnet,Brats18_TCIA03_257_1,0.4531115449409064,425.0,286.0,1,0
1,0,coxnet,Brats18_TCIA03_296_1,0.36272853081667134,22.0,296.0,0,0
1,0,coxnet,Brats18_TCIA05_277_1,0.25590348438612476,232.0,329.0,0,0
1,0,coxnet,Brats18_TCIA06_165_1,-0.23945199368295889,5.0,394.0,0,2
1,0,coxnet,Brats18_TCIA06_409_1,0.15933422466320424,99.0,336.0,0,0
1,0,coxnet,Brats18_TCIA08_105_1,0.4387228863118353,77.0,286.0,0,0
1,0,coxnet,Brats18_TCIA08_278_1,-0.42748444310623396,1458.0,439.0,2,2
1,0,coxnet,Brats18_TCIA08_469_1,0.2637010616117531,519.0,329.0,2,0
1,0,genetico,Brats18_2013_27_1,0.6274266353884167,120.0,254.0,0,0
1,0,genetico,Brats18_CBICA_AAL_1,-1.1342871929751195,464.0,626.0,2,2
1,0,genetico,Brats18_CBICA_ABO_1,0.5189714371046199,1155.0,286.0,2,0
1,0,genetico,Brats18_CBICA_AQO_1,-0.031845235962062846,473.0,362.0,2,1
1,0,genetico,Brats18_CBICA_AQR_1,1.0733636826522441,89.0,175.0,0,0
1,0,genetico,Brats18_CBICA_AQT_1,0.5715031706646572,172.0,265.0,0,0
1,0,genetico,Brats18_CBICA_ASE_1,-0.6222065049818095,318.0,468.0,1,2
1,0,genetico,Brats18_CBICA_ASY_1,0.7729122302071554,610.0,210.0,2,0
1,0,genetico,Brats18_CBICA_AXJ_1,-0.01769176172844955,1767.0,362.0,2,1
1,0,genetico,Brats18_CBICA_AYI_1,-1.205603454777557,387.0,634.0,1,2
1,0,genetico,Brats18_CBICA_AZD_1,-1.40915154084128,448.0,747.0,1,2
1,0,genetico,Brats18_CBICA_BHB_1,1.456329319052042,510.0,139.0,2,0
1,0,genetico,Brats18_CBICA_BHM_1,-0.1364473068512605,436.0,376.0,1,1
1,0,genetico,Brats18_TCIA01_147_1,0.18803206766946284,209.0,336.0,0,0
1,0,genetico,Brats18_TCIA01_186_1,-1.2990095614847883,370.0,698.0,1,2
1,0,genetico,Brats18_TCIA01_203_1,-0.6383775716881623,268.0,468.0,0,2
1,0,genetico,Brats18_TCIA01_231_1,0.19678490215527844,1561.0,336.0,2,0
1,0,genetico,Brats18_TCIA01_412_1,0.39999499367318014,291.0,317.0,0,0
1,0,genetico,Brats18_TCIA02_151_1,0.15767673814598737,1731.0,345.0,2,1
1,0,genetico,Brats18_TCIA02_179_1,-0.5348266711868203,405.0,453.0,1,2
1,0,genetico,Brats18_TCIA02_283_1,1.2424372525993608,262.0,153.0,0,0
1,0,genetico,Brats18_TCIA02_394_1,0.3883330342360015,616.0,317.0,2,0
1,0,genetico,Brats18_TCIA02_491_1,1.3892055379394734,82.0,147.0,0,0
1,0,genetico,Brats18_TCIA03_133_1,-0.6020278958283181,382.0,467.0,1,2
1,0,genetico,Brats18_TCIA03_138_1,0.8719041454743215,82.0,203.0,0,0
1,0,genetico,Brats18_TCIA03_257_1,0.6446536167224592,425.0,244.0,1,0
1,0,genetico,Brats18_TCIA03_296_1,0.554429275142534,22.0,269.0,0,0
1,0,genetico,Brats18_TCIA05_277_1,0.3948036114798025,232.0,317.0,0,0
1,0,genetico,Brats18_TCIA06_165_1,-0.10400440089560115,5.0,375.0,0,1
1,0,genetico,Brats18_TCIA06_409_1,-0.4748353832969675,99.0,448.0,0,2
1,0,genetico,Brats18_TCIA08_105_1,0.7386290515915759,77.0,213.0,0,0
1,0,genetico,Brats18_TCIA08_278_1,-0.4887690383524396,1458.0,448.0,2,2
1,0,genetico,Brats18_TCIA08_469_1,0.4316217150989994,519.0,296.0,2,0
1,1,edad,Brats18_CBICA_ABB_1,0.3317828873354119,465.0,318.0,2,0
1,1,edad,Brats18_CBICA_ABM_1,0.38266016323999485,503.0,296.0,2,0
1,1,edad,Brats18_CBICA_ALN_1,0.0610469392342822,421.0,357.0,1,1
1,1,edad,Brats18_CBICA_ANZ_1,0.31586357056188535,287.0,318.0,0,0
1,1,edad,Brats18_CBICA_AOP_1,0.3081190380774666,332.0,318.0,1,0
1,1,edad,Brats18_CBICA_AQG_1,-0.20201618501654425,466.0,394.0,2,2
1,1,edad,Brats18_CBICA_AQN_1,0.14171915261364149,488.0,350.0,2,1
1,1,edad,Brats18_CBICA_AQQ_1,0.38552850860459426,33.0,296.0,0,0
1,1,edad,Brats18_CBICA_AQU_1,0.48903992194957663,30.0,269.0,0,0
1,1,edad,Brats18_CBICA_ASN_1,-0.7081715789171732,407.0,558.0,1,2
1,1,edad,Brats18_CBICA_ASO_1,-0.2470850615578129,265.0,405.0,0,2
1,1,edad,Brats18_CBICA_ATV_1,0.10468164309325116,453.0,355.0,2,1
1,1,edad,Brats18_CBICA_AUQ_1,0.05652929528503816,1337.0,359.0,2,1
1,1,edad,Brats18_CBICA_AUR_1,0.3948506310395421,12.0,291.0,0,0
1,1,edad,Brats18_CBICA_AXQ_1,0.25250899232129487,114.0,333.0,0,0
1,1,edad,Brats18_TCIA01_190_1,0.08198586039585824,322.0,357.0,1,1
1,1,edad,Brats18_TCIA01_429_1,-0.1525013731601464,86.0,387.0,0,1
1,1,edad,Brats18_TCIA01_499_1,-0.32833094401009205,600.0,434.0,2,2
1,1,edad,Brats18_TCIA02_331_1,0.9180368255424803,187.0,180.0,0,0
1,1,edad,Brats18_TCIA02_377_1,0.16215611333641253,812.0,346.0,2,0
1,1,edad,Brats18_TCIA02_471_1,0.622955796159313,111.0,232.0,0,0
1,1,edad,Brats18_TCIA03_419_1,0.40704109883908984,327.0,291.0,1,0
1,1,edad,Brats18_TCIA03_474_1,0.07775505098307399,635.0,357.0,2,1
1,1,edad,Brats18_TCIA04_111_1,0.57451661381464,626.0,254.0,2,0
1,1,edad,Brats18_TCIA04_149_1,-0.8026835586807249,448.0,597.0,1,2
1,1,edad,Brats18_TCIA04_192_1,0.5995787814378275,121.0,239.0,0,0
1,1,edad,Brats18_TCIA04_361_1,0.5999731789254599,476.0,239.0,2,0
1,1,edad,Brats18_TCIA04_479_1,-0.10180336884085119,372.0,385.0,1,1
1,1,edad,Brats18_TCIA05_478_1,0.0005607063582915438,30.0,368.0,0,1
1,1,edad,Brats18_TCIA06_247_1,0.6260034131091997,244.0,232.0,0,0
1,1,edad,Brats18_TCIA06_372_1,0.54791271055798,213.0,262.0,0,0
1,1,edad,Brats18_TCIA08_167_1,0.5617524769421721,153.0,254.0,0,0
1,1,edad,Brats18_TCIA08_280_1,-0.06731151583154277,508.0,376.0,2,1
1,1,coxnet,Brats18_CBICA_ABB_1,0.37296313770778877,465.0,296.0,2,0
1,1,coxnet,Brats18_CBICA_ABM_1,0.3597656313361187,503.0,296.0,2,0
1,1,coxnet,Brats18_CBICA_ALN_1,0.032077512865557,421.0,359.0,1,1
1,1,coxnet,Brats18_CBICA_ANZ_1,0.34310527732077456,287.0,317.0,0,0
1,1,coxnet,Brats18_CBICA_AOP_1,0.19544622602822934,332.0,345.0,1,0
1,1,coxnet,Brats18_CBICA_AQG_1,-0.17419974555511167,466.0,387.0,2,1
1,1,coxnet,Brats18_CBICA_AQN_1,0.12134790199108958,488.0,350.0,2,1
1,1,coxnet,Brats18_CBICA_AQQ_1,0.5482695828036293,33.0,262.0,0,0
1,1,coxnet,Brats18_CBICA_AQU_1,0.6944235441547292,30.0,210.0,0,0
1,1,coxnet,Brats18_CBICA_ASN_1,-0.5344746249580347,407.0,468.0,1,2
1,1,coxnet,Brats18_CBICA_ASO_1,-0.2015121676536342,265.0,394.0,0,2
1,1,coxnet,Brats18_CBICA_ATV_1,0.04699536629844461,453.0,359.0,2,1
1,1,coxnet,Brats18_CBICA_AUQ_1,0.0002885239803676049,1337.0,362.0,2,1
1,1,coxnet,Brats18_CBICA_AUR_1,0.5633055082559981,12.0,254.0,0,0
1,1,coxnet,Brats18_CBICA_AXQ_1,0.2460456907575846,114.0,333.0,0,0
1,1,coxnet,Brats18_TCIA01_190_1,0.09704594565010666,322.0,355.0,1,1
1,1,coxnet,Brats18_TCIA01_429_1,-0.13476476163921947,86.0,385.0,0,1
1,1,coxnet,Brats18_TCIA01_499_1,-0.4391370900034292,600.0,448.0,2,2
1,1,coxnet,Brats18_TCIA02_331_1,0.9533071481360152,187.0,180.0,0,0
1,1,coxnet,Brats18_TCIA02_377_1,0.2611937441327778,812.0,331.0,2,0
1,1,coxnet,Brats18_TCIA02_471_1,0.6778735346139816,111.0,229.0,0,0
1,1,coxnet,Brats18_TCIA03_419_1,0.5110516055240779,327.0,268.0,1,0
1,1,coxnet,Brats18_TCIA03_474_1,0.46373939649440193,635.0,286.0,2,0
1,1,coxnet,Brats18_TCIA04_111_1,0.5144635361934546,626.0,268.0,2,0
1,1,coxnet,Brats18_TCIA04_149_1,-0.9872212980394263,448.0,630.0,1,2
1,1,coxnet,Brats18_TCIA04_192_1,0.49327570452386255,121.0,269.0,0,0
1,1,coxnet,Brats18_TCIA04_361_1,0.5843862274909565,476.0,254.0,2,0
1,1,coxnet,Brats18_TCIA04_479_1,-0.164413623301805,372.0,387.0,1,1
1,1,coxnet,Brats18_TCIA05_478_1,0.014454814120097331,30.0,362.0,0,1
1,1,coxnet,Brats18_TCIA06_247_1,0.6568501862659019,244.0,229.0,0,0
1,1,coxnet,Brats18_TCIA06_372_1,0.5122870384227668,213.0,268.0,0,0
1,1,coxnet,Brats18_TCIA08_167_1,0.7394753211131381,153.0,209.0,0,0
1,1,coxnet,Brats18_TCIA08_280_1,-0.5971613833665442,508.0,495.0,2,2
1,1,genetico,Brats18_CBICA_ABB_1,-0.035900094852812314,465.0,370.0,2,1
1,1,genetico,Brats18_CBICA_ABM_1,0.003118505747953415,503.0,362.0,2,1
1,1,genetico,Brats18_CBICA_ALN_1,-0.083883354765627,421.0,376.0,1,1
1,1,genetico,Brats18_CBICA_ANZ_1,0.8086672078475517,287.0,210.0,0,0
1,1,genetico,Brats18_CBICA_AOP_1,0.32171876318548653,332.0,331.0,1,0
1,1,genetico,Brats18_CBICA_AQG_1,0.22744981341708637,466.0,345.0,2,0
1,1,genetico,Brats18_CBICA_AQN_1,0.44423112031139966,488.0,296.0,2,0
1,1,genetico,Brats18_CBICA_AQQ_1,1.252959307715186,33.0,169.0,0,0
1,1,genetico,Brats18_CBICA_AQU_1,1.0014047544957723,30.0,199.0,0,0
1,1,genetico,Brats18_CBICA_ASN_1,-0.09703134354969489,407.0,376.0,1,1
1,1,genetico,Brats18_CBICA_ASO_1,-0.22685247119878799,265.0,394.0,0,1
1,1,genetico,Brats18_CBICA_ATV_1,0.028691404608943386,453.0,362.0,2,1
1,1,genetico,Brats18_CBICA_AUQ_1,-0.19641899335661167,1337.0,387.0,2,1
1,1,genetico,Brats18_CBICA_AUR_1,0.89901231597756,12.0,208.0,0,0
1,1,genetico,Brats18_CBICA_AXQ_1,0.36020122053879267,114.0,318.0,0,0
1,1,genetico,Brats18_TCIA01_190_1,0.2080500405097862,322.0,345.0,1,0
1,1,genetico,Brats18_TCIA01_429_1,-0.27930948767893876,86.0,401.0,0,1
1,1,genetico,Brats18_TCIA01_499_1,-0.9234919343137868,600.0,579.0,2,2
1,1,genetico,Brats18_TCIA02_331_1,0.12348377995139231,187.0,355.0,0,1
1,1,genetico,Brats18_TCIA02_377_1,-0.13044320336387968,812.0,382.0,2,1
1,1,genetico,Brats18_TCIA02_471_1,0.3749285552066377,111.0,318.0,0,0
1,1,genetico,Brats18_TCIA03_419_1,1.111626291180297,327.0,175.0,1,0
1,1,genetico,Brats18_TCIA03_474_1,1.3468250392940737,635.0,152.0,2,0
1,1,genetico,Brats18_TCIA04_111_1,0.936541622493362,626.0,208.0,2,0
1,1,genetico,Brats18_TCIA04_149_1,-0.7917066172623242,448.0,519.0,1,2
1,1,genetico,Brats18_TCIA04_192_1,-0.7764383093651264,121.0,515.0,0,2
1,1,genetico,Brats18_TCIA04_361_1,0.10414516352199424,476.0,355.0,2,1
1,1,genetico,Brats18_TCIA04_479_1,-0.6870278544275065,372.0,495.0,1,2
1,1,genetico,Brats18_TCIA05_478_1,0.010193987042941666,30.0,362.0,0,1
1,1,genetico,Brats18_TCIA06_247_1,0.9391643208556973,244.0,208.0,0,0
1,1,genetico,Brats18_TCIA06_372_1,-0.15918029436435094,213.0,387.0,0,1
1,1,genetico,Brats18_TCIA08_167_1,0.8453015898474413,153.0,209.0,0,0
1,1,genetico,Brats18_TCIA08_280_1,-1.0892418538780368,508.0,616.0,2,2
1,2,edad,Brats18_2013_11_1,-1.2892454978033796,150.0,747.0,0,2
1,2,edad,Brats18_CBICA_ABE_1,0.23587405293546337,269.0,322.0,0,0
1,2,edad,Brats18_CBICA_ABY_1,-0.5168943955281994,515.0,466.0,2,2
1,2,edad,Brats18_CBICA_ANG_1,-0.22026534435045028,368.0,405.0,1,2
1,2,edad,Brats18_CBICA_AOD_1,-0.02676625279483525,55.0,370.0,0,1
1,2,edad,Brats18_CBICA_AOO_1,-0.6856342710967105,350.0,495.0,1,2
1,2,edad,Brats18_CBICA_APR_1,0.05842631696305982,23.0,345.0,0,1
1,2,edad,Brats18_CBICA_AQP_1,-0.5937402603828246,1283.0,473.0,2,2
1,2,edad,Brats18_CBICA_ARF_1,0.5643650449458869,726.0,254.0,2,0
1,2,edad,Brats18_CBICA_ARW_1,-0.6754416603013712,495.0,495.0,2,2
1,2,edad,Brats18_CBICA_ASG_1,-0.14197485749333608,208.0,387.0,0,1
1,2,edad,Brats18_CBICA_ASH_1,-0.589005110485777,660.0,473.0,2,2
1,2,edad,Brats18_CBICA_ATD_1,0.3182175070773382,355.0,296.0,1,0
1,2,edad,Brats18_CBICA_ATF_1,0.30007947526830925,152.0,317.0,0,0
1,2,edad,Brats18_CBICA_ATX_1,-0.981701524829047,1592.0,614.0,2,2
1,2,edad,Brats18_CBICA_AUN_1,0.29117097291962707,376.0,317.0,1,0
1,2,edad,Brats18_CBICA_AVV_1,0.44321743868159835,387.0,286.0,1,0
1,2,edad,Brats18_CBICA_AWG_1,-0.22937448864392299,180.0,407.0,0,2
1,2,edad,Brats18_CBICA_AXL_1,0.5369974836765112,168.0,254.0,0,0
1,2,edad,Brats18_CBICA_AYU_1,0.10164459187085678,58.0,336.0,0,1
1,2,edad,Brats18_TCIA01_335_1,-0.2718303241615174,355.0,425.0,1,2
1,2,edad,Brats18_TCIA01_390_1,0.09337814374550299,634.0,336.0,2,1
1,2,edad,Brats18_TCIA01_425_1,-0.20224769770829543,558.0,401.0,2,2
1,2,edad,Brats18_TCIA01_448_1,-0.6741174234657563,199.0,495.0,0,2
1,2,edad,Brats18_TCIA02_118_1,-0.5588686903782975,104.0,468.0,0,2
1,2,edad,Brats18_TCIA02_135_1,0.3256813874235318,828.0,296.0,2,0
1,2,edad,Brats18_TCIA02_198_1,-0.2796553600083328,394.0,425.0,1,2
1,2,edad,Brats18_TCIA02_314_1,-0.8384833046378422,362.0,576.0,1,2
1,2,edad,Brats18_TCIA02_322_1,-0.15593953685073003,621.0,387.0,2,1
1,2,edad,Brats18_TCIA02_455_1,-0.2569828202470466,424.0,421.0,1,2
1,2,edad,Brats18_TCIA02_473_1,-0.009069633264344729,175.0,359.0,0,1
1,2,edad,Brats18_TCIA03_375_1,-0.05008084677945011,946.0,372.0,2,1
1,2,edad,Brats18_TCIA06_184_1,-0.0032510168654304255,434.0,359.0,1,1
1,2,coxnet,Brats18_2013_11_1,-1.2892290298515683,150.0,747.0,0,2
1,2,coxnet,Brats18_CBICA_ABE_1,0.23587104003951465,269.0,322.0,0,0
1,2,coxnet,Brats18_CBICA_ABY_1,-0.5168877930680693,515.0,466.0,2,2
1,2,coxnet,Brats18_CBICA_ANG_1,-0.22026253082960986,368.0,405.0,1,2
1,2,coxnet,Brats18_CBICA_AOD_1,-0.026765910900787927,55.0,370.0,0,1
1,2,coxnet,Brats18_CBICA_AOO_1,-0.685625513267301,350.0,495.0,1,2
1,2,coxnet,Brats18_CBICA_APR_1,0.058425570664721864,23.0,345.0,0,1
1,2,coxnet,Brats18_CBICA_AQP_1,-0.593732676345484,1283.0,473.0,2,2
1,2,coxnet,Brats18_CBICA_ARF_1,0.5643578361277215,726.0,254.0,2,0
1,2,coxnet,Brats18_CBICA_ARW_1,-0.6754330326654926,495.0,495.0,2,2
1,2,coxnet,Brats18_CBICA_ASG_1,-0.1419730440023325,208.0,387.0,0,1
1,2,coxnet,Brats18_CBICA_ASH_1,-0.5889975869320453,660.0,473.0,2,2
1,2,coxnet,Brats18_CBICA_ATD_1,0.31821344238168414,355.0,296.0,1,0
1,2,coxnet,Brats18_CBICA_ATF_1,0.3000756422556312,152.0,317.0,0,0
1,2,coxnet,Brats18_CBICA_ATX_1,-0.9816889852363694,1592.0,614.0,2,2
1,2,coxnet,Brats18_CBICA_AUN_1,0.2911672536981452,376.0,317.0,1,0
1,2,coxnet,Brats18_CBICA_AVV_1,0.4432117773211868,387.0,286.0,1,0
1,2,coxnet,Brats18_CBICA_AWG_1,-0.22937155876902157,180.0,407.0,0,2
1,2,coxnet,Brats18_CBICA_AXL_1,0.5369906244331017,168.0,254.0,0,0
1,2,coxnet,Brats18_CBICA_AYU_1,0.10164329353144537,58.0,336.0,0,1
1,2,coxnet,Brats18_TCIA01_335_1,-0.27182685198442874,355.0,425.0,1,2
1,2,coxnet,Brats18_TCIA01_390_1,0.09337695099612049,634.0,336.0,2,1
1,2,coxnet,Brats18_TCIA01_425_1,-0.20224511433271217,558.0,401.0,2,2
1,2,coxnet,Brats18_TCIA01_448_1,-0.6741088127447852,199.0,495.0,0,2
1,2,coxnet,Brats18_TCIA02_118_1,-0.5588615517668556,104.0,468.0,0,2
1,2,coxnet,Brats18_TCIA02_135_1,0.32567722738930793,828.0,296.0,2,0
1,2,coxnet,Brats18_TCIA02_198_1,-0.2796517878795177,394.0,425.0,1,2
1,2,coxnet,Brats18_TCIA02_314_1,-0.8384725944180439,362.0,576.0,1,2
1,2,coxnet,Brats18_TCIA02_322_1,-0.15593754498433784,621.0,387.0,2,1
1,2,coxnet,Brats18_TCIA02_455_1,-0.25697953772195153,424.0,421.0,1,2
1,2,coxnet,Brats18_TCIA02_473_1,-0.009069517414970937,175.0,359.0,0,1
1,2,coxnet,Brats18_TCIA03_375_1,-0.05008020708051544,946.0,372.0,2,1
1,2,coxnet,Brats18_TCIA06_184_1,-0.003250975339135232,434.0,359.0,1,1
1,2,genetico,Brats18_2013_11_1,-1.757497761198123,150.0,1155.0,0,2
1,2,genetico,Brats18_CBICA_ABE_1,0.5569381594346556,269.0,265.0,0,0
1,2,genetico,Brats18_CBICA_ABY_1,0.1364902273612949,515.0,332.0,2,1
1,2,genetico,Brats18_CBICA_ANG_1,-0.6195235349459587,368.0,467.0,1,2
1,2,genetico,Brats18_CBICA_AOD_1,0.5582427911055656,55.0,265.0,0,0
1,2,genetico,Brats18_CBICA_AOO_1,-0.21842413931998367,350.0,401.0,1,1
1,2,genetico,Brats18_CBICA_APR_1,0.7127560408897355,23.0,232.0,0,0
1,2,genetico,Brats18_CBICA_AQP_1,0.5562745978372621,1283.0,265.0,2,0
1,2,genetico,Brats18_CBICA_ARF_1,1.0571957244033923,726.0,172.0,2,0
1,2,genetico,Brats18_CBICA_ARW_1,-0.0264449160857545,495.0,359.0,2,1
1,2,genetico,Brats18_CBICA_ASG_1,0.6472955959290148,208.0,244.0,0,0
1,2,genetico,Brats18_CBICA_ASH_1,-0.9652984885357159,660.0,579.0,2,2
1,2,genetico,Brats18_CBICA_ATD_1,-0.5950557729405194,355.0,466.0,1,2
1,2,genetico,Brats18_CBICA_ATF_1,0.43035427498264056,152.0,289.0,0,0
1,2,genetico,Brats18_CBICA_ATX_1,-3.477996131275458,1592.0,1767.0,2,2
1,2,genetico,Brats18_CBICA_AUN_1,-0.08236351603280677,376.0,372.0,1,1
1,2,genetico,Brats18_CBICA_AVV_1,0.6129199359955525,387.0,254.0,1,0
1,2,genetico,Brats18_CBICA_AWG_1,0.21252817045939412,180.0,329.0,0,0
1,2,genetico,Brats18_CBICA_AXL_1,0.4873753499414062,168.0,286.0,0,0
1,2,genetico,Brats18_CBICA_AYU_1,0.1569386975148941,58.0,332.0,0,1
1,2,genetico,Brats18_TCIA01_335_1,0.029665776552024348,355.0,346.0,1,1
1,2,genetico,Brats18_TCIA01_390_1,-0.5863685734415388,634.0,466.0,2,2
1,2,genetico,Brats18_TCIA01_425_1,-1.4973056008286496,558.0,788.0,2,2
1,2,genetico,Brats18_TCIA01_448_1,-1.3441307491560242,199.0,734.0,0,2
1,2,genetico,Brats18_TCIA02_118_1,0.34859147091332293,104.0,296.0,0,0
1,2,genetico,Brats18_TCIA02_135_1,0.13967628491844486,828.0,332.0,2,1
1,2,genetico,Brats18_TCIA02_198_1,-1.0582964236258392,394.0,610.0,1,2
1,2,genetico,Brats18_TCIA02_314_1,-0.5676098055580672,362.0,465.0,1,2
1,2,genetico,Brats18_TCIA02_322_1,-0.7670295873423315,621.0,495.0,2,2
1,2,genetico,Brats18_TCIA02_455_1,-1.0234954948602684,424.0,600.0,1,2
1,2,genetico,Brats18_TCIA02_473_1,0.9414744830156788,175.0,203.0,0,0
1,2,genetico,Brats18_TCIA03_375_1,0.2265036332724334,946.0,327.0,2,0
1,2,genetico,Brats18_TCIA06_184_1,4.713200390520566,434.0,12.0,1,0
1,3,edad,Brats18_CBICA_ABN_1,0.27933846514330657,1278.0,322.0,2,0
1,3,edad,Brats18_CBICA_ALU_1,0.20320571135049184,495.0,332.0,2,0
1,3,edad,Brats18_CBICA_ALX_1,0.005183972021820697,698.0,357.0,2,1
1,3,edad,Brats18_CBICA_AME_1,-0.2487726865854774,359.0,407.0,1,2
1,3,edad,Brats18_CBICA_AOH_1,-0.08326531277016704,576.0,372.0,2,1
1,3,edad,Brats18_CBICA_AQA_1,0.5372198214524141,106.0,262.0,0,0
1,3,edad,Brats18_CBICA_AQD_1,0.4309339023896032,32.0,269.0,0,0
1,3,edad,Brats18_CBICA_AQY_1,-0.057834547986900575,229.0,370.0,0,1
1,3,edad,Brats18_CBICA_ARZ_1,-0.1501447142579037,871.0,387.0,2,2
1,3,edad,Brats18_CBICA_ASA_1,0.1350818935182791,210.0,345.0,0,0
1,3,edad,Brats18_CBICA_ASW_1,0.28169966538667124,239.0,322.0,0,0
1,3,edad,Brats18_CBICA_ATB_1,0.36998940962167526,208.0,289.0,0,0
1,3,edad,Brats18_CBICA_ATP_1,-0.25339936273801655,385.0,407.0,1,2
1,3,edad,Brats18_CBICA_AVG_1,0.12215910840256655,579.0,345.0,2,1
1,3,edad,Brats18_CBICA_AVJ_1,-0.4558563295508457,614.0,453.0,2,2
1,3,edad,Brats18_CBICA_AWI_1,-0.4141524279552006,375.0,448.0,1,2
1,3,edad,Brats18_CBICA_AXM_1,0.23623060664620146,438.0,331.0,1,0
1,3,edad,Brats18_CBICA_AXO_1,-0.10304834183619595,394.0,376.0,1,1
1,3,edad,Brats18_CBICA_AYA_1,0.48836850290388095,50.0,265.0,0,0
1,3,edad,Brats18_CBICA_AYW_1,-0.3081217737835644,734.0,424.0,2,2
1,3,edad,Brats18_TCIA01_201_1,0.03824077542892728,430.0,355.0,1,1
1,3,edad,Brats18_TCIA01_378_1,0.46631999792867757,110.0,268.0,0,0
1,3,edad,Brats18_TCIA01_401_1,0.6145969915897048,448.0,232.0,1,0
1,3,edad,Brats18_TCIA02_226_1,0.44822809876668024,329.0,269.0,1,0
1,3,edad,Brats18_TCIA02_321_1,0.6917827130586147,67.0,208.0,0,0
1,3,edad,Brats18_TCIA02_368_1,0.0967283436193001,317.0,346.0,1,1
1,3,edad,Brats18_TCIA03_199_1,-0.34159338263882966,1282.0,434.0,2,2
1,3,edad,Brats18_TCIA03_338_1,0.5390704919134294,468.0,262.0,2,0
1,3,edad,Brats18_TCIA03_498_1,-0.00793026176227277,467.0,362.0,2,1
1,3,edad,Brats18_TCIA04_343_1,-0.21861952131548157,296.0,401.0,0,2
1,3,edad,Brats18_TCIA08_242_1,0.22171241596064797,147.0,331.0,0,0
1,3,edad,Brats18_TCIA08_406_1,0.6130973103540543,82.0,232.0,0,0
1,3,coxnet,Brats18_CBICA_ABN_1,0.2793372379889161,1278.0,322.0,2,0
1,3,coxnet,Brats18_CBICA_ALU_1,0.2032048186528796,495.0,332.0,2,0
1,3,coxnet,Brats18_CBICA_ALX_1,0.005183949248251078,698.0,357.0,2,1
1,3,coxnet,Brats18_CBICA_AME_1,-0.24877159370879637,359.0,407.0,1,2
1,3,coxnet,Brats18_CBICA_AOH_1,-0.08326494697953327,576.0,372.0,2,1
1,3,coxnet,Brats18_CBICA_AQA_1,0.5372174614062877,106.0,262.0,0,0
1,3,coxnet,Brats18_CBICA_AQD_1,0.43093200926532443,32.0,269.0,0,0
1,3,coxnet,Brats18_CBICA_AQY_1,-0.05783429391548401,229.0,370.0,0,1
1,3,coxnet,Brats18_CBICA_ARZ_1,-0.15014405466114789,871.0,387.0,2,2
1,3,coxnet,Brats18_CBICA_ASA_1,0.13508130009360125,210.0,345.0,0,0
1,3,coxnet,Brats18_CBICA_ASW_1,0.28169842785935467,239.0,322.0,0,0
1,3,coxnet,Brats18_CBICA_ATB_1,0.3699877842310287,208.0,289.0,0,0
1,3,coxnet,Brats18_CBICA_ATP_1,-0.2533982495360074,385.0,407.0,1,2
1,3,coxnet,Brats18_CBICA_AVG_1,0.1221585717486327,579.0,345.0,2,1
1,3,coxnet,Brats18_CBICA_AVJ_1,-0.4558543269405139,614.0,453.0,2,2
1,3,coxnet,Brats18_CBICA_AWI_1,-0.414150608553171,375.0,448.0,1,2
1,3,coxnet,Brats18_CBICA_AXM_1,0.23622956886779897,438.0,331.0,1,0
1,3,coxnet,Brats18_CBICA_AXO_1,-0.10304788913726273,394.0,376.0,1,1
1,3,coxnet,Brats18_CBICA_AYA_1,0.4883663574651844,50.0,265.0,0,0
1,3,coxnet,Brats18_CBICA_AYW_1,-0.308120420181985,734.0,424.0,2,2
1,3,coxnet,Brats18_TCIA01_201_1,0.03824060743439276,430.0,355.0,1,1
1,3,coxnet,Brats18_TCIA01_378_1,0.4663179493506825,110.0,268.0,0,0
1,3,coxnet,Brats18_TCIA01_401_1,0.6145942916199878,448.0,232.0,1,0
1,3,coxnet,Brats18_TCIA02_226_1,0.4482261296677268,329.0,269.0,1,0
1,3,coxnet,Brats18_TCIA02_321_1,0.6917796740063551,67.0,208.0,0,0
1,3,coxnet,Brats18_TCIA02_368_1,0.09672791868458346,317.0,346.0,1,1
1,3,coxnet,Brats18_TCIA03_199_1,-0.3415918819940145,1282.0,434.0,2,2
1,3,coxnet,Brats18_TCIA03_338_1,0.5390681237371717,468.0,262.0,2,0
1,3,coxnet,Brats18_TCIA03_498_1,-0.00793022692405033,467.0,362.0,2,1
1,3,coxnet,Brats18_TCIA04_343_1,-0.21861856090386989,296.0,401.0,0,2
1,3,coxnet,Brats18_TCIA08_242_1,0.22171144196172332,147.0,331.0,0,0
1,3,coxnet,Brats18_TCIA08_406_1,0.6130946169725471,82.0,232.0,0,0
1,3,genetico,Brats18_CBICA_ABN_1,-0.7026509495241442,1278.0,495.0,2,2
1,3,genetico,Brats18_CBICA_ALU_1,-0.17402874087313877,495.0,387.0,2,1
1,3,genetico,Brats18_CBICA_ALX_1,-0.11498431521655306,698.0,376.0,2,1
1,3,genetico,Brats18_CBICA_AME_1,0.2935648499552378,359.0,322.0,1,0
1,3,genetico,Brats18_CBICA_AOH_1,-0.9675425331760719,576.0,600.0,2,2
1,3,genetico,Brats18_CBICA_AQA_1,-0.2392126612105615,106.0,401.0,0,1
1,3,genetico,Brats18_CBICA_AQD_1,0.7574207182014823,32.0,209.0,0,0
1,3,genetico,Brats18_CBICA_AQY_1,0.6362707552408341,229.0,244.0,0,0
1,3,genetico,Brats18_CBICA_ARZ_1,-0.20696541951806943,871.0,394.0,2,1
1,3,genetico,Brats18_CBICA_ASA_1,1.7936664087914544,210.0,99.0,0,0
1,3,genetico,Brats18_CBICA_ASW_1,0.534540650629678,239.0,265.0,0,0
1,3,genetico,Brats18_CBICA_ATB_1,0.5922538328498632,208.0,262.0,0,0
1,3,genetico,Brats18_CBICA_ATP_1,-1.6440393148073815,385.0,1155.0,1,2
1,3,genetico,Brats18_CBICA_AVG_1,-0.4330112413117869,579.0,439.0,2,2
1,3,genetico,Brats18_CBICA_AVJ_1,-0.517809419482824,614.0,453.0,2,2
1,3,genetico,Brats18_CBICA_AWI_1,-0.16665577806423648,375.0,387.0,1,1
1,3,genetico,Brats18_CBICA_AXM_1,-2.2189538958402917,438.0,1592.0,1,2
1,3,genetico,Brats18_CBICA_AXO_1,-0.7658023155122353,394.0,508.0,1,2
1,3,genetico,Brats18_CBICA_AYA_1,0.7146551669244414,50.0,213.0,0,0
1,3,genetico,Brats18_CBICA_AYW_1,0.23756845603268972,734.0,331.0,2,0
1,3,genetico,Brats18_TCIA01_201_1,0.6706940276425024,430.0,232.0,1,0
1,3,genetico,Brats18_TCIA01_378_1,1.337716974833814,110.0,139.0,0,0
1,3,genetico,Brats18_TCIA01_401_1,-0.24714121385723642,448.0,401.0,1,1
1,3,genetico,Brats18_TCIA02_226_1,0.43160482139156214,329.0,287.0,1,0
1,3,genetico,Brats18_TCIA02_321_1,0.6608738704710464,67.0,232.0,0,0
1,3,genetico,Brats18_TCIA02_368_1,0.8071015088620006,317.0,203.0,1,0
1,3,genetico,Brats18_TCIA03_199_1,-0.5812995371827491,1282.0,466.0,2,2
1,3,genetico,Brats18_TCIA03_338_1,0.330026848344224,468.0,318.0,2,0
1,3,genetico,Brats18_TCIA03_498_1,-0.419508175895564,467.0,436.0,2,2
1,3,genetico,Brats18_TCIA04_343_1,-0.02933451062039097,296.0,362.0,0,1
1,3,genetico,Brats18_TCIA08_242_1,0.5310158904443114,147.0,265.0,0,0
1,3,genetico,Brats18_TCIA08_406_1,-0.730268127141221,82.0,503.0,0,2
1,4,edad,Brats18_CBICA_AAB_1,-0.032076248418832096,289.0,376.0,0,1
1,4,edad,Brats18_CBICA_AAG_1,-0.3399417420885002,616.0,436.0,2,2
1,4,edad,Brats18_CBICA_AAP_1,-0.8353423748898744,788.0,576.0,2,2
1,4,edad,Brats18_CBICA_AMH_1,0.0486821268108575,169.0,368.0,0,1
1,4,edad,Brats18_CBICA_ANI_1,-0.11486203055805373,439.0,387.0,1,1
1,4,edad,Brats18_CBICA_ANP_1,0.010799653260528825,486.0,372.0,2,1
1,4,edad,Brats18_CBICA_AOZ_1,-0.550078713804248,331.0,468.0,1,2
1,4,edad,Brats18_CBICA_APY_1,-0.5920535457460392,203.0,476.0,0,2
1,4,edad,Brats18_CBICA_APZ_1,-0.04709407737832804,336.0,376.0,1,1
1,4,edad,Brats18_CBICA_AQJ_1,0.1785863473104979,170.0,350.0,0,0
1,4,edad,Brats18_CBICA_AQV_1,-0.2986802570222848,84.0,430.0,0,2
1,4,edad,Brats18_CBICA_AQZ_1,0.0761272092343365,286.0,362.0,0,1
1,4,edad,Brats18_CBICA_ASK_1,0.6014508662375067,522.0,232.0,2,0
1,4,edad,Brats18_CBICA_ASU_1,0.749676838067732,85.0,209.0,0,0
1,4,edad,Brats18_CBICA_ASV_1,-0.24653084596043512,597.0,421.0,2,2
1,4,edad,Brats18_CBICA_AWH_1,-0.32113191131673124,139.0,434.0,0,2
1,4,edad,Brats18_CBICA_AXN_1,0.917763888696891,345.0,180.0,1,0
1,4,edad,Brats18_CBICA_AXW_1,0.6718093949127453,191.0,213.0,0,0
1,4,edad,Brats18_CBICA_AZH_1,-0.24037353608704168,401.0,421.0,1,2
1,4,edad,Brats18_TCIA01_150_1,-0.3830429112022536,1489.0,448.0,2,2
1,4,edad,Brats18_TCIA01_235_1,-0.12556223369169478,804.0,387.0,2,1
1,4,edad,Brats18_TCIA01_411_1,-0.6913213951683076,822.0,503.0,2,2
1,4,edad,Brats18_TCIA01_460_1,-1.589725468097757,630.0,1283.0,2,2
1,4,edad,Brats18_TCIA02_274_1,-0.23842121832230723,357.0,421.0,1,2
1,4,edad,Brats18_TCIA02_290_1,-0.6835121241093698,737.0,503.0,2,2
1,4,edad,Brats18_TCIA02_300_1,0.11491075252223497,127.0,355.0,0,1
1,4,edad,Brats18_TCIA02_430_1,-0.2797577925333199,71.0,425.0,0,2
1,4,edad,Brats18_TCIA03_121_1,-1.1604783718629628,747.0,726.0,2,2
1,4,edad,Brats18_TCIA03_265_1,-0.06507792755732447,103.0,382.0,0,1
1,4,edad,Brats18_TCIA04_437_1,-0.5393034215258093,333.0,467.0,1,2
1,4,edad,Brats18_TCIA08_218_1,-0.1491402251581035,346.0,394.0,1,1
1,4,edad,Brats18_TCIA08_319_1,0.13300723641842763,254.0,355.0,0,1
1,4,coxnet,Brats18_CBICA_AAB_1,-0.005031622262499645,289.0,370.0,0,1
1,4,coxnet,Brats18_CBICA_AAG_1,-0.5454045490164404,616.0,465.0,2,2
1,4,coxnet,Brats18_CBICA_AAP_1,-1.015225370524306,788.0,614.0,2,2
1,4,coxnet,Brats18_CBICA_AMH_1,-0.06886766566374856,169.0,376.0,0,1
1,4,coxnet,Brats18_CBICA_ANI_1,-0.05771613202961453,439.0,375.0,1,1
1,4,coxnet,Brats18_CBICA_ANP_1,-0.2775947205069529,486.0,421.0,2,2
1,4,coxnet,Brats18_CBICA_AOZ_1,-0.8159642804321825,331.0,510.0,1,2
1,4,coxnet,Brats18_CBICA_APY_1,-0.924391424997256,203.0,576.0,0,2
1,4,coxnet,Brats18_CBICA_APZ_1,-0.21418996497651432,336.0,394.0,1,2
1,4,coxnet,Brats18_CBICA_AQJ_1,0.4659180631843621,170.0,268.0,0,0
1,4,coxnet,Brats18_CBICA_AQV_1,-0.3639765262070197,84.0,434.0,0,2
1,4,coxnet,Brats18_CBICA_AQZ_1,0.2116141944186284,286.0,329.0,0,0
1,4,coxnet,Brats18_CBICA_ASK_1,0.6593990716370451,522.0,229.0,2,0
1,4,coxnet,Brats18_CBICA_ASU_1,0.6644742830135199,85.0,213.0,0,0
1,4,coxnet,Brats18_CBICA_ASV_1,-0.35473504208241663,597.0,430.0,2,2
1,4,coxnet,Brats18_CBICA_AWH_1,-0.47745349948911187,139.0,448.0,0,2
1,4,coxnet,Brats18_CBICA_AXN_1,0.8879295290636892,345.0,187.0,1,0
1,4,coxnet,Brats18_CBICA_AXW_1,0.37840229816249454,191.0,291.0,0,0
1,4,coxnet,Brats18_CBICA_AZH_1,-0.7047673895929275,401.0,495.0,1,2
1,4,coxnet,Brats18_TCIA01_150_1,-0.3932870081456953,1489.0,436.0,2,2
1,4,coxnet,Brats18_TCIA01_235_1,-0.24015218631946383,804.0,405.0,2,2
1,4,coxnet,Brats18_TCIA01_411_1,-0.7124363704290024,822.0,495.0,2,2
1,4,coxnet,Brats18_TCIA01_460_1,-1.374882995726071,630.0,828.0,2,2
1,4,coxnet,Brats18_TCIA02_274_1,-0.23533353765806297,357.0,405.0,1,2
1,4,coxnet,Brats18_TCIA02_290_1,-0.37223689570823176,737.0,434.0,2,2
1,4,coxnet,Brats18_TCIA02_300_1,0.31860088107086504,127.0,317.0,0,0
1,4,coxnet,Brats18_TCIA02_430_1,-0.2980056939681391,71.0,424.0,0,2
1,4,coxnet,Brats18_TCIA03_121_1,-1.1540134058726006,747.0,634.0,2,2
1,4,coxnet,Brats18_TCIA03_265_1,-0.09791430343116601,103.0,382.0,0,1
1,4,coxnet,Brats18_TCIA04_437_1,-0.8894732415689309,333.0,558.0,1,2
1,4,coxnet,Brats18_TCIA08_218_1,-0.5568794948526931,346.0,465.0,1,2
1,4,coxnet,Brats18_TCIA08_319_1,0.1392980009396359,254.0,350.0,0,1
1,4,genetico,Brats18_CBICA_AAB_1,0.8190600290284518,289.0,209.0,0,0
1,4,genetico,Brats18_CBICA_AAG_1,0.6818520721694667,616.0,232.0,2,0
1,4,genetico,Brats18_CBICA_AAP_1,-1.0382958168481895,788.0,610.0,2,2
1,4,genetico,Brats18_CBICA_AMH_1,-0.6668093438642109,169.0,473.0,0,2
1,4,genetico,Brats18_CBICA_ANI_1,0.4328145493608842,439.0,291.0,1,0
1,4,genetico,Brats18_CBICA_ANP_1,-0.7926454277948016,486.0,503.0,2,2
1,4,genetico,Brats18_CBICA_AOZ_1,-0.4384324533232619,331.0,448.0,1,2
1,4,genetico,Brats18_CBICA_APY_1,-0.7620408031741109,203.0,495.0,0,2
1,4,genetico,Brats18_CBICA_APZ_1,-0.06442093727866915,336.0,385.0,1,1
1,4,genetico,Brats18_CBICA_AQJ_1,0.9469242579732207,170.0,199.0,0,0
1,4,genetico,Brats18_CBICA_AQV_1,-0.6873733310566914,84.0,476.0,0,2
1,4,genetico,Brats18_CBICA_AQZ_1,0.3405025277483232,286.0,318.0,0,0
1,4,genetico,Brats18_CBICA_ASK_1,0.380094229706786,522.0,317.0,2,0
1,4,genetico,Brats18_CBICA_ASU_1,0.5808774961071649,85.0,265.0,0,0
1,4,genetico,Brats18_CBICA_ASV_1,-0.13870529332233023,597.0,394.0,2,1
1,4,genetico,Brats18_CBICA_AWH_1,-0.8540558900098748,139.0,515.0,0,2
1,4,genetico,Brats18_CBICA_AXN_1,0.5621668160160656,345.0,265.0,1,0
1,4,genetico,Brats18_CBICA_AXW_1,-0.5337609553394389,191.0,464.0,0,2
1,4,genetico,Brats18_CBICA_AZH_1,-1.1387260484500061,401.0,626.0,1,2
1,4,genetico,Brats18_TCIA01_150_1,0.24756162058958198,1489.0,332.0,2,0
1,4,genetico,Brats18_TCIA01_235_1,-0.20679750604796798,804.0,405.0,2,1
1,4,genetico,Brats18_TCIA01_411_1,-0.9070691979638283,822.0,558.0,2,2
1,4,genetico,Brats18_TCIA01_460_1,-1.2835978305521625,630.0,698.0,2,2
1,4,genetico,Brats18_TCIA02_274_1,-0.16296276016124023,357.0,394.0,1,1
1,4,genetico,Brats18_TCIA02_290_1,0.12231018209276445,737.0,359.0,2,1
1,4,genetico,Brats18_TCIA02_300_1,0.33294279631115803,127.0,322.0,0,0
1,4,genetico,Brats18_TCIA02_430_1,0.028156501725543716,71.0,372.0,0,1
1,4,genetico,Brats18_TCIA03_121_1,-1.3648398374963515,747.0,734.0,2,2
1,4,genetico,Brats18_TCIA03_265_1,-0.7195073108087326,103.0,495.0,0,2
1,4,genetico,Brats18_TCIA04_437_1,-0.8201354740878337,333.0,508.0,1,2
1,4,genetico,Brats18_TCIA08_218_1,-1.2433478561329938,346.0,660.0,1,2
1,4,genetico,Brats18_TCIA08_319_1,-0.14626759506346693,254.0,394.0,0,1
2,0,edad,Brats18_CBICA_AAG_1,-0.2629807528685343,616.0,425.0,2,2
2,0,edad,Brats18_CBICA_AAL_1,-0.1958207663007111,464.0,407.0,2,2
2,0,edad,Brats18_CBICA_AAP_1,-0.6978070643319417,788.0,510.0,2,2
2,0,edad,Brats18_CBICA_ANZ_1,0.2572290351391471,287.0,329.0,0,0
2,0,edad,Brats18_CBICA_APY_1,-0.4842659882968617,203.0,467.0,0,2
2,0,edad,Brats18_CBICA_AQD_1,0.4215699836247864,32.0,289.0,0,0
2,0,edad,Brats18_CBICA_AQG_1,-0.2187566596526273,466.0,421.0,2,2
2,0,edad,Brats18_CBICA_AQR_1,0.36666883660712557,89.0,296.0,0,0
2,0,edad,Brats18_CBICA_AQT_1,0.5185202684542932,172.0,262.0,0,0
2,0,edad,Brats18_CBICA_AQZ_1,0.10221403179516282,286.0,350.0,0,1
2,0,edad,Brats18_CBICA_ARZ_1,-0.1785529385472571,871.0,405.0,2,2
2,0,edad,Brats18_CBICA_ASO_1,-0.2601796739390617,265.0,425.0,0,2
2,0,edad,Brats18_CBICA_ATP_1,-0.2851916610857632,385.0,430.0,1,2
2,0,edad,Brats18_CBICA_ATX_1,-0.7730737028603558,1592.0,558.0,2,2
2,0,edad,Brats18_CBICA_AVG_1,0.10267538597178191,579.0,350.0,2,1
2,0,edad,Brats18_CBICA_AXQ_1,0.19899954727587724,114.0,333.0,0,0
2,0,edad,Brats18_CBICA_AYU_1,0.11658191900986882,58.0,346.0,0,0
2,0,edad,Brats18_CBICA_AZH_1,-0.1755870902689922,401.0,405.0,1,2
2,0,edad,Brats18_TCIA01_335_1,-0.1901197468324908,355.0,405.0,1,2
2,0,edad,Brats18_TCIA01_401_1,0.6112524579547125,448.0,239.0,1,0
2,0,edad,Brats18_TCIA01_448_1,-0.5204822911614533,199.0,476.0,0,2
2,0,edad,Brats18_TCIA02_135_1,0.3005633738715745,828.0,322.0,2,0
2,0,edad,Brats18_TCIA02_274_1,-0.17387348904155023,357.0,405.0,1,2
2,0,edad,Brats18_TCIA02_290_1,-0.5645416150285677,737.0,488.0,2,2
2,0,edad,Brats18_TCIA02_314_1,-0.6554613416922692,362.0,508.0,1,2
2,0,edad,Brats18_TCIA02_321_1,0.6909678689005239,67.0,213.0,0,0
2,0,edad,Brats18_TCIA02_322_1,-0.0949489709699426,621.0,387.0,2,1
2,0,edad,Brats18_TCIA02_331_1,0.8106892777331542,187.0,208.0,0,0
2,0,edad,Brats18_TCIA03_133_1,0.11595579548445736,382.0,346.0,1,1
2,0,edad,Brats18_TCIA03_338_1,0.5332506482363428,468.0,254.0,2,0
2,0,edad,Brats18_TCIA03_419_1,0.3410307259350124,327.0,317.0,1,0
2,0,edad,Brats18_TCIA04_192_1,0.5179930065381575,121.0,262.0,0,0
2,0,edad,Brats18_TCIA08_105_1,0.21036863234255973,77.0,332.0,0,0
2,0,coxnet,Brats18_CBICA_AAG_1,-0.3056860615535588,616.0,430.0,2,2
2,0,coxnet,Brats18_CBICA_AAL_1,-0.3472834853038657,464.0,436.0,2,2
2,0,coxnet,Brats18_CBICA_AAP_1,-0.7134622716833894,788.0,510.0,2,2
2,0,coxnet,Brats18_CBICA_ANZ_1,0.27391370728300457,287.0,322.0,0,0
2,0,coxnet,Brats18_CBICA_APY_1,-0.47383783295814474,203.0,453.0,0,2
2,0,coxnet,Brats18_CBICA_AQD_1,0.3199461984183502,32.0,318.0,0,0
2,0,coxnet,Brats18_CBICA_AQG_1,-0.22528528646509638,466.0,407.0,2,2
2,0,coxnet,Brats18_CBICA_AQR_1,0.301461474435711,89.0,318.0,0,0
2,0,coxnet,Brats18_CBICA_AQT_1,0.4462705017019171,172.0,269.0,0,0
2,0,coxnet,Brats18_CBICA_AQZ_1,0.11267459427693997,286.0,346.0,0,1
2,0,coxnet,Brats18_CBICA_ARZ_1,-0.3090904838241523,871.0,430.0,2,2
2,0,coxnet,Brats18_CBICA_ASO_1,-0.3484835219976952,265.0,436.0,0,2
2,0,coxnet,Brats18_CBICA_ATP_1,-0.3715846896554808,385.0,438.0,1,2
2,0,coxnet,Brats18_CBICA_ATX_1,-0.9351297472763098,1592.0,614.0,2,2
2,0,coxnet,Brats18_CBICA_AVG_1,0.017854837176724373,579.0,368.0,2,1
2,0,coxnet,Brats18_CBICA_AXQ_1,0.1772383392463156,114.0,333.0,0,0
2,0,coxnet,Brats18_CBICA_AYU_1,0.003328419350712564,58.0,368.0,0,1
2,0,coxnet,Brats18_CBICA_AZH_1,-0.2843239727697132,401.0,425.0,1,2
2,0,coxnet,Brats18_TCIA01_335_1,-0.1468243763123951,355.0,394.0,1,1
2,0,coxnet,Brats18_TCIA01_401_1,0.617214162856886,448.0,232.0,1,0
2,0,coxnet,Brats18_TCIA01_448_1,-0.5079058007240164,199.0,467.0,0,2
2,0,coxnet,Brats18_TCIA02_135_1,0.3240209066472393,828.0,317.0,2,0
2,0,coxnet,Brats18_TCIA02_274_1,-0.09020254283079673,357.0,376.0,1,1
2,0,coxnet,Brats18_TCIA02_290_1,-0.5021751402738438,737.0,467.0,2,2
2,0,coxnet,Brats18_TCIA02_314_1,-0.4379525345218513,362.0,448.0,1,2
2,0,coxnet,Brats18_TCIA02_321_1,0.7681886762901832,67.0,209.0,0,0
2,0,coxnet,Brats18_TCIA02_322_1,-0.15889176460122523,621.0,394.0,2,2
2,0,coxnet,Brats18_TCIA02_331_1,0.8104124571720112,187.0,208.0,0,0
2,0,coxnet,Brats18_TCIA03_133_1,-0.0038132000160188665,382.0,368.0,1,1
2,0,coxnet,Brats18_TCIA03_338_1,0.5435747029655422,468.0,254.0,2,0
2,0,coxnet,Brats18_TCIA03_419_1,0.44561852084305953,327.0,269.0,1,0
2,0,coxnet,Brats18_TCIA04_192_1,0.41495835546253707,121.0,289.0,0,0
2,0,coxnet,Brats18_TCIA08_105_1,0.35913398795418056,77.0,296.0,0,0
2,0,genetico,Brats18_CBICA_AAG_1,-0.8777772899325118,616.0,519.0,2,2
2,0,genetico,Brats18_CBICA_AAL_1,-0.2787133981312895,464.0,424.0,2,2
2,0,genetico,Brats18_CBICA_AAP_1,-1.190327931622767,788.0,630.0,2,2
2,0,genetico,Brats18_CBICA_ANZ_1,0.26465569073583173,287.0,331.0,0,0
2,0,genetico,Brats18_CBICA_APY_1,-1.4330176545079398,203.0,734.0,0,2
2,0,genetico,Brats18_CBICA_AQD_1,0.06551589290132986,32.0,355.0,0,1
2,0,genetico,Brats18_CBICA_AQG_1,0.3913543138449772,466.0,317.0,2,0
2,0,genetico,Brats18_CBICA_AQR_1,0.2404467569237539,89.0,332.0,0,0
2,0,genetico,Brats18_CBICA_AQT_1,0.4856251399771505,172.0,289.0,0,0
2,0,genetico,Brats18_CBICA_AQZ_1,0.48189650589222754,286.0,289.0,0,0
2,0,genetico,Brats18_CBICA_ARZ_1,0.09089565114529352,871.0,350.0,2,1
2,0,genetico,Brats18_CBICA_ASO_1,-0.32904683355065023,265.0,425.0,0,2
2,0,genetico,Brats18_CBICA_ATP_1,-0.2617668251991887,385.0,421.0,1,1
2,0,genetico,Brats18_CBICA_ATX_1,-3.8751400153909064,1592.0,1767.0,2,2
2,0,genetico,Brats18_CBICA_AVG_1,-0.5534721905876776,579.0,465.0,2,2
2,0,genetico,Brats18_CBICA_AXQ_1,-0.11538900714148184,114.0,387.0,0,1
2,0,genetico,Brats18_CBICA_AYU_1,-0.19400840169142167,58.0,394.0,0,1
2,0,genetico,Brats18_CBICA_AZH_1,-0.7473475764580784,401.0,503.0,1,2
2,0,genetico,Brats18_TCIA01_335_1,-0.18345220104092214,355.0,394.0,1,1
2,0,genetico,Brats18_TCIA01_401_1,0.10020748395816303,448.0,350.0,1,1
2,0,genetico,Brats18_TCIA01_448_1,-0.3212134329736662,199.0,425.0,0,2
2,0,genetico,Brats18_TCIA02_135_1,0.3624155595052675,828.0,318.0,2,0
2,0,genetico,Brats18_TCIA02_274_1,0.25718050746696886,357.0,332.0,1,0
2,0,genetico,Brats18_TCIA02_290_1,-0.13903368673195565,737.0,387.0,2,1
2,0,genetico,Brats18_TCIA02_314_1,0.7205081784611348,362.0,232.0,1,0
2,0,genetico,Brats18_TCIA02_321_1,1.1922467223746263,67.0,168.0,0,0
2,0,genetico,Brats18_TCIA02_322_1,-0.6413404532260989,621.0,486.0,2,2
2,0,genetico,Brats18_TCIA02_331_1,0.643978588647805,187.0,244.0,0,0
2,0,genetico,Brats18_TCIA03_133_1,-0.7057512531583333,382.0,495.0,1,2
2,0,genetico,Brats18_TCIA03_338_1,0.5578650108684395,468.0,268.0,2,0
2,0,genetico,Brats18_TCIA03_419_1,-0.1312802797252755,327.0,387.0,1,1
2,0,genetico,Brats18_TCIA04_192_1,-0.49520697726396234,121.0,448.0,0,2
2,0,genetico,Brats18_TCIA08_105_1,1.2971406013025866,77.0,152.0,0,0
2,1,edad,Brats18_CBICA_ABY_1,-0.35308330842144076,515.0,439.0,2,2
2,1,edad,Brats18_CBICA_ALN_1,0.021325073848058134,421.0,355.0,1,1
2,1,edad,Brats18_CBICA_ANG_1,-0.1329937051024637,368.0,375.0,1,2
2,1,edad,Brats18_CBICA_AOH_1,-0.09839628639891243,576.0,372.0,2,1
2,1,edad,Brats18_CBICA_AOZ_1,-0.4037289273670008,331.0,448.0,1,2
2,1,edad,Brats18_CBICA_AQQ_1,0.29078001297640527,33.0,317.0,0,0
2,1,edad,Brats18_CBICA_ASN_1,-0.617446889031451,407.0,486.0,1,2
2,1,edad,Brats18_CBICA_ASU_1,0.6270180933715899,85.0,232.0,0,0
2,1,edad,Brats18_CBICA_ASV_1,-0.16300592373686973,597.0,382.0,2,2
2,1,edad,Brats18_CBICA_ASY_1,0.1871068529714435,610.0,329.0,2,0
2,1,edad,Brats18_CBICA_ATD_1,0.26654395546806536,355.0,318.0,1,0
2,1,edad,Brats18_CBICA_AUR_1,0.29852125984639066,12.0,296.0,0,0
2,1,edad,Brats18_CBICA_AXJ_1,-0.9651181955730762,1767.0,621.0,2,2
2,1,edad,Brats18_CBICA_AXL_1,0.42887194752638,168.0,269.0,0,0
2,1,edad,Brats18_CBICA_AXM_1,0.1997310401748045,438.0,327.0,1,0
2,1,edad,Brats18_CBICA_AXO_1,-0.11685618278118584,394.0,375.0,1,1
2,1,edad,Brats18_CBICA_AYA_1,0.4350053969695225,50.0,268.0,0,0
2,1,edad,Brats18_CBICA_AYW_1,-0.3082138506019468,734.0,424.0,2,2
2,1,edad,Brats18_TCIA01_147_1,0.035437962372570346,209.0,350.0,0,1
2,1,edad,Brats18_TCIA01_201_1,0.014983206219954465,430.0,355.0,1,1
2,1,edad,Brats18_TCIA01_390_1,0.09972008541987452,634.0,336.0,2,1
2,1,edad,Brats18_TCIA01_412_1,0.2540686383968193,291.0,318.0,0,0
2,1,edad,Brats18_TCIA01_499_1,-0.3020208531059583,600.0,405.0,2,2
2,1,edad,Brats18_TCIA02_151_1,-0.36481427483211126,1731.0,439.0,2,2
2,1,edad,Brats18_TCIA02_377_1,0.10528782836097954,812.0,336.0,2,1
2,1,edad,Brats18_TCIA02_430_1,-0.18935593712124393,71.0,385.0,0,2
2,1,edad,Brats18_TCIA02_491_1,0.6218671868004071,82.0,232.0,0,0
2,1,edad,Brats18_TCIA03_257_1,0.27095051137867243,425.0,317.0,1,0
2,1,edad,Brats18_TCIA04_111_1,0.44771890625215305,626.0,268.0,2,0
2,1,edad,Brats18_TCIA05_478_1,-0.028903708727579528,30.0,359.0,0,1
2,1,edad,Brats18_TCIA06_165_1,-0.2521791328738198,5.0,394.0,0,2
2,1,edad,Brats18_TCIA06_184_1,0.028024229793238074,434.0,350.0,1,1
2,1,edad,Brats18_TCIA08_242_1,0.18618385815232966,147.0,329.0,0,0
2,1,coxnet,Brats18_CBICA_ABY_1,-0.353083609328466,515.0,439.0,2,2
2,1,coxnet,Brats18_CBICA_ALN_1,0.021325092021855598,421.0,355.0,1,1
2,1,coxnet,Brats18_CBICA_ANG_1,-0.13299381844325106,368.0,375.0,1,2
2,1,coxnet,Brats18_CBICA_AOH_1,-0.09839637025485558,576.0,372.0,2,1
2,1,coxnet,Brats18_CBICA_AOZ_1,-0.4037292714355751,331.0,448.0,1,2
2,1,coxnet,Brats18_CBICA_AQQ_1,0.2907802607868982,33.0,317.0,0,0
2,1,coxnet,Brats18_CBICA_ASN_1,-0.61744741523618,407.0,486.0,1,2
2,1,coxnet,Brats18_CBICA_ASU_1,0.6270186277331549,85.0,232.0,0,0
2,1,coxnet,Brats18_CBICA_ASV_1,-0.16300606265487133,597.0,382.0,2,2
2,1,coxnet,Brats18_CBICA_ASY_1,0.18710701242890068,610.0,329.0,2,0
2,1,coxnet,Brats18_CBICA_ATD_1,0.2665441826239428,355.0,318.0,1,0
2,1,coxnet,Brats18_CBICA_AUR_1,0.29852151425418094,12.0,296.0,0,0
2,1,coxnet,Brats18_CBICA_AXJ_1,-0.9651190180725779,1767.0,621.0,2,2
2,1,coxnet,Brats18_CBICA_AXL_1,0.4288723130225076,168.0,269.0,0,0
2,1,coxnet,Brats18_CBICA_AXM_1,0.19973121039093117,438.0,327.0,1,0
2,1,coxnet,Brats18_CBICA_AXO_1,-0.11685628236914569,394.0,375.0,1,1
2,1,coxnet,Brats18_CBICA_AYA_1,0.4350057676927395,50.0,268.0,0,0
2,1,coxnet,Brats18_CBICA_AYW_1,-0.30821411327002174,734.0,424.0,2,2
2,1,coxnet,Brats18_TCIA01_147_1,0.03543799257374833,209.0,350.0,0,1
2,1,coxnet,Brats18_TCIA01_201_1,0.014983218989042965,430.0,355.0,1,1
2,1,coxnet,Brats18_TCIA01_390_1,0.09972017040399456,634.0,336.0,2,1
2,1,coxnet,Brats18_TCIA01_412_1,0.25406885492089837,291.0,318.0,0,0
2,1,coxnet,Brats18_TCIA01_499_1,-0.3020211104961954,600.0,405.0,2,2
2,1,coxnet,Brats18_TCIA02_151_1,-0.36481458573657943,1731.0,439.0,2,2
2,1,coxnet,Brats18_TCIA02_377_1,0.1052879180900788,812.0,336.0,2,1
2,1,coxnet,Brats18_TCIA02_430_1,-0.1893560984954307,71.0,385.0,0,2
2,1,coxnet,Brats18_TCIA02_491_1,0.621867716772232,82.0,232.0,0,0
2,1,coxnet,Brats18_TCIA03_257_1,0.27095074228993454,425.0,317.0,1,0
2,1,coxnet,Brats18_TCIA04_111_1,0.44771928781016224,626.0,268.0,2,0
2,1,coxnet,Brats18_TCIA05_478_1,-0.028903733360092037,30.0,359.0,0,1
2,1,coxnet,Brats18_TCIA06_165_1,-0.25217934778761186,5.0,394.0,0,2
2,1,coxnet,Brats18_TCIA06_184_1,0.028024253676235147,434.0,350.0,1,1
2,1,coxnet,Brats18_TCIA08_242_1,0.186184016823186,147.0,329.0,0,0
2,1,genetico,Brats18_CBICA_ABY_1,-0.3515336637739279,515.0,424.0,2,2
2,1,genetico,Brats18_CBICA_ALN_1,0.20274467642578176,421.0,327.0,1,0
2,1,genetico,Brats18_CBICA_ANG_1,0.1898766127391474,368.0,329.0,1,0
2,1,genetico,Brats18_CBICA_AOH_1,-0.231243233948623,576.0,387.0,2,2
2,1,genetico,Brats18_CBICA_AOZ_1,-0.2691213596363366,331.0,394.0,1,2
2,1,genetico,Brats18_CBICA_AQQ_1,0.6846911365174563,33.0,229.0,0,0
2,1,genetico,Brats18_CBICA_ASN_1,-0.3633308202329112,407.0,436.0,1,2
2,1,genetico,Brats18_CBICA_ASU_1,0.3892458821149879,85.0,287.0,0,0
2,1,genetico,Brats18_CBICA_ASV_1,0.05109900061627484,597.0,346.0,2,1
2,1,genetico,Brats18_CBICA_ASY_1,-0.3062769527505954,610.0,401.0,2,2
2,1,genetico,Brats18_CBICA_ATD_1,0.13278920626627863,355.0,333.0,1,1
2,1,genetico,Brats18_CBICA_AUR_1,0.5699052298099815,12.0,244.0,0,0
2,1,genetico,Brats18_CBICA_AXJ_1,-1.9686486745949183,1767.0,1489.0,2,2
2,1,genetico,Brats18_CBICA_AXL_1,0.7931158730239065,168.0,208.0,0,0
2,1,genetico,Brats18_CBICA_AXM_1,-1.0021228545198198,438.0,616.0,1,2
2,1,genetico,Brats18_CBICA_AXO_1,0.03459966954245708,394.0,350.0,1,1
2,1,genetico,Brats18_CBICA_AYA_1,0.46345233006408404,50.0,268.0,0,0
2,1,genetico,Brats18_CBICA_AYW_1,-0.5911547276878324,734.0,467.0,2,2
2,1,genetico,Brats18_TCIA01_147_1,0.22016191867367768,209.0,327.0,0,0
2,1,genetico,Brats18_TCIA01_201_1,0.40926747406485176,430.0,286.0,1,0
2,1,genetico,Brats18_TCIA01_390_1,0.08285371785059914,634.0,345.0,2,1
2,1,genetico,Brats18_TCIA01_412_1,0.37296118295119696,291.0,287.0,0,0
2,1,genetico,Brats18_TCIA01_499_1,-0.30635534431694944,600.0,401.0,2,2
2,1,genetico,Brats18_TCIA02_151_1,-0.3190761318567004,1731.0,405.0,2,2
2,1,genetico,Brats18_TCIA02_377_1,0.3815009247665494,812.0,287.0,2,0
2,1,genetico,Brats18_TCIA02_430_1,-0.07458599804049623,71.0,362.0,0,1
2,1,genetico,Brats18_TCIA02_491_1,1.8482080252916262,82.0,104.0,0,0
2,1,genetico,Brats18_TCIA03_257_1,0.12871716256572574,425.0,333.0,1,1
2,1,genetico,Brats18_TCIA04_111_1,0.29394529402115654,626.0,317.0,2,0
2,1,genetico,Brats18_TCIA05_478_1,-0.03892642501658561,30.0,359.0,0,1
2,1,genetico,Brats18_TCIA06_165_1,-0.30443263068506954,5.0,401.0,0,2
2,1,genetico,Brats18_TCIA06_184_1,2.1947796257843883,434.0,84.0,1,0
2,1,genetico,Brats18_TCIA08_242_1,-0.18605418841020538,147.0,382.0,0,2
2,2,edad,Brats18_2013_11_1,-1.1769068819066604,150.0,734.0,0,2
2,2,edad,Brats18_2013_27_1,0.3032755318910521,120.0,317.0,0,0
2,2,edad,Brats18_CBICA_ABB_1,0.3212736368197492,465.0,296.0,2,0
2,2,edad,Brats18_CBICA_ABN_1,0.3133590367665378,1278.0,296.0,2,0
2,2,edad,Brats18_CBICA_ALU_1,0.22256944192537237,495.0,331.0,2,0
2,2,edad,Brats18_CBICA_AME_1,-0.31642243189068414,359.0,425.0,1,2
2,2,edad,Brats18_CBICA_ANI_1,-0.06817795714476439,439.0,382.0,1,1
2,2,edad,Brats18_CBICA_AOO_1,-0.6045443145970154,350.0,488.0,1,2
2,2,edad,Brats18_CBICA_AOP_1,0.29616000203552073,332.0,317.0,1,0
2,2,edad,Brats18_CBICA_AQA_1,0.6208869099879549,106.0,239.0,0,0
2,2,edad,Brats18_CBICA_ASA_1,0.14133063849457256,210.0,345.0,0,0
2,2,edad,Brats18_CBICA_ASK_1,0.657796342928412,522.0,229.0,2,0
2,2,edad,Brats18_CBICA_ATB_1,0.42146181922410375,208.0,286.0,0,0
2,2,edad,Brats18_CBICA_ATV_1,0.08025884481474388,453.0,355.0,2,1
2,2,edad,Brats18_CBICA_AWG_1,-0.1719048789959874,180.0,394.0,0,1
2,2,edad,Brats18_CBICA_AWI_1,-0.5136405668704668,375.0,468.0,1,2
2,2,edad,Brats18_CBICA_AXW_1,0.7291038453309032,191.0,209.0,0,0
2,2,edad,Brats18_CBICA_BHB_1,-0.16950766840294726,510.0,394.0,2,1
2,2,edad,Brats18_CBICA_BHM_1,0.07535027074328111,436.0,355.0,1,1
2,2,edad,Brats18_TCIA01_190_1,0.056172585998961216,322.0,357.0,1,1
2,2,edad,Brats18_TCIA01_235_1,-0.07902248125613595,804.0,382.0,2,1
2,2,edad,Brats18_TCIA01_425_1,-0.1461824288230502,558.0,387.0,2,1
2,2,edad,Brats18_TCIA01_429_1,-0.19268070413566732,86.0,394.0,0,1
2,2,edad,Brats18_TCIA02_226_1,0.5147627775436922,329.0,265.0,1,0
2,2,edad,Brats18_TCIA02_471_1,0.6302854975511435,111.0,232.0,0,0
2,2,edad,Brats18_TCIA03_121_1,-1.1278972431156205,747.0,726.0,2,2
2,2,edad,Brats18_TCIA03_265_1,-0.017722381805541566,103.0,370.0,0,1
2,2,edad,Brats18_TCIA03_375_1,-0.0018931816991188473,946.0,368.0,2,1
2,2,edad,Brats18_TCIA03_498_1,-0.029213772267416095,467.0,370.0,2,1
2,2,edad,Brats18_TCIA04_479_1,-0.13887664415854734,372.0,387.0,1,1
2,2,edad,Brats18_TCIA06_247_1,0.6335198293036576,244.0,232.0,0,0
2,2,edad,Brats18_TCIA06_409_1,0.35068703028673237,99.0,291.0,0,0
2,2,edad,Brats18_TCIA08_469_1,0.14646751833680102,519.0,345.0,2,0
2,2,coxnet,Brats18_2013_11_1,-1.2232499517685276,150.0,737.0,0,2
2,2,coxnet,Brats18_2013_27_1,0.26765067485136523,120.0,318.0,0,0
2,2,coxnet,Brats18_CBICA_ABB_1,0.2822056824512597,465.0,317.0,2,0
2,2,coxnet,Brats18_CBICA_ABN_1,0.3855308036167611,1278.0,287.0,2,0
2,2,coxnet,Brats18_CBICA_ALU_1,0.2117809403445786,495.0,331.0,2,0
2,2,coxnet,Brats18_CBICA_AME_1,-0.2755657223307348,359.0,421.0,1,2
2,2,coxnet,Brats18_CBICA_ANI_1,-0.018981648225140944,439.0,368.0,1,1
2,2,coxnet,Brats18_CBICA_AOO_1,-0.5820477330406488,350.0,476.0,1,2
2,2,coxnet,Brats18_CBICA_AOP_1,0.23424144286454043,332.0,327.0,1,0
2,2,coxnet,Brats18_CBICA_AQA_1,0.5754955430440337,106.0,254.0,0,0
2,2,coxnet,Brats18_CBICA_ASA_1,0.2379874340789543,210.0,327.0,0,0
2,2,coxnet,Brats18_CBICA_ASK_1,0.7022190055079814,522.0,213.0,2,0
2,2,coxnet,Brats18_CBICA_ATB_1,0.38157633811135133,208.0,289.0,0,0
2,2,coxnet,Brats18_CBICA_ATV_1,0.0885424852838125,453.0,355.0,2,1
2,2,coxnet,Brats18_CBICA_AWG_1,-0.14455229017498145,180.0,387.0,0,1
2,2,coxnet,Brats18_CBICA_AWI_1,-0.5086527093094863,375.0,466.0,1,2
2,2,coxnet,Brats18_CBICA_AXW_1,0.7140874423090997,191.0,213.0,0,0
2,2,coxnet,Brats18_CBICA_BHB_1,-0.2343199202440293,510.0,405.0,2,2
2,2,coxnet,Brats18_CBICA_BHM_1,0.0523876214010071,436.0,355.0,1,1
2,2,coxnet,Brats18_TCIA01_190_1,0.08092269872748316,322.0,355.0,1,1
2,2,coxnet,Brats18_TCIA01_235_1,-0.12082989173421205,804.0,387.0,2,1
2,2,coxnet,Brats18_TCIA01_425_1,-0.26797571871713377,558.0,407.0,2,2
2,2,coxnet,Brats18_TCIA01_429_1,-0.20649267110732872,86.0,401.0,0,2
2,2,coxnet,Brats18_TCIA02_226_1,0.47481507778218657,329.0,268.0,1,0
2,2,coxnet,Brats18_TCIA02_471_1,0.6130133572760029,111.0,239.0,0,0
2,2,coxnet,Brats18_TCIA03_121_1,-1.1550839610765518,747.0,726.0,2,2
2,2,coxnet,Brats18_TCIA03_265_1,-0.03722252256435862,103.0,370.0,0,1
2,2,coxnet,Brats18_TCIA03_375_1,-0.03276378356680885,946.0,370.0,2,1
2,2,coxnet,Brats18_TCIA03_498_1,-0.06859089746637625,467.0,376.0,2,1
2,2,coxnet,Brats18_TCIA04_479_1,-0.18154842407193536,372.0,394.0,1,1
2,2,coxnet,Brats18_TCIA06_247_1,0.6256769985913093,244.0,232.0,0,0
2,2,coxnet,Brats18_TCIA06_409_1,0.3101730710275973,99.0,296.0,0,0
2,2,coxnet,Brats18_TCIA08_469_1,0.19167593257643012,519.0,333.0,2,0
2,2,genetico,Brats18_2013_11_1,-1.8405399332753558,150.0,1458.0,0,2
2,2,genetico,Brats18_2013_27_1,-0.21009629599789817,120.0,394.0,0,1
2,2,genetico,Brats18_CBICA_ABB_1,0.7171133418054103,465.0,213.0,2,0
2,2,genetico,Brats18_CBICA_ABN_1,0.0034653280592708002,1278.0,362.0,2,1
2,2,genetico,Brats18_CBICA_ALU_1,0.02478548289158483,495.0,362.0,2,1
2,2,genetico,Brats18_CBICA_AME_1,0.09210872903947265,359.0,355.0,1,1
2,2,genetico,Brats18_CBICA_ANI_1,0.09850902722695837,439.0,355.0,1,1
2,2,genetico,Brats18_CBICA_AOO_1,-0.3407865229886295,350.0,425.0,1,2
2,2,genetico,Brats18_CBICA_AOP_1,-0.29087175923133507,332.0,421.0,1,1
2,2,genetico,Brats18_CBICA_AQA_1,0.21700861166014626,106.0,331.0,0,1
2,2,genetico,Brats18_CBICA_ASA_1,0.8653228931703631,210.0,199.0,0,0
2,2,genetico,Brats18_CBICA_ASK_1,0.5838365319180625,522.0,262.0,2,0
2,2,genetico,Brats18_CBICA_ATB_1,0.08927556612957176,208.0,355.0,0,1
2,2,genetico,Brats18_CBICA_ATV_1,-0.04402882681470822,453.0,370.0,2,1
2,2,genetico,Brats18_CBICA_AWG_1,0.2719942071220415,180.0,318.0,0,0
2,2,genetico,Brats18_CBICA_AWI_1,-0.7904875665622996,375.0,576.0,1,2
2,2,genetico,Brats18_CBICA_AXW_1,0.9581286359858333,191.0,175.0,0,0
2,2,genetico,Brats18_CBICA_BHB_1,1.8008703860308257,510.0,82.0,2,0
2,2,genetico,Brats18_CBICA_BHM_1,0.29194158441526635,436.0,317.0,1,0
2,2,genetico,Brats18_TCIA01_190_1,-0.01988303907971689,322.0,368.0,1,1
2,2,genetico,Brats18_TCIA01_235_1,-0.5922321534252132,804.0,476.0,2,2
2,2,genetico,Brats18_TCIA01_425_1,-1.0568615962280044,558.0,630.0,2,2
2,2,genetico,Brats18_TCIA01_429_1,-0.49968322034721274,86.0,464.0,0,2
2,2,genetico,Brats18_TCIA02_226_1,0.9100091472602653,329.0,187.0,1,0
2,2,genetico,Brats18_TCIA02_471_1,0.6257939050602023,111.0,239.0,0,0
2,2,genetico,Brats18_TCIA03_121_1,-1.5075144059138836,747.0,1155.0,2,2
2,2,genetico,Brats18_TCIA03_265_1,0.12541237696750548,103.0,346.0,0,1
2,2,genetico,Brats18_TCIA03_375_1,-0.3413399679135886,946.0,425.0,2,2
2,2,genetico,Brats18_TCIA03_498_1,-0.7607749508790208,467.0,515.0,2,2
2,2,genetico,Brats18_TCIA04_479_1,-0.37868544654621966,372.0,430.0,1,2
2,2,genetico,Brats18_TCIA06_247_1,1.0702222658834115,244.0,169.0,0,0
2,2,genetico,Brats18_TCIA06_409_1,-0.126488674548197,99.0,387.0,0,1
2,2,genetico,Brats18_TCIA08_469_1,0.056928133670370196,519.0,355.0,2,1
2,3,edad,Brats18_CBICA_AAB_1,0.0014647959683452302,289.0,368.0,0,1
2,3,edad,Brats18_CBICA_ABM_1,0.3471563652230273,503.0,322.0,2,0
2,3,edad,Brats18_CBICA_ALX_1,-0.026705646229358875,698.0,375.0,2,1
2,3,edad,Brats18_CBICA_AOD_1,0.005781824772668777,55.0,368.0,0,1
2,3,edad,Brats18_CBICA_AQJ_1,0.2067431741129128,170.0,336.0,0,0
2,3,edad,Brats18_CBICA_AQU_1,0.45570403015885547,30.0,286.0,0,0
2,3,edad,Brats18_CBICA_ARF_1,0.5447153105056264,726.0,265.0,2,0
2,3,edad,Brats18_CBICA_ASE_1,-0.49788373072835845,318.0,465.0,1,2
2,3,edad,Brats18_CBICA_ASH_1,-0.5068104682559426,660.0,466.0,2,2
2,3,edad,Brats18_CBICA_AVJ_1,-0.5553221648197809,614.0,468.0,2,2
2,3,edad,Brats18_CBICA_AWH_1,-0.2802030410188275,139.0,425.0,0,2
2,3,edad,Brats18_CBICA_AXN_1,0.9270284546173235,345.0,191.0,1,0
2,3,edad,Brats18_CBICA_AZD_1,-0.5182249850944927,448.0,466.0,1,2
2,3,edad,Brats18_TCIA01_186_1,-0.970781309751114,370.0,616.0,1,2
2,3,edad,Brats18_TCIA01_231_1,0.12373183210435393,1561.0,355.0,2,1
2,3,edad,Brats18_TCIA01_378_1,0.5020206273306645,110.0,269.0,0,0
2,3,edad,Brats18_TCIA01_411_1,-0.6409310411089072,822.0,488.0,2,2
2,3,edad,Brats18_TCIA02_118_1,-0.4793351408657145,104.0,465.0,0,2
2,3,edad,Brats18_TCIA02_198_1,-0.22477678137009818,394.0,407.0,1,2
2,3,edad,Brats18_TCIA02_283_1,0.527300855328864,262.0,268.0,0,0
2,3,edad,Brats18_TCIA02_300_1,0.14469503129822978,127.0,350.0,0,0
2,3,edad,Brats18_TCIA02_368_1,0.07825668969948885,317.0,357.0,1,1
2,3,edad,Brats18_TCIA02_455_1,-0.2041062620951596,424.0,405.0,1,2
2,3,edad,Brats18_TCIA02_473_1,0.021915805304080892,175.0,362.0,0,1
2,3,edad,Brats18_TCIA03_199_1,-0.42431131610552364,1282.0,448.0,2,2
2,3,edad,Brats18_TCIA03_296_1,0.00014773633312785097,22.0,368.0,0,1
2,3,edad,Brats18_TCIA03_474_1,0.03603761139280014,635.0,362.0,2,1
2,3,edad,Brats18_TCIA06_372_1,0.5157765835207123,213.0,268.0,0,0
2,3,edad,Brats18_TCIA08_278_1,-0.3629948730881837,1458.0,438.0,2,2
2,3,edad,Brats18_TCIA08_280_1,-0.11198525760968081,508.0,385.0,2,1
2,3,edad,Brats18_TCIA08_319_1,0.16232899641419513,254.0,346.0,0,0
2,3,edad,Brats18_TCIA08_406_1,0.6703115807195459,82.0,229.0,0,0
2,3,coxnet,Brats18_CBICA_AAB_1,0.04949614900888648,289.0,359.0,0,1
2,3,coxnet,Brats18_CBICA_ABM_1,0.14077840256361102,503.0,350.0,2,1
2,3,coxnet,Brats18_CBICA_ALX_1,-0.4893101798767776,698.0,453.0,2,2
2,3,coxnet,Brats18_CBICA_AOD_1,0.3148361270060395,55.0,327.0,0,0
2,3,coxnet,Brats18_CBICA_AQJ_1,0.34570974363295237,170.0,322.0,0,0
2,3,coxnet,Brats18_CBICA_AQU_1,0.6596951583593568,30.0,229.0,0,0
2,3,coxnet,Brats18_CBICA_ARF_1,0.6546038615405504,726.0,232.0,2,0
2,3,coxnet,Brats18_CBICA_ASE_1,-0.7291221267444321,318.0,495.0,1,2
2,3,coxnet,Brats18_CBICA_ASH_1,-0.9948455747095776,660.0,610.0,2,2
2,3,coxnet,Brats18_CBICA_AVJ_1,-0.5437998403762223,614.0,466.0,2,2
2,3,coxnet,Brats18_CBICA_AWH_1,-0.3506478798727283,139.0,434.0,0,2
2,3,coxnet,Brats18_CBICA_AXN_1,1.0477625994126796,345.0,172.0,1,0
2,3,coxnet,Brats18_CBICA_AZD_1,-0.8071104637908325,448.0,519.0,1,2
2,3,coxnet,Brats18_TCIA01_186_1,-1.0802984121150783,370.0,616.0,1,2
2,3,coxnet,Brats18_TCIA01_231_1,0.12863656175192462,1561.0,350.0,2,1
2,3,coxnet,Brats18_TCIA01_378_1,0.5937845946005011,110.0,244.0,0,0
2,3,coxnet,Brats18_TCIA01_411_1,-0.7830657064324106,822.0,515.0,2,2
2,3,coxnet,Brats18_TCIA02_118_1,-0.04790256038629409,104.0,375.0,0,1
2,3,coxnet,Brats18_TCIA02_198_1,-0.33250951492433056,394.0,430.0,1,2
2,3,coxnet,Brats18_TCIA02_283_1,0.534064695089467,262.0,268.0,0,0
2,3,coxnet,Brats18_TCIA02_300_1,0.12019729548998272,127.0,355.0,0,1
2,3,coxnet,Brats18_TCIA02_368_1,0.047442663582882835,317.0,359.0,1,1
2,3,coxnet,Brats18_TCIA02_455_1,-0.2683334806297727,424.0,421.0,1,2
2,3,coxnet,Brats18_TCIA02_473_1,0.04648729987030073,175.0,359.0,0,1
2,3,coxnet,Brats18_TCIA03_199_1,-0.5055893774516834,1282.0,464.0,2,2
2,3,coxnet,Brats18_TCIA03_296_1,0.20152234118477874,22.0,336.0,0,0
2,3,coxnet,Brats18_TCIA03_474_1,0.28164719470844335,635.0,329.0,2,0
2,3,coxnet,Brats18_TCIA06_372_1,0.5803193908765457,213.0,244.0,0,0
2,3,coxnet,Brats18_TCIA08_278_1,-0.4476361243919928,1458.0,448.0,2,2
2,3,coxnet,Brats18_TCIA08_280_1,-1.3261036374926856,508.0,788.0,2,2
2,3,coxnet,Brats18_TCIA08_319_1,0.17898122925921703,254.0,336.0,0,1
2,3,coxnet,Brats18_TCIA08_406_1,0.4679688016238025,82.0,286.0,0,0
2,3,genetico,Brats18_CBICA_AAB_1,-0.11986828182658185,289.0,387.0,0,1
2,3,genetico,Brats18_CBICA_ABM_1,-0.2153977554582447,503.0,405.0,2,1
2,3,genetico,Brats18_CBICA_ALX_1,-1.1938506583870816,698.0,626.0,2,2
2,3,genetico,Brats18_CBICA_AOD_1,0.5239754246507786,55.0,286.0,0,0
2,3,genetico,Brats18_CBICA_AQJ_1,0.1565055822124835,170.0,355.0,0,1
2,3,genetico,Brats18_CBICA_AQU_1,0.9910884941198168,30.0,191.0,0,0
2,3,genetico,Brats18_CBICA_ARF_1,1.130820241145068,726.0,172.0,2,0
2,3,genetico,Brats18_CBICA_ASE_1,-1.0436948323750377,318.0,610.0,1,2
2,3,genetico,Brats18_CBICA_ASH_1,-1.9156392493579946,660.0,1283.0,2,2
2,3,genetico,Brats18_CBICA_AVJ_1,-0.7015392578822687,614.0,488.0,2,2
2,3,genetico,Brats18_CBICA_AWH_1,-0.3818303067438374,139.0,438.0,0,2
2,3,genetico,Brats18_CBICA_AXN_1,0.8664037334181338,345.0,208.0,1,0
2,3,genetico,Brats18_CBICA_AZD_1,-1.3583628415081852,448.0,747.0,1,2
2,3,genetico,Brats18_TCIA01_186_1,-1.6335352751435606,370.0,946.0,1,2
2,3,genetico,Brats18_TCIA01_231_1,0.0398679827888937,1561.0,362.0,2,1
2,3,genetico,Brats18_TCIA01_378_1,0.7352167597428929,110.0,232.0,0,0
2,3,genetico,Brats18_TCIA01_411_1,-1.3279275074386938,822.0,737.0,2,2
2,3,genetico,Brats18_TCIA02_118_1,0.49385635963959007,104.0,287.0,0,0
2,3,genetico,Brats18_TCIA02_198_1,-0.5510700651707249,394.0,466.0,1,2
2,3,genetico,Brats18_TCIA02_283_1,0.5706300211528075,262.0,269.0,0,0
2,3,genetico,Brats18_TCIA02_300_1,0.47798453773220384,127.0,291.0,0,0
2,3,genetico,Brats18_TCIA02_368_1,-0.06863942087581815,317.0,382.0,1,1
2,3,genetico,Brats18_TCIA02_455_1,-0.3130757356737586,424.0,430.0,1,2
2,3,genetico,Brats18_TCIA02_473_1,0.060607178814603146,175.0,359.0,0,1
2,3,genetico,Brats18_TCIA03_199_1,-0.5851404431850468,1282.0,467.0,2,2
2,3,genetico,Brats18_TCIA03_296_1,0.5663994969902492,22.0,269.0,0,0
2,3,genetico,Brats18_TCIA03_474_1,0.9723208618210302,635.0,199.0,2,0
2,3,genetico,Brats18_TCIA06_372_1,0.8872367711530635,213.0,208.0,0,0
2,3,genetico,Brats18_TCIA08_278_1,-0.5686452053913638,1458.0,466.0,2,2
2,3,genetico,Brats18_TCIA08_280_1,-1.2765332774717253,508.0,634.0,2,2
2,3,genetico,Brats18_TCIA08_319_1,-0.03536608430596748,254.0,375.0,0,1
2,3,genetico,Brats18_TCIA08_406_1,0.07556261315102974,82.0,359.0,0,1
2,4,edad,Brats18_CBICA_ABE_1,0.23217019615139914,269.0,329.0,0,0
2,4,edad,Brats18_CBICA_ABO_1,-0.15601687510032425,1155.0,394.0,2,1
2,4,edad,Brats18_CBICA_AMH_1,0.06858561919354188,169.0,355.0,0,1
2,4,edad,Brats18_CBICA_ANP_1,0.03200387314955302,486.0,359.0,2,1
2,4,edad,Brats18_CBICA_APR_1,0.07184860942541416,23.0,355.0,0,1
2,4,edad,Brats18_CBICA_APZ_1,-0.023902026156522895,336.0,368.0,1,1
2,4,edad,Brats18_CBICA_AQN_1,0.08954126757156534,488.0,355.0,2,1
2,4,edad,Brats18_CBICA_AQO_1,0.25878169426466735,473.0,327.0,2,0
2,4,edad,Brats18_CBICA_AQP_1,-0.517374915556654,1283.0,466.0,2,2
2,4,edad,Brats18_CBICA_AQV_1,-0.26684977664291465,84.0,424.0,0,2
2,4,edad,Brats18_CBICA_AQY_1,-0.10892104942030269,229.0,382.0,0,1
2,4,edad,Brats18_CBICA_ARW_1,-0.5911910056910062,495.0,495.0,2,2
2,4,edad,Brats18_CBICA_ASG_1,-0.10921109299646918,208.0,382.0,0,1
2,4,edad,Brats18_CBICA_ASW_1,0.2768731623280472,239.0,322.0,0,0
2,4,edad,Brats18_CBICA_ATF_1,0.2901789113846815,152.0,322.0,0,0
2,4,edad,Brats18_CBICA_AUN_1,0.28213020214606377,376.0,322.0,1,0
2,4,edad,Brats18_CBICA_AUQ_1,0.0033983254501407387,1337.0,362.0,2,1
2,4,edad,Brats18_CBICA_AVV_1,0.4195020909078812,387.0,287.0,1,0
2,4,edad,Brats18_CBICA_AYI_1,0.18848238249133323,387.0,332.0,1,0
2,4,edad,Brats18_TCIA01_150_1,-0.3483157660986559,1489.0,436.0,2,2
2,4,edad,Brats18_TCIA01_203_1,-0.5364452806895955,268.0,467.0,0,2
2,4,edad,Brats18_TCIA01_460_1,-1.5135658333472204,630.0,946.0,2,2
2,4,edad,Brats18_TCIA02_179_1,-0.5092174399769737,405.0,466.0,1,2
2,4,edad,Brats18_TCIA02_394_1,0.12779076417851104,616.0,350.0,2,0
2,4,edad,Brats18_TCIA03_138_1,0.4043110586061649,82.0,287.0,0,0
2,4,edad,Brats18_TCIA04_149_1,-0.8654272069563498,448.0,610.0,1,2
2,4,edad,Brats18_TCIA04_343_1,-0.29161224695812216,296.0,425.0,0,2
2,4,edad,Brats18_TCIA04_361_1,0.552922135944431,476.0,244.0,2,0
2,4,edad,Brats18_TCIA04_437_1,-0.49921093659923227,333.0,465.0,1,2
2,4,edad,Brats18_TCIA05_277_1,0.3496740999458172,232.0,291.0,0,0
2,4,edad,Brats18_TCIA08_167_1,0.5142738294202563,153.0,254.0,0,0
2,4,edad,Brats18_TCIA08_218_1,-0.12244433115906186,346.0,385.0,1,1
2,4,coxnet,Brats18_CBICA_ABE_1,0.37372384776513307,269.0,289.0,0,0
2,4,coxnet,Brats18_CBICA_ABO_1,0.13895224844707035,1155.0,345.0,2,1
2,4,coxnet,Brats18_CBICA_AMH_1,0.012035761291231028,169.0,359.0,0,1
2,4,coxnet,Brats18_CBICA_ANP_1,-0.13301003477740778,486.0,382.0,2,1
2,4,coxnet,Brats18_CBICA_APR_1,0.17154817270078354,23.0,331.0,0,0
2,4,coxnet,Brats18_CBICA_APZ_1,-0.08584275728932998,336.0,372.0,1,1
2,4,coxnet,Brats18_CBICA_AQN_1,0.17205561619277931,488.0,331.0,2,0
2,4,coxnet,Brats18_CBICA_AQO_1,0.13375631383165548,473.0,345.0,2,1
2,4,coxnet,Brats18_CBICA_AQP_1,-0.44766271837247906,1283.0,448.0,2,2
2,4,coxnet,Brats18_CBICA_AQV_1,-0.34797546085556896,84.0,430.0,0,2
2,4,coxnet,Brats18_CBICA_AQY_1,0.11586551703761862,229.0,350.0,0,1
2,4,coxnet,Brats18_CBICA_ARW_1,-0.5665786561190942,495.0,466.0,2,2
2,4,coxnet,Brats18_CBICA_ASG_1,0.336186456398627,208.0,291.0,0,0
2,4,coxnet,Brats18_CBICA_ASW_1,0.4194119625535441,239.0,286.0,0,0
2,4,coxnet,Brats18_CBICA_ATF_1,0.19141245478797708,152.0,331.0,0,0
2,4,coxnet,Brats18_CBICA_AUN_1,0.41076093632096816,376.0,287.0,1,0
2,4,coxnet,Brats18_CBICA_AUQ_1,-0.27708884237299425,1337.0,421.0,2,2
2,4,coxnet,Brats18_CBICA_AVV_1,0.6073776562216221,387.0,210.0,1,0
2,4,coxnet,Brats18_CBICA_AYI_1,0.5643418719323479,387.0,244.0,1,0
2,4,coxnet,Brats18_TCIA01_150_1,-0.3083074540990493,1489.0,424.0,2,2
2,4,coxnet,Brats18_TCIA01_203_1,-0.3035395394913723,268.0,424.0,0,2
2,4,coxnet,Brats18_TCIA01_460_1,-1.3984323169934996,630.0,804.0,2,2
2,4,coxnet,Brats18_TCIA02_179_1,-0.4694838979254368,405.0,448.0,1,2
2,4,coxnet,Brats18_TCIA02_394_1,0.2667373302585675,616.0,322.0,2,0
2,4,coxnet,Brats18_TCIA03_138_1,0.6764378161251963,82.0,208.0,0,0
2,4,coxnet,Brats18_TCIA04_149_1,-0.8359770137514266,448.0,576.0,1,2
2,4,coxnet,Brats18_TCIA04_343_1,-0.2946470370779324,296.0,424.0,0,2
2,4,coxnet,Brats18_TCIA04_361_1,0.4715868900885584,476.0,265.0,2,0
2,4,coxnet,Brats18_TCIA04_437_1,-0.7954548609220713,333.0,522.0,1,2
2,4,coxnet,Brats18_TCIA05_277_1,0.16587662251562504,232.0,332.0,0,0
2,4,coxnet,Brats18_TCIA08_167_1,0.6911938584937778,153.0,203.0,0,0
2,4,coxnet,Brats18_TCIA08_218_1,-0.36834751064616883,346.0,434.0,1,2
2,4,genetico,Brats18_CBICA_ABE_1,0.580338645822975,269.0,244.0,0,0
2,4,genetico,Brats18_CBICA_ABO_1,0.4907735996707166,1155.0,265.0,2,0
2,4,genetico,Brats18_CBICA_AMH_1,-0.05785279509656943,169.0,370.0,0,1
2,4,genetico,Brats18_CBICA_ANP_1,-0.2458524433629265,486.0,401.0,2,2
2,4,genetico,Brats18_CBICA_APR_1,0.1520477803845728,23.0,345.0,0,1
2,4,genetico,Brats18_CBICA_APZ_1,-0.18585757742330905,336.0,394.0,1,2
2,4,genetico,Brats18_CBICA_AQN_1,0.312605112609805,488.0,318.0,2,0
2,4,genetico,Brats18_CBICA_AQO_1,0.2788501290615055,473.0,322.0,2,0
2,4,genetico,Brats18_CBICA_AQP_1,-0.3202784291948849,1283.0,425.0,2,2
2,4,genetico,Brats18_CBICA_AQV_1,-0.270674157400721,84.0,407.0,0,2
2,4,genetico,Brats18_CBICA_AQY_1,0.027009986752921863,229.0,359.0,0,1
2,4,genetico,Brats18_CBICA_ARW_1,-0.6787463069212647,495.0,503.0,2,2
2,4,genetico,Brats18_CBICA_ASG_1,0.061250440064309526,208.0,355.0,0,1
2,4,genetico,Brats18_CBICA_ASW_1,0.3673011641607521,239.0,291.0,0,0
2,4,genetico,Brats18_CBICA_ATF_1,0.19229488833171904,152.0,332.0,0,0
2,4,genetico,Brats18_CBICA_AUN_1,0.2259425794950186,376.0,329.0,1,0
2,4,genetico,Brats18_CBICA_AUQ_1,-0.41070767695283,1337.0,436.0,2,2
2,4,genetico,Brats18_CBICA_AVV_1,0.465757556718814,387.0,286.0,1,0
2,4,genetico,Brats18_CBICA_AYI_1,0.20371867018874035,387.0,331.0,1,0
2,4,genetico,Brats18_TCIA01_150_1,-1.3258166169211334,1489.0,737.0,2,2
2,4,genetico,Brats18_TCIA01_203_1,-0.3894421340697155,268.0,436.0,0,2
2,4,genetico,Brats18_TCIA01_460_1,-1.6015516046505032,630.0,871.0,2,2
2,4,genetico,Brats18_TCIA02_179_1,-0.24040035506915083,405.0,401.0,1,2
2,4,genetico,Brats18_TCIA02_394_1,0.3085184969908694,616.0,318.0,2,0
2,4,genetico,Brats18_TCIA03_138_1,0.7710836885980417,82.0,199.0,0,0
2,4,genetico,Brats18_TCIA04_149_1,-0.9815331633076197,448.0,610.0,1,2
2,4,genetico,Brats18_TCIA04_343_1,-0.4282696628067697,296.0,438.0,0,2
2,4,genetico,Brats18_TCIA04_361_1,0.14476492389296997,476.0,345.0,2,1
2,4,genetico,Brats18_TCIA04_437_1,-1.1847272963989695,333.0,660.0,1,2
2,4,genetico,Brats18_TCIA05_277_1,0.15944962645208838,232.0,345.0,0,1
2,4,genetico,Brats18_TCIA08_167_1,0.4274003949858305,153.0,287.0,0,0
2,4,genetico,Brats18_TCIA08_218_1,-0.9717800129857141,346.0,610.0,1,2
3,0,edad,Brats18_CBICA_AAP_1,-0.7258018142718693,788.0,515.0,2,2
3,0,edad,Brats18_CBICA_ABE_1,0.20571036559820063,269.0,336.0,0,0
3,0,edad,Brats18_CBICA_ABO_1,-0.14975691324807647,1155.0,385.0,2,1
3,0,edad,Brats18_CBICA_ALN_1,0.0004045234028725651,421.0,362.0,1,1
3,0,edad,Brats18_CBICA_AMH_1,0.055914123685955955,169.0,357.0,0,1
3,0,edad,Brats18_CBICA_ANZ_1,0.23635352412767802,287.0,331.0,0,0
3,0,edad,Brats18_CBICA_AQG_1,-0.24318036731302678,466.0,405.0,2,2
3,0,edad,Brats18_CBICA_AQP_1,-0.48065654603605074,1283.0,465.0,2,2
3,0,edad,Brats18_CBICA_AQQ_1,0.3008601947915722,33.0,327.0,0,0
3,0,edad,Brats18_CBICA_AQZ_1,0.08018297404895483,286.0,355.0,0,1
3,0,edad,Brats18_CBICA_ARW_1,-0.548250772218083,495.0,473.0,2,2
3,0,edad,Brats18_CBICA_ASA_1,0.09409357364142625,210.0,355.0,0,1
3,0,edad,Brats18_CBICA_ASH_1,-0.47673900247540246,660.0,465.0,2,2
3,0,edad,Brats18_CBICA_ASN_1,-0.7118580151576975,407.0,510.0,1,2
3,0,edad,Brats18_CBICA_AUR_1,0.3094920704336782,12.0,322.0,0,0
3,0,edad,Brats18_CBICA_AVJ_1,-0.5207615682501445,614.0,468.0,2,2
3,0,edad,Brats18_CBICA_AXO_1,-0.15367445680872455,394.0,385.0,1,1
3,0,edad,Brats18_CBICA_AXW_1,0.6069265853476405,191.0,239.0,0,0
3,0,edad,Brats18_CBICA_AYI_1,0.16570494194920812,387.0,345.0,1,0
3,0,edad,Brats18_CBICA_AZD_1,-0.48709725324592995,448.0,467.0,1,2
3,0,edad,Brats18_TCIA01_147_1,0.016141096688866218,209.0,359.0,0,1
3,0,edad,Brats18_TCIA01_425_1,-0.15676201232686268,558.0,385.0,2,1
3,0,edad,Brats18_TCIA01_448_1,-0.5471551880019696,199.0,473.0,0,2
3,0,edad,Brats18_TCIA02_377_1,0.09402717459802534,812.0,355.0,2,1
3,0,edad,Brats18_TCIA03_375_1,-0.030869426038912514,946.0,370.0,2,1
3,0,edad,Brats18_TCIA04_149_1,-0.7993719543599752,448.0,579.0,1,2
3,0,edad,Brats18_TCIA04_437_1,-0.46402358566414587,333.0,465.0,1,2
3,0,edad,Brats18_TCIA05_478_1,-0.055603069705716976,30.0,372.0,0,1
3,0,edad,Brats18_TCIA06_409_1,0.27675734203707547,99.0,329.0,0,0
3,0,edad,Brats18_TCIA08_105_1,0.18914380426969635,77.0,336.0,0,0
3,0,edad,Brats18_TCIA08_167_1,0.46403584394908115,153.0,289.0,0,0
3,0,edad,Brats18_TCIA08_319_1,0.13048024942507416,254.0,350.0,0,1
3,0,edad,Brats18_TCIA08_469_1,0.09857550907098137,519.0,355.0,2,1
3,0,coxnet,Brats18_CBICA_AAP_1,-0.8079790028331295,788.0,515.0,2,2
3,0,coxnet,Brats18_CBICA_ABE_1,0.38964111428712317,269.0,296.0,0,0
3,0,coxnet,Brats18_CBICA_ABO_1,0.38497265490359794,1155.0,296.0,2,0
3,0,coxnet,Brats18_CBICA_ALN_1,-8.017648563033677e-06,421.0,359.0,1,1
3,0,coxnet,Brats18_CBICA_AMH_1,0.030645142616396198,169.0,357.0,0,1
3,0,coxnet,Brats18_CBICA_ANZ_1,0.37630943346515433,287.0,317.0,0,0
3,0,coxnet,Brats18_CBICA_AQG_1,0.1612732187901726,466.0,345.0,2,0
3,0,coxnet,Brats18_CBICA_AQP_1,-0.39127424348770623,1283.0,436.0,2,2
3,0,coxnet,Brats18_CBICA_AQQ_1,0.6834253356615989,33.0,213.0,0,0
3,0,coxnet,Brats18_CBICA_AQZ_1,0.16415031732569468,286.0,336.0,0,0
3,0,coxnet,Brats18_CBICA_ARW_1,-0.6078204252252808,495.0,473.0,2,2
3,0,coxnet,Brats18_CBICA_ASA_1,0.5657584914008955,210.0,244.0,0,0
3,0,coxnet,Brats18_CBICA_ASH_1,-0.9068426436657336,660.0,597.0,2,2
3,0,coxnet,Brats18_CBICA_ASN_1,-0.39098486772323665,407.0,436.0,1,2
3,0,coxnet,Brats18_CBICA_AUR_1,0.5171690242539165,12.0,265.0,0,0
3,0,coxnet,Brats18_CBICA_AVJ_1,-0.5025238665936056,614.0,464.0,2,2
3,0,coxnet,Brats18_CBICA_AXO_1,0.20141924504069916,394.0,332.0,1,0
3,0,coxnet,Brats18_CBICA_AXW_1,0.42013420143018176,191.0,291.0,0,0
3,0,coxnet,Brats18_CBICA_AYI_1,0.2604913048947324,387.0,329.0,1,0
3,0,coxnet,Brats18_CBICA_AZD_1,-0.6030142463304723,448.0,473.0,1,2
3,0,coxnet,Brats18_TCIA01_147_1,0.14055527962545028,209.0,345.0,0,1
3,0,coxnet,Brats18_TCIA01_425_1,-0.46896034551154914,558.0,448.0,2,2
3,0,coxnet,Brats18_TCIA01_448_1,-0.5333071526775331,199.0,465.0,0,2
3,0,coxnet,Brats18_TCIA02_377_1,0.1502257406961641,812.0,345.0,2,0
3,0,coxnet,Brats18_TCIA03_375_1,-0.0208780288956633,946.0,362.0,2,1
3,0,coxnet,Brats18_TCIA04_149_1,-0.6349651818726867,448.0,486.0,1,2
3,0,coxnet,Brats18_TCIA04_437_1,-0.8110520619688607,333.0,522.0,1,2
3,0,coxnet,Brats18_TCIA05_478_1,0.20646801700507436,30.0,332.0,0,0
3,0,coxnet,Brats18_TCIA06_409_1,0.31050852148259833,99.0,322.0,0,0
3,0,coxnet,Brats18_TCIA08_105_1,0.48548088325695815,77.0,268.0,0,0
3,0,coxnet,Brats18_TCIA08_167_1,0.7716442223007268,153.0,208.0,0,0
3,0,coxnet,Brats18_TCIA08_319_1,0.03792607150737682,254.0,355.0,0,1
3,0,coxnet,Brats18_TCIA08_469_1,0.393341704343172,519.0,296.0,2,0
3,0,genetico,Brats18_CBICA_AAP_1,-0.0866165597358585,788.0,372.0,2,1
3,0,genetico,Brats18_CBICA_ABE_1,1.155937803853566,269.0,168.0,0,0
3,0,genetico,Brats18_CBICA_ABO_1,2.311795085404625,1155.0,82.0,2,0
3,0,genetico,Brats18_CBICA_ALN_1,-0.778044698933545,421.0,508.0,1,2
3,0,genetico,Brats18_CBICA_AMH_1,0.06796637370100905,169.0,357.0,0,1
3,0,genetico,Brats18_CBICA_ANZ_1,-0.06198663791076473,287.0,372.0,0,1
3,0,genetico,Brats18_CBICA_AQG_1,1.2489558543013786,466.0,150.0,2,0
3,0,genetico,Brats18_CBICA_AQP_1,-0.1876182691285887,1283.0,385.0,2,1
3,0,genetico,Brats18_CBICA_AQQ_1,1.4059939669015906,33.0,121.0,0,0
3,0,genetico,Brats18_CBICA_AQZ_1,0.1976283665915198,286.0,345.0,0,1
3,0,genetico,Brats18_CBICA_ARW_1,0.8775421217380943,495.0,208.0,2,0
3,0,genetico,Brats18_CBICA_ASA_1,0.7642603279479164,210.0,229.0,0,0
3,0,genetico,Brats18_CBICA_ASH_1,-0.7658058459997105,660.0,503.0,2,2
3,0,genetico,Brats18_CBICA_ASN_1,-1.080466013713866,407.0,616.0,1,2
3,0,genetico,Brats18_CBICA_AUR_1,1.0634411540405055,12.0,172.0,0,0
3,0,genetico,Brats18_CBICA_AVJ_1,-0.7041678993807254,614.0,488.0,2,2
3,0,genetico,Brats18_CBICA_AXO_1,-0.13228193241110903,394.0,376.0,1,1
3,0,genetico,Brats18_CBICA_AXW_1,0.9656120480177033,191.0,187.0,0,0
3,0,genetico,Brats18_CBICA_AYI_1,0.27423711207780377,387.0,332.0,1,0
3,0,genetico,Brats18_CBICA_AZD_1,-0.6278270705701381,448.0,473.0,1,2
3,0,genetico,Brats18_TCIA01_147_1,-0.0016472007183039282,209.0,362.0,0,1
3,0,genetico,Brats18_TCIA01_425_1,-1.8446811253062723,558.0,1278.0,2,2
3,0,genetico,Brats18_TCIA01_448_1,-0.4620386479927127,199.0,439.0,0,2
3,0,genetico,Brats18_TCIA02_377_1,0.30116796560588094,812.0,331.0,2,0
3,0,genetico,Brats18_TCIA03_375_1,-0.3200288669508812,946.0,425.0,2,1
3,0,genetico,Brats18_TCIA04_149_1,-1.7036014393269663,448.0,828.0,1,2
3,0,genetico,Brats18_TCIA04_437_1,-3.8885526497783798,333.0,1767.0,1,2
3,0,genetico,Brats18_TCIA05_478_1,0.24626709449654163,30.0,332.0,0,1
3,0,genetico,Brats18_TCIA06_409_1,0.3226449574716518,99.0,329.0,0,0
3,0,genetico,Brats18_TCIA08_105_1,0.7443597627655943,77.0,232.0,0,0
3,0,genetico,Brats18_TCIA08_167_1,0.6920496265434645,153.0,239.0,0,0
3,0,genetico,Brats18_TCIA08_319_1,-0.19166912653450563,254.0,387.0,0,1
3,0,genetico,Brats18_TCIA08_469_1,0.1337359353493397,519.0,350.0,2,1
3,1,edad,Brats18_2013_11_1,-1.0659540085660257,150.0,635.0,0,2
3,1,edad,Brats18_CBICA_ABY_1,-0.40472609936584103,515.0,439.0,2,2
3,1,edad,Brats18_CBICA_ALU_1,0.19758323217141902,495.0,336.0,2,0
3,1,edad,Brats18_CBICA_AOP_1,0.26402552325019263,332.0,322.0,1,0
3,1,edad,Brats18_CBICA_AOZ_1,-0.4631637090478442,331.0,453.0,1,2
3,1,edad,Brats18_CBICA_AQA_1,0.5572098624778324,106.0,244.0,0,0
3,1,edad,Brats18_CBICA_AQT_1,0.5438458235793611,172.0,244.0,0,0
3,1,edad,Brats18_CBICA_ASE_1,-0.45807919039238465,318.0,453.0,1,2
3,1,edad,Brats18_CBICA_ASU_1,0.7261670432045173,85.0,208.0,0,0
3,1,edad,Brats18_CBICA_ASW_1,0.2820961773905415,239.0,322.0,0,0
3,1,edad,Brats18_CBICA_ASY_1,0.2185740490530793,610.0,333.0,2,0
3,1,edad,Brats18_CBICA_ATF_1,0.29470440946184984,152.0,291.0,0,0
3,1,edad,Brats18_CBICA_ATX_1,-0.8026583938671005,1592.0,558.0,2,2
3,1,edad,Brats18_CBICA_AXJ_1,-1.1109245147822175,1767.0,660.0,2,2
3,1,edad,Brats18_CBICA_AXN_1,0.8799737325321648,345.0,187.0,1,0
3,1,edad,Brats18_CBICA_AYW_1,-0.35295333170518317,734.0,434.0,2,2
3,1,edad,Brats18_CBICA_BHM_1,0.06466429515809147,436.0,357.0,1,1
3,1,edad,Brats18_TCIA01_186_1,-0.9021500562063604,370.0,600.0,1,2
3,1,edad,Brats18_TCIA01_401_1,0.6405203877446504,448.0,210.0,1,0
3,1,edad,Brats18_TCIA02_135_1,0.31662280744957366,828.0,289.0,2,0
3,1,edad,Brats18_TCIA02_151_1,-0.41826191254321266,1731.0,448.0,2,2
3,1,edad,Brats18_TCIA02_198_1,-0.20162019199370526,394.0,401.0,1,2
3,1,edad,Brats18_TCIA02_226_1,0.4613941697070464,329.0,265.0,1,0
3,1,edad,Brats18_TCIA02_321_1,0.7236247838767876,67.0,208.0,0,0
3,1,edad,Brats18_TCIA02_368_1,0.08294107843312114,317.0,355.0,1,1
3,1,edad,Brats18_TCIA02_394_1,0.14082901042264226,616.0,350.0,2,0
3,1,edad,Brats18_TCIA02_430_1,-0.21580874743089956,71.0,405.0,0,2
3,1,edad,Brats18_TCIA02_473_1,0.030034600531719146,175.0,362.0,0,1
3,1,edad,Brats18_TCIA04_111_1,0.5192821016965675,626.0,254.0,2,0
3,1,edad,Brats18_TCIA04_343_1,-0.2565879612419152,296.0,407.0,0,2
3,1,edad,Brats18_TCIA04_361_1,0.5436740493004605,476.0,244.0,2,0
3,1,edad,Brats18_TCIA06_165_1,-0.28829749312697633,5.0,424.0,0,2
3,1,edad,Brats18_TCIA06_372_1,0.4937907987077101,213.0,262.0,0,0
3,1,coxnet,Brats18_2013_11_1,-1.0752120068163304,150.0,634.0,0,2
3,1,coxnet,Brats18_CBICA_ABY_1,-0.4593943680906803,515.0,448.0,2,2
3,1,coxnet,Brats18_CBICA_ALU_1,0.15898901696094803,495.0,346.0,2,0
3,1,coxnet,Brats18_CBICA_AOP_1,0.2458200693165145,332.0,327.0,1,0
3,1,coxnet,Brats18_CBICA_AOZ_1,-0.42095439925175726,331.0,439.0,1,2
3,1,coxnet,Brats18_CBICA_AQA_1,0.554649941622631,106.0,244.0,0,0
3,1,coxnet,Brats18_CBICA_AQT_1,0.5484228795521198,172.0,244.0,0,0
3,1,coxnet,Brats18_CBICA_ASE_1,-0.49687660870540706,318.0,464.0,1,2
3,1,coxnet,Brats18_CBICA_ASU_1,0.722501124231509,85.0,208.0,0,0
3,1,coxnet,Brats18_CBICA_ASW_1,0.3018110377224966,239.0,291.0,0,0
3,1,coxnet,Brats18_CBICA_ASY_1,0.21035662892137943,610.0,333.0,2,0
3,1,coxnet,Brats18_CBICA_ATF_1,0.2727752209351931,152.0,322.0,0,0
3,1,coxnet,Brats18_CBICA_ATX_1,-0.8358166378202524,1592.0,576.0,2,2
3,1,coxnet,Brats18_CBICA_AXJ_1,-1.0859587025610702,1767.0,635.0,2,2
3,1,coxnet,Brats18_CBICA_AXN_1,0.9457959604923237,345.0,170.0,1,0
3,1,coxnet,Brats18_CBICA_AYW_1,-0.3836114147112437,734.0,438.0,2,2
3,1,coxnet,Brats18_CBICA_BHM_1,0.02773595008467225,436.0,359.0,1,1
3,1,coxnet,Brats18_TCIA01_186_1,-0.9221882170817235,370.0,600.0,1,2
3,1,coxnet,Brats18_TCIA01_401_1,0.6747016268677107,448.0,209.0,1,0
3,1,coxnet,Brats18_TCIA02_135_1,0.34119700306196443,828.0,287.0,2,0
3,1,coxnet,Brats18_TCIA02_151_1,-0.4260076368971501,1731.0,448.0,2,2
3,1,coxnet,Brats18_TCIA02_198_1,-0.24284185819763565,394.0,405.0,1,2
3,1,coxnet,Brats18_TCIA02_226_1,0.48936515691045424,329.0,262.0,1,0
3,1,coxnet,Brats18_TCIA02_321_1,0.7379424831103132,67.0,208.0,0,0
3,1,coxnet,Brats18_TCIA02_368_1,0.08990045305267284,317.0,355.0,1,1
3,1,coxnet,Brats18_TCIA02_394_1,0.144860874694269,616.0,350.0,2,0
3,1,coxnet,Brats18_TCIA02_430_1,-0.20908264709656585,71.0,401.0,0,2
3,1,coxnet,Brats18_TCIA02_473_1,-0.018536340687659844,175.0,368.0,0,1
3,1,coxnet,Brats18_TCIA04_111_1,0.4927804968305452,626.0,262.0,2,0
3,1,coxnet,Brats18_TCIA04_343_1,-0.3154649034883541,296.0,425.0,0,2
3,1,coxnet,Brats18_TCIA04_361_1,0.5628639950210453,476.0,244.0,2,0
3,1,coxnet,Brats18_TCIA06_165_1,-0.29052203445807767,5.0,424.0,0,2
3,1,coxnet,Brats18_TCIA06_372_1,0.518529226568216,213.0,254.0,0,0
3,1,genetico,Brats18_2013_11_1,-0.703053510655087,150.0,486.0,0,2
3,1,genetico,Brats18_CBICA_ABY_1,-0.5184541610124047,515.0,453.0,2,2
3,1,genetico,Brats18_CBICA_ALU_1,-0.1535380879819026,495.0,385.0,2,1
3,1,genetico,Brats18_CBICA_AOP_1,0.38521358105775616,332.0,286.0,1,0
3,1,genetico,Brats18_CBICA_AOZ_1,0.17085186113656065,331.0,346.0,1,0
3,1,genetico,Brats18_CBICA_AQA_1,0.6675507184114726,106.0,210.0,0,0
3,1,genetico,Brats18_CBICA_AQT_1,0.20365981963762286,172.0,333.0,0,0
3,1,genetico,Brats18_CBICA_ASE_1,-0.33117391163131044,318.0,424.0,1,2
3,1,genetico,Brats18_CBICA_ASU_1,0.7033162145743771,85.0,209.0,0,0
3,1,genetico,Brats18_CBICA_ASW_1,0.48504529588390943,239.0,265.0,0,0
3,1,genetico,Brats18_CBICA_ASY_1,0.14417700091214886,610.0,350.0,2,0
3,1,genetico,Brats18_CBICA_ATF_1,0.31519760569195443,152.0,289.0,0,0
3,1,genetico,Brats18_CBICA_ATX_1,-0.9983084847566198,1592.0,600.0,2,2
3,1,genetico,Brats18_CBICA_AXJ_1,-0.7840480230174003,1767.0,508.0,2,2
3,1,genetico,Brats18_CBICA_AXN_1,1.7566357123054341,345.0,89.0,1,0
3,1,genetico,Brats18_CBICA_AYW_1,-0.3685646574617709,734.0,425.0,2,2
3,1,genetico,Brats18_CBICA_BHM_1,0.12196348560999154,436.0,350.0,1,0
3,1,genetico,Brats18_TCIA01_186_1,-0.9615335690950247,370.0,579.0,1,2
3,1,genetico,Brats18_TCIA01_401_1,0.37871917503866653,448.0,286.0,1,0
3,1,genetico,Brats18_TCIA02_135_1,0.3030218368400496,828.0,291.0,2,0
3,1,genetico,Brats18_TCIA02_151_1,-0.780935223505164,1731.0,503.0,2,2
3,1,genetico,Brats18_TCIA02_198_1,-0.4172628254951295,394.0,434.0,1,2
3,1,genetico,Brats18_TCIA02_226_1,1.139149715539744,329.0,147.0,1,0
3,1,genetico,Brats18_TCIA02_321_1,0.651837252325072,67.0,229.0,0,0
3,1,genetico,Brats18_TCIA02_368_1,-0.10742341645822605,317.0,376.0,1,1
3,1,genetico,Brats18_TCIA02_394_1,0.41733571244704654,616.0,269.0,2,0
3,1,genetico,Brats18_TCIA02_430_1,-0.18547455278335928,71.0,387.0,0,1
3,1,genetico,Brats18_TCIA02_473_1,-0.12839708024042668,175.0,382.0,0,1
3,1,genetico,Brats18_TCIA04_111_1,0.09559998016966209,626.0,355.0,2,0
3,1,genetico,Brats18_TCIA04_343_1,-0.6625820150536915,296.0,473.0,0,2
3,1,genetico,Brats18_TCIA04_361_1,0.44878291557042355,476.0,268.0,2,0
3,1,genetico,Brats18_TCIA06_165_1,-0.25943979567061487,5.0,405.0,0,2
3,1,genetico,Brats18_TCIA06_372_1,0.5486460046210375,213.0,254.0,0,0
3,2,edad,Brats18_CBICA_AAB_1,0.015116502069547738,289.0,362.0,0,1
3,2,edad,Brats18_CBICA_ABN_1,0.3132365209683279,1278.0,322.0,2,0
3,2,edad,Brats18_CBICA_ALX_1,-0.014230521013047729,698.0,370.0,2,1
3,2,edad,Brats18_CBICA_AME_1,-0.3175720232395104,359.0,436.0,1,2
3,2,edad,Brats18_CBICA_ANG_1,-0.1641671298532166,368.0,394.0,1,2
3,2,edad,Brats18_CBICA_ANI_1,-0.06892270039424797,439.0,375.0,1,1
3,2,edad,Brats18_CBICA_ANP_1,0.05864156747256562,486.0,355.0,2,1
3,2,edad,Brats18_CBICA_APY_1,-0.5533391463420232,203.0,468.0,0,2
3,2,edad,Brats18_CBICA_AQD_1,0.4943114646896404,32.0,268.0,0,0
3,2,edad,Brats18_CBICA_AQN_1,0.11912692543630446,488.0,345.0,2,1
3,2,edad,Brats18_CBICA_AQV_1,-0.2555240315791659,84.0,421.0,0,2
3,2,edad,Brats18_CBICA_ARF_1,0.5810566913597532,726.0,244.0,2,0
3,2,edad,Brats18_CBICA_ASG_1,-0.08980863370497824,208.0,382.0,0,1
3,2,edad,Brats18_CBICA_ATB_1,0.42151560223800794,208.0,287.0,0,0
3,2,edad,Brats18_CBICA_ATP_1,-0.3230984107031161,385.0,436.0,1,2
3,2,edad,Brats18_CBICA_AUN_1,0.3215832716892222,376.0,318.0,1,0
3,2,edad,Brats18_CBICA_AUQ_1,0.028570397067153194,1337.0,357.0,2,1
3,2,edad,Brats18_CBICA_BHB_1,-0.17041766463963956,510.0,394.0,2,2
3,2,edad,Brats18_TCIA01_201_1,0.0252545645889897,430.0,357.0,1,1
3,2,edad,Brats18_TCIA01_335_1,-0.21314235668585965,355.0,405.0,1,2
3,2,edad,Brats18_TCIA01_378_1,0.5365788005319755,110.0,265.0,0,0
3,2,edad,Brats18_TCIA01_390_1,0.1337242109436215,634.0,345.0,2,1
3,2,edad,Brats18_TCIA01_412_1,0.33130209102176983,291.0,318.0,0,0
3,2,edad,Brats18_TCIA01_460_1,-1.566116346827486,630.0,1282.0,2,2
3,2,edad,Brats18_TCIA01_499_1,-0.3805347273076241,600.0,448.0,2,2
3,2,edad,Brats18_TCIA02_118_1,-0.48576476721807327,104.0,465.0,0,2
3,2,edad,Brats18_TCIA02_283_1,0.5629148952723307,262.0,254.0,0,0
3,2,edad,Brats18_TCIA02_322_1,-0.10307196361763167,621.0,387.0,2,1
3,2,edad,Brats18_TCIA02_331_1,0.9443499693120894,187.0,172.0,0,0
3,2,edad,Brats18_TCIA02_455_1,-0.19904054039941754,424.0,401.0,1,2
3,2,edad,Brats18_TCIA02_471_1,0.630679839481233,111.0,232.0,0,0
3,2,edad,Brats18_TCIA02_491_1,0.8021121899039778,82.0,199.0,0,0
3,2,edad,Brats18_TCIA08_242_1,0.24440441228369525,147.0,329.0,0,0
3,2,coxnet,Brats18_CBICA_AAB_1,0.015116474139012364,289.0,362.0,0,1
3,2,coxnet,Brats18_CBICA_ABN_1,0.313235942205886,1278.0,322.0,2,0
3,2,coxnet,Brats18_CBICA_ALX_1,-0.014230494719526856,698.0,370.0,2,1
3,2,coxnet,Brats18_CBICA_AME_1,-0.3175714364664263,359.0,436.0,1,2
3,2,coxnet,Brats18_CBICA_ANG_1,-0.16416682652406292,368.0,394.0,1,2
3,2,coxnet,Brats18_CBICA_ANI_1,-0.06892257304680409,439.0,375.0,1,1
3,2,coxnet,Brats18_CBICA_ANP_1,0.058641459121416946,486.0,355.0,2,1
3,2,coxnet,Brats18_CBICA_APY_1,-0.5533381239455469,203.0,468.0,0,2
3,2,coxnet,Brats18_CBICA_AQD_1,0.49431055135772944,32.0,268.0,0,0
3,2,coxnet,Brats18_CBICA_AQN_1,0.11912670532726324,488.0,345.0,2,1
3,2,coxnet,Brats18_CBICA_AQV_1,-0.25552355945122934,84.0,421.0,0,2
3,2,coxnet,Brats18_CBICA_ARF_1,0.5810556177499826,726.0,244.0,2,0
3,2,coxnet,Brats18_CBICA_ASG_1,-0.0898084677669073,208.0,382.0,0,1
3,2,coxnet,Brats18_CBICA_ATB_1,0.4215148234099248,208.0,287.0,0,0
3,2,coxnet,Brats18_CBICA_ATP_1,-0.3230978137190085,385.0,436.0,1,2
3,2,coxnet,Brats18_CBICA_AUN_1,0.32158267750461367,376.0,318.0,1,0
3,2,coxnet,Brats18_CBICA_AUQ_1,0.02857034427805697,1337.0,357.0,2,1
3,2,coxnet,Brats18_CBICA_BHB_1,-0.1704173497614661,510.0,394.0,2,2
3,2,coxnet,Brats18_TCIA01_201_1,0.025254517926507625,430.0,357.0,1,1
3,2,coxnet,Brats18_TCIA01_335_1,-0.21314196286591078,355.0,405.0,1,2
3,2,coxnet,Brats18_TCIA01_378_1,0.5365778091033394,110.0,265.0,0,0
3,2,coxnet,Brats18_TCIA01_390_1,0.13372396386339383,634.0,345.0,2,1
3,2,coxnet,Brats18_TCIA01_412_1,0.331301478879844,291.0,318.0,0,0
3,2,coxnet,Brats18_TCIA01_460_1,-1.5661134531377021,630.0,1282.0,2,2
3,2,coxnet,Brats18_TCIA01_499_1,-0.38053402419929205,600.0,448.0,2,2
3,2,coxnet,Brats18_TCIA02_118_1,-0.48576386967776813,104.0,465.0,0,2
3,2,coxnet,Brats18_TCIA02_283_1,0.5629138551828857,262.0,254.0,0,0
3,2,coxnet,Brats18_TCIA02_322_1,-0.10307177317310416,621.0,387.0,2,1
3,2,coxnet,Brats18_TCIA02_331_1,0.9443482244507548,187.0,172.0,0,0
3,2,coxnet,Brats18_TCIA02_455_1,-0.199040172635184,424.0,401.0,1,2
3,2,coxnet,Brats18_TCIA02_471_1,0.6306786741835126,111.0,232.0,0,0
3,2,coxnet,Brats18_TCIA02_491_1,0.802110707853264,82.0,199.0,0,0
3,2,coxnet,Brats18_TCIA08_242_1,0.24440396070131262,147.0,329.0,0,0
3,2,genetico,Brats18_CBICA_AAB_1,-0.4633134861600057,289.0,448.0,0,2
3,2,genetico,Brats18_CBICA_ABN_1,0.38751836437879,1278.0,317.0,2,0
3,2,genetico,Brats18_CBICA_ALX_1,0.10314923557619404,698.0,346.0,2,1
3,2,genetico,Brats18_CBICA_AME_1,-0.30841246730960603,359.0,421.0,1,2
3,2,genetico,Brats18_CBICA_ANG_1,-0.9295651290781848,368.0,576.0,1,2
3,2,genetico,Brats18_CBICA_ANI_1,-0.472698204526041,439.0,448.0,1,2
3,2,genetico,Brats18_CBICA_ANP_1,0.07732267330576692,486.0,350.0,2,1
3,2,genetico,Brats18_CBICA_APY_1,-1.3933309136554552,203.0,812.0,0,2
3,2,genetico,Brats18_CBICA_AQD_1,0.4501513957751613,32.0,287.0,0,0
3,2,genetico,Brats18_CBICA_AQN_1,0.41147883575290756,488.0,296.0,2,0
3,2,genetico,Brats18_CBICA_AQV_1,-0.5217334047080435,84.0,453.0,0,2
3,2,genetico,Brats18_CBICA_ARF_1,0.8425430911109021,726.0,209.0,2,0
3,2,genetico,Brats18_CBICA_ASG_1,0.9227303389611294,208.0,191.0,0,0
3,2,genetico,Brats18_CBICA_ATB_1,0.6393590479837667,208.0,244.0,0,0
3,2,genetico,Brats18_CBICA_ATP_1,-0.7294982192202737,385.0,495.0,1,2
3,2,genetico,Brats18_CBICA_AUN_1,-0.0013473081947349697,376.0,362.0,1,1
3,2,genetico,Brats18_CBICA_AUQ_1,-0.36889146610371537,1337.0,434.0,2,2
3,2,genetico,Brats18_CBICA_BHB_1,-0.5201525841765106,510.0,453.0,2,2
3,2,genetico,Brats18_TCIA01_201_1,-0.48116923321433397,430.0,448.0,1,2
3,2,genetico,Brats18_TCIA01_335_1,0.29999927701380796,355.0,327.0,1,0
3,2,genetico,Brats18_TCIA01_378_1,1.3677311275326391,110.0,127.0,0,0
3,2,genetico,Brats18_TCIA01_390_1,0.022594181741625058,634.0,357.0,2,1
3,2,genetico,Brats18_TCIA01_412_1,1.221825893173702,291.0,153.0,0,0
3,2,genetico,Brats18_TCIA01_460_1,-1.4431445041383046,630.0,822.0,2,2
3,2,genetico,Brats18_TCIA01_499_1,-0.6367316008500276,600.0,468.0,2,2
3,2,genetico,Brats18_TCIA02_118_1,1.0241360119764225,104.0,172.0,0,0
3,2,genetico,Brats18_TCIA02_283_1,1.149749107396472,262.0,168.0,0,0
3,2,genetico,Brats18_TCIA02_322_1,-0.48731373327819094,621.0,448.0,2,2
3,2,genetico,Brats18_TCIA02_331_1,1.1446508674745492,187.0,168.0,0,0
3,2,genetico,Brats18_TCIA02_455_1,-0.8290774245581428,424.0,515.0,1,2
3,2,genetico,Brats18_TCIA02_471_1,0.8157413974303639,111.0,210.0,0,0
3,2,genetico,Brats18_TCIA02_491_1,1.4739513305515355,82.0,120.0,0,0
3,2,genetico,Brats18_TCIA08_242_1,0.47140202668592845,147.0,286.0,0,0
3,3,edad,Brats18_2013_27_1,0.26792756682650676,120.0,318.0,0,0
3,3,edad,Brats18_CBICA_AAG_1,-0.2494433300697859,616.0,401.0,2,2
3,3,edad,Brats18_CBICA_AAL_1,-0.18252691908580124,464.0,387.0,2,2
3,3,edad,Brats18_CBICA_ABB_1,0.2834582156957043,465.0,318.0,2,0
3,3,edad,Brats18_CBICA_ABM_1,0.3300501623032974,503.0,296.0,2,0
3,3,edad,Brats18_CBICA_AOH_1,-0.09650091477861804,576.0,375.0,2,1
3,3,edad,Brats18_CBICA_APR_1,0.09338014740017622,23.0,345.0,0,1
3,3,edad,Brats18_CBICA_AQU_1,0.4274696870282641,30.0,286.0,0,0
3,3,edad,Brats18_CBICA_ARZ_1,-0.16532171822436456,871.0,387.0,2,2
3,3,edad,Brats18_CBICA_ATV_1,0.07548542513017048,453.0,345.0,2,1
3,3,edad,Brats18_CBICA_AXL_1,0.48496263876180495,168.0,265.0,0,0
3,3,edad,Brats18_CBICA_AXM_1,0.2322694596976514,438.0,327.0,1,0
3,3,edad,Brats18_CBICA_AYA_1,0.4917265154363393,50.0,265.0,0,0
3,3,edad,Brats18_TCIA01_203_1,-0.4575146236936867,268.0,448.0,0,2
3,3,edad,Brats18_TCIA01_235_1,-0.06195917564458874,804.0,370.0,2,1
3,3,edad,Brats18_TCIA01_411_1,-0.5567400378220485,822.0,488.0,2,2
3,3,edad,Brats18_TCIA01_429_1,-0.16003538742533555,86.0,387.0,0,2
3,3,edad,Brats18_TCIA02_179_1,-0.4328560247491468,405.0,448.0,1,2
3,3,edad,Brats18_TCIA02_274_1,-0.16065924012832652,357.0,387.0,1,2
3,3,edad,Brats18_TCIA02_300_1,0.1483448539689643,127.0,332.0,0,0
3,3,edad,Brats18_TCIA02_314_1,-0.6405004717867906,362.0,510.0,1,2
3,3,edad,Brats18_TCIA03_133_1,0.12811889265093954,382.0,333.0,1,0
3,3,edad,Brats18_TCIA03_138_1,0.3944711624753175,82.0,289.0,0,0
3,3,edad,Brats18_TCIA03_257_1,0.31080923156894225,425.0,317.0,1,0
3,3,edad,Brats18_TCIA03_338_1,0.5439003020180623,468.0,254.0,2,0
3,3,edad,Brats18_TCIA03_474_1,0.05082682618563063,635.0,350.0,2,1
3,3,edad,Brats18_TCIA03_498_1,-0.018979007843786186,467.0,359.0,2,1
3,3,edad,Brats18_TCIA04_192_1,0.5286979966767549,121.0,262.0,0,0
3,3,edad,Brats18_TCIA05_277_1,0.3449897928222929,232.0,296.0,0,0
3,3,edad,Brats18_TCIA06_184_1,0.042913747163481335,434.0,355.0,1,1
3,3,edad,Brats18_TCIA08_218_1,-0.08257914919608153,346.0,372.0,1,1
3,3,edad,Brats18_TCIA08_406_1,0.6200760004885454,82.0,239.0,0,0
3,3,coxnet,Brats18_2013_27_1,0.030837278983239104,120.0,350.0,0,1
3,3,coxnet,Brats18_CBICA_AAG_1,-0.5138598235457231,616.0,448.0,2,2
3,3,coxnet,Brats18_CBICA_AAL_1,-0.19056085728491645,464.0,385.0,2,1
3,3,coxnet,Brats18_CBICA_ABB_1,0.430528504446073,465.0,286.0,2,0
3,3,coxnet,Brats18_CBICA_ABM_1,0.14501890524890476,503.0,332.0,2,1
3,3,coxnet,Brats18_CBICA_AOH_1,-0.12721159504414006,576.0,372.0,2,1
3,3,coxnet,Brats18_CBICA_APR_1,0.20462687025388981,23.0,327.0,0,0
3,3,coxnet,Brats18_CBICA_AQU_1,0.8838661895536343,30.0,199.0,0,0
3,3,coxnet,Brats18_CBICA_ARZ_1,0.08456485044201417,871.0,336.0,2,1
3,3,coxnet,Brats18_CBICA_ATV_1,0.024000252621400826,453.0,350.0,2,1
3,3,coxnet,Brats18_CBICA_AXL_1,0.8515418757111086,168.0,203.0,0,0
3,3,coxnet,Brats18_CBICA_AXM_1,-0.21875034902547572,438.0,387.0,1,2
3,3,coxnet,Brats18_CBICA_AYA_1,0.6661245867345891,50.0,229.0,0,0
3,3,coxnet,Brats18_TCIA01_203_1,0.09056418405888128,268.0,336.0,0,1
3,3,coxnet,Brats18_TCIA01_235_1,-0.17526886060170135,804.0,385.0,2,1
3,3,coxnet,Brats18_TCIA01_411_1,-0.576156546743147,822.0,476.0,2,2
3,3,coxnet,Brats18_TCIA01_429_1,-0.06313715799379918,86.0,368.0,0,1
3,3,coxnet,Brats18_TCIA02_179_1,-0.3540653779412199,405.0,421.0,1,2
3,3,coxnet,Brats18_TCIA02_274_1,-0.18134732969850836,357.0,385.0,1,1
3,3,coxnet,Brats18_TCIA02_300_1,0.5785367902364412,127.0,244.0,0,0
3,3,coxnet,Brats18_TCIA02_314_1,0.0643792410825117,362.0,345.0,1,1
3,3,coxnet,Brats18_TCIA03_133_1,-0.07369387442717519,382.0,368.0,1,1
3,3,coxnet,Brats18_TCIA03_138_1,0.5911767643286904,82.0,244.0,0,0
3,3,coxnet,Brats18_TCIA03_257_1,0.2259029514566922,425.0,327.0,1,0
3,3,coxnet,Brats18_TCIA03_338_1,0.5115583061454134,468.0,265.0,2,0
3,3,coxnet,Brats18_TCIA03_474_1,0.4987285034933261,635.0,265.0,2,0
3,3,coxnet,Brats18_TCIA03_498_1,-0.368051486087253,467.0,424.0,2,2
3,3,coxnet,Brats18_TCIA04_192_1,0.20509548348263518,121.0,327.0,0,0
3,3,coxnet,Brats18_TCIA05_277_1,0.06010204367118674,232.0,345.0,0,1
3,3,coxnet,Brats18_TCIA06_184_1,0.25458067618758345,434.0,322.0,1,0
3,3,coxnet,Brats18_TCIA08_218_1,-0.6493940931040408,346.0,495.0,1,2
3,3,coxnet,Brats18_TCIA08_406_1,0.3185670044729656,82.0,296.0,0,0
3,3,genetico,Brats18_2013_27_1,0.7756308551889374,120.0,213.0,0,0
3,3,genetico,Brats18_CBICA_AAG_1,-0.9960079479858583,616.0,614.0,2,2
3,3,genetico,Brats18_CBICA_AAL_1,-0.9570379348358024,464.0,610.0,2,2
3,3,genetico,Brats18_CBICA_ABB_1,1.3752326248453974,465.0,152.0,2,0
3,3,genetico,Brats18_CBICA_ABM_1,0.18086390742369918,503.0,331.0,2,0
3,3,genetico,Brats18_CBICA_AOH_1,0.11251004034192595,576.0,336.0,2,1
3,3,genetico,Brats18_CBICA_APR_1,0.48742005172328395,23.0,286.0,0,0
3,3,genetico,Brats18_CBICA_AQU_1,1.1269517597427818,30.0,175.0,0,0
3,3,genetico,Brats18_CBICA_ARZ_1,-0.2350666270517468,871.0,387.0,2,1
3,3,genetico,Brats18_CBICA_ATV_1,-0.33595761908579974,453.0,407.0,2,2
3,3,genetico,Brats18_CBICA_AXL_1,1.062348168195038,168.0,187.0,0,0
3,3,genetico,Brats18_CBICA_AXM_1,0.07591077593779473,438.0,345.0,1,1
3,3,genetico,Brats18_CBICA_AYA_1,0.9031641935385625,50.0,208.0,0,0
3,3,genetico,Brats18_TCIA01_203_1,0.2812016489937169,268.0,322.0,0,0
3,3,genetico,Brats18_TCIA01_235_1,-0.29590479732689695,804.0,401.0,2,1
3,3,genetico,Brats18_TCIA01_411_1,-0.8744346721392918,822.0,558.0,2,2
3,3,genetico,Brats18_TCIA01_429_1,-0.009052025253886067,86.0,355.0,0,1
3,3,genetico,Brats18_TCIA02_179_1,-0.25222452206354967,405.0,394.0,1,1
3,3,genetico,Brats18_TCIA02_274_1,-0.4420647415879959,357.0,436.0,1,2
3,3,genetico,Brats18_TCIA02_300_1,-0.4895970201918618,127.0,448.0,0,2
3,3,genetico,Brats18_TCIA02_314_1,0.27400699347492413,362.0,322.0,1,0
3,3,genetico,Brats18_TCIA03_133_1,-0.3744646740838307,382.0,424.0,1,2
3,3,genetico,Brats18_TCIA03_138_1,1.3793950411296185,82.0,152.0,0,0
3,3,genetico,Brats18_TCIA03_257_1,0.8095641007980424,425.0,210.0,1,0
3,3,genetico,Brats18_TCIA03_338_1,1.1816437486651719,468.0,172.0,2,0
3,3,genetico,Brats18_TCIA03_474_1,0.20921482431698848,635.0,329.0,2,0
3,3,genetico,Brats18_TCIA03_498_1,-0.33986044582399716,467.0,407.0,2,2
3,3,genetico,Brats18_TCIA04_192_1,-0.5867863837377637,121.0,473.0,0,2
3,3,genetico,Brats18_TCIA05_277_1,-0.20974267062840157,232.0,387.0,0,1
3,3,genetico,Brats18_TCIA06_184_1,2.0606504385082816,434.0,89.0,1,0
3,3,genetico,Brats18_TCIA08_218_1,-1.281283386283634,346.0,734.0,1,2
3,3,genetico,Brats18_TCIA08_406_1,-0.5169616646199511,82.0,448.0,0,2
3,4,edad,Brats18_CBICA_AOD_1,-0.0029240201915373466,55.0,368.0,0,1
3,4,edad,Brats18_CBICA_AOO_1,-0.5756626474345768,350.0,476.0,1,2
3,4,edad,Brats18_CBICA_APZ_1,-0.0209932454130426,336.0,370.0,1,1
3,4,edad,Brats18_CBICA_AQJ_1,0.18868650903959805,170.0,332.0,0,0
3,4,edad,Brats18_CBICA_AQO_1,0.2509869651122011,473.0,329.0,2,0
3,4,edad,Brats18_CBICA_AQR_1,0.3734251514586942,89.0,289.0,0,0
3,4,edad,Brats18_CBICA_AQY_1,-0.10279311634823515,229.0,387.0,0,1
3,4,edad,Brats18_CBICA_ASK_1,0.5815700682477323,522.0,239.0,2,0
3,4,edad,Brats18_CBICA_ASO_1,-0.29011307665611774,265.0,430.0,0,2
3,4,edad,Brats18_CBICA_ASV_1,-0.20629001061890334,597.0,407.0,2,2
3,4,edad,Brats18_CBICA_ATD_1,0.29696232967193825,355.0,317.0,1,0
3,4,edad,Brats18_CBICA_AVG_1,0.09398004866047328,579.0,355.0,2,1
3,4,edad,Brats18_CBICA_AVV_1,0.4056218597201795,387.0,287.0,1,0
3,4,edad,Brats18_CBICA_AWG_1,-0.1790466420899544,180.0,405.0,0,2
3,4,edad,Brats18_CBICA_AWH_1,-0.27560188420023696,139.0,430.0,0,2
3,4,edad,Brats18_CBICA_AWI_1,-0.4923279388357814,375.0,465.0,1,2
3,4,edad,Brats18_CBICA_AXQ_1,0.19594210526753833,114.0,332.0,0,0
3,4,edad,Brats18_CBICA_AYU_1,0.10870053716139057,58.0,355.0,0,1
3,4,edad,Brats18_CBICA_AZH_1,-0.20056925205456574,401.0,407.0,1,2
3,4,edad,Brats18_TCIA01_150_1,-0.33312341391116773,1489.0,436.0,2,2
3,4,edad,Brats18_TCIA01_190_1,0.030040106901749235,322.0,362.0,1,1
3,4,edad,Brats18_TCIA01_231_1,0.10953772134153757,1561.0,346.0,2,1
3,4,edad,Brats18_TCIA02_290_1,-0.6122894553160062,737.0,486.0,2,2
3,4,edad,Brats18_TCIA03_121_1,-1.0554389480071307,747.0,634.0,2,2
3,4,edad,Brats18_TCIA03_199_1,-0.4130047377668568,1282.0,448.0,2,2
3,4,edad,Brats18_TCIA03_265_1,-0.037702046341808994,103.0,376.0,0,1
3,4,edad,Brats18_TCIA03_296_1,-0.008295952014147132,22.0,368.0,0,1
3,4,edad,Brats18_TCIA03_419_1,0.3462864309522634,327.0,291.0,1,0
3,4,edad,Brats18_TCIA04_479_1,-0.14876848090797257,372.0,394.0,1,1
3,4,edad,Brats18_TCIA06_247_1,0.559314922125492,244.0,254.0,0,0
3,4,edad,Brats18_TCIA08_278_1,-0.35454137585326095,1458.0,438.0,2,2
3,4,edad,Brats18_TCIA08_280_1,-0.11521134835374845,508.0,387.0,2,1
3,4,coxnet,Brats18_CBICA_AOD_1,0.01545430488668208,55.0,362.0,0,1
3,4,coxnet,Brats18_CBICA_AOO_1,-0.5730661194341267,350.0,467.0,1,2
3,4,coxnet,Brats18_CBICA_APZ_1,-0.07158688768100671,336.0,382.0,1,1
3,4,coxnet,Brats18_CBICA_AQJ_1,0.2942631167295248,170.0,317.0,0,0
3,4,coxnet,Brats18_CBICA_AQO_1,0.23987485226717475,473.0,329.0,2,0
3,4,coxnet,Brats18_CBICA_AQR_1,0.3131876034480136,89.0,296.0,0,0
3,4,coxnet,Brats18_CBICA_AQY_1,-0.04669328071845877,229.0,376.0,0,1
3,4,coxnet,Brats18_CBICA_ASK_1,0.5901172334904402,522.0,232.0,2,0
3,4,coxnet,Brats18_CBICA_ASO_1,-0.369312607668946,265.0,438.0,0,2
3,4,coxnet,Brats18_CBICA_ASV_1,-0.19892637873157848,597.0,405.0,2,2
3,4,coxnet,Brats18_CBICA_ATD_1,0.1220158664674244,355.0,346.0,1,1
3,4,coxnet,Brats18_CBICA_AVG_1,0.09166235336414078,579.0,355.0,2,1
3,4,coxnet,Brats18_CBICA_AVV_1,0.45477405745906757,387.0,269.0,1,0
3,4,coxnet,Brats18_CBICA_AWG_1,-0.17776917870438114,180.0,394.0,0,2
3,4,coxnet,Brats18_CBICA_AWH_1,-0.3631011462609328,139.0,438.0,0,2
3,4,coxnet,Brats18_CBICA_AWI_1,-0.43980771226646426,375.0,448.0,1,2
3,4,coxnet,Brats18_CBICA_AXQ_1,0.13232281160660783,114.0,345.0,0,1
3,4,coxnet,Brats18_CBICA_AYU_1,-0.08737220859653108,58.0,382.0,0,1
3,4,coxnet,Brats18_CBICA_AZH_1,-0.4269203970022226,401.0,448.0,1,2
3,4,coxnet,Brats18_TCIA01_150_1,-0.1789340782150519,1489.0,394.0,2,2
3,4,coxnet,Brats18_TCIA01_190_1,0.12717256654689021,322.0,345.0,1,1
3,4,coxnet,Brats18_TCIA01_231_1,0.15689983267594895,1561.0,333.0,2,0
3,4,coxnet,Brats18_TCIA02_290_1,-0.5840083221558665,737.0,468.0,2,2
3,4,coxnet,Brats18_TCIA03_121_1,-0.9524045984386486,747.0,616.0,2,2
3,4,coxnet,Brats18_TCIA03_199_1,-0.5076660426435913,1282.0,464.0,2,2
3,4,coxnet,Brats18_TCIA03_265_1,-0.04349198472103043,103.0,370.0,0,1
3,4,coxnet,Brats18_TCIA03_296_1,0.035130690861902354,22.0,359.0,0,1
3,4,coxnet,Brats18_TCIA03_419_1,0.34358069648577905,327.0,291.0,1,0
3,4,coxnet,Brats18_TCIA04_479_1,-0.06071012359119202,372.0,376.0,1,1
3,4,coxnet,Brats18_TCIA06_247_1,0.6624978973677292,244.0,210.0,0,0
3,4,coxnet,Brats18_TCIA08_278_1,-0.30033807367720733,1458.0,430.0,2,2
3,4,coxnet,Brats18_TCIA08_280_1,-0.0012161160510008005,508.0,368.0,2,1
3,4,genetico,Brats18_CBICA_AOD_1,0.9028699261841265,55.0,203.0,0,0
3,4,genetico,Brats18_CBICA_AOO_1,0.16884438554824743,350.0,345.0,1,0
3,4,genetico,Brats18_CBICA_APZ_1,-0.5340305484853282,336.0,448.0,1,2
3,4,genetico,Brats18_CBICA_AQJ_1,1.1426117368945952,170.0,169.0,0,0
3,4,genetico,Brats18_CBICA_AQO_1,-0.0851355299658963,473.0,382.0,2,1
3,4,genetico,Brats18_CBICA_AQR_1,-0.035543179485890156,89.0,370.0,0,1
3,4,genetico,Brats18_CBICA_AQY_1,1.373340332199626,229.0,147.0,0,0
3,4,genetico,Brats18_CBICA_ASK_1,0.8378612711825755,522.0,208.0,2,0
3,4,genetico,Brats18_CBICA_ASO_1,-0.23432424911957017,265.0,407.0,0,1
3,4,genetico,Brats18_CBICA_ASV_1,-0.4263113735290715,597.0,438.0,2,2
3,4,genetico,Brats18_CBICA_ATD_1,-1.1119303801197493,355.0,621.0,1,2
3,4,genetico,Brats18_CBICA_AVG_1,-0.227416618542976,579.0,405.0,2,1
3,4,genetico,Brats18_CBICA_AVV_1,1.165616765942563,387.0,169.0,1,0
3,4,genetico,Brats18_CBICA_AWG_1,0.13911454523353153,180.0,346.0,0,1
3,4,genetico,Brats18_CBICA_AWH_1,-0.1594674723760363,139.0,394.0,0,1
3,4,genetico,Brats18_CBICA_AWI_1,-0.6953794281919358,375.0,476.0,1,2
3,4,genetico,Brats18_CBICA_AXQ_1,-0.29231732360067586,114.0,424.0,0,2
3,4,genetico,Brats18_CBICA_AYU_1,-0.5113295491861579,58.0,448.0,0,2
3,4,genetico,Brats18_CBICA_AZH_1,-1.2845305942310923,401.0,660.0,1,2
3,4,genetico,Brats18_TCIA01_150_1,2.2584565007553916,1489.0,82.0,2,0
3,4,genetico,Brats18_TCIA01_190_1,0.12952831298250753,322.0,346.0,1,1
3,4,genetico,Brats18_TCIA01_231_1,0.13048303465270258,1561.0,346.0,2,1
3,4,genetico,Brats18_TCIA02_290_1,0.3332255047942368,737.0,317.0,2,0
3,4,genetico,Brats18_TCIA03_121_1,-0.8143899017253646,747.0,503.0,2,2
3,4,genetico,Brats18_TCIA03_199_1,-0.5771737593970818,1282.0,464.0,2,2
3,4,genetico,Brats18_TCIA03_265_1,-0.36790312715792955,103.0,434.0,0,2
3,4,genetico,Brats18_TCIA03_296_1,-0.39296367621564754,22.0,436.0,0,2
3,4,genetico,Brats18_TCIA03_419_1,-0.238370021629195,327.0,407.0,1,1
3,4,genetico,Brats18_TCIA04_479_1,0.014880497624223277,372.0,362.0,1,1
3,4,genetico,Brats18_TCIA06_247_1,0.7042311337224381,244.0,232.0,0,0
3,4,genetico,Brats18_TCIA08_278_1,-0.21515506812857974,1458.0,405.0,2,1
3,4,genetico,Brats18_TCIA08_280_1,1.0918478927120874,508.0,172.0,2,0
4,0,edad,Brats18_2013_11_1,-1.1561561939240845,150.0,698.0,0,2
4,0,edad,Brats18_CBICA_AAL_1,-0.22430287966020043,464.0,394.0,2,2
4,0,edad,Brats18_CBICA_ABE_1,0.2503017331603514,269.0,331.0,0,0
4,0,edad,Brats18_CBICA_ANZ_1,0.28445846280038023,287.0,329.0,0,0
4,0,edad,Brats18_CBICA_AQG_1,-0.2500592001688247,466.0,405.0,2,2
4,0,edad,Brats18_CBICA_AQJ_1,0.21137120273639637,170.0,332.0,0,0
4,0,edad,Brats18_CBICA_AQR_1,0.4073560783307546,89.0,296.0,0,0
4,0,edad,Brats18_CBICA_ARF_1,0.553234548797703,726.0,262.0,2,0
4,0,edad,Brats18_CBICA_ARW_1,-0.5901092420563919,495.0,488.0,2,2
4,0,edad,Brats18_CBICA_ASN_1,-0.7724758332438912,407.0,558.0,1,2
4,0,edad,Brats18_CBICA_ASO_1,-0.29657600315638283,265.0,425.0,0,2
4,0,edad,Brats18_CBICA_AVG_1,0.11089934902818611,579.0,350.0,2,1
4,0,edad,Brats18_CBICA_AVJ_1,-0.5594681021409598,614.0,486.0,2,2
4,0,edad,Brats18_CBICA_AVV_1,0.4415128079707835,387.0,291.0,1,0
4,0,edad,Brats18_CBICA_AXM_1,0.24319654129590312,438.0,331.0,1,0
4,0,edad,Brats18_CBICA_AXW_1,0.6975217523366761,191.0,210.0,0,0
4,0,edad,Brats18_CBICA_AZD_1,-0.5219438076068434,448.0,473.0,1,2
4,0,edad,Brats18_TCIA01_231_1,0.12740411762997678,1561.0,346.0,2,0
4,0,edad,Brats18_TCIA02_151_1,-0.45847816152596677,1731.0,465.0,2,2
4,0,edad,Brats18_TCIA02_198_1,-0.22511701622800173,394.0,394.0,1,2
4,0,edad,Brats18_TCIA02_321_1,0.7715341675913431,67.0,208.0,0,0
4,0,edad,Brats18_TCIA02_377_1,0.12581285070200146,812.0,346.0,2,1
4,0,edad,Brats18_TCIA02_455_1,-0.20420850891855838,424.0,387.0,1,2
4,0,edad,Brats18_TCIA02_473_1,0.02441584180310768,175.0,357.0,0,1
4,0,edad,Brats18_TCIA02_491_1,0.7678705530362369,82.0,208.0,0,0
4,0,edad,Brats18_TCIA03_121_1,-1.108492198500079,747.0,635.0,2,2
4,0,edad,Brats18_TCIA03_199_1,-0.42694887262747844,1282.0,453.0,2,2
4,0,edad,Brats18_TCIA06_165_1,-0.31848367807176414,5.0,430.0,0,2
4,0,edad,Brats18_TCIA06_184_1,0.029781741909071152,434.0,357.0,1,1
4,0,edad,Brats18_TCIA06_247_1,0.6045621587768144,244.0,239.0,0,0
4,0,edad,Brats18_TCIA06_372_1,0.5239626385644822,213.0,268.0,0,0
4,0,edad,Brats18_TCIA08_167_1,0.5382470347086329,153.0,262.0,0,0
4,0,edad,Brats18_TCIA08_242_1,0.22635871682546646,147.0,332.0,0,0
4,0,coxnet,Brats18_2013_11_1,-1.3990370927325735,150.0,822.0,0,2
4,0,coxnet,Brats18_CBICA_AAL_1,-0.3932500504436274,464.0,439.0,2,2
4,0,coxnet,Brats18_CBICA_ABE_1,0.3277613686187123,269.0,322.0,0,0
4,0,coxnet,Brats18_CBICA_ANZ_1,0.24698705464115558,287.0,331.0,0,0
4,0,coxnet,Brats18_CBICA_AQG_1,-0.2550131484841246,466.0,401.0,2,2
4,0,coxnet,Brats18_CBICA_AQJ_1,0.30525609071931836,170.0,322.0,0,0
4,0,coxnet,Brats18_CBICA_AQR_1,0.34704690769544316,89.0,318.0,0,0
4,0,coxnet,Brats18_CBICA_ARF_1,0.6120212229279793,726.0,239.0,2,0
4,0,coxnet,Brats18_CBICA_ARW_1,-0.6694467476732007,495.0,503.0,2,2
4,0,coxnet,Brats18_CBICA_ASN_1,-0.6421129267135768,407.0,495.0,1,2
4,0,coxnet,Brats18_CBICA_ASO_1,-0.26380500112510025,265.0,401.0,0,2
4,0,coxnet,Brats18_CBICA_AVG_1,0.0033952317613445996,579.0,357.0,2,1
4,0,coxnet,Brats18_CBICA_AVJ_1,-0.6104325960650976,614.0,488.0,2,2
4,0,coxnet,Brats18_CBICA_AVV_1,0.5432793702065849,387.0,262.0,1,0
4,0,coxnet,Brats18_CBICA_AXM_1,0.049456183955673805,438.0,355.0,1,1
4,0,coxnet,Brats18_CBICA_AXW_1,0.6633642317014163,191.0,229.0,0,0
4,0,coxnet,Brats18_CBICA_AZD_1,-0.7098054727887066,448.0,510.0,1,2
4,0,coxnet,Brats18_TCIA01_231_1,0.19378085343214452,1561.0,333.0,2,0
4,0,coxnet,Brats18_TCIA02_151_1,-0.43050900283894367,1731.0,448.0,2,2
4,0,coxnet,Brats18_TCIA02_198_1,-0.2482662726953299,394.0,394.0,1,2
4,0,coxnet,Brats18_TCIA02_321_1,0.9218433666930761,67.0,180.0,0,0
4,0,coxnet,Brats18_TCIA02_377_1,0.22415598339147552,812.0,332.0,2,0
4,0,coxnet,Brats18_TCIA02_455_1,-0.14066447371973528,424.0,376.0,1,1
4,0,coxnet,Brats18_TCIA02_473_1,0.0015735562222043845,175.0,359.0,0,1
4,0,coxnet,Brats18_TCIA02_491_1,1.022066578022981,82.0,169.0,0,0
4,0,coxnet,Brats18_TCIA03_121_1,-1.0618430561842502,747.0,626.0,2,2
4,0,coxnet,Brats18_TCIA03_199_1,-0.37871384110176903,1282.0,436.0,2,2
4,0,coxnet,Brats18_TCIA06_165_1,-0.3324395903547332,5.0,425.0,0,2
4,0,coxnet,Brats18_TCIA06_184_1,-0.015824381843767842,434.0,359.0,1,1
4,0,coxnet,Brats18_TCIA06_247_1,0.6785099817142437,244.0,229.0,0,0
4,0,coxnet,Brats18_TCIA06_372_1,0.4767678625613045,213.0,286.0,0,0
4,0,coxnet,Brats18_TCIA08_167_1,0.6060268996836328,153.0,239.0,0,0
4,0,coxnet,Brats18_TCIA08_242_1,0.22585377499684633,147.0,331.0,0,0
4,0,genetico,Brats18_2013_11_1,-0.9795084992710481,150.0,597.0,0,2
4,0,genetico,Brats18_CBICA_AAL_1,-0.6695706034827253,464.0,486.0,2,2
4,0,genetico,Brats18_CBICA_ABE_1,-0.025679445643738502,269.0,368.0,0,1
4,0,genetico,Brats18_CBICA_ANZ_1,0.3306255164756302,287.0,329.0,0,0
4,0,genetico,Brats18_CBICA_AQG_1,-0.09756535665267532,466.0,372.0,2,1
4,0,genetico,Brats18_CBICA_AQJ_1,1.3853688107528732,170.0,121.0,0,0
4,0,genetico,Brats18_CBICA_AQR_1,1.3330816550257127,89.0,127.0,0,0
4,0,genetico,Brats18_CBICA_ARF_1,0.637455581692268,726.0,262.0,2,0
4,0,genetico,Brats18_CBICA_ARW_1,-0.9650493015661269,495.0,576.0,2,2
4,0,genetico,Brats18_CBICA_ASN_1,0.031936427902595245,407.0,357.0,1,1
4,0,genetico,Brats18_CBICA_ASO_1,0.1737222230819187,265.0,345.0,0,1
4,0,genetico,Brats18_CBICA_AVG_1,-0.1417766935035367,579.0,376.0,2,1
4,0,genetico,Brats18_CBICA_AVJ_1,-0.2159008294656492,614.0,387.0,2,1
4,0,genetico,Brats18_CBICA_AVV_1,0.590978561063976,387.0,286.0,1,0
4,0,genetico,Brats18_CBICA_AXM_1,-0.19029208803990927,438.0,385.0,1,1
4,0,genetico,Brats18_CBICA_AXW_1,0.19930416365429562,191.0,336.0,0,1
4,0,genetico,Brats18_CBICA_AZD_1,-0.366971797972708,448.0,430.0,1,2
4,0,genetico,Brats18_TCIA01_231_1,0.27699258872742794,1561.0,332.0,2,0
4,0,genetico,Brats18_TCIA02_151_1,-1.3227633414497162,1731.0,660.0,2,2
4,0,genetico,Brats18_TCIA02_198_1,-0.5507810534671558,394.0,467.0,1,2
4,0,genetico,Brats18_TCIA02_321_1,0.348752308422979,67.0,327.0,0,0
4,0,genetico,Brats18_TCIA02_377_1,-0.01591445025852667,812.0,362.0,2,1
4,0,genetico,Brats18_TCIA02_455_1,-0.833322243922289,424.0,515.0,1,2
4,0,genetico,Brats18_TCIA02_473_1,1.0209256038283068,175.0,187.0,0,0
4,0,genetico,Brats18_TCIA02_491_1,1.6791778860029947,82.0,104.0,0,0
4,0,genetico,Brats18_TCIA03_121_1,-1.26466816368397,747.0,634.0,2,2
4,0,genetico,Brats18_TCIA03_199_1,-0.5537191328454398,1282.0,467.0,2,2
4,0,genetico,Brats18_TCIA06_165_1,-0.2732780703802438,5.0,401.0,0,1
4,0,genetico,Brats18_TCIA06_184_1,5.276308544481164,434.0,12.0,1,0
4,0,genetico,Brats18_TCIA06_247_1,1.3428097056528596,244.0,127.0,0,0
4,0,genetico,Brats18_TCIA06_372_1,1.4682473959563853,213.0,114.0,0,0
4,0,genetico,Brats18_TCIA08_167_1,1.9735572214649584,153.0,85.0,0,0
4,0,genetico,Brats18_TCIA08_242_1,1.021407907132012,147.0,187.0,0,0
4,1,edad,Brats18_2013_27_1,0.21298527968026013,120.0,345.0,0,0
4,1,edad,Brats18_CBICA_AAB_1,-0.012383454612490803,289.0,375.0,0,1
4,1,edad,Brats18_CBICA_ABB_1,0.22709132855156766,465.0,336.0,2,0
4,1,edad,Brats18_CBICA_ABO_1,-0.1329856990851501,1155.0,394.0,2,1
4,1,edad,Brats18_CBICA_ALU_1,0.14973172861040118,495.0,350.0,2,0
4,1,edad,Brats18_CBICA_ALX_1,-0.03534678998438693,698.0,376.0,2,1
4,1,edad,Brats18_CBICA_ANP_1,0.021673855770243194,486.0,370.0,2,1
4,1,edad,Brats18_CBICA_AOP_1,0.2074084696613712,332.0,345.0,1,0
4,1,edad,Brats18_CBICA_AOZ_1,-0.42384467295800987,331.0,448.0,1,2
4,1,edad,Brats18_CBICA_APR_1,0.054448798073767644,23.0,362.0,0,1
4,1,edad,Brats18_CBICA_AQQ_1,0.27179527624309024,33.0,333.0,0,0
4,1,edad,Brats18_CBICA_AQU_1,0.35789287263096536,30.0,317.0,0,0
4,1,edad,Brats18_CBICA_AQV_1,-0.2241531227629242,84.0,424.0,0,2
4,1,edad,Brats18_CBICA_AQZ_1,0.07356502920803429,286.0,362.0,0,1
4,1,edad,Brats18_CBICA_ARZ_1,-0.18052278555632173,871.0,407.0,2,2
4,1,edad,Brats18_CBICA_ASG_1,-0.09448483419538663,208.0,387.0,0,1
4,1,edad,Brats18_CBICA_ASW_1,0.22309511174658833,239.0,336.0,0,0
4,1,edad,Brats18_CBICA_ATF_1,0.2340399741900766,152.0,336.0,0,0
4,1,edad,Brats18_CBICA_ATP_1,-0.2770284391452252,385.0,430.0,1,2
4,1,edad,Brats18_CBICA_AXJ_1,-0.9861481644347626,1767.0,616.0,2,2
4,1,edad,Brats18_CBICA_AXQ_1,0.1611537512694091,114.0,350.0,0,0
4,1,edad,Brats18_CBICA_AYA_1,0.41625553149174516,50.0,287.0,0,0
4,1,edad,Brats18_CBICA_AYW_1,-0.32817404974626624,734.0,438.0,2,2
4,1,edad,Brats18_TCIA01_203_1,-0.44591333292580587,268.0,453.0,0,2
4,1,edad,Brats18_TCIA01_335_1,-0.1909904877842901,355.0,407.0,1,2
4,1,edad,Brats18_TCIA01_460_1,-1.249659893455637,630.0,804.0,2,2
4,1,edad,Brats18_TCIA02_179_1,-0.4235166253098398,405.0,448.0,1,2
4,1,edad,Brats18_TCIA02_290_1,-0.5298338858303714,737.0,468.0,2,2
4,1,edad,Brats18_TCIA02_322_1,-0.10486306888294482,621.0,387.0,2,1
4,1,edad,Brats18_TCIA02_471_1,0.46927996044139614,111.0,265.0,0,0
4,1,edad,Brats18_TCIA03_419_1,0.28968878432508693,327.0,329.0,1,0
4,1,edad,Brats18_TCIA04_343_1,-0.2445218994629307,296.0,425.0,0,2
4,1,edad,Brats18_TCIA04_479_1,-0.13355232684107995,372.0,394.0,1,1
4,1,coxnet,Brats18_2013_27_1,0.1491191161704644,120.0,350.0,0,0
4,1,coxnet,Brats18_CBICA_AAB_1,0.055927049847878746,289.0,362.0,0,1
4,1,coxnet,Brats18_CBICA_ABB_1,0.308467024982256,465.0,322.0,2,0
4,1,coxnet,Brats18_CBICA_ABO_1,0.22207773823309362,1155.0,336.0,2,0
4,1,coxnet,Brats18_CBICA_ALU_1,0.1191900039971305,495.0,355.0,2,1
4,1,coxnet,Brats18_CBICA_ALX_1,-0.2627664607638426,698.0,424.0,2,2
4,1,coxnet,Brats18_CBICA_ANP_1,-0.005513006814280756,486.0,370.0,2,1
4,1,coxnet,Brats18_CBICA_AOP_1,0.07055668557418225,332.0,359.0,1,1
4,1,coxnet,Brats18_CBICA_AOZ_1,-0.43331229916384884,331.0,448.0,1,2
4,1,coxnet,Brats18_CBICA_APR_1,0.14882848441807603,23.0,350.0,0,0
4,1,coxnet,Brats18_CBICA_AQQ_1,0.5112850254342169,33.0,254.0,0,0
4,1,coxnet,Brats18_CBICA_AQU_1,0.5924008411821459,30.0,232.0,0,0
4,1,coxnet,Brats18_CBICA_AQV_1,-0.31042588080936334,84.0,430.0,0,2
4,1,coxnet,Brats18_CBICA_AQZ_1,0.24081989318155053,286.0,333.0,0,0
4,1,coxnet,Brats18_CBICA_ARZ_1,-0.05371729698275597,871.0,376.0,2,1
4,1,coxnet,Brats18_CBICA_ASG_1,0.25419182020049624,208.0,333.0,0,0
4,1,coxnet,Brats18_CBICA_ASW_1,0.2843647995816016,239.0,329.0,0,0
4,1,coxnet,Brats18_CBICA_ATF_1,0.2550163934194402,152.0,333.0,0,0
4,1,coxnet,Brats18_CBICA_ATP_1,-0.2232488956247395,385.0,421.0,1,2
4,1,coxnet,Brats18_CBICA_AXJ_1,-0.8726664967102634,1767.0,579.0,2,2
4,1,coxnet,Brats18_CBICA_AXQ_1,0.20363730659992077,114.0,345.0,0,0
4,1,coxnet,Brats18_CBICA_AYA_1,0.5491199161092318,50.0,244.0,0,0
4,1,coxnet,Brats18_CBICA_AYW_1,-0.18137399508656257,734.0,401.0,2,2
4,1,coxnet,Brats18_TCIA01_203_1,-0.2297057521987293,268.0,421.0,0,2
4,1,coxnet,Brats18_TCIA01_335_1,-0.21923802210899887,355.0,407.0,1,2
4,1,coxnet,Brats18_TCIA01_460_1,-1.0818540646499102,630.0,626.0,2,2
4,1,coxnet,Brats18_TCIA02_179_1,-0.3143580537182705,405.0,434.0,1,2
4,1,coxnet,Brats18_TCIA02_290_1,-0.2575884911926063,737.0,424.0,2,2
4,1,coxnet,Brats18_TCIA02_322_1,-0.3602644166174676,621.0,438.0,2,2
4,1,coxnet,Brats18_TCIA02_471_1,0.45516033341192125,111.0,265.0,0,0
4,1,coxnet,Brats18_TCIA03_419_1,0.30726535426089757,327.0,322.0,1,0
4,1,coxnet,Brats18_TCIA04_343_1,-0.19083335012973385,296.0,401.0,0,2
4,1,coxnet,Brats18_TCIA04_479_1,-0.2533235591416064,372.0,424.0,1,2
4,1,genetico,Brats18_2013_27_1,0.14336775654978834,120.0,355.0,0,1
4,1,genetico,Brats18_CBICA_AAB_1,0.1286729269385944,289.0,357.0,0,1
4,1,genetico,Brats18_CBICA_ABB_1,0.25237158199281373,465.0,336.0,2,0
4,1,genetico,Brats18_CBICA_ABO_1,0.9469547986918135,1155.0,180.0,2,0
4,1,genetico,Brats18_CBICA_ALU_1,0.06667753905579032,495.0,362.0,2,1
4,1,genetico,Brats18_CBICA_ALX_1,-0.12230565986266356,698.0,394.0,2,1
4,1,genetico,Brats18_CBICA_ANP_1,-0.07990821811805426,486.0,387.0,2,1
4,1,genetico,Brats18_CBICA_AOP_1,0.4112735732074354,332.0,291.0,1,0
4,1,genetico,Brats18_CBICA_AOZ_1,-0.8963206686081439,331.0,597.0,1,2
4,1,genetico,Brats18_CBICA_APR_1,-0.014384713226080537,23.0,376.0,0,1
4,1,genetico,Brats18_CBICA_AQQ_1,0.812698422609815,33.0,203.0,0,0
4,1,genetico,Brats18_CBICA_AQU_1,0.5622925642737896,30.0,254.0,0,0
4,1,genetico,Brats18_CBICA_AQV_1,-0.36327796557384584,84.0,439.0,0,2
4,1,genetico,Brats18_CBICA_AQZ_1,0.07533553532861037,286.0,362.0,0,1
4,1,genetico,Brats18_CBICA_ARZ_1,-0.5041631037910224,871.0,467.0,2,2
4,1,genetico,Brats18_CBICA_ASG_1,0.6305610886664493,208.0,232.0,0,0
4,1,genetico,Brats18_CBICA_ASW_1,0.22007136125591223,239.0,345.0,0,0
4,1,genetico,Brats18_CBICA_ATF_1,0.4100905325468444,152.0,291.0,0,0
4,1,genetico,Brats18_CBICA_ATP_1,-0.04798144419974015,385.0,382.0,1,1
4,1,genetico,Brats18_CBICA_AXJ_1,-0.8951721239920327,1767.0,597.0,2,2
4,1,genetico,Brats18_CBICA_AXQ_1,0.32506690841262315,114.0,322.0,0,0
4,1,genetico,Brats18_CBICA_AYA_1,0.6394834347531884,50.0,232.0,0,0
4,1,genetico,Brats18_CBICA_AYW_1,-0.4920108597929686,734.0,466.0,2,2
4,1,genetico,Brats18_TCIA01_203_1,-0.29545385900216664,268.0,434.0,0,2
4,1,genetico,Brats18_TCIA01_335_1,-0.15254649420035946,355.0,401.0,1,1
4,1,genetico,Brats18_TCIA01_460_1,-1.1983702806543952,630.0,726.0,2,2
4,1,genetico,Brats18_TCIA02_179_1,-0.7206451039877123,405.0,515.0,1,2
4,1,genetico,Brats18_TCIA02_290_1,-0.3957095857563967,737.0,448.0,2,2
4,1,genetico,Brats18_TCIA02_322_1,-0.3380191276588761,621.0,438.0,2,2
4,1,genetico,Brats18_TCIA02_471_1,0.2496176322906691,111.0,336.0,0,0
4,1,genetico,Brats18_TCIA03_419_1,0.5019482028840688,327.0,265.0,1,0
4,1,genetico,Brats18_TCIA04_343_1,-0.5863702526689049,296.0,476.0,0,2
4,1,genetico,Brats18_TCIA04_479_1,-0.35343108136893286,372.0,439.0,1,2
4,2,edad,Brats18_CBICA_ABM_1,0.3722503197526326,503.0,287.0,2,0
4,2,edad,Brats18_CBICA_ABY_1,-0.42712628118148754,515.0,448.0,2,2
4,2,edad,Brats18_CBICA_ALN_1,0.039439546469780005,421.0,355.0,1,1
4,2,edad,Brats18_CBICA_ANG_1,-0.1528634900881937,368.0,387.0,1,2
4,2,edad,Brats18_CBICA_AOD_1,0.02604548970778349,55.0,355.0,0,1
4,2,edad,Brats18_CBICA_AOO_1,-0.5831429257360465,350.0,486.0,1,2
4,2,edad,Brats18_CBICA_APY_1,-0.5317186524060539,203.0,466.0,0,2
4,2,edad,Brats18_CBICA_APZ_1,0.006826316847079165,336.0,359.0,1,1
4,2,edad,Brats18_CBICA_AQA_1,0.6117479275052315,106.0,239.0,0,0
4,2,edad,Brats18_CBICA_AQO_1,0.29611568131601995,473.0,296.0,2,0
4,2,edad,Brats18_CBICA_ASA_1,0.14414322564527726,210.0,332.0,0,0
4,2,edad,Brats18_CBICA_ASU_1,0.7942187617309914,85.0,199.0,0,0
4,2,edad,Brats18_CBICA_ASY_1,0.24602710339719625,610.0,318.0,2,0
4,2,edad,Brats18_CBICA_ATB_1,0.4172929372292639,208.0,269.0,0,0
4,2,edad,Brats18_CBICA_ATX_1,-0.8568862797249969,1592.0,614.0,2,2
4,2,edad,Brats18_CBICA_AUN_1,0.3200097881158147,376.0,291.0,1,0
4,2,edad,Brats18_CBICA_AUQ_1,0.03476461253068986,1337.0,355.0,2,1
4,2,edad,Brats18_CBICA_AWG_1,-0.16128579170861831,180.0,387.0,0,2
4,2,edad,Brats18_CBICA_AWH_1,-0.2639859277673623,139.0,407.0,0,2
4,2,edad,Brats18_CBICA_AXN_1,0.9603273271699357,345.0,172.0,1,0
4,2,edad,Brats18_CBICA_BHB_1,-0.15894832473907308,510.0,387.0,2,2
4,2,edad,Brats18_TCIA01_190_1,0.06110749425096025,322.0,355.0,1,1
4,2,edad,Brats18_TCIA01_401_1,0.7017218545075633,448.0,213.0,1,0
4,2,edad,Brats18_TCIA01_429_1,-0.1815438387780093,86.0,394.0,0,2
4,2,edad,Brats18_TCIA02_274_1,-0.1822487891339038,357.0,394.0,1,2
4,2,edad,Brats18_TCIA02_394_1,0.16206380574512305,616.0,331.0,2,0
4,2,edad,Brats18_TCIA03_133_1,0.14406902034465668,382.0,332.0,1,0
4,2,edad,Brats18_TCIA03_338_1,0.6138998812232251,468.0,239.0,2,0
4,2,edad,Brats18_TCIA03_474_1,0.05672938151435187,635.0,355.0,2,1
4,2,edad,Brats18_TCIA04_149_1,-0.8543632995039007,448.0,614.0,1,2
4,2,edad,Brats18_TCIA04_192_1,0.5967213541295843,121.0,239.0,0,0
4,2,edad,Brats18_TCIA06_409_1,0.3482820076522176,99.0,289.0,0,0
4,2,edad,Brats18_TCIA08_469_1,0.1491520834371596,519.0,331.0,2,0
4,2,coxnet,Brats18_CBICA_ABM_1,0.37225030871690223,503.0,287.0,2,0
4,2,coxnet,Brats18_CBICA_ABY_1,-0.4271255837782662,515.0,448.0,2,2
4,2,coxnet,Brats18_CBICA_ALN_1,0.039439836609474026,421.0,355.0,1,1
4,2,coxnet,Brats18_CBICA_ANG_1,-0.15286318496804735,368.0,387.0,1,2
4,2,coxnet,Brats18_CBICA_AOD_1,0.026045735537718648,55.0,355.0,0,1
4,2,coxnet,Brats18_CBICA_AOO_1,-0.583142106799777,350.0,486.0,1,2
4,2,coxnet,Brats18_CBICA_APY_1,-0.5317179294202712,203.0,466.0,0,2
4,2,coxnet,Brats18_CBICA_APZ_1,0.006826604157922178,336.0,359.0,1,1
4,2,coxnet,Brats18_CBICA_AQA_1,0.6117476901495473,106.0,239.0,0,0
4,2,coxnet,Brats18_CBICA_AQO_1,0.29611562916235007,473.0,296.0,2,0
4,2,coxnet,Brats18_CBICA_ASA_1,0.1441433909285954,210.0,332.0,0,0
4,2,coxnet,Brats18_CBICA_ASU_1,0.7942183536180938,85.0,199.0,0,0
4,2,coxnet,Brats18_CBICA_ASY_1,0.24602712259131215,610.0,318.0,2,0
4,2,coxnet,Brats18_CBICA_ATB_1,0.417292682796817,208.0,269.0,0,0
4,2,coxnet,Brats18_CBICA_ATX_1,-0.8568852206465901,1592.0,614.0,2,2
4,2,coxnet,Brats18_CBICA_AUN_1,0.32000972550482826,376.0,291.0,1,0
4,2,coxnet,Brats18_CBICA_AUQ_1,0.03476479977978304,1337.0,355.0,2,1
4,2,coxnet,Brats18_CBICA_AWG_1,-0.16128533918072446,180.0,387.0,0,2
4,2,coxnet,Brats18_CBICA_AWH_1,-0.26398539912331487,139.0,407.0,0,2
4,2,coxnet,Brats18_CBICA_AXN_1,0.9603267144418669,345.0,172.0,1,0
4,2,coxnet,Brats18_CBICA_BHB_1,-0.15894793891475795,510.0,387.0,2,2
4,2,coxnet,Brats18_TCIA01_190_1,0.06110743189058812,322.0,355.0,1,1
4,2,coxnet,Brats18_TCIA01_401_1,0.7017206433584431,448.0,213.0,1,0
4,2,coxnet,Brats18_TCIA01_429_1,-0.18154349115286053,86.0,394.0,0,2
4,2,coxnet,Brats18_TCIA02_274_1,-0.18224857232068928,357.0,394.0,1,2
4,2,coxnet,Brats18_TCIA02_394_1,0.16206377882591244,616.0,331.0,2,0
4,2,coxnet,Brats18_TCIA03_133_1,0.14406907854467188,382.0,332.0,1,0
4,2,coxnet,Brats18_TCIA03_338_1,0.6138993529313178,468.0,239.0,2,0
4,2,coxnet,Brats18_TCIA03_474_1,0.056729589246675934,635.0,355.0,2,1
4,2,coxnet,Brats18_TCIA04_149_1,-0.8543624940960893,448.0,614.0,1,2
4,2,coxnet,Brats18_TCIA04_192_1,0.5967192892476567,121.0,239.0,0,0
4,2,coxnet,Brats18_TCIA06_409_1,0.3482818504764219,99.0,289.0,0,0
4,2,coxnet,Brats18_TCIA08_469_1,0.14915175163064134,519.0,331.0,2,0
4,2,genetico,Brats18_CBICA_ABM_1,-0.021195553379276894,503.0,370.0,2,1
4,2,genetico,Brats18_CBICA_ABY_1,-0.37402990159406946,515.0,434.0,2,2
4,2,genetico,Brats18_CBICA_ALN_1,0.028685032458424797,421.0,359.0,1,1
4,2,genetico,Brats18_CBICA_ANG_1,-0.5201551176813471,368.0,464.0,1,2
4,2,genetico,Brats18_CBICA_AOD_1,1.1023305105705317,55.0,169.0,0,0
4,2,genetico,Brats18_CBICA_AOO_1,-0.6630153639093357,350.0,486.0,1,2
4,2,genetico,Brats18_CBICA_APY_1,-0.7203567835944378,203.0,495.0,0,2
4,2,genetico,Brats18_CBICA_APZ_1,-0.08067981357046347,336.0,375.0,1,1
4,2,genetico,Brats18_CBICA_AQA_1,0.8166941990936013,106.0,209.0,0,0
4,2,genetico,Brats18_CBICA_AQO_1,0.1329697679294114,473.0,333.0,2,1
4,2,genetico,Brats18_CBICA_ASA_1,1.1504939968483718,210.0,168.0,0,0
4,2,genetico,Brats18_CBICA_ASU_1,0.9735249917703788,85.0,175.0,0,0
4,2,genetico,Brats18_CBICA_ASY_1,-0.08661845235095361,610.0,385.0,2,1
4,2,genetico,Brats18_CBICA_ATB_1,1.8119135744129111,208.0,89.0,0,0
4,2,genetico,Brats18_CBICA_ATX_1,-1.9060290113139993,1592.0,1283.0,2,2
4,2,genetico,Brats18_CBICA_AUN_1,0.7279974435176262,376.0,229.0,1,0
4,2,genetico,Brats18_CBICA_AUQ_1,-0.3198670808547055,1337.0,425.0,2,2
4,2,genetico,Brats18_CBICA_AWG_1,-0.027392082909196314,180.0,370.0,0,1
4,2,genetico,Brats18_CBICA_AWH_1,-0.2622942404489786,139.0,407.0,0,1
4,2,genetico,Brats18_CBICA_AXN_1,1.5939185228914594,345.0,110.0,1,0
4,2,genetico,Brats18_CBICA_BHB_1,0.8386762539864319,510.0,208.0,2,0
4,2,genetico,Brats18_TCIA01_190_1,-0.6007092700047555,322.0,467.0,1,2
4,2,genetico,Brats18_TCIA01_401_1,0.4843241446076236,448.0,269.0,1,0
4,2,genetico,Brats18_TCIA01_429_1,-0.30194087319640844,86.0,424.0,0,2
4,2,genetico,Brats18_TCIA02_274_1,-0.13974156288283646,357.0,387.0,1,1
4,2,genetico,Brats18_TCIA02_394_1,0.9088430345872671,616.0,191.0,2,0
4,2,genetico,Brats18_TCIA03_133_1,-0.5486892536188683,382.0,465.0,1,2
4,2,genetico,Brats18_TCIA03_338_1,1.0458048517017169,468.0,172.0,2,0
4,2,genetico,Brats18_TCIA03_474_1,0.4125746464290146,635.0,287.0,2,0
4,2,genetico,Brats18_TCIA04_149_1,-1.0665116189404469,448.0,626.0,1,2
4,2,genetico,Brats18_TCIA04_192_1,-0.3817126476392273,121.0,434.0,0,2
4,2,genetico,Brats18_TCIA06_409_1,0.013539715640023764,99.0,362.0,0,1
4,2,genetico,Brats18_TCIA08_469_1,0.5094001849271594,519.0,268.0,2,0
4,3,edad,Brats18_CBICA_AAG_1,-0.27921680508010205,616.0,421.0,2,2
4,3,edad,Brats18_CBICA_ABN_1,0.2749306991514712,1278.0,329.0,2,0
4,3,edad,Brats18_CBICA_ANI_1,-0.07186976426944888,439.0,376.0,1,1
4,3,edad,Brats18_CBICA_AQD_1,0.4392519319940756,32.0,286.0,0,0
4,3,edad,Brats18_CBICA_AQN_1,0.0987808277838891,488.0,355.0,2,1
4,3,edad,Brats18_CBICA_AQT_1,0.5410058926387694,172.0,254.0,0,0
4,3,edad,Brats18_CBICA_AQY_1,-0.0905465619404668,229.0,382.0,0,1
4,3,edad,Brats18_CBICA_ASE_1,-0.4676795282456146,318.0,464.0,1,2
4,3,edad,Brats18_CBICA_ASH_1,-0.47611867385992634,660.0,464.0,2,2
4,3,edad,Brats18_CBICA_ATD_1,0.30581658863335837,355.0,327.0,1,0
4,3,edad,Brats18_CBICA_ATV_1,0.0630528055724788,453.0,359.0,2,1
4,3,edad,Brats18_CBICA_AUR_1,0.34296266400127173,12.0,296.0,0,0
4,3,edad,Brats18_CBICA_AWI_1,-0.4767758204446472,375.0,464.0,1,2
4,3,edad,Brats18_CBICA_AYU_1,0.11915237191024011,58.0,350.0,0,1
4,3,edad,Brats18_TCIA01_150_1,-0.3189222934621919,1489.0,430.0,2,2
4,3,edad,Brats18_TCIA01_235_1,-0.08172696304026404,804.0,382.0,2,1
4,3,edad,Brats18_TCIA01_411_1,-0.6029133780487258,822.0,476.0,2,2
4,3,edad,Brats18_TCIA01_412_1,0.29132477710714266,291.0,327.0,0,0
4,3,edad,Brats18_TCIA01_448_1,-0.5494769847122025,199.0,468.0,0,2
4,3,edad,Brats18_TCIA01_499_1,-0.35465031567360217,600.0,434.0,2,2
4,3,edad,Brats18_TCIA02_283_1,0.5015079242308019,262.0,268.0,0,0
4,3,edad,Brats18_TCIA02_368_1,0.07699123050103474,317.0,357.0,1,1
4,3,edad,Brats18_TCIA02_430_1,-0.22377438532706165,71.0,401.0,0,2
4,3,edad,Brats18_TCIA03_138_1,0.39906223033903304,82.0,287.0,0,0
4,3,edad,Brats18_TCIA03_257_1,0.31093541466171126,425.0,327.0,1,0
4,3,edad,Brats18_TCIA03_265_1,-0.026007849988393682,103.0,370.0,0,1
4,3,edad,Brats18_TCIA03_375_1,-0.011619798449239225,946.0,370.0,2,1
4,3,edad,Brats18_TCIA04_111_1,0.5162764290558479,626.0,265.0,2,0
4,3,edad,Brats18_TCIA05_478_1,-0.03738686190277316,30.0,372.0,0,1
4,3,edad,Brats18_TCIA08_105_1,0.21758601296897534,77.0,332.0,0,0
4,3,edad,Brats18_TCIA08_218_1,-0.10344738699841084,346.0,385.0,1,1
4,3,edad,Brats18_TCIA08_278_1,-0.3401585041473865,1458.0,434.0,2,2
4,3,coxnet,Brats18_CBICA_AAG_1,-0.26873891130665484,616.0,407.0,2,2
4,3,coxnet,Brats18_CBICA_ABN_1,0.2195420181442643,1278.0,332.0,2,0
4,3,coxnet,Brats18_CBICA_ANI_1,-0.05115163682460135,439.0,372.0,1,1
4,3,coxnet,Brats18_CBICA_AQD_1,0.43101926456015865,32.0,286.0,0,0
4,3,coxnet,Brats18_CBICA_AQN_1,0.12229749680090739,488.0,350.0,2,1
4,3,coxnet,Brats18_CBICA_AQT_1,0.5286433816493415,172.0,265.0,0,0
4,3,coxnet,Brats18_CBICA_AQY_1,-0.07461044920152306,229.0,376.0,0,1
4,3,coxnet,Brats18_CBICA_ASE_1,-0.5108413030562878,318.0,466.0,1,2
4,3,coxnet,Brats18_CBICA_ASH_1,-0.6008555864645658,660.0,476.0,2,2
4,3,coxnet,Brats18_CBICA_ATD_1,0.26448543902416166,355.0,329.0,1,0
4,3,coxnet,Brats18_CBICA_ATV_1,0.048621190070211165,453.0,359.0,2,1
4,3,coxnet,Brats18_CBICA_AUR_1,0.34031676257565996,12.0,296.0,0,0
4,3,coxnet,Brats18_CBICA_AWI_1,-0.45755860669205883,375.0,448.0,1,2
4,3,coxnet,Brats18_CBICA_AYU_1,0.06676003989699143,58.0,357.0,0,1
4,3,coxnet,Brats18_TCIA01_150_1,-0.2853488688289649,1489.0,421.0,2,2
4,3,coxnet,Brats18_TCIA01_235_1,-0.060944795720257884,804.0,376.0,2,1
4,3,coxnet,Brats18_TCIA01_411_1,-0.6011660965109518,822.0,476.0,2,2
4,3,coxnet,Brats18_TCIA01_412_1,0.30294761606963905,291.0,327.0,0,0
4,3,coxnet,Brats18_TCIA01_448_1,-0.5157344217315833,199.0,466.0,0,2
4,3,coxnet,Brats18_TCIA01_499_1,-0.33036546607697537,600.0,430.0,2,2
4,3,coxnet,Brats18_TCIA02_283_1,0.5058302656845652,262.0,265.0,0,0
4,3,coxnet,Brats18_TCIA02_368_1,0.08335997071206466,317.0,357.0,1,1
4,3,coxnet,Brats18_TCIA02_430_1,-0.20358110613974437,71.0,394.0,0,2
4,3,coxnet,Brats18_TCIA03_138_1,0.4143817096980817,82.0,287.0,0,0
4,3,coxnet,Brats18_TCIA03_257_1,0.28832186784350533,425.0,327.0,1,0
4,3,coxnet,Brats18_TCIA03_265_1,-0.01974077361668637,103.0,370.0,0,1
4,3,coxnet,Brats18_TCIA03_375_1,-0.011700805448278142,946.0,370.0,2,1
4,3,coxnet,Brats18_TCIA04_111_1,0.5245216672963242,626.0,265.0,2,0
4,3,coxnet,Brats18_TCIA05_478_1,-0.02499398639317012,30.0,370.0,0,1
4,3,coxnet,Brats18_TCIA08_105_1,0.24068506571835835,77.0,331.0,0,0
4,3,coxnet,Brats18_TCIA08_218_1,-0.10077188338030481,346.0,385.0,1,1
4,3,coxnet,Brats18_TCIA08_278_1,-0.3214166853193553,1458.0,430.0,2,2
4,3,genetico,Brats18_CBICA_AAG_1,-0.6324990763981175,616.0,467.0,2,2
4,3,genetico,Brats18_CBICA_ABN_1,-0.07779909063073802,1278.0,382.0,2,1
4,3,genetico,Brats18_CBICA_ANI_1,0.37111817086128424,439.0,327.0,1,0
4,3,genetico,Brats18_CBICA_AQD_1,0.5962206486520234,32.0,265.0,0,0
4,3,genetico,Brats18_CBICA_AQN_1,0.805371392412544,488.0,210.0,2,0
4,3,genetico,Brats18_CBICA_AQT_1,1.6579464389035212,172.0,114.0,0,0
4,3,genetico,Brats18_CBICA_AQY_1,0.6865036368104113,229.0,244.0,0,0
4,3,genetico,Brats18_CBICA_ASE_1,-1.0104051113403383,318.0,576.0,1,2
4,3,genetico,Brats18_CBICA_ASH_1,-1.4094714292706962,660.0,734.0,2,2
4,3,genetico,Brats18_CBICA_ATD_1,-0.609634399546331,355.0,467.0,1,2
4,3,genetico,Brats18_CBICA_ATV_1,-0.1144020558504306,453.0,385.0,2,1
4,3,genetico,Brats18_CBICA_AUR_1,1.0361052707249643,12.0,187.0,0,0
4,3,genetico,Brats18_CBICA_AWI_1,-0.2875546975877137,375.0,407.0,1,2
4,3,genetico,Brats18_CBICA_AYU_1,0.11662466035300091,58.0,355.0,0,1
4,3,genetico,Brats18_TCIA01_150_1,0.01569381133818941,1489.0,368.0,2,1
4,3,genetico,Brats18_TCIA01_235_1,-0.6090752537800082,804.0,467.0,2,2
4,3,genetico,Brats18_TCIA01_411_1,-0.8908034864619461,822.0,515.0,2,2
4,3,genetico,Brats18_TCIA01_412_1,0.1109485880033998,291.0,357.0,0,1
4,3,genetico,Brats18_TCIA01_448_1,-0.37749034344384597,199.0,430.0,0,2
4,3,genetico,Brats18_TCIA01_499_1,-0.5094744462147939,600.0,448.0,2,2
4,3,genetico,Brats18_TCIA02_283_1,1.2725824973089852,262.0,153.0,0,0
4,3,genetico,Brats18_TCIA02_368_1,0.793664618345897,317.0,210.0,1,0
4,3,genetico,Brats18_TCIA02_430_1,-0.5720798345206992,71.0,465.0,0,2
4,3,genetico,Brats18_TCIA03_138_1,1.0860394484066604,82.0,175.0,0,0
4,3,genetico,Brats18_TCIA03_257_1,0.4656605594379663,425.0,289.0,1,0
4,3,genetico,Brats18_TCIA03_265_1,0.12130480102451786,103.0,355.0,0,1
4,3,genetico,Brats18_TCIA03_375_1,-0.4283868829632928,946.0,436.0,2,2
4,3,genetico,Brats18_TCIA04_111_1,0.769540013718618,626.0,213.0,2,0
4,3,genetico,Brats18_TCIA05_478_1,-0.24307942779033484,30.0,401.0,0,1
4,3,genetico,Brats18_TCIA08_105_1,1.2731655495521783,77.0,153.0,0,0
4,3,genetico,Brats18_TCIA08_218_1,-0.980358109872648,346.0,558.0,1,2
4,3,genetico,Brats18_TCIA08_278_1,-0.5240768074750622,1458.0,448.0,2,2
4,4,edad,Brats18_CBICA_AAP_1,-0.7916338106496646,788.0,600.0,2,2
4,4,edad,Brats18_CBICA_AME_1,-0.31744349564971575,359.0,434.0,1,2
4,4,edad,Brats18_CBICA_AMH_1,0.08988246575873539,169.0,346.0,0,1
4,4,edad,Brats18_CBICA_AOH_1,-0.1232523410701536,576.0,382.0,2,1
4,4,edad,Brats18_CBICA_AQP_1,-0.5151912647820173,1283.0,466.0,2,2
4,4,edad,Brats18_CBICA_ASK_1,0.6410828453374698,522.0,213.0,2,0
4,4,edad,Brats18_CBICA_ASV_1,-0.20449290506430248,597.0,405.0,2,2
4,4,edad,Brats18_CBICA_AXL_1,0.539738049608363,168.0,262.0,0,0
4,4,edad,Brats18_CBICA_AXO_1,-0.14646393078276745,394.0,385.0,1,1
4,4,edad,Brats18_CBICA_AYI_1,0.21369009024198465,387.0,327.0,1,0
4,4,edad,Brats18_CBICA_AZH_1,-0.19835306520483678,401.0,394.0,1,2
4,4,edad,Brats18_CBICA_BHM_1,0.06801864577137014,436.0,350.0,1,1
4,4,edad,Brats18_TCIA01_147_1,0.04503168434629744,209.0,355.0,0,1
4,4,edad,Brats18_TCIA01_186_1,-0.9855628988937619,370.0,630.0,1,2
4,4,edad,Brats18_TCIA01_201_1,0.019311745422804335,430.0,355.0,1,1
4,4,edad,Brats18_TCIA01_378_1,0.5215805963654312,110.0,262.0,0,0
4,4,edad,Brats18_TCIA01_390_1,0.1258604298132872,634.0,336.0,2,1
4,4,edad,Brats18_TCIA01_425_1,-0.14994566923965966,558.0,385.0,2,1
4,4,edad,Brats18_TCIA02_118_1,-0.4826576011364342,104.0,464.0,0,2
4,4,edad,Brats18_TCIA02_135_1,0.34258928924283916,828.0,291.0,2,0
4,4,edad,Brats18_TCIA02_226_1,0.5003532231927668,329.0,265.0,1,0
4,4,edad,Brats18_TCIA02_300_1,0.1559231822959145,127.0,332.0,0,0
4,4,edad,Brats18_TCIA02_314_1,-0.7435259190678759,362.0,519.0,1,2
4,4,edad,Brats18_TCIA02_331_1,0.922130271099716,187.0,175.0,0,0
4,4,edad,Brats18_TCIA03_296_1,0.00800545494988594,22.0,355.0,0,1
4,4,edad,Brats18_TCIA03_498_1,-0.03486110992260284,467.0,368.0,2,1
4,4,edad,Brats18_TCIA04_361_1,0.5900173479697189,476.0,239.0,2,0
4,4,edad,Brats18_TCIA04_437_1,-0.49643480277230806,333.0,465.0,1,2
4,4,edad,Brats18_TCIA05_277_1,0.38013965131018074,232.0,287.0,0,0
4,4,edad,Brats18_TCIA08_280_1,-0.10674216193585874,508.0,376.0,2,1
4,4,edad,Brats18_TCIA08_319_1,0.17396832139507568,254.0,331.0,0,0
4,4,edad,Brats18_TCIA08_406_1,0.6937956168138576,82.0,210.0,0,0
4,4,coxnet,Brats18_CBICA_AAP_1,-0.8052163140358952,788.0,579.0,2,2
4,4,coxnet,Brats18_CBICA_AME_1,-0.27215515653878614,359.0,421.0,1,2
4,4,coxnet,Brats18_CBICA_AMH_1,0.08382572053143308,169.0,346.0,0,1
4,4,coxnet,Brats18_CBICA_AOH_1,-0.15011992173372266,576.0,385.0,2,1
4,4,coxnet,Brats18_CBICA_AQP_1,-0.4993942298743952,1283.0,464.0,2,2
4,4,coxnet,Brats18_CBICA_ASK_1,0.6935546260125568,522.0,210.0,2,0
4,4,coxnet,Brats18_CBICA_ASV_1,-0.16714351037670233,597.0,385.0,2,2
4,4,coxnet,Brats18_CBICA_AXL_1,0.6328097540683882,168.0,213.0,0,0
4,4,coxnet,Brats18_CBICA_AXO_1,-0.1489872864568545,394.0,385.0,1,1
4,4,coxnet,Brats18_CBICA_AYI_1,0.3175573682487855,387.0,296.0,1,0
4,4,coxnet,Brats18_CBICA_AZH_1,-0.29192860652279534,401.0,424.0,1,2
4,4,coxnet,Brats18_CBICA_BHM_1,0.11045937652672676,436.0,345.0,1,1
4,4,coxnet,Brats18_TCIA01_147_1,0.06853469277306015,209.0,346.0,0,1
4,4,coxnet,Brats18_TCIA01_186_1,-1.0174406311707518,370.0,630.0,1,2
4,4,coxnet,Brats18_TCIA01_201_1,0.032273505216076165,430.0,355.0,1,1
4,4,coxnet,Brats18_TCIA01_378_1,0.5158876083772106,110.0,262.0,0,0
4,4,coxnet,Brats18_TCIA01_390_1,0.10006535630764973,634.0,345.0,2,1
4,4,coxnet,Brats18_TCIA01_425_1,-0.2719287846939333,558.0,421.0,2,2
4,4,coxnet,Brats18_TCIA02_118_1,-0.37457623402576934,104.0,439.0,0,2
4,4,coxnet,Brats18_TCIA02_135_1,0.35540561793106323,828.0,289.0,2,0
4,4,coxnet,Brats18_TCIA02_226_1,0.5320852131396575,329.0,262.0,1,0
4,4,coxnet,Brats18_TCIA02_300_1,0.13565984504977197,127.0,336.0,0,1
4,4,coxnet,Brats18_TCIA02_314_1,-0.6156639077111186,362.0,486.0,1,2
4,4,coxnet,Brats18_TCIA02_331_1,0.9808353984499916,187.0,170.0,0,0
4,4,coxnet,Brats18_TCIA03_296_1,0.027549866416899823,22.0,355.0,0,1
4,4,coxnet,Brats18_TCIA03_498_1,-0.06596137260628099,467.0,372.0,2,1
4,4,coxnet,Brats18_TCIA04_361_1,0.5991354516246707,476.0,239.0,2,0
4,4,coxnet,Brats18_TCIA04_437_1,-0.5767504588332883,333.0,473.0,1,2
4,4,coxnet,Brats18_TCIA05_277_1,0.3031348664948316,232.0,296.0,0,0
4,4,coxnet,Brats18_TCIA08_280_1,-0.5405620222485469,508.0,466.0,2,2
4,4,coxnet,Brats18_TCIA08_319_1,0.19012938381134759,254.0,327.0,0,0
4,4,coxnet,Brats18_TCIA08_406_1,0.6858874398690894,82.0,210.0,0,0
4,4,genetico,Brats18_CBICA_AAP_1,-0.5651568566136276,788.0,468.0,2,2
4,4,genetico,Brats18_CBICA_AME_1,0.12096324326381577,359.0,345.0,1,1
4,4,genetico,Brats18_CBICA_AMH_1,-0.07764699011144346,169.0,372.0,0,1
4,4,genetico,Brats18_CBICA_AOH_1,-0.6839154055366223,576.0,495.0,2,2
4,4,genetico,Brats18_CBICA_AQP_1,0.26898710250137603,1283.0,318.0,2,0
4,4,genetico,Brats18_CBICA_ASK_1,0.7233364451540204,522.0,210.0,2,0
4,4,genetico,Brats18_CBICA_ASV_1,-0.49848995721263345,597.0,464.0,2,2
4,4,genetico,Brats18_CBICA_AXL_1,0.7712483018905402,168.0,208.0,0,0
4,4,genetico,Brats18_CBICA_AXO_1,-0.30010875175061247,394.0,424.0,1,2
4,4,genetico,Brats18_CBICA_AYI_1,0.15032401842817283,387.0,332.0,1,1
4,4,genetico,Brats18_CBICA_AZH_1,-0.7930564922850198,401.0,515.0,1,2
4,4,genetico,Brats18_CBICA_BHM_1,0.9211982760855383,436.0,180.0,1,0
4,4,genetico,Brats18_TCIA01_147_1,-0.003120242652208796,209.0,355.0,0,1
4,4,genetico,Brats18_TCIA01_186_1,-1.3301037392896953,370.0,747.0,1,2
4,4,genetico,Brats18_TCIA01_201_1,0.30616438763211923,430.0,317.0,1,0
4,4,genetico,Brats18_TCIA01_378_1,1.376946824179448,110.0,114.0,0,0
4,4,genetico,Brats18_TCIA01_390_1,-0.14302789762787776,634.0,382.0,2,1
4,4,genetico,Brats18_TCIA01_425_1,-1.7041484363278956,558.0,1282.0,2,2
4,4,genetico,Brats18_TCIA02_118_1,0.4046356707126971,104.0,287.0,0,0
4,4,genetico,Brats18_TCIA02_135_1,0.4494146185044494,828.0,269.0,2,0
4,4,genetico,Brats18_TCIA02_226_1,0.1941837940340621,329.0,331.0,1,1
4,4,genetico,Brats18_TCIA02_300_1,-0.6251693054418682,127.0,486.0,0,2
4,4,genetico,Brats18_TCIA02_314_1,-0.4823674933246308,362.0,453.0,1,2
4,4,genetico,Brats18_TCIA02_331_1,0.7268383597669598,187.0,210.0,0,0
4,4,genetico,Brats18_TCIA03_296_1,-0.033222434436256616,22.0,368.0,0,1
4,4,genetico,Brats18_TCIA03_498_1,-0.17276438984929865,467.0,385.0,2,1
4,4,genetico,Brats18_TCIA04_361_1,0.67200465166514,476.0,213.0,2,0
4,4,genetico,Brats18_TCIA04_437_1,-1.4536617612186111,333.0,822.0,1,2
4,4,genetico,Brats18_TCIA05_277_1,0.7492914609091791,232.0,208.0,0,0
4,4,genetico,Brats18_TCIA08_280_1,-1.1888502351540218,508.0,698.0,2,2
4,4,genetico,Brats18_TCIA08_319_1,-0.07282405011848281,254.0,372.0,0,1
4,4,genetico,Brats18_TCIA08_406_1,-0.1382953850460767,82.0,382.0,0,1
5,0,edad,Brats18_CBICA_ABB_1,0.28385184434099786,465.0,322.0,2,0
5,0,edad,Brats18_CBICA_ABN_1,0.2769855525035193,1278.0,327.0,2,0
5,0,edad,Brats18_CBICA_ANG_1,-0.13651046459387228,368.0,385.0,1,2
5,0,edad,Brats18_CBICA_ANP_1,0.05647194926141675,486.0,355.0,2,1
5,0,edad,Brats18_CBICA_ANZ_1,0.26919495214945727,287.0,327.0,0,0
5,0,edad,Brats18_CBICA_AQJ_1,0.20399819071185932,170.0,332.0,0,0
5,0,edad,Brats18_CBICA_AQN_1,0.10886043554064091,488.0,346.0,2,1
5,0,edad,Brats18_CBICA_AQR_1,0.3788245444199696,89.0,291.0,0,0
5,0,edad,Brats18_CBICA_AQT_1,0.5309393174348807,172.0,254.0,0,0
5,0,edad,Brats18_CBICA_ARZ_1,-0.16734275582562724,871.0,387.0,2,2
5,0,edad,Brats18_CBICA_ASA_1,0.1277427380937073,210.0,346.0,0,1
5,0,edad,Brats18_CBICA_ASH_1,-0.43984871312556095,660.0,453.0,2,2
5,0,edad,Brats18_CBICA_ASU_1,0.7061287923459344,85.0,208.0,0,0
5,0,edad,Brats18_CBICA_ASV_1,-0.16978557119088425,597.0,394.0,2,2
5,0,edad,Brats18_CBICA_ASW_1,0.27942836786877606,239.0,327.0,0,0
5,0,edad,Brats18_CBICA_AVG_1,0.11437327562169353,579.0,346.0,2,1
5,0,edad,Brats18_CBICA_AVV_1,0.4092937144487811,387.0,289.0,1,0
5,0,edad,Brats18_CBICA_AWI_1,-0.44047592247609985,375.0,453.0,1,2
5,0,edad,Brats18_CBICA_AXW_1,0.6376639400818446,191.0,229.0,0,0
5,0,edad,Brats18_CBICA_AZH_1,-0.16437176416517987,401.0,387.0,1,2
5,0,edad,Brats18_CBICA_BHM_1,0.07050163210241892,436.0,355.0,1,1
5,0,edad,Brats18_TCIA01_201_1,0.02755429709972793,430.0,357.0,1,1
5,0,edad,Brats18_TCIA01_203_1,-0.46110780900698517,268.0,464.0,0,2
5,0,edad,Brats18_TCIA02_151_1,-0.39353425424102956,1731.0,448.0,2,2
5,0,edad,Brats18_TCIA02_226_1,0.45171287315628134,329.0,269.0,1,0
5,0,edad,Brats18_TCIA02_300_1,0.14801150342164895,127.0,345.0,0,0
5,0,edad,Brats18_TCIA02_377_1,0.12767671605680836,812.0,346.0,2,1
5,0,edad,Brats18_TCIA03_138_1,0.39546209771847524,82.0,289.0,0,0
5,0,edad,Brats18_TCIA04_149_1,-0.7606497904169911,448.0,558.0,1,2
5,0,edad,Brats18_TCIA04_343_1,-0.2381844014180752,296.0,407.0,0,2
5,0,edad,Brats18_TCIA06_165_1,-0.26865357144688673,5.0,421.0,0,2
5,0,edad,Brats18_TCIA06_372_1,0.482842263554081,213.0,265.0,0,0
5,0,edad,Brats18_TCIA08_280_1,-0.0835938020194575,508.0,376.0,2,1
5,0,coxnet,Brats18_CBICA_ABB_1,0.2838506063721987,465.0,322.0,2,0
5,0,coxnet,Brats18_CBICA_ABN_1,0.2769843444808179,1278.0,327.0,2,0
5,0,coxnet,Brats18_CBICA_ANG_1,-0.1365098692280175,368.0,385.0,1,2
5,0,coxnet,Brats18_CBICA_ANP_1,0.056471702969160424,486.0,355.0,2,1
5,0,coxnet,Brats18_CBICA_ANZ_1,0.26919377810405903,287.0,327.0,0,0
5,0,coxnet,Brats18_CBICA_AQJ_1,0.2039973010104175,170.0,332.0,0,0
5,0,coxnet,Brats18_CBICA_AQN_1,0.10885996076541807,488.0,346.0,2,1
5,0,coxnet,Brats18_CBICA_AQR_1,0.3788228922448096,89.0,291.0,0,0
5,0,coxnet,Brats18_CBICA_AQT_1,0.5309370018384795,172.0,254.0,0,0
5,0,coxnet,Brats18_CBICA_ARZ_1,-0.16734202599027612,871.0,387.0,2,2
5,0,coxnet,Brats18_CBICA_ASA_1,0.12774218096671577,210.0,346.0,0,1
5,0,coxnet,Brats18_CBICA_ASH_1,-0.4398467948044576,660.0,453.0,2,2
5,0,coxnet,Brats18_CBICA_ASU_1,0.7061257126921271,85.0,208.0,0,0
5,0,coxnet,Brats18_CBICA_ASV_1,-0.16978483070163297,597.0,394.0,2,2
5,0,coxnet,Brats18_CBICA_ASW_1,0.2794271491921745,239.0,327.0,0,0
5,0,coxnet,Brats18_CBICA_AVG_1,0.11437277680320955,579.0,346.0,2,1
5,0,coxnet,Brats18_CBICA_AVV_1,0.4092919293878126,387.0,289.0,1,0
5,0,coxnet,Brats18_CBICA_AWI_1,-0.44047400141953563,375.0,453.0,1,2
5,0,coxnet,Brats18_CBICA_AXW_1,0.6376611590251845,191.0,229.0,0,0
5,0,coxnet,Brats18_CBICA_AZH_1,-0.16437104728727486,401.0,387.0,1,2
5,0,coxnet,Brats18_CBICA_BHM_1,0.07050132462222261,436.0,355.0,1,1
5,0,coxnet,Brats18_TCIA01_201_1,0.02755417692661381,430.0,357.0,1,1
5,0,coxnet,Brats18_TCIA01_203_1,-0.4611057979681563,268.0,464.0,0,2
5,0,coxnet,Brats18_TCIA02_151_1,-0.393532537912114,1731.0,448.0,2,2
5,0,coxnet,Brats18_TCIA02_226_1,0.4517109030917766,329.0,269.0,1,0
5,0,coxnet,Brats18_TCIA02_300_1,0.1480108578960806,127.0,345.0,0,0
5,0,coxnet,Brats18_TCIA02_377_1,0.1276761592177601,812.0,346.0,2,1
5,0,coxnet,Brats18_TCIA03_138_1,0.39546037298161696,82.0,289.0,0,0
5,0,coxnet,Brats18_TCIA04_149_1,-0.7606464729796504,448.0,558.0,1,2
5,0,coxnet,Brats18_TCIA04_343_1,-0.23818336261961998,296.0,407.0,0,2
5,0,coxnet,Brats18_TCIA06_165_1,-0.268652399762623,5.0,421.0,0,2
5,0,coxnet,Brats18_TCIA06_372_1,0.4828401577243353,213.0,265.0,0,0
5,0,coxnet,Brats18_TCIA08_280_1,-0.08359343744011521,508.0,376.0,2,1
5,0,genetico,Brats18_CBICA_ABB_1,0.861228239999142,465.0,199.0,2,0
5,0,genetico,Brats18_CBICA_ABN_1,-0.16358947185133438,1278.0,382.0,2,1
5,0,genetico,Brats18_CBICA_ANG_1,-0.36748607522687293,368.0,424.0,1,2
5,0,genetico,Brats18_CBICA_ANP_1,0.318636288759506,486.0,318.0,2,0
5,0,genetico,Brats18_CBICA_ANZ_1,-0.07302403639703797,287.0,362.0,0,1
5,0,genetico,Brats18_CBICA_AQJ_1,0.6506418643053606,170.0,232.0,0,0
5,0,genetico,Brats18_CBICA_AQN_1,0.1405618808973756,488.0,345.0,2,0
5,0,genetico,Brats18_CBICA_AQR_1,0.1071387079155405,89.0,346.0,0,0
5,0,genetico,Brats18_CBICA_AQT_1,-0.4558116816906601,172.0,439.0,0,2
5,0,genetico,Brats18_CBICA_ARZ_1,0.47365001339855106,871.0,269.0,2,0
5,0,genetico,Brats18_CBICA_ASA_1,0.8511851286873473,210.0,199.0,0,0
5,0,genetico,Brats18_CBICA_ASH_1,-1.2795059713925376,660.0,726.0,2,2
5,0,genetico,Brats18_CBICA_ASU_1,0.9634977374654082,85.0,175.0,0,0
5,0,genetico,Brats18_CBICA_ASV_1,-0.2406993102061142,597.0,394.0,2,1
5,0,genetico,Brats18_CBICA_ASW_1,0.2768430919122038,239.0,327.0,0,0
5,0,genetico,Brats18_CBICA_AVG_1,-0.7294980738443555,579.0,495.0,2,2
5,0,genetico,Brats18_CBICA_AVV_1,0.6638006235576701,387.0,229.0,1,0
5,0,genetico,Brats18_CBICA_AWI_1,1.0413193502847649,375.0,168.0,1,0
5,0,genetico,Brats18_CBICA_AXW_1,0.10393152724991314,191.0,346.0,0,0
5,0,genetico,Brats18_CBICA_AZH_1,-0.3814045633640108,401.0,425.0,1,2
5,0,genetico,Brats18_CBICA_BHM_1,0.16112586383683186,436.0,336.0,1,0
5,0,genetico,Brats18_TCIA01_201_1,0.8897401261904956,430.0,187.0,1,0
5,0,genetico,Brats18_TCIA01_203_1,0.22451848570826838,268.0,332.0,0,0
5,0,genetico,Brats18_TCIA02_151_1,-0.7917604556415451,1731.0,515.0,2,2
5,0,genetico,Brats18_TCIA02_226_1,-0.21532302713195817,329.0,387.0,1,1
5,0,genetico,Brats18_TCIA02_300_1,0.5587687102737788,127.0,262.0,0,0
5,0,genetico,Brats18_TCIA02_377_1,0.016006996186528344,812.0,355.0,2,1
5,0,genetico,Brats18_TCIA03_138_1,0.27447863684543733,82.0,327.0,0,0
5,0,genetico,Brats18_TCIA04_149_1,-1.1106132847100905,448.0,626.0,1,2
5,0,genetico,Brats18_TCIA04_343_1,-0.09499900565879515,296.0,370.0,0,1
5,0,genetico,Brats18_TCIA06_165_1,-0.38575436884224024,5.0,425.0,0,2
5,0,genetico,Brats18_TCIA06_372_1,0.36058768045615974,213.0,317.0,0,0
5,0,genetico,Brats18_TCIA08_280_1,-1.9190992133293276,508.0,1458.0,2,2
5,1,edad,Brats18_2013_11_1,-1.1048654830252878,150.0,698.0,0,2
5,1,edad,Brats18_CBICA_AAP_1,-0.7606358514681261,788.0,522.0,2,2
5,1,edad,Brats18_CBICA_ABO_1,-0.16024096434022964,1155.0,394.0,2,1
5,1,edad,Brats18_CBICA_AOD_1,-0.016223701921561626,55.0,368.0,0,1
5,1,edad,Brats18_CBICA_AOO_1,-0.5843686879023658,350.0,486.0,1,2
5,1,edad,Brats18_CBICA_AOP_1,0.2347165160169723,332.0,327.0,1,0
5,1,edad,Brats18_CBICA_AQO_1,0.23565079426908767,473.0,327.0,2,0
5,1,edad,Brats18_CBICA_AQP_1,-0.5051280509636947,1283.0,466.0,2,2
5,1,edad,Brats18_CBICA_AQY_1,-0.11529179954401376,229.0,387.0,0,1
5,1,edad,Brats18_CBICA_ASE_1,-0.49260180180570384,318.0,465.0,1,2
5,1,edad,Brats18_CBICA_ATV_1,0.038379671479845674,453.0,355.0,2,1
5,1,edad,Brats18_CBICA_AUN_1,0.25793506072695,376.0,317.0,1,0
5,1,edad,Brats18_CBICA_AZD_1,-0.5118410132196344,448.0,466.0,1,2
5,1,edad,Brats18_TCIA01_147_1,0.012669718097560605,209.0,359.0,0,1
5,1,edad,Brats18_TCIA01_150_1,-0.34377473653355334,1489.0,434.0,2,2
5,1,edad,Brats18_TCIA01_190_1,0.016476036902475164,322.0,359.0,1,1
5,1,edad,Brats18_TCIA01_390_1,0.08737737536856124,634.0,346.0,2,1
5,1,edad,Brats18_TCIA01_448_1,-0.5744376561113621,199.0,486.0,0,2
5,1,edad,Brats18_TCIA01_460_1,-1.4559118855330688,630.0,946.0,2,2
5,1,edad,Brats18_TCIA02_198_1,-0.23429116654492646,394.0,407.0,1,2
5,1,edad,Brats18_TCIA02_274_1,-0.21048437256509878,357.0,405.0,1,2
5,1,edad,Brats18_TCIA02_290_1,-0.6207017310401843,737.0,495.0,2,2
5,1,edad,Brats18_TCIA02_321_1,0.6976340884910083,67.0,210.0,0,0
5,1,edad,Brats18_TCIA02_331_1,0.8233464177478607,187.0,191.0,0,0
5,1,edad,Brats18_TCIA02_394_1,0.11063052297676507,616.0,345.0,2,0
5,1,edad,Brats18_TCIA02_473_1,-0.0009638238036779532,175.0,362.0,0,1
5,1,edad,Brats18_TCIA02_491_1,0.6942084015665853,82.0,210.0,0,0
5,1,edad,Brats18_TCIA03_133_1,0.09384811733691552,382.0,346.0,1,1
5,1,edad,Brats18_TCIA03_498_1,-0.06117286671777749,467.0,370.0,2,1
5,1,edad,Brats18_TCIA04_479_1,-0.16089841940653296,372.0,394.0,1,1
5,1,edad,Brats18_TCIA06_409_1,0.28430246917553836,99.0,296.0,0,0
5,1,edad,Brats18_TCIA08_242_1,0.18786419181829953,147.0,331.0,0,0
5,1,edad,Brats18_TCIA08_469_1,0.0985887143939452,519.0,346.0,2,0
5,1,coxnet,Brats18_2013_11_1,-1.4179333745618299,150.0,812.0,0,2
5,1,coxnet,Brats18_CBICA_AAP_1,-0.7368193860143002,788.0,503.0,2,2
5,1,coxnet,Brats18_CBICA_ABO_1,0.222368469779343,1155.0,327.0,2,0
5,1,coxnet,Brats18_CBICA_AOD_1,0.6681446036434693,55.0,213.0,0,0
5,1,coxnet,Brats18_CBICA_AOO_1,-0.5037929127384635,350.0,448.0,1,2
5,1,coxnet,Brats18_CBICA_AOP_1,0.12547854703260236,332.0,336.0,1,1
5,1,coxnet,Brats18_CBICA_AQO_1,0.09139185053699005,473.0,345.0,2,1
5,1,coxnet,Brats18_CBICA_AQP_1,-0.2185901298928294,1283.0,401.0,2,1
5,1,coxnet,Brats18_CBICA_AQY_1,0.12311243094672869,229.0,336.0,0,1
5,1,coxnet,Brats18_CBICA_ASE_1,-0.7278005755085524,318.0,503.0,1,2
5,1,coxnet,Brats18_CBICA_ATV_1,-0.013392983464941506,453.0,359.0,2,1
5,1,coxnet,Brats18_CBICA_AUN_1,0.45252032365193967,376.0,268.0,1,0
5,1,coxnet,Brats18_CBICA_AZD_1,-0.5501935519956677,448.0,465.0,1,2
5,1,coxnet,Brats18_TCIA01_147_1,-0.002429622469436216,209.0,359.0,0,1
5,1,coxnet,Brats18_TCIA01_150_1,-0.28224753858432866,1489.0,421.0,2,2
5,1,coxnet,Brats18_TCIA01_190_1,-0.04041892845160335,322.0,362.0,1,1
5,1,coxnet,Brats18_TCIA01_390_1,-0.08167445911419742,634.0,370.0,2,1
5,1,coxnet,Brats18_TCIA01_448_1,-0.5269299041790814,199.0,464.0,0,2
5,1,coxnet,Brats18_TCIA01_460_1,-1.1367989274597712,630.0,635.0,2,2
5,1,coxnet,Brats18_TCIA02_198_1,-0.3381862453117297,394.0,425.0,1,2
5,1,coxnet,Brats18_TCIA02_274_1,-0.030241984426259416,357.0,362.0,1,1
5,1,coxnet,Brats18_TCIA02_290_1,-0.37232442579183705,737.0,434.0,2,2
5,1,coxnet,Brats18_TCIA02_321_1,0.8442363347776057,67.0,191.0,0,0
5,1,coxnet,Brats18_TCIA02_331_1,0.8755740554415502,187.0,180.0,0,0
5,1,coxnet,Brats18_TCIA02_394_1,0.3277542955373494,616.0,289.0,2,0
5,1,coxnet,Brats18_TCIA02_473_1,0.05261355767634402,175.0,355.0,0,1
5,1,coxnet,Brats18_TCIA02_491_1,0.7501027860245625,82.0,208.0,0,0
5,1,coxnet,Brats18_TCIA03_133_1,-0.1982817826357016,382.0,394.0,1,1
5,1,coxnet,Brats18_TCIA03_498_1,-0.30253172898035746,467.0,424.0,2,2
5,1,coxnet,Brats18_TCIA04_479_1,-0.06772449449058149,372.0,370.0,1,1
5,1,coxnet,Brats18_TCIA06_409_1,0.019643752193468755,99.0,355.0,0,1
5,1,coxnet,Brats18_TCIA08_242_1,0.26064422181560276,147.0,317.0,0,0
5,1,coxnet,Brats18_TCIA08_469_1,0.4608322405931307,519.0,268.0,2,0
5,1,genetico,Brats18_2013_11_1,-1.9179325959614357,150.0,1337.0,0,2
5,1,genetico,Brats18_CBICA_AAP_1,-0.7206380616715817,788.0,495.0,2,2
5,1,genetico,Brats18_CBICA_ABO_1,0.9808499742122463,1155.0,170.0,2,0
5,1,genetico,Brats18_CBICA_AOD_1,0.997679096267656,55.0,170.0,0,0
5,1,genetico,Brats18_CBICA_AOO_1,-0.3000977960451753,350.0,424.0,1,2
5,1,genetico,Brats18_CBICA_AOP_1,0.4785795848673758,332.0,268.0,1,0
5,1,genetico,Brats18_CBICA_AQO_1,-0.0008618519498443319,473.0,362.0,2,1
5,1,genetico,Brats18_CBICA_AQP_1,0.45134706873430674,1283.0,269.0,2,0
5,1,genetico,Brats18_CBICA_AQY_1,0.7053509936604131,229.0,213.0,0,0
5,1,genetico,Brats18_CBICA_ASE_1,-0.843163604033805,318.0,515.0,1,2
5,1,genetico,Brats18_CBICA_ATV_1,0.20675077962357144,453.0,331.0,2,0
5,1,genetico,Brats18_CBICA_AUN_1,0.9857902573617525,376.0,170.0,1,0
5,1,genetico,Brats18_CBICA_AZD_1,-0.6510308763707903,448.0,476.0,1,2
5,1,genetico,Brats18_TCIA01_147_1,0.1945294847126272,209.0,331.0,0,0
5,1,genetico,Brats18_TCIA01_150_1,-0.9591713167443287,1489.0,579.0,2,2
5,1,genetico,Brats18_TCIA01_190_1,-0.7671713598509382,322.0,503.0,1,2
5,1,genetico,Brats18_TCIA01_390_1,-0.1506967020720951,634.0,387.0,2,1
5,1,genetico,Brats18_TCIA01_448_1,-0.551583220600711,199.0,465.0,0,2
5,1,genetico,Brats18_TCIA01_460_1,-1.4828933675510707,630.0,812.0,2,2
5,1,genetico,Brats18_TCIA02_198_1,-0.024872625259808094,394.0,368.0,1,1
5,1,genetico,Brats18_TCIA02_274_1,0.0031716715268244496,357.0,362.0,1,1
5,1,genetico,Brats18_TCIA02_290_1,0.18238222248838598,737.0,333.0,2,0
5,1,genetico,Brats18_TCIA02_321_1,0.7433476550321326,67.0,210.0,0,0
5,1,genetico,Brats18_TCIA02_331_1,0.30333388387971244,187.0,317.0,0,0
5,1,genetico,Brats18_TCIA02_394_1,1.040493169945648,616.0,169.0,2,0
5,1,genetico,Brats18_TCIA02_473_1,-0.6905997855061747,175.0,488.0,0,2
5,1,genetico,Brats18_TCIA02_491_1,0.7470213169774089,82.0,210.0,0,0
5,1,genetico,Brats18_TCIA03_133_1,-0.4521050089057969,382.0,439.0,1,2
5,1,genetico,Brats18_TCIA03_498_1,-0.23209975637549407,467.0,405.0,2,2
5,1,genetico,Brats18_TCIA04_479_1,-0.3473358740162003,372.0,425.0,1,2
5,1,genetico,Brats18_TCIA06_409_1,-0.15333552838866832,99.0,387.0,0,1
5,1,genetico,Brats18_TCIA08_242_1,0.11601361864391896,147.0,345.0,0,1
5,1,genetico,Brats18_TCIA08_469_1,0.48084684672915096,519.0,268.0,2,0
5,2,edad,Brats18_CBICA_ABE_1,0.2862556777680859,269.0,322.0,0,0
5,2,edad,Brats18_CBICA_ALX_1,0.01052182507363462,698.0,362.0,2,1
5,2,edad,Brats18_CBICA_AME_1,-0.28472447300185777,359.0,407.0,1,2
5,2,edad,Brats18_CBICA_AMH_1,0.11887895997481737,169.0,336.0,0,1
5,2,edad,Brats18_CBICA_ANI_1,-0.042710796830917504,439.0,370.0,1,1
5,2,edad,Brats18_CBICA_AOH_1,-0.09230802016637855,576.0,375.0,2,1
5,2,edad,Brats18_CBICA_APR_1,0.12221759131377896,23.0,336.0,0,1
5,2,edad,Brats18_CBICA_AQD_1,0.5054924690265555,32.0,265.0,0,0
5,2,edad,Brats18_CBICA_AQU_1,0.4996684121352563,30.0,265.0,0,0
5,2,edad,Brats18_CBICA_ASG_1,-0.06303935209481629,208.0,372.0,0,1
5,2,edad,Brats18_CBICA_ASY_1,0.263404601048083,610.0,327.0,2,0
5,2,edad,Brats18_CBICA_AXJ_1,-1.1721697788015824,1767.0,734.0,2,2
5,2,edad,Brats18_CBICA_AXL_1,0.5646233396299396,168.0,244.0,0,0
5,2,edad,Brats18_CBICA_AXN_1,0.9775749403557072,345.0,180.0,1,0
5,2,edad,Brats18_CBICA_AYI_1,0.24155511372976857,387.0,329.0,1,0
5,2,edad,Brats18_CBICA_AYU_1,0.1621698796700178,58.0,333.0,0,0
5,2,edad,Brats18_TCIA01_231_1,0.16306018136040756,1561.0,333.0,2,0
5,2,edad,Brats18_TCIA01_335_1,-0.18308169668236435,355.0,387.0,1,2
5,2,edad,Brats18_TCIA01_378_1,0.5466318263033139,110.0,254.0,0,0
5,2,edad,Brats18_TCIA01_401_1,0.7190164911050246,448.0,210.0,1,0
5,2,edad,Brats18_TCIA01_429_1,-0.1640885939540502,86.0,385.0,0,1
5,2,edad,Brats18_TCIA02_135_1,0.36927631039692776,828.0,291.0,2,0
5,2,edad,Brats18_TCIA02_283_1,0.5722650958057849,262.0,244.0,0,0
5,2,edad,Brats18_TCIA02_368_1,0.11694997297897299,317.0,336.0,1,1
5,2,edad,Brats18_TCIA03_121_1,-1.075831716720661,747.0,630.0,2,2
5,2,edad,Brats18_TCIA03_257_1,0.3678666660538103,425.0,291.0,1,0
5,2,edad,Brats18_TCIA03_296_1,0.03775021843805377,22.0,357.0,0,1
5,2,edad,Brats18_TCIA03_338_1,0.6312104868903378,468.0,232.0,2,0
5,2,edad,Brats18_TCIA03_375_1,0.02191026752986993,946.0,357.0,2,1
5,2,edad,Brats18_TCIA03_474_1,0.07414130003273384,635.0,350.0,2,1
5,2,edad,Brats18_TCIA04_192_1,0.6140350834465695,121.0,232.0,0,0
5,2,edad,Brats18_TCIA04_361_1,0.614443138387998,476.0,232.0,2,0
5,2,edad,Brats18_TCIA06_184_1,0.06520118722507036,434.0,355.0,1,1
5,2,coxnet,Brats18_CBICA_ABE_1,0.3964015728876574,269.0,287.0,0,0
5,2,coxnet,Brats18_CBICA_ALX_1,-0.41494210267985554,698.0,436.0,2,2
5,2,coxnet,Brats18_CBICA_AME_1,-0.19425946294806265,359.0,387.0,1,1
5,2,coxnet,Brats18_CBICA_AMH_1,0.06623889754402558,169.0,350.0,0,1
5,2,coxnet,Brats18_CBICA_ANI_1,-0.0076193235256251865,439.0,362.0,1,1
5,2,coxnet,Brats18_CBICA_AOH_1,-0.21672754550972254,576.0,394.0,2,1
5,2,coxnet,Brats18_CBICA_APR_1,0.17958775516362846,23.0,331.0,0,0
5,2,coxnet,Brats18_CBICA_AQD_1,0.41734981357566114,32.0,287.0,0,0
5,2,coxnet,Brats18_CBICA_AQU_1,0.7787991169008137,30.0,208.0,0,0
5,2,coxnet,Brats18_CBICA_ASG_1,0.03378315701954887,208.0,355.0,0,1
5,2,coxnet,Brats18_CBICA_ASY_1,0.2902038523771211,610.0,318.0,2,0
5,2,coxnet,Brats18_CBICA_AXJ_1,-0.9952426510162707,1767.0,616.0,2,2
5,2,coxnet,Brats18_CBICA_AXL_1,0.6981202716740027,168.0,213.0,0,0
5,2,coxnet,Brats18_CBICA_AXN_1,1.2127033872177944,345.0,150.0,1,0
5,2,coxnet,Brats18_CBICA_AYI_1,0.17602501802113357,387.0,332.0,1,0
5,2,coxnet,Brats18_CBICA_AYU_1,0.06443719307592564,58.0,350.0,0,1
5,2,coxnet,Brats18_TCIA01_231_1,0.21527767134277837,1561.0,329.0,2,0
5,2,coxnet,Brats18_TCIA01_335_1,-0.1441322413744801,355.0,376.0,1,1
5,2,coxnet,Brats18_TCIA01_378_1,0.6015155421754358,110.0,239.0,0,0
5,2,coxnet,Brats18_TCIA01_401_1,0.7392449786107164,448.0,209.0,1,0
5,2,coxnet,Brats18_TCIA01_429_1,-0.07910478805035108,86.0,372.0,0,1
5,2,coxnet,Brats18_TCIA02_135_1,0.44608103874254695,828.0,286.0,2,0
5,2,coxnet,Brats18_TCIA02_283_1,0.5482562410541407,262.0,244.0,0,0
5,2,coxnet,Brats18_TCIA02_368_1,0.1368611468389845,317.0,333.0,1,1
5,2,coxnet,Brats18_TCIA03_121_1,-1.0370832228978633,747.0,616.0,2,2
5,2,coxnet,Brats18_TCIA03_257_1,0.4974360159298998,425.0,265.0,1,0
5,2,coxnet,Brats18_TCIA03_296_1,0.27844160256850026,22.0,322.0,0,0
5,2,coxnet,Brats18_TCIA03_338_1,0.6025362479950759,468.0,239.0,2,0
5,2,coxnet,Brats18_TCIA03_375_1,-0.06542741289382571,946.0,370.0,2,1
5,2,coxnet,Brats18_TCIA03_474_1,0.25918992722424306,635.0,322.0,2,0
5,2,coxnet,Brats18_TCIA04_192_1,0.5560719717330225,121.0,244.0,0,0
5,2,coxnet,Brats18_TCIA04_361_1,0.6592123506820817,476.0,229.0,2,0
5,2,coxnet,Brats18_TCIA06_184_1,0.284484917619983,434.0,318.0,1,0
5,2,genetico,Brats18_CBICA_ABE_1,0.6612830790991039,269.0,239.0,0,0
5,2,genetico,Brats18_CBICA_ALX_1,-0.8793895970972359,698.0,522.0,2,2
5,2,genetico,Brats18_CBICA_AME_1,-0.06031178119950778,359.0,370.0,1,1
5,2,genetico,Brats18_CBICA_AMH_1,-0.4917486442659983,169.0,448.0,0,2
5,2,genetico,Brats18_CBICA_ANI_1,-0.28443107663437317,439.0,401.0,1,1
5,2,genetico,Brats18_CBICA_AOH_1,-0.2740253883191346,576.0,401.0,2,1
5,2,genetico,Brats18_CBICA_APR_1,-0.020034439828150563,23.0,368.0,0,1
5,2,genetico,Brats18_CBICA_AQD_1,0.0029347710671526472,32.0,362.0,0,1
5,2,genetico,Brats18_CBICA_AQU_1,1.3662106332642914,30.0,147.0,0,0
5,2,genetico,Brats18_CBICA_ASG_1,0.2451514173350331,208.0,329.0,0,0
5,2,genetico,Brats18_CBICA_ASY_1,-0.4182920717620576,610.0,436.0,2,2
5,2,genetico,Brats18_CBICA_AXJ_1,-1.5372040756013432,1767.0,871.0,2,2
5,2,genetico,Brats18_CBICA_AXL_1,1.0642173455719517,168.0,180.0,0,0
5,2,genetico,Brats18_CBICA_AXN_1,1.6904613049626722,345.0,106.0,1,0
5,2,genetico,Brats18_CBICA_AYI_1,0.3416228508746991,387.0,318.0,1,0
5,2,genetico,Brats18_CBICA_AYU_1,-0.13337689089353572,58.0,376.0,0,1
5,2,genetico,Brats18_TCIA01_231_1,0.38317535285383275,1561.0,291.0,2,0
5,2,genetico,Brats18_TCIA01_335_1,0.0040447728309420256,355.0,362.0,1,1
5,2,genetico,Brats18_TCIA01_378_1,0.9149031519665268,110.0,199.0,0,0
5,2,genetico,Brats18_TCIA01_401_1,0.3564596993403568,448.0,296.0,1,0
5,2,genetico,Brats18_TCIA01_429_1,0.21567176621790227,86.0,331.0,0,0
5,2,genetico,Brats18_TCIA02_135_1,1.0439619568959504,828.0,180.0,2,0
5,2,genetico,Brats18_TCIA02_283_1,0.6289092803355689,262.0,244.0,0,0
5,2,genetico,Brats18_TCIA02_368_1,0.25449962301244106,317.0,329.0,1,0
5,2,genetico,Brats18_TCIA03_121_1,-1.1333580899686768,747.0,626.0,2,2
5,2,genetico,Brats18_TCIA03_257_1,0.991999923908891,425.0,187.0,1,0
5,2,genetico,Brats18_TCIA03_296_1,0.7826404827863422,22.0,210.0,0,0
5,2,genetico,Brats18_TCIA03_338_1,0.7823981303922279,468.0,210.0,2,0
5,2,genetico,Brats18_TCIA03_375_1,-0.3971023731170088,946.0,430.0,2,2
5,2,genetico,Brats18_TCIA03_474_1,0.6179753226805584,635.0,244.0,2,0
5,2,genetico,Brats18_TCIA04_192_1,0.4665383620790569,121.0,287.0,0,0
5,2,genetico,Brats18_TCIA04_361_1,1.1259689227933114,476.0,172.0,2,0
5,2,genetico,Brats18_TCIA06_184_1,0.7726354537259109,434.0,210.0,1,0
5,3,edad,Brats18_2013_27_1,0.2671736851645764,120.0,329.0,0,0
5,3,edad,Brats18_CBICA_AAL_1,-0.23400432143125324,464.0,424.0,2,2
5,3,edad,Brats18_CBICA_ABM_1,0.33629160837175737,503.0,318.0,2,0
5,3,edad,Brats18_CBICA_ALU_1,0.18969000909563896,495.0,345.0,2,0
5,3,edad,Brats18_CBICA_AOZ_1,-0.5129236362762976,331.0,467.0,1,2
5,3,edad,Brats18_CBICA_APZ_1,-0.023508828027566965,336.0,375.0,1,1
5,3,edad,Brats18_CBICA_AQZ_1,0.09638811910032222,286.0,355.0,0,1
5,3,edad,Brats18_CBICA_ARF_1,0.5335626365529277,726.0,268.0,2,0
5,3,edad,Brats18_CBICA_ARW_1,-0.595119898018452,495.0,486.0,2,2
5,3,edad,Brats18_CBICA_ASN_1,-0.775147977069713,407.0,576.0,1,2
5,3,edad,Brats18_CBICA_ASO_1,-0.30535067662344345,265.0,434.0,0,2
5,3,edad,Brats18_CBICA_ATD_1,0.30947736120787195,355.0,322.0,1,0
5,3,edad,Brats18_CBICA_ATP_1,-0.33307821558446354,385.0,438.0,1,2
5,3,edad,Brats18_CBICA_AUQ_1,0.003999520902140735,1337.0,370.0,2,1
5,3,edad,Brats18_CBICA_AUR_1,0.3487123768127936,12.0,318.0,0,0
5,3,edad,Brats18_CBICA_AWG_1,-0.18903383334032356,180.0,405.0,0,2
5,3,edad,Brats18_CBICA_AWH_1,-0.29015350111911603,139.0,434.0,0,2
5,3,edad,Brats18_CBICA_AXO_1,-0.16094097766044924,394.0,401.0,1,2
5,3,edad,Brats18_CBICA_AXQ_1,0.20368163942774778,114.0,333.0,0,0
5,3,edad,Brats18_CBICA_BHB_1,-0.18673233801154315,510.0,405.0,2,2
5,3,edad,Brats18_TCIA01_411_1,-0.6503557859091796,822.0,508.0,2,2
5,3,edad,Brats18_TCIA02_118_1,-0.4889953911913592,104.0,466.0,0,2
5,3,edad,Brats18_TCIA02_314_1,-0.7435480808888402,362.0,558.0,1,2
5,3,edad,Brats18_TCIA02_322_1,-0.12218087379003777,621.0,387.0,2,1
5,3,edad,Brats18_TCIA02_471_1,0.5811268733477213,111.0,244.0,0,0
5,3,edad,Brats18_TCIA03_199_1,-0.43405175667571444,1282.0,448.0,2,2
5,3,edad,Brats18_TCIA05_277_1,0.3529135190796152,232.0,317.0,0,0
5,3,edad,Brats18_TCIA05_478_1,-0.05302641891097176,30.0,376.0,0,1
5,3,edad,Brats18_TCIA08_105_1,0.21628506622821142,77.0,333.0,0,0
5,3,edad,Brats18_TCIA08_278_1,-0.37282467459578095,1458.0,439.0,2,2
5,3,edad,Brats18_TCIA08_319_1,0.15173360200670624,254.0,346.0,0,0
5,3,edad,Brats18_TCIA08_406_1,0.6589758661355131,82.0,229.0,0,0
5,3,coxnet,Brats18_2013_27_1,0.26717296598100326,120.0,329.0,0,0
5,3,coxnet,Brats18_CBICA_AAL_1,-0.23400476366233572,464.0,424.0,2,2
5,3,coxnet,Brats18_CBICA_ABM_1,0.33629163642691023,503.0,318.0,2,0
5,3,coxnet,Brats18_CBICA_ALU_1,0.1896900520059928,495.0,345.0,2,0
5,3,coxnet,Brats18_CBICA_AOZ_1,-0.5129233794347455,331.0,467.0,1,2
5,3,coxnet,Brats18_CBICA_APZ_1,-0.023508712229299386,336.0,375.0,1,1
5,3,coxnet,Brats18_CBICA_AQZ_1,0.09638816156233608,286.0,355.0,0,1
5,3,coxnet,Brats18_CBICA_ARF_1,0.5335626014115485,726.0,268.0,2,0
5,3,coxnet,Brats18_CBICA_ARW_1,-0.5951196159637753,495.0,486.0,2,2
5,3,coxnet,Brats18_CBICA_ASN_1,-0.7751476551873648,407.0,576.0,1,2
5,3,coxnet,Brats18_CBICA_ASO_1,-0.3053504876243607,265.0,434.0,0,2
5,3,coxnet,Brats18_CBICA_ATD_1,0.3094772364172623,355.0,322.0,1,0
5,3,coxnet,Brats18_CBICA_ATP_1,-0.3330780267394584,385.0,438.0,1,2
5,3,coxnet,Brats18_CBICA_AUQ_1,0.003999600469962556,1337.0,370.0,2,1
5,3,coxnet,Brats18_CBICA_AUR_1,0.3487123878198756,12.0,318.0,0,0
5,3,coxnet,Brats18_CBICA_AWG_1,-0.18903366648968817,180.0,405.0,0,2
5,3,coxnet,Brats18_CBICA_AWH_1,-0.29015331256375104,139.0,434.0,0,2
5,3,coxnet,Brats18_CBICA_AXO_1,-0.1609408562830092,394.0,401.0,1,2
5,3,coxnet,Brats18_CBICA_AXQ_1,0.20368169473266176,114.0,333.0,0,0
5,3,coxnet,Brats18_CBICA_BHB_1,-0.18673219648390094,510.0,405.0,2,2
5,3,coxnet,Brats18_TCIA01_411_1,-0.6503555094502689,822.0,508.0,2,2
5,3,coxnet,Brats18_TCIA02_118_1,-0.4889951980000679,104.0,466.0,0,2
5,3,coxnet,Brats18_TCIA02_314_1,-0.743547792524058,362.0,558.0,1,2
5,3,coxnet,Brats18_TCIA02_322_1,-0.12218072747814032,621.0,387.0,2,1
5,3,coxnet,Brats18_TCIA02_471_1,0.5811267583501691,111.0,244.0,0,0
5,3,coxnet,Brats18_TCIA03_199_1,-0.4340516349802304,1282.0,448.0,2,2
5,3,coxnet,Brats18_TCIA05_277_1,0.35291349207263817,232.0,317.0,0,0
5,3,coxnet,Brats18_TCIA05_478_1,-0.0530263895557757,30.0,376.0,0,1
5,3,coxnet,Brats18_TCIA08_105_1,0.21628505888560717,77.0,333.0,0,0
5,3,coxnet,Brats18_TCIA08_278_1,-0.3728245303450833,1458.0,439.0,2,2
5,3,coxnet,Brats18_TCIA08_319_1,0.1517335396091176,254.0,346.0,0,0
5,3,coxnet,Brats18_TCIA08_406_1,0.6589757437403154,82.0,229.0,0,0
5,3,genetico,Brats18_2013_27_1,-0.3880177705022643,120.0,438.0,0,2
5,3,genetico,Brats18_CBICA_AAL_1,-0.9877838989175791,464.0,600.0,2,2
5,3,genetico,Brats18_CBICA_ABM_1,0.1541111703384705,503.0,350.0,2,1
5,3,genetico,Brats18_CBICA_ALU_1,0.1821444818263292,495.0,346.0,2,1
5,3,genetico,Brats18_CBICA_AOZ_1,-0.2227909962273884,331.0,405.0,1,1
5,3,genetico,Brats18_CBICA_APZ_1,0.26031319686279497,336.0,333.0,1,1
5,3,genetico,Brats18_CBICA_AQZ_1,-0.3179273292179624,286.0,430.0,0,2
5,3,genetico,Brats18_CBICA_ARF_1,0.10947600449755508,726.0,357.0,2,1
5,3,genetico,Brats18_CBICA_ARW_1,-0.8127703858516081,495.0,519.0,2,2
5,3,genetico,Brats18_CBICA_ASN_1,0.06412566057259039,407.0,368.0,1,1
5,3,genetico,Brats18_CBICA_ASO_1,-0.38813843177703544,265.0,438.0,0,2
5,3,genetico,Brats18_CBICA_ATD_1,-0.44257441568865347,355.0,448.0,1,2
5,3,genetico,Brats18_CBICA_ATP_1,-1.8287413447912224,385.0,1278.0,1,2
5,3,genetico,Brats18_CBICA_AUQ_1,-0.11674185180950729,1337.0,387.0,2,1
5,3,genetico,Brats18_CBICA_AUR_1,0.41132876954286524,12.0,317.0,0,0
5,3,genetico,Brats18_CBICA_AWG_1,-0.07977534822103421,180.0,382.0,0,1
5,3,genetico,Brats18_CBICA_AWH_1,-0.2700199927725102,139.0,424.0,0,2
5,3,genetico,Brats18_CBICA_AXO_1,-0.5328266912717089,394.0,465.0,1,2
5,3,genetico,Brats18_CBICA_AXQ_1,0.5232915347792133,114.0,289.0,0,0
5,3,genetico,Brats18_CBICA_BHB_1,-5.191829177445295,510.0,1767.0,2,2
5,3,genetico,Brats18_TCIA01_411_1,-1.0530737845377818,822.0,614.0,2,2
5,3,genetico,Brats18_TCIA02_118_1,0.038220642068376554,104.0,368.0,0,1
5,3,genetico,Brats18_TCIA02_314_1,0.190294047654451,362.0,346.0,1,1
5,3,genetico,Brats18_TCIA02_322_1,1.3949164101165317,621.0,152.0,2,0
5,3,genetico,Brats18_TCIA02_471_1,0.4059625504632858,111.0,318.0,0,0
5,3,genetico,Brats18_TCIA03_199_1,-0.539064700969121,1282.0,465.0,2,2
5,3,genetico,Brats18_TCIA05_277_1,-0.7730477525124689,232.0,515.0,0,2
5,3,genetico,Brats18_TCIA05_478_1,0.2990294231118272,30.0,329.0,0,1
5,3,genetico,Brats18_TCIA08_105_1,1.0117508453117008,77.0,199.0,0,0
5,3,genetico,Brats18_TCIA08_278_1,-0.018383120248563034,1458.0,375.0,2,1
5,3,genetico,Brats18_TCIA08_319_1,0.7336557914548115,254.0,229.0,0,0
5,3,genetico,Brats18_TCIA08_406_1,-0.9609925059059552,82.0,597.0,0,2
5,4,edad,Brats18_CBICA_AAB_1,-0.004891559673849584,289.0,368.0,0,1
5,4,edad,Brats18_CBICA_AAG_1,-0.2919606921940142,616.0,430.0,2,2
5,4,edad,Brats18_CBICA_ABY_1,-0.42835353857188757,515.0,448.0,2,2
5,4,edad,Brats18_CBICA_ALN_1,0.011877478677023413,421.0,362.0,1,1
5,4,edad,Brats18_CBICA_APY_1,-0.5270423049833928,203.0,468.0,0,2
5,4,edad,Brats18_CBICA_AQA_1,0.5518825236920891,106.0,254.0,0,0
5,4,edad,Brats18_CBICA_AQG_1,-0.24497937806693368,466.0,401.0,2,2
5,4,edad,Brats18_CBICA_AQQ_1,0.32870377737305884,33.0,317.0,0,0
5,4,edad,Brats18_CBICA_AQV_1,-0.25348642675015304,84.0,407.0,0,2
5,4,edad,Brats18_CBICA_ASK_1,0.5858407015633769,522.0,239.0,2,0
5,4,edad,Brats18_CBICA_ATB_1,0.3684033378947498,208.0,287.0,0,0
5,4,edad,Brats18_CBICA_ATF_1,0.2843831039864088,152.0,322.0,0,0
5,4,edad,Brats18_CBICA_ATX_1,-0.8338561924720175,1592.0,597.0,2,2
5,4,edad,Brats18_CBICA_AVJ_1,-0.5376848679451159,614.0,468.0,2,2
5,4,edad,Brats18_CBICA_AXM_1,0.22164799600151427,438.0,331.0,1,0
5,4,edad,Brats18_CBICA_AYA_1,0.4982846161447265,50.0,265.0,0,0
5,4,edad,Brats18_CBICA_AYW_1,-0.37559583336360836,734.0,448.0,2,2
5,4,edad,Brats18_TCIA01_186_1,-0.9352406080547487,370.0,621.0,1,2
5,4,edad,Brats18_TCIA01_235_1,-0.09206255235375327,804.0,376.0,2,1
5,4,edad,Brats18_TCIA01_412_1,0.28553838220264854,291.0,322.0,0,0
5,4,edad,Brats18_TCIA01_425_1,-0.15385243270717894,558.0,387.0,2,2
5,4,edad,Brats18_TCIA01_499_1,-0.3683140797582189,600.0,439.0,2,2
5,4,edad,Brats18_TCIA02_179_1,-0.48751778661567746,405.0,465.0,1,2
5,4,edad,Brats18_TCIA02_430_1,-0.23584217762940152,71.0,401.0,0,2
5,4,edad,Brats18_TCIA02_455_1,-0.20160393231175255,424.0,394.0,1,2
5,4,edad,Brats18_TCIA03_265_1,-0.035663970342779336,103.0,372.0,0,1
5,4,edad,Brats18_TCIA03_419_1,0.34970883585014384,327.0,296.0,1,0
5,4,edad,Brats18_TCIA04_111_1,0.5132332160942524,626.0,262.0,2,0
5,4,edad,Brats18_TCIA04_437_1,-0.4778554597162181,333.0,464.0,1,2
5,4,edad,Brats18_TCIA06_247_1,0.5635053227160761,244.0,254.0,0,0
5,4,edad,Brats18_TCIA08_167_1,0.5007702147311816,153.0,265.0,0,0
5,4,edad,Brats18_TCIA08_218_1,-0.11404784689310246,346.0,382.0,1,1
5,4,coxnet,Brats18_CBICA_AAB_1,0.16742401932818687,289.0,332.0,0,0
5,4,coxnet,Brats18_CBICA_AAG_1,-0.4056565628801963,616.0,436.0,2,2
5,4,coxnet,Brats18_CBICA_ABY_1,-0.14865603474843145,515.0,382.0,2,1
5,4,coxnet,Brats18_CBICA_ALN_1,0.12569996412640091,421.0,345.0,1,1
5,4,coxnet,Brats18_CBICA_APY_1,-1.279685381127704,203.0,737.0,0,2
5,4,coxnet,Brats18_CBICA_AQA_1,0.23342485372017244,106.0,329.0,0,0
5,4,coxnet,Brats18_CBICA_AQG_1,0.3186403009447036,466.0,317.0,2,0
5,4,coxnet,Brats18_CBICA_AQQ_1,0.6167880093845418,33.0,232.0,0,0
5,4,coxnet,Brats18_CBICA_AQV_1,-0.5352111071203436,84.0,453.0,0,2
5,4,coxnet,Brats18_CBICA_ASK_1,0.7743369945693741,522.0,208.0,2,0
5,4,coxnet,Brats18_CBICA_ATB_1,0.4378931911185581,208.0,269.0,0,0
5,4,coxnet,Brats18_CBICA_ATF_1,-0.07606873854757336,152.0,372.0,0,1
5,4,coxnet,Brats18_CBICA_ATX_1,-2.105949001826201,1592.0,1489.0,2,2
5,4,coxnet,Brats18_CBICA_AVJ_1,-0.8370889475156099,614.0,508.0,2,2
5,4,coxnet,Brats18_CBICA_AXM_1,-0.6542996545738506,438.0,473.0,1,2
5,4,coxnet,Brats18_CBICA_AYA_1,0.716680537975822,50.0,210.0,0,0
5,4,coxnet,Brats18_CBICA_AYW_1,-0.403864884159839,734.0,436.0,2,2
5,4,coxnet,Brats18_TCIA01_186_1,-1.080003952696458,370.0,630.0,1,2
5,4,coxnet,Brats18_TCIA01_235_1,-0.19688576545399825,804.0,387.0,2,2
5,4,coxnet,Brats18_TCIA01_412_1,0.5329310321713692,291.0,262.0,0,0
5,4,coxnet,Brats18_TCIA01_425_1,-0.38021741693510935,558.0,434.0,2,2
5,4,coxnet,Brats18_TCIA01_499_1,-0.6133722324665604,600.0,468.0,2,2
5,4,coxnet,Brats18_TCIA02_179_1,-0.4222192437595376,405.0,436.0,1,2
5,4,coxnet,Brats18_TCIA02_430_1,-0.2907741909798328,71.0,401.0,0,2
5,4,coxnet,Brats18_TCIA02_455_1,-0.745308895916421,424.0,495.0,1,2
5,4,coxnet,Brats18_TCIA03_265_1,-0.2847253695053469,103.0,401.0,0,2
5,4,coxnet,Brats18_TCIA03_419_1,0.2655810333968089,327.0,322.0,1,0
5,4,coxnet,Brats18_TCIA04_111_1,0.5901614997423282,626.0,239.0,2,0
5,4,coxnet,Brats18_TCIA04_437_1,-0.8764485785158967,333.0,519.0,1,2
5,4,coxnet,Brats18_TCIA06_247_1,0.9236611481949765,244.0,180.0,0,0
5,4,coxnet,Brats18_TCIA08_167_1,1.0766991371905656,153.0,169.0,0,0
5,4,coxnet,Brats18_TCIA08_218_1,-0.8414827173784354,346.0,510.0,1,2
5,4,genetico,Brats18_CBICA_AAB_1,-0.2458195961511765,289.0,394.0,0,1
5,4,genetico,Brats18_CBICA_AAG_1,-0.46187698071741107,616.0,448.0,2,2
5,4,genetico,Brats18_CBICA_ABY_1,0.3936645031234478,515.0,296.0,2,0
5,4,genetico,Brats18_CBICA_ALN_1,1.4674540830007483,421.0,121.0,1,0
5,4,genetico,Brats18_CBICA_APY_1,-0.8945847368649337,203.0,510.0,0,2
5,4,genetico,Brats18_CBICA_AQA_1,-0.050906299185176695,106.0,372.0,0,1
5,4,genetico,Brats18_CBICA_AQG_1,1.8721378891207894,466.0,89.0,2,0
5,4,genetico,Brats18_CBICA_AQQ_1,1.0897238732511791,33.0,172.0,0,0
5,4,genetico,Brats18_CBICA_AQV_1,-0.5275073540696198,84.0,453.0,0,2
5,4,genetico,Brats18_CBICA_ASK_1,1.1237354130326078,522.0,170.0,2,0
5,4,genetico,Brats18_CBICA_ATB_1,0.8593777755598658,208.0,208.0,0,0
5,4,genetico,Brats18_CBICA_ATF_1,-0.4897170822168043,152.0,448.0,0,2
5,4,genetico,Brats18_CBICA_ATX_1,-2.976698525205449,1592.0,1767.0,2,2
5,4,genetico,Brats18_CBICA_AVJ_1,-0.2852061033821514,614.0,401.0,2,2
5,4,genetico,Brats18_CBICA_AXM_1,-1.9961574031746485,438.0,1458.0,1,2
5,4,genetico,Brats18_CBICA_AYA_1,0.5457246482616752,50.0,265.0,0,0
5,4,genetico,Brats18_CBICA_AYW_1,-0.678733955695357,734.0,476.0,2,2
5,4,genetico,Brats18_TCIA01_186_1,-1.4456355594362986,370.0,822.0,1,2
5,4,genetico,Brats18_TCIA01_235_1,-0.16942675944922986,804.0,387.0,2,1
5,4,genetico,Brats18_TCIA01_412_1,0.5875509306112621,291.0,262.0,0,0
5,4,genetico,Brats18_TCIA01_425_1,-0.10454710379981935,558.0,376.0,2,1
5,4,genetico,Brats18_TCIA01_499_1,-0.6693746438430679,600.0,473.0,2,2
5,4,genetico,Brats18_TCIA02_179_1,-0.9812894543459268,405.0,579.0,1,2
5,4,genetico,Brats18_TCIA02_430_1,-0.2725647272978532,71.0,401.0,0,2
5,4,genetico,Brats18_TCIA02_455_1,-1.216382233265779,424.0,660.0,1,2
5,4,genetico,Brats18_TCIA03_265_1,-0.6122681058769429,103.0,467.0,0,2
5,4,genetico,Brats18_TCIA03_419_1,-0.20812892178107134,327.0,387.0,1,1
5,4,genetico,Brats18_TCIA04_111_1,0.12420540818928427,626.0,355.0,2,1
5,4,genetico,Brats18_TCIA04_437_1,-0.9707654940209224,333.0,579.0,1,2
5,4,genetico,Brats18_TCIA06_247_1,1.0472253377842218,244.0,175.0,0,0
5,4,genetico,Brats18_TCIA08_167_1,0.8872309350961973,153.0,199.0,0,0
5,4,genetico,Brats18_TCIA08_218_1,-1.336437300932923,346.0,747.0,1,2
6,0,edad,Brats18_CBICA_AAB_1,0.030378461113733993,289.0,359.0,0,1
6,0,edad,Brats18_CBICA_AAG_1,-0.27490104592109127,616.0,425.0,2,2
6,0,edad,Brats18_CBICA_ABN_1,0.321585327458417,1278.0,318.0,2,0
6,0,edad,Brats18_CBICA_ABO_1,-0.12017645674587991,1155.0,387.0,2,1
6,0,edad,Brats18_CBICA_APR_1,0.11380911663386119,23.0,346.0,0,1
6,0,edad,Brats18_CBICA_APY_1,-0.5248951788160728,203.0,468.0,0,2
6,0,edad,Brats18_CBICA_AQA_1,0.622471787928595,106.0,239.0,0,0
6,0,edad,Brats18_CBICA_AQG_1,-0.22493944855026993,466.0,405.0,2,2
6,0,edad,Brats18_CBICA_AQN_1,0.13197697022325078,488.0,346.0,2,1
6,0,edad,Brats18_CBICA_AQO_1,0.3057629139840512,473.0,322.0,2,0
6,0,edad,Brats18_CBICA_AQV_1,-0.23398614613678956,84.0,407.0,0,2
6,0,edad,Brats18_CBICA_ARF_1,0.5831949733039923,726.0,254.0,2,0
6,0,edad,Brats18_CBICA_ASK_1,0.6585841198583242,522.0,229.0,2,0
6,0,edad,Brats18_CBICA_AWI_1,-0.4875542830165694,375.0,465.0,1,2
6,0,edad,Brats18_CBICA_AYW_1,-0.36384162425111516,734.0,439.0,2,2
6,0,edad,Brats18_CBICA_AZD_1,-0.49846244101183806,448.0,467.0,1,2
6,0,edad,Brats18_CBICA_AZH_1,-0.1761691858410478,401.0,394.0,1,2
6,0,edad,Brats18_TCIA01_147_1,0.06585789650448852,209.0,355.0,0,1
6,0,edad,Brats18_TCIA01_201_1,0.04028143048827825,430.0,359.0,1,1
6,0,edad,Brats18_TCIA01_335_1,-0.19258726664621345,355.0,394.0,1,2
6,0,edad,Brats18_TCIA01_412_1,0.3392319721333571,291.0,318.0,0,0
6,0,edad,Brats18_TCIA02_226_1,0.5186395263285795,329.0,265.0,1,0
6,0,edad,Brats18_TCIA02_290_1,-0.615585529930321,737.0,495.0,2,2
6,0,edad,Brats18_TCIA02_321_1,0.8028100723281915,67.0,208.0,0,0
6,0,edad,Brats18_TCIA02_331_1,0.938063785627889,187.0,175.0,0,0
6,0,edad,Brats18_TCIA02_394_1,0.17125378484785325,616.0,336.0,2,0
6,0,edad,Brats18_TCIA02_455_1,-0.1788124596214712,424.0,394.0,1,2
6,0,edad,Brats18_TCIA02_471_1,0.6316674023478148,111.0,232.0,0,0
6,0,edad,Brats18_TCIA03_133_1,0.15319761888298863,382.0,345.0,1,1
6,0,edad,Brats18_TCIA03_296_1,0.02903820961943471,22.0,359.0,0,1
6,0,edad,Brats18_TCIA06_247_1,0.6348318850426876,244.0,232.0,0,0
6,0,edad,Brats18_TCIA08_242_1,0.25434937749440567,147.0,331.0,0,0
6,0,edad,Brats18_TCIA08_406_1,0.7110028449686943,82.0,213.0,0,0
6,0,coxnet,Brats18_CBICA_AAB_1,0.22720263779825006,289.0,332.0,0,1
6,0,coxnet,Brats18_CBICA_AAG_1,-0.5377001532331763,616.0,453.0,2,2
6,0,coxnet,Brats18_CBICA_ABN_1,0.5141853107593964,1278.0,268.0,2,0
6,0,coxnet,Brats18_CBICA_ABO_1,0.5524817941194731,1155.0,265.0,2,0
6,0,coxnet,Brats18_CBICA_APR_1,0.3755157083395566,23.0,317.0,0,0
6,0,coxnet,Brats18_CBICA_APY_1,-1.4049548084864916,203.0,747.0,0,2
6,0,coxnet,Brats18_CBICA_AQA_1,0.6611387715244404,106.0,239.0,0,0
6,0,coxnet,Brats18_CBICA_AQG_1,0.5109381297749889,466.0,268.0,2,0
6,0,coxnet,Brats18_CBICA_AQN_1,0.5998837738746465,488.0,254.0,2,0
6,0,coxnet,Brats18_CBICA_AQO_1,0.03796552992953463,473.0,357.0,2,1
6,0,coxnet,Brats18_CBICA_AQV_1,-0.46126861764558086,84.0,439.0,0,2
6,0,coxnet,Brats18_CBICA_ARF_1,0.7688799410360442,726.0,210.0,2,0
6,0,coxnet,Brats18_CBICA_ASK_1,0.796351883736989,522.0,210.0,2,0
6,0,coxnet,Brats18_CBICA_AWI_1,-0.06494588959414194,375.0,368.0,1,1
6,0,coxnet,Brats18_CBICA_AYW_1,-0.3218427459317181,734.0,421.0,2,2
6,0,coxnet,Brats18_CBICA_AZD_1,-0.8495044319407494,448.0,510.0,1,2
6,0,coxnet,Brats18_CBICA_AZH_1,-0.453978058424149,401.0,439.0,1,2
6,0,coxnet,Brats18_TCIA01_147_1,-0.052367987825553707,209.0,368.0,0,1
6,0,coxnet,Brats18_TCIA01_201_1,-0.19391748341427636,430.0,387.0,1,1
6,0,coxnet,Brats18_TCIA01_335_1,-0.09045744320906768,355.0,370.0,1,1
6,0,coxnet,Brats18_TCIA01_412_1,0.6305204785007639,291.0,254.0,0,0
6,0,coxnet,Brats18_TCIA02_226_1,0.4509535132061263,329.0,286.0,1,0
6,0,coxnet,Brats18_TCIA02_290_1,0.19166557517562194,737.0,333.0,2,1
6,0,coxnet,Brats18_TCIA02_321_1,0.893923906535589,67.0,199.0,0,0
6,0,coxnet,Brats18_TCIA02_331_1,1.4292222732934334,187.0,121.0,0,0
6,0,coxnet,Brats18_TCIA02_394_1,0.786411022613454,616.0,210.0,2,0
6,0,coxnet,Brats18_TCIA02_455_1,-0.8722521656325656,424.0,515.0,1,2
6,0,coxnet,Brats18_TCIA02_471_1,0.43465549600592146,111.0,287.0,0,0
6,0,coxnet,Brats18_TCIA03_133_1,-0.28247631643460913,382.0,405.0,1,2
6,0,coxnet,Brats18_TCIA03_296_1,0.10179398269719184,22.0,346.0,0,1
6,0,coxnet,Brats18_TCIA06_247_1,0.9886799384744288,244.0,175.0,0,0
6,0,coxnet,Brats18_TCIA08_242_1,0.2526145395187222,147.0,331.0,0,0
6,0,coxnet,Brats18_TCIA08_406_1,0.48265813983035993,82.0,269.0,0,0
6,0,genetico,Brats18_CBICA_AAB_1,-0.22017274093482975,289.0,394.0,0,1
6,0,genetico,Brats18_CBICA_AAG_1,-0.8675902310523897,616.0,519.0,2,2
6,0,genetico,Brats18_CBICA_ABN_1,0.36020530216483515,1278.0,322.0,2,0
6,0,genetico,Brats18_CBICA_ABO_1,0.9957643138889616,1155.0,191.0,2,0
6,0,genetico,Brats18_CBICA_APR_1,0.26260884925845707,23.0,332.0,0,0
6,0,genetico,Brats18_CBICA_APY_1,-0.5829556400277385,203.0,467.0,0,2
6,0,genetico,Brats18_CBICA_AQA_1,0.6822636340911175,106.0,254.0,0,0
6,0,genetico,Brats18_CBICA_AQG_1,1.2756340346378368,466.0,153.0,2,0
6,0,genetico,Brats18_CBICA_AQN_1,0.5281643298924499,488.0,269.0,2,0
6,0,genetico,Brats18_CBICA_AQO_1,0.042634563974168344,473.0,359.0,2,1
6,0,genetico,Brats18_CBICA_AQV_1,-0.44602939579750256,84.0,448.0,0,2
6,0,genetico,Brats18_CBICA_ARF_1,0.5142823398705125,726.0,286.0,2,0
6,0,genetico,Brats18_CBICA_ASK_1,1.0020028628345206,522.0,191.0,2,0
6,0,genetico,Brats18_CBICA_AWI_1,0.2554163550308469,375.0,332.0,1,0
6,0,genetico,Brats18_CBICA_AYW_1,-0.23038242488261085,734.0,405.0,2,1
6,0,genetico,Brats18_CBICA_AZD_1,-0.4397804099996597,448.0,448.0,1,2
6,0,genetico,Brats18_CBICA_AZH_1,-0.5262170045844383,401.0,464.0,1,2
6,0,genetico,Brats18_TCIA01_147_1,0.17161265906658746,209.0,345.0,0,1
6,0,genetico,Brats18_TCIA01_201_1,-0.0768301513946957,430.0,372.0,1,1
6,0,genetico,Brats18_TCIA01_335_1,-0.017073641560480413,355.0,368.0,1,1
6,0,genetico,Brats18_TCIA01_412_1,1.108041261715912,291.0,172.0,0,0
6,0,genetico,Brats18_TCIA02_226_1,0.1447907795309172,329.0,346.0,1,1
6,0,genetico,Brats18_TCIA02_290_1,0.3945993046649326,737.0,317.0,2,0
6,0,genetico,Brats18_TCIA02_321_1,0.9858336488660284,67.0,191.0,0,0
6,0,genetico,Brats18_TCIA02_331_1,1.3145135323610135,187.0,152.0,0,0
6,0,genetico,Brats18_TCIA02_394_1,0.8145067458431415,616.0,213.0,2,0
6,0,genetico,Brats18_TCIA02_455_1,-1.3700114066286686,424.0,747.0,1,2
6,0,genetico,Brats18_TCIA02_471_1,0.3529021115513711,111.0,322.0,0,0
6,0,genetico,Brats18_TCIA03_133_1,-0.9343859440230683,382.0,576.0,1,2
6,0,genetico,Brats18_TCIA03_296_1,0.06420971103078105,22.0,357.0,0,1
6,0,genetico,Brats18_TCIA06_247_1,1.055976468095366,244.0,175.0,0,0
6,0,genetico,Brats18_TCIA08_242_1,0.6885763647310855,147.0,239.0,0,0
6,0,genetico,Brats18_TCIA08_406_1,0.5571027928182495,82.0,268.0,0,0
6,1,edad,Brats18_CBICA_ANI_1,-0.07515290034080224,439.0,375.0,1,1
6,1,edad,Brats18_CBICA_ANZ_1,0.25469040047877634,287.0,327.0,0,0
6,1,edad,Brats18_CBICA_AOD_1,0.0031052947162788303,55.0,362.0,0,1
6,1,edad,Brats18_CBICA_AQJ_1,0.1881557748921488,170.0,332.0,0,0
6,1,edad,Brats18_CBICA_AQP_1,-0.47287836346774986,1283.0,464.0,2,2
6,1,edad,Brats18_CBICA_AQZ_1,0.0962200821195383,286.0,350.0,0,1
6,1,edad,Brats18_CBICA_ARW_1,-0.5414679825535085,495.0,467.0,2,2
6,1,edad,Brats18_CBICA_ASH_1,-0.46890313014156143,660.0,464.0,2,2
6,1,edad,Brats18_CBICA_ASW_1,0.265133810064525,239.0,327.0,0,0
6,1,edad,Brats18_CBICA_ATF_1,0.27749745947733134,152.0,322.0,0,0
6,1,edad,Brats18_CBICA_ATP_1,-0.29982096010648196,385.0,425.0,1,2
6,1,edad,Brats18_CBICA_AXL_1,0.4763938794588235,168.0,268.0,0,0
6,1,edad,Brats18_CBICA_AYI_1,0.18300144693531162,387.0,332.0,1,0
6,1,edad,Brats18_TCIA01_150_1,-0.3157892702472724,1489.0,430.0,2,2
6,1,edad,Brats18_TCIA01_186_1,-0.896139647452755,370.0,610.0,1,2
6,1,edad,Brats18_TCIA01_235_1,-0.08475409947608782,804.0,376.0,2,1
6,1,edad,Brats18_TCIA01_411_1,-0.592404870597549,822.0,488.0,2,2
6,1,edad,Brats18_TCIA01_425_1,-0.14421415727882056,558.0,387.0,2,1
6,1,edad,Brats18_TCIA02_179_1,-0.4652984694135771,405.0,464.0,1,2
6,1,edad,Brats18_TCIA02_274_1,-0.18602148403983543,357.0,394.0,1,2
6,1,edad,Brats18_TCIA02_300_1,0.1310202179326958,127.0,336.0,0,0
6,1,edad,Brats18_TCIA02_377_1,0.1102681524332718,812.0,345.0,2,1
6,1,edad,Brats18_TCIA03_138_1,0.38354859939971225,82.0,291.0,0,0
6,1,edad,Brats18_TCIA03_265_1,-0.030482058048210976,103.0,368.0,0,1
6,1,edad,Brats18_TCIA03_338_1,0.5368645898021127,468.0,262.0,2,0
6,1,edad,Brats18_TCIA03_375_1,-0.016467676152496176,946.0,368.0,2,1
6,1,edad,Brats18_TCIA04_361_1,0.5216374248577301,476.0,265.0,2,0
6,1,edad,Brats18_TCIA05_277_1,0.3327801534457646,232.0,317.0,0,0
6,1,edad,Brats18_TCIA06_165_1,-0.2941949942973848,5.0,425.0,0,2
6,1,edad,Brats18_TCIA06_184_1,0.022846707675146412,434.0,359.0,1,1
6,1,edad,Brats18_TCIA08_105_1,0.20678547005640432,77.0,331.0,0,0
6,1,edad,Brats18_TCIA08_218_1,-0.10591042599173438,346.0,376.0,1,1
6,1,edad,Brats18_TCIA08_319_1,0.14725803541763466,254.0,336.0,0,0
6,1,coxnet,Brats18_CBICA_ANI_1,-0.015752354523357097,439.0,362.0,1,1
6,1,coxnet,Brats18_CBICA_ANZ_1,0.33526493623316683,287.0,317.0,0,0
6,1,coxnet,Brats18_CBICA_AOD_1,0.05514781437038044,55.0,355.0,0,1
6,1,coxnet,Brats18_CBICA_AQJ_1,0.29718576140266967,170.0,318.0,0,0
6,1,coxnet,Brats18_CBICA_AQP_1,-0.4288931757455681,1283.0,448.0,2,2
6,1,coxnet,Brats18_CBICA_AQZ_1,0.12146891631902215,286.0,336.0,0,1
6,1,coxnet,Brats18_CBICA_ARW_1,-0.619405099322992,495.0,488.0,2,2
6,1,coxnet,Brats18_CBICA_ASH_1,-0.8489573123463539,660.0,579.0,2,2
6,1,coxnet,Brats18_CBICA_ASW_1,0.32697119053094326,239.0,317.0,0,0
6,1,coxnet,Brats18_CBICA_ATF_1,0.13148720300829397,152.0,336.0,0,0
6,1,coxnet,Brats18_CBICA_ATP_1,-0.32027684487249986,385.0,425.0,1,2
6,1,coxnet,Brats18_CBICA_AXL_1,0.6176075063709464,168.0,213.0,0,0
6,1,coxnet,Brats18_CBICA_AYI_1,0.24164901809117323,387.0,329.0,1,0
6,1,coxnet,Brats18_TCIA01_150_1,-0.2055454128040147,1489.0,394.0,2,2
6,1,coxnet,Brats18_TCIA01_186_1,-0.9163386303022673,370.0,610.0,1,2
6,1,coxnet,Brats18_TCIA01_235_1,-0.04985140826877682,804.0,368.0,2,1
6,1,coxnet,Brats18_TCIA01_411_1,-0.6164911504233904,822.0,488.0,2,2
6,1,coxnet,Brats18_TCIA01_425_1,-0.3330993141558074,558.0,430.0,2,2
6,1,coxnet,Brats18_TCIA02_179_1,-0.4850350112722714,405.0,464.0,1,2
6,1,coxnet,Brats18_TCIA02_274_1,-0.11639671507752927,357.0,376.0,1,1
6,1,coxnet,Brats18_TCIA02_300_1,0.12177204399843754,127.0,336.0,0,1
6,1,coxnet,Brats18_TCIA02_377_1,0.16372909248279358,812.0,333.0,2,0
6,1,coxnet,Brats18_TCIA03_138_1,0.45375586222560255,82.0,269.0,0,0
6,1,coxnet,Brats18_TCIA03_265_1,-0.05672125957377193,103.0,372.0,0,1
6,1,coxnet,Brats18_TCIA03_338_1,0.4667184888929368,468.0,268.0,2,0
6,1,coxnet,Brats18_TCIA03_375_1,-0.01016521025956299,946.0,362.0,2,1
6,1,coxnet,Brats18_TCIA04_361_1,0.5391434760993633,476.0,262.0,2,0
6,1,coxnet,Brats18_TCIA05_277_1,0.15124229141479348,232.0,333.0,0,0
6,1,coxnet,Brats18_TCIA06_165_1,-0.238180413460415,5.0,407.0,0,2
6,1,coxnet,Brats18_TCIA06_184_1,0.06887435734703486,434.0,350.0,1,1
6,1,coxnet,Brats18_TCIA08_105_1,0.3110872000234131,77.0,318.0,0,0
6,1,coxnet,Brats18_TCIA08_218_1,-0.14284321120234014,346.0,387.0,1,1
6,1,coxnet,Brats18_TCIA08_319_1,0.1516097417493315,254.0,333.0,0,0
6,1,genetico,Brats18_CBICA_ANI_1,-0.015992280544859988,439.0,368.0,1,1
6,1,genetico,Brats18_CBICA_ANZ_1,0.585303851067582,287.0,268.0,0,0
6,1,genetico,Brats18_CBICA_AOD_1,0.8083889060492805,55.0,209.0,0,0
6,1,genetico,Brats18_CBICA_AQJ_1,0.6891974444651452,170.0,244.0,0,0
6,1,genetico,Brats18_CBICA_AQP_1,-0.3104517433430173,1283.0,424.0,2,2
6,1,genetico,Brats18_CBICA_AQZ_1,-0.003428691118566529,286.0,368.0,0,1
6,1,genetico,Brats18_CBICA_ARW_1,-0.45070159656664044,495.0,448.0,2,2
6,1,genetico,Brats18_CBICA_ASH_1,-1.4132188283008658,660.0,734.0,2,2
6,1,genetico,Brats18_CBICA_ASW_1,0.10480467883407314,239.0,355.0,0,1
6,1,genetico,Brats18_CBICA_ATF_1,0.16573820730672123,152.0,345.0,0,1
6,1,genetico,Brats18_CBICA_ATP_1,-1.3502966236473486,385.0,726.0,1,2
6,1,genetico,Brats18_CBICA_AXL_1,1.3258117601324493,168.0,147.0,0,0
6,1,genetico,Brats18_CBICA_AYI_1,0.31353868652739636,387.0,329.0,1,0
6,1,genetico,Brats18_TCIA01_150_1,0.15409483352832387,1489.0,345.0,2,1
6,1,genetico,Brats18_TCIA01_186_1,-1.0585292737231948,370.0,614.0,1,2
6,1,genetico,Brats18_TCIA01_235_1,-0.54662179944591,804.0,464.0,2,2
6,1,genetico,Brats18_TCIA01_411_1,-0.7740023192545123,822.0,508.0,2,2
6,1,genetico,Brats18_TCIA01_425_1,-1.5889486595951618,558.0,828.0,2,2
6,1,genetico,Brats18_TCIA02_179_1,0.04303005309831423,405.0,359.0,1,1
6,1,genetico,Brats18_TCIA02_274_1,0.08443476761758817,357.0,355.0,1,1
6,1,genetico,Brats18_TCIA02_300_1,0.7056664161105555,127.0,229.0,0,0
6,1,genetico,Brats18_TCIA02_377_1,0.36047271904488154,812.0,322.0,2,0
6,1,genetico,Brats18_TCIA03_138_1,1.3002742708670276,82.0,150.0,0,0
6,1,genetico,Brats18_TCIA03_265_1,0.2375520491078702,103.0,333.0,0,1
6,1,genetico,Brats18_TCIA03_338_1,0.22346261134035694,468.0,333.0,2,1
6,1,genetico,Brats18_TCIA03_375_1,-0.2982720274306432,946.0,424.0,2,2
6,1,genetico,Brats18_TCIA04_361_1,0.7884340214136871,476.0,210.0,2,0
6,1,genetico,Brats18_TCIA05_277_1,1.3239038182039442,232.0,147.0,0,0
6,1,genetico,Brats18_TCIA06_165_1,-0.4442861331068432,5.0,448.0,0,2
6,1,genetico,Brats18_TCIA06_184_1,3.7997269397352698,434.0,23.0,1,0
6,1,genetico,Brats18_TCIA08_105_1,2.767576737569967,77.0,50.0,0,0
6,1,genetico,Brats18_TCIA08_218_1,-0.3669224499894724,346.0,430.0,1,2
6,1,genetico,Brats18_TCIA08_319_1,0.15755173912653367,254.0,345.0,0,1
6,2,edad,Brats18_CBICA_ABM_1,0.33134354673136285,503.0,296.0,2,0
6,2,edad,Brats18_CBICA_ALN_1,0.013522324105447164,421.0,370.0,1,1
6,2,edad,Brats18_CBICA_ANP_1,0.03701345795171036,486.0,368.0,2,1
6,2,edad,Brats18_CBICA_AOO_1,-0.5810194948090301,350.0,476.0,1,2
6,2,edad,Brats18_CBICA_AOZ_1,-0.49229883243943245,331.0,465.0,1,2
6,2,edad,Brats18_CBICA_APZ_1,-0.01762202981742675,336.0,375.0,1,1
6,2,edad,Brats18_CBICA_AQT_1,0.5462714772161789,172.0,254.0,0,0
6,2,edad,Brats18_CBICA_AQU_1,0.43646902806147336,30.0,286.0,0,0
6,2,edad,Brats18_CBICA_ASA_1,0.11351022714338857,210.0,357.0,0,1
6,2,edad,Brats18_CBICA_ASG_1,-0.1009925244482829,208.0,387.0,0,1
6,2,edad,Brats18_CBICA_ASO_1,-0.2909766265352572,265.0,434.0,0,2
6,2,edad,Brats18_CBICA_ATX_1,-0.8424336509443707,1592.0,610.0,2,2
6,2,edad,Brats18_CBICA_AUN_1,0.28145588993567844,376.0,317.0,1,0
6,2,edad,Brats18_CBICA_AUQ_1,0.009057945727424353,1337.0,370.0,2,1
6,2,edad,Brats18_CBICA_AUR_1,0.34339028203713856,12.0,291.0,0,0
6,2,edad,Brats18_CBICA_AVG_1,0.0991604394997435,579.0,359.0,2,1
6,2,edad,Brats18_CBICA_AWG_1,-0.17816249355410735,180.0,405.0,0,2
6,2,edad,Brats18_CBICA_AXN_1,0.8929340014270996,345.0,175.0,1,0
6,2,edad,Brats18_CBICA_AXO_1,-0.150915612818396,394.0,401.0,1,2
6,2,edad,Brats18_CBICA_AXQ_1,0.2027269315549887,114.0,332.0,0,0
6,2,edad,Brats18_CBICA_BHB_1,-0.17593030436509582,510.0,405.0,2,2
6,2,edad,Brats18_TCIA01_190_1,0.034214363571839095,322.0,368.0,1,1
6,2,edad,Brats18_TCIA01_231_1,0.11496292169496732,1561.0,357.0,2,1
6,2,edad,Brats18_TCIA01_429_1,-0.1975081331922065,86.0,407.0,0,2
6,2,edad,Brats18_TCIA01_448_1,-0.5708506329479781,199.0,473.0,0,2
6,2,edad,Brats18_TCIA01_460_1,-1.473434559946035,630.0,871.0,2,2
6,2,edad,Brats18_TCIA01_499_1,-0.37126457419081166,600.0,448.0,2,2
6,2,edad,Brats18_TCIA02_491_1,0.7281771803333974,82.0,209.0,0,0
6,2,edad,Brats18_TCIA03_419_1,0.3554370173429147,327.0,291.0,1,0
6,2,edad,Brats18_TCIA04_192_1,0.5457045720253191,121.0,254.0,0,0
6,2,edad,Brats18_TCIA04_437_1,-0.4821299705783801,333.0,465.0,1,2
6,2,edad,Brats18_TCIA08_278_1,-0.35641874450516425,1458.0,439.0,2,2
6,2,edad,Brats18_TCIA08_280_1,-0.11332271234948893,508.0,387.0,2,1
6,2,coxnet,Brats18_CBICA_ABM_1,0.3395788187837385,503.0,291.0,2,0
6,2,coxnet,Brats18_CBICA_ALN_1,0.017651384861834662,421.0,370.0,1,1
6,2,coxnet,Brats18_CBICA_ANP_1,0.0414140296316507,486.0,368.0,2,1
6,2,coxnet,Brats18_CBICA_AOO_1,-0.5849931754414474,350.0,476.0,1,2
6,2,coxnet,Brats18_CBICA_AOZ_1,-0.4949432273872655,331.0,466.0,1,2
6,2,coxnet,Brats18_CBICA_APZ_1,-0.014289116725186088,336.0,372.0,1,1
6,2,coxnet,Brats18_CBICA_AQT_1,0.5560430653730949,172.0,254.0,0,0
6,2,coxnet,Brats18_CBICA_AQU_1,0.4457836189457715,30.0,269.0,0,0
6,2,coxnet,Brats18_CBICA_ASA_1,0.11856458512410342,210.0,357.0,0,0
6,2,coxnet,Brats18_CBICA_ASG_1,-0.09885807640452374,208.0,387.0,0,1
6,2,coxnet,Brats18_CBICA_ASO_1,-0.2913414866720781,265.0,434.0,0,2
6,2,coxnet,Brats18_CBICA_ATX_1,-0.8498770638934977,1592.0,614.0,2,2
6,2,coxnet,Brats18_CBICA_AUN_1,0.2878431132582234,376.0,317.0,1,0
6,2,coxnet,Brats18_CBICA_AUQ_1,0.01182511976270474,1337.0,370.0,2,1
6,2,coxnet,Brats18_CBICA_AUR_1,0.35134815538815567,12.0,291.0,0,0
6,2,coxnet,Brats18_CBICA_AVG_1,0.10243915559287232,579.0,357.0,2,1
6,2,coxnet,Brats18_CBICA_AWG_1,-0.1767444346609118,180.0,405.0,0,2
6,2,coxnet,Brats18_CBICA_AXN_1,0.9075786031551487,345.0,175.0,1,0
6,2,coxnet,Brats18_CBICA_AXO_1,-0.1503452530743959,394.0,394.0,1,1
6,2,coxnet,Brats18_CBICA_AXQ_1,0.20899322338713838,114.0,332.0,0,0
6,2,coxnet,Brats18_CBICA_BHB_1,-0.17526977286834883,510.0,405.0,2,2
6,2,coxnet,Brats18_TCIA01_190_1,0.034557782715258174,322.0,368.0,1,1
6,2,coxnet,Brats18_TCIA01_231_1,0.11832591467893751,1561.0,357.0,2,0
6,2,coxnet,Brats18_TCIA01_429_1,-0.19784041419952358,86.0,407.0,0,2
6,2,coxnet,Brats18_TCIA01_448_1,-0.576449346288292,199.0,473.0,0,2
6,2,coxnet,Brats18_TCIA01_460_1,-1.489923625710147,630.0,871.0,2,2
6,2,coxnet,Brats18_TCIA01_499_1,-0.37370691074262724,600.0,448.0,2,2
6,2,coxnet,Brats18_TCIA02_491_1,0.7396870582302665,82.0,209.0,0,0
6,2,coxnet,Brats18_TCIA03_419_1,0.3630154915510097,327.0,289.0,1,0
6,2,coxnet,Brats18_TCIA04_192_1,0.5341768126693344,121.0,254.0,0,0
6,2,coxnet,Brats18_TCIA04_437_1,-0.5103258308959623,333.0,466.0,1,2
6,2,coxnet,Brats18_TCIA08_278_1,-0.3596528229318962,1458.0,439.0,2,2
6,2,coxnet,Brats18_TCIA08_280_1,-0.11121988417442426,508.0,387.0,2,1
6,2,genetico,Brats18_CBICA_ABM_1,0.042874176480179396,503.0,368.0,2,1
6,2,genetico,Brats18_CBICA_ALN_1,-0.24372476599195828,421.0,424.0,1,1
6,2,genetico,Brats18_CBICA_ANP_1,-0.31589935276151093,486.0,434.0,2,2
6,2,genetico,Brats18_CBICA_AOO_1,-0.8099250563068446,350.0,558.0,1,2
6,2,genetico,Brats18_CBICA_AOZ_1,-0.6752905284461984,331.0,495.0,1,2
6,2,genetico,Brats18_CBICA_APZ_1,0.3009650256612877,336.0,317.0,1,0
6,2,genetico,Brats18_CBICA_AQT_1,0.52233031271004,172.0,268.0,0,0
6,2,genetico,Brats18_CBICA_AQU_1,0.947304972332919,30.0,175.0,0,0
6,2,genetico,Brats18_CBICA_ASA_1,0.9488136944348831,210.0,175.0,0,0
6,2,genetico,Brats18_CBICA_ASG_1,0.47376451247540374,208.0,269.0,0,0
6,2,genetico,Brats18_CBICA_ASO_1,-0.3111908441307766,265.0,434.0,0,2
6,2,genetico,Brats18_CBICA_ATX_1,-1.2580481909182049,1592.0,734.0,2,2
6,2,genetico,Brats18_CBICA_AUN_1,0.5424426007322725,376.0,262.0,1,0
6,2,genetico,Brats18_CBICA_AUQ_1,-0.4230284383005697,1337.0,448.0,2,2
6,2,genetico,Brats18_CBICA_AUR_1,0.856855484426436,12.0,203.0,0,0
6,2,genetico,Brats18_CBICA_AVG_1,-0.27410982259037175,579.0,425.0,2,2
6,2,genetico,Brats18_CBICA_AWG_1,-0.08756365704274086,180.0,385.0,0,1
6,2,genetico,Brats18_CBICA_AXN_1,1.5418577975978789,345.0,106.0,1,0
6,2,genetico,Brats18_CBICA_AXO_1,0.1645144671195228,394.0,355.0,1,1
6,2,genetico,Brats18_CBICA_AXQ_1,0.03493374522517065,114.0,368.0,0,1
6,2,genetico,Brats18_CBICA_BHB_1,-0.27406277107213484,510.0,425.0,2,2
6,2,genetico,Brats18_TCIA01_190_1,-0.18613580052891343,322.0,401.0,1,1
6,2,genetico,Brats18_TCIA01_231_1,-0.15445789251389802,1561.0,394.0,2,1
6,2,genetico,Brats18_TCIA01_429_1,-0.006527784821521138,86.0,372.0,0,1
6,2,genetico,Brats18_TCIA01_448_1,-0.6904054585430188,199.0,495.0,0,2
6,2,genetico,Brats18_TCIA01_460_1,-1.6832521245402279,630.0,946.0,2,2
6,2,genetico,Brats18_TCIA01_499_1,-0.016814976967027967,600.0,372.0,2,1
6,2,genetico,Brats18_TCIA02_491_1,0.9469599182218018,82.0,175.0,0,0
6,2,genetico,Brats18_TCIA03_419_1,0.5667514336509878,327.0,254.0,1,0
6,2,genetico,Brats18_TCIA04_192_1,0.2051845124174597,121.0,346.0,0,0
6,2,genetico,Brats18_TCIA04_437_1,-1.1102697213389274,333.0,635.0,1,2
6,2,genetico,Brats18_TCIA08_278_1,-0.5187178923331275,1458.0,465.0,2,2
6,2,genetico,Brats18_TCIA08_280_1,-0.8960187069570308,508.0,610.0,2,2
6,3,edad,Brats18_2013_27_1,0.24347688675782503,120.0,329.0,0,0
6,3,edad,Brats18_CBICA_AAL_1,-0.17232251291549167,464.0,387.0,2,2
6,3,edad,Brats18_CBICA_AAP_1,-0.6340086602457371,788.0,495.0,2,2
6,3,edad,Brats18_CBICA_ABB_1,0.25781270686464614,465.0,327.0,2,0
6,3,edad,Brats18_CBICA_ALU_1,0.17919300843527214,495.0,332.0,2,0
6,3,edad,Brats18_CBICA_ALX_1,-0.008900225355281526,698.0,359.0,2,1
6,3,edad,Brats18_CBICA_AMH_1,0.07963028316908309,169.0,350.0,0,1
6,3,edad,Brats18_CBICA_AOH_1,-0.0929147990045587,576.0,375.0,2,1
6,3,edad,Brats18_CBICA_AQD_1,0.39550325812318393,32.0,287.0,0,0
6,3,edad,Brats18_CBICA_AQQ_1,0.30324483020529086,33.0,322.0,0,0
6,3,edad,Brats18_CBICA_AQY_1,-0.06875909366600376,229.0,370.0,0,1
6,3,edad,Brats18_CBICA_ARZ_1,-0.15644097013330502,871.0,385.0,2,2
6,3,edad,Brats18_CBICA_ASV_1,-0.15868378342697276,597.0,385.0,2,2
6,3,edad,Brats18_CBICA_ATB_1,0.33761442851635887,208.0,291.0,0,0
6,3,edad,Brats18_CBICA_ATD_1,0.27857388397494737,355.0,327.0,1,0
6,3,edad,Brats18_CBICA_ATV_1,0.06584001224180279,453.0,350.0,2,1
6,3,edad,Brats18_CBICA_AVV_1,0.3729842003232516,387.0,289.0,1,0
6,3,edad,Brats18_CBICA_AXJ_1,-0.9751890554729787,1767.0,626.0,2,2
6,3,edad,Brats18_CBICA_AYU_1,0.11500005497597583,58.0,345.0,0,0
6,3,edad,Brats18_CBICA_BHM_1,0.061930243121760736,436.0,350.0,1,1
6,3,edad,Brats18_TCIA02_135_1,0.2842112254968688,828.0,322.0,2,0
6,3,edad,Brats18_TCIA02_198_1,-0.17298929524604142,394.0,387.0,1,2
6,3,edad,Brats18_TCIA02_283_1,0.45005817607726,262.0,269.0,0,0
6,3,edad,Brats18_TCIA02_368_1,0.07805425220596536,317.0,350.0,1,1
6,3,edad,Brats18_TCIA02_430_1,-0.1855066180877268,71.0,387.0,0,2
6,3,edad,Brats18_TCIA02_473_1,0.03137948906747803,175.0,357.0,0,1
6,3,edad,Brats18_TCIA03_257_1,0.2830595105622824,425.0,322.0,1,0
6,3,edad,Brats18_TCIA04_343_1,-0.22148255564966468,296.0,401.0,0,2
6,3,edad,Brats18_TCIA04_479_1,-0.10870541692348855,372.0,376.0,1,1
6,3,edad,Brats18_TCIA06_409_1,0.2812410132971469,99.0,322.0,0,0
6,3,edad,Brats18_TCIA08_167_1,0.45221006450767076,153.0,269.0,0,0
6,3,edad,Brats18_TCIA08_469_1,0.11857643293074312,519.0,345.0,2,0
6,3,coxnet,Brats18_2013_27_1,0.2517416821456142,120.0,327.0,0,0
6,3,coxnet,Brats18_CBICA_AAL_1,-0.33470396048565826,464.0,421.0,2,2
6,3,coxnet,Brats18_CBICA_AAP_1,-0.7587184887607851,788.0,510.0,2,2
6,3,coxnet,Brats18_CBICA_ABB_1,0.2699491748186674,465.0,322.0,2,0
6,3,coxnet,Brats18_CBICA_ALU_1,0.13185893951029068,495.0,336.0,2,1
6,3,coxnet,Brats18_CBICA_ALX_1,-0.5259168389750457,698.0,466.0,2,2
6,3,coxnet,Brats18_CBICA_AMH_1,-0.04573970268116026,169.0,362.0,0,1
6,3,coxnet,Brats18_CBICA_AOH_1,-0.22116765613232195,576.0,387.0,2,2
6,3,coxnet,Brats18_CBICA_AQD_1,0.4290393022264038,32.0,286.0,0,0
6,3,coxnet,Brats18_CBICA_AQQ_1,0.6032062515366697,33.0,239.0,0,0
6,3,coxnet,Brats18_CBICA_AQY_1,0.14701089848799107,229.0,333.0,0,1
6,3,coxnet,Brats18_CBICA_ARZ_1,0.0053603012998654906,871.0,357.0,2,1
6,3,coxnet,Brats18_CBICA_ASV_1,-0.21240543695462297,597.0,387.0,2,2
6,3,coxnet,Brats18_CBICA_ATB_1,0.5460824889334386,208.0,254.0,0,0
6,3,coxnet,Brats18_CBICA_ATD_1,0.1091030016579065,355.0,345.0,1,1
6,3,coxnet,Brats18_CBICA_ATV_1,-0.02482863773511983,453.0,359.0,2,1
6,3,coxnet,Brats18_CBICA_AVV_1,0.5052855061617316,387.0,265.0,1,0
6,3,coxnet,Brats18_CBICA_AXJ_1,-0.8877383264900448,1767.0,600.0,2,2
6,3,coxnet,Brats18_CBICA_AYU_1,-0.07872527010436585,58.0,368.0,0,1
6,3,coxnet,Brats18_CBICA_BHM_1,-0.007406743187848366,436.0,357.0,1,1
6,3,coxnet,Brats18_TCIA02_135_1,0.34690040185004845,828.0,291.0,2,0
6,3,coxnet,Brats18_TCIA02_198_1,-0.355115316734076,394.0,424.0,1,2
6,3,coxnet,Brats18_TCIA02_283_1,0.4915130428683766,262.0,268.0,0,0
6,3,coxnet,Brats18_TCIA02_368_1,0.054824588239418486,317.0,350.0,1,1
6,3,coxnet,Brats18_TCIA02_430_1,-0.27470791829087354,71.0,405.0,0,2
6,3,coxnet,Brats18_TCIA02_473_1,0.2371741226049908,175.0,329.0,0,0
6,3,coxnet,Brats18_TCIA03_257_1,0.29634369413484074,425.0,318.0,1,0
6,3,coxnet,Brats18_TCIA04_343_1,-0.24651177513387992,296.0,394.0,0,2
6,3,coxnet,Brats18_TCIA04_479_1,-0.1879660901832263,372.0,385.0,1,1
6,3,coxnet,Brats18_TCIA06_409_1,0.22255547690858038,99.0,329.0,0,0
6,3,coxnet,Brats18_TCIA08_167_1,0.8977427459482084,153.0,187.0,0,0
6,3,coxnet,Brats18_TCIA08_469_1,0.32745405219780466,519.0,291.0,2,0
6,3,genetico,Brats18_2013_27_1,-0.19330263151489208,120.0,387.0,0,1
6,3,genetico,Brats18_CBICA_AAL_1,-0.5264739881600775,464.0,448.0,2,2
6,3,genetico,Brats18_CBICA_AAP_1,-0.9980606998226975,788.0,614.0,2,2
6,3,genetico,Brats18_CBICA_ABB_1,0.4085273435979414,465.0,291.0,2,0
6,3,genetico,Brats18_CBICA_ALU_1,-0.1248061888223039,495.0,376.0,2,1
6,3,genetico,Brats18_CBICA_ALX_1,0.08121982059400307,698.0,350.0,2,1
6,3,genetico,Brats18_CBICA_AMH_1,-0.06921861395108178,169.0,370.0,0,1
6,3,genetico,Brats18_CBICA_AOH_1,-0.11072014969971836,576.0,375.0,2,1
6,3,genetico,Brats18_CBICA_AQD_1,0.3866046165083821,32.0,291.0,0,0
6,3,genetico,Brats18_CBICA_AQQ_1,1.0129928336676244,33.0,187.0,0,0
6,3,genetico,Brats18_CBICA_AQY_1,0.31146316447280914,229.0,327.0,0,0
6,3,genetico,Brats18_CBICA_ARZ_1,0.20528828516903241,871.0,333.0,2,1
6,3,genetico,Brats18_CBICA_ASV_1,-0.542505290946058,597.0,466.0,2,2
6,3,genetico,Brats18_CBICA_ATB_1,0.6411721610659415,208.0,244.0,0,0
6,3,genetico,Brats18_CBICA_ATD_1,0.020758720658685684,355.0,357.0,1,1
6,3,genetico,Brats18_CBICA_ATV_1,-0.049462413381452186,453.0,368.0,2,1
6,3,genetico,Brats18_CBICA_AVV_1,0.46806757107921154,387.0,287.0,1,0
6,3,genetico,Brats18_CBICA_AXJ_1,-1.2636952242274055,1767.0,726.0,2,2
6,3,genetico,Brats18_CBICA_AYU_1,-0.13638349543629733,58.0,376.0,0,1
6,3,genetico,Brats18_CBICA_BHM_1,-0.5594221992946962,436.0,466.0,1,2
6,3,genetico,Brats18_TCIA02_135_1,0.6518554940821899,828.0,244.0,2,0
6,3,genetico,Brats18_TCIA02_198_1,-0.4104586794903578,394.0,434.0,1,2
6,3,genetico,Brats18_TCIA02_283_1,0.38046024018647034,262.0,318.0,0,0
6,3,genetico,Brats18_TCIA02_368_1,0.041739486009511946,317.0,357.0,1,1
6,3,genetico,Brats18_TCIA02_430_1,-0.6763649216061949,71.0,486.0,0,2
6,3,genetico,Brats18_TCIA02_473_1,-0.13584933678851732,175.0,376.0,0,1
6,3,genetico,Brats18_TCIA03_257_1,0.7858694364394196,425.0,210.0,1,0
6,3,genetico,Brats18_TCIA04_343_1,-0.6691641074646467,296.0,486.0,0,2
6,3,genetico,Brats18_TCIA04_479_1,-0.8208964325116734,372.0,510.0,1,2
6,3,genetico,Brats18_TCIA06_409_1,-0.45569719427879024,99.0,439.0,0,2
6,3,genetico,Brats18_TCIA08_167_1,1.9916017258517056,153.0,85.0,0,0
6,3,genetico,Brats18_TCIA08_469_1,0.6806975011250148,519.0,239.0,2,0
6,4,edad,Brats18_2013_11_1,-1.257484617983695,150.0,804.0,0,2
6,4,edad,Brats18_CBICA_ABE_1,0.24245795765496087,269.0,329.0,0,0
6,4,edad,Brats18_CBICA_ABY_1,-0.4978836404191735,515.0,465.0,2,2
6,4,edad,Brats18_CBICA_AME_1,-0.36500181512381596,359.0,434.0,1,2
6,4,edad,Brats18_CBICA_ANG_1,-0.20615140026969855,368.0,394.0,1,2
6,4,edad,Brats18_CBICA_AOP_1,0.2703603783510751,332.0,322.0,1,0
6,4,edad,Brats18_CBICA_AQR_1,0.4099514137148054,89.0,287.0,0,0
6,4,edad,Brats18_CBICA_ASE_1,-0.5591742476908366,318.0,473.0,1,2
6,4,edad,Brats18_CBICA_ASN_1,-0.8483017356961198,407.0,576.0,1,2
6,4,edad,Brats18_CBICA_ASU_1,0.8012562244672461,85.0,203.0,0,0
6,4,edad,Brats18_CBICA_ASY_1,0.21814693764250462,610.0,329.0,2,0
6,4,edad,Brats18_CBICA_AVJ_1,-0.6211357759693371,614.0,486.0,2,2
6,4,edad,Brats18_CBICA_AWH_1,-0.3243518952977933,139.0,425.0,0,2
6,4,edad,Brats18_CBICA_AXM_1,0.2348804968718573,438.0,329.0,1,0
6,4,edad,Brats18_CBICA_AXW_1,0.7194038616330997,191.0,209.0,0,0
6,4,edad,Brats18_CBICA_AYA_1,0.5467403672264503,50.0,244.0,0,0
6,4,edad,Brats18_TCIA01_203_1,-0.594220003812689,268.0,476.0,0,2
6,4,edad,Brats18_TCIA01_378_1,0.5194694015955942,110.0,254.0,0,0
6,4,edad,Brats18_TCIA01_390_1,0.10231439910912943,634.0,346.0,2,1
6,4,edad,Brats18_TCIA01_401_1,0.70286763211164,448.0,209.0,1,0
6,4,edad,Brats18_TCIA02_118_1,-0.5391650153104548,104.0,468.0,0,2
6,4,edad,Brats18_TCIA02_151_1,-0.5134332214011665,1731.0,466.0,2,2
6,4,edad,Brats18_TCIA02_314_1,-0.8141636962305765,362.0,522.0,1,2
6,4,edad,Brats18_TCIA02_322_1,-0.14288749591910213,621.0,387.0,2,1
6,4,edad,Brats18_TCIA03_121_1,-1.2066524852303773,747.0,788.0,2,2
6,4,edad,Brats18_TCIA03_199_1,-0.4798082391761458,1282.0,464.0,2,2
6,4,edad,Brats18_TCIA03_474_1,0.016791703708167238,635.0,357.0,2,1
6,4,edad,Brats18_TCIA03_498_1,-0.06711288808806991,467.0,375.0,2,1
6,4,edad,Brats18_TCIA04_111_1,0.5635923242805395,626.0,244.0,2,0
6,4,edad,Brats18_TCIA04_149_1,-0.9523339576974749,448.0,600.0,1,2
6,4,edad,Brats18_TCIA05_478_1,-0.06817846851069356,30.0,375.0,0,1
6,4,edad,Brats18_TCIA06_372_1,0.5343085956291715,213.0,254.0,0,0
6,4,coxnet,Brats18_2013_11_1,-1.317245529399384,150.0,822.0,0,2
6,4,coxnet,Brats18_CBICA_ABE_1,0.30854800023468043,269.0,317.0,0,0
6,4,coxnet,Brats18_CBICA_ABY_1,-0.5209704342441618,515.0,466.0,2,2
6,4,coxnet,Brats18_CBICA_AME_1,-0.3504160167193476,359.0,430.0,1,2
6,4,coxnet,Brats18_CBICA_ANG_1,-0.2047384592536822,368.0,394.0,1,2
6,4,coxnet,Brats18_CBICA_AOP_1,0.2681763407723526,332.0,322.0,1,0
6,4,coxnet,Brats18_CBICA_AQR_1,0.3910993607904202,89.0,289.0,0,0
6,4,coxnet,Brats18_CBICA_ASE_1,-0.5962177657266269,318.0,476.0,1,2
6,4,coxnet,Brats18_CBICA_ASN_1,-0.8030954685558273,407.0,522.0,1,2
6,4,coxnet,Brats18_CBICA_ASU_1,0.8145378537821981,85.0,203.0,0,0
6,4,coxnet,Brats18_CBICA_ASY_1,0.21182690456193282,610.0,331.0,2,0
6,4,coxnet,Brats18_CBICA_AVJ_1,-0.6306632002111232,614.0,488.0,2,2
6,4,coxnet,Brats18_CBICA_AWH_1,-0.3056618275596814,139.0,424.0,0,2
6,4,coxnet,Brats18_CBICA_AXM_1,0.22295265417345989,438.0,329.0,1,0
6,4,coxnet,Brats18_CBICA_AXW_1,0.7199769788319128,191.0,209.0,0,0
6,4,coxnet,Brats18_CBICA_AYA_1,0.5387008044955474,50.0,254.0,0,0
6,4,coxnet,Brats18_TCIA01_203_1,-0.5564724504578946,268.0,468.0,0,2
6,4,coxnet,Brats18_TCIA01_378_1,0.5198807756569743,110.0,254.0,0,0
6,4,coxnet,Brats18_TCIA01_390_1,0.09928668870985163,634.0,346.0,2,1
6,4,coxnet,Brats18_TCIA01_401_1,0.7144440798393317,448.0,209.0,1,0
6,4,coxnet,Brats18_TCIA02_118_1,-0.5111153210727438,104.0,465.0,0,2
6,4,coxnet,Brats18_TCIA02_151_1,-0.5402599538166248,1731.0,468.0,2,2
6,4,coxnet,Brats18_TCIA02_314_1,-0.802736551125125,362.0,522.0,1,2
6,4,coxnet,Brats18_TCIA02_322_1,-0.1708947266803071,621.0,387.0,2,2
6,4,coxnet,Brats18_TCIA03_121_1,-1.2235784194831778,747.0,788.0,2,2
6,4,coxnet,Brats18_TCIA03_199_1,-0.4965595741321809,1282.0,465.0,2,2
6,4,coxnet,Brats18_TCIA03_474_1,0.14454174390642296,635.0,336.0,2,0
6,4,coxnet,Brats18_TCIA03_498_1,-0.09385038711649131,467.0,376.0,2,1
6,4,coxnet,Brats18_TCIA04_111_1,0.5423553497884781,626.0,244.0,2,0
6,4,coxnet,Brats18_TCIA04_149_1,-0.9823648558007096,448.0,616.0,1,2
6,4,coxnet,Brats18_TCIA05_478_1,-0.031516789089053636,30.0,372.0,0,1
6,4,coxnet,Brats18_TCIA06_372_1,0.5204964229174938,213.0,254.0,0,0
6,4,genetico,Brats18_2013_11_1,-2.091591031484824,150.0,1561.0,0,2
6,4,genetico,Brats18_CBICA_ABE_1,0.14647895873762506,269.0,345.0,0,0
6,4,genetico,Brats18_CBICA_ABY_1,-0.29044197226155233,515.0,421.0,2,2
6,4,genetico,Brats18_CBICA_AME_1,0.1076528093636271,359.0,350.0,1,1
6,4,genetico,Brats18_CBICA_ANG_1,-0.6922685715064009,368.0,488.0,1,2
6,4,genetico,Brats18_CBICA_AOP_1,0.1413313680037142,332.0,346.0,1,0
6,4,genetico,Brats18_CBICA_AQR_1,0.214156608638978,89.0,333.0,0,0
6,4,genetico,Brats18_CBICA_ASE_1,-1.1652701795963565,318.0,660.0,1,2
6,4,genetico,Brats18_CBICA_ASN_1,-0.10387906771609662,407.0,382.0,1,1
6,4,genetico,Brats18_CBICA_ASU_1,0.8913812279577076,85.0,203.0,0,0
6,4,genetico,Brats18_CBICA_ASY_1,-0.017104081874420154,610.0,372.0,2,1
6,4,genetico,Brats18_CBICA_AVJ_1,-0.7362552601113993,614.0,495.0,2,2
6,4,genetico,Brats18_CBICA_AWH_1,0.12210977871390913,139.0,346.0,0,1
6,4,genetico,Brats18_CBICA_AXM_1,-0.9297615017932758,438.0,558.0,1,2
6,4,genetico,Brats18_CBICA_AXW_1,0.6158524629760058,191.0,244.0,0,0
6,4,genetico,Brats18_CBICA_AYA_1,0.05623704553471698,50.0,355.0,0,1
6,4,genetico,Brats18_TCIA01_203_1,-0.0781021539647544,268.0,376.0,0,1
6,4,genetico,Brats18_TCIA01_378_1,0.9505135195402721,110.0,187.0,0,0
6,4,genetico,Brats18_TCIA01_390_1,-0.7319873580586544,634.0,495.0,2,2
6,4,genetico,Brats18_TCIA01_401_1,0.4811065186858166,448.0,287.0,1,0
6,4,genetico,Brats18_TCIA02_118_1,0.11186946036118206,104.0,350.0,0,1
6,4,genetico,Brats18_TCIA02_151_1,-1.050453482805552,1731.0,600.0,2,2
6,4,genetico,Brats18_TCIA02_314_1,0.2687170439692459,362.0,329.0,1,0
6,4,genetico,Brats18_TCIA02_322_1,-0.5478880495490672,621.0,465.0,2,2
6,4,genetico,Brats18_TCIA03_121_1,-0.950350324271006,747.0,576.0,2,2
6,4,genetico,Brats18_TCIA03_199_1,-0.23991017512974988,1282.0,394.0,2,1
6,4,genetico,Brats18_TCIA03_474_1,0.5201073516141059,635.0,265.0,2,0
6,4,genetico,Brats18_TCIA03_498_1,-0.28061316723747326,467.0,405.0,2,2
6,4,genetico,Brats18_TCIA04_111_1,0.7761283257160605,626.0,209.0,2,0
6,4,genetico,Brats18_TCIA04_149_1,-0.767152642985176,448.0,495.0,1,2
6,4,genetico,Brats18_TCIA05_478_1,-0.09628897815582627,30.0,382.0,0,1
6,4,genetico,Brats18_TCIA06_372_1,0.27761185202922417,213.0,329.0,0,0
7,0,edad,Brats18_CBICA_ABE_1,0.25103683752178685,269.0,327.0,0,0
7,0,edad,Brats18_CBICA_ABM_1,0.3583668267246794,503.0,291.0,2,0
7,0,edad,Brats18_CBICA_ABY_1,-0.47164918812683515,515.0,465.0,2,2
7,0,edad,Brats18_CBICA_ALN_1,0.01279970427315526,421.0,359.0,1,1
7,0,edad,Brats18_CBICA_ANI_1,-0.09060075912259605,439.0,376.0,1,1
7,0,edad,Brats18_CBICA_AQJ_1,0.21050878704029236,170.0,331.0,0,0
7,0,edad,Brats18_CBICA_AQP_1,-0.545424108917768,1283.0,473.0,2,2
7,0,edad,Brats18_CBICA_AQQ_1,0.36144880774988797,33.0,291.0,0,0
7,0,edad,Brats18_CBICA_AUR_1,0.37146524608181586,12.0,291.0,0,0
7,0,edad,Brats18_CBICA_AVJ_1,-0.5919620223984191,614.0,486.0,2,2
7,0,edad,Brats18_CBICA_AWG_1,-0.19561926255658227,180.0,394.0,0,1
7,0,edad,Brats18_CBICA_BHM_1,0.05471464621599342,436.0,355.0,1,1
7,0,edad,Brats18_TCIA01_147_1,0.031060441847516593,209.0,357.0,0,1
7,0,edad,Brats18_TCIA01_190_1,0.035298165757178784,322.0,357.0,1,1
7,0,edad,Brats18_TCIA01_201_1,0.004593929793537098,430.0,359.0,1,1
7,0,edad,Brats18_TCIA01_231_1,0.12309610021281109,1561.0,345.0,2,0
7,0,edad,Brats18_TCIA01_390_1,0.11423540476533622,634.0,350.0,2,1
7,0,edad,Brats18_TCIA01_460_1,-1.6039690167885061,630.0,1282.0,2,2
7,0,edad,Brats18_TCIA02_118_1,-0.5119460900314386,104.0,468.0,0,2
7,0,edad,Brats18_TCIA02_135_1,0.3372552567019998,828.0,296.0,2,0
7,0,edad,Brats18_TCIA02_179_1,-0.5367560372843686,405.0,473.0,1,2
7,0,edad,Brats18_TCIA02_314_1,-0.780386637327115,362.0,558.0,1,2
7,0,edad,Brats18_TCIA02_321_1,0.7936581217725908,67.0,208.0,0,0
7,0,edad,Brats18_TCIA02_322_1,-0.12511894660493336,621.0,385.0,2,1
7,0,edad,Brats18_TCIA02_331_1,0.93361858507988,187.0,175.0,0,0
7,0,edad,Brats18_TCIA02_394_1,0.14012404537708908,616.0,345.0,2,0
7,0,edad,Brats18_TCIA03_296_1,-0.007040548576625676,22.0,368.0,0,1
7,0,edad,Brats18_TCIA03_498_1,-0.051151401999925114,467.0,375.0,2,1
7,0,edad,Brats18_TCIA04_437_1,-0.5261232027473984,333.0,468.0,1,2
7,0,edad,Brats18_TCIA04_479_1,-0.16217976843306792,372.0,387.0,1,1
7,0,edad,Brats18_TCIA08_105_1,0.2318129808770473,77.0,329.0,0,0
7,0,edad,Brats18_TCIA08_218_1,-0.1257738675727903,346.0,385.0,1,1
7,0,edad,Brats18_TCIA08_242_1,0.22611131598041137,147.0,329.0,0,0
7,0,coxnet,Brats18_CBICA_ABE_1,0.25103593999719337,269.0,327.0,0,0
7,0,coxnet,Brats18_CBICA_ABM_1,0.3583656070810734,503.0,291.0,2,0
7,0,coxnet,Brats18_CBICA_ABY_1,-0.4716468196710572,515.0,465.0,2,2
7,0,coxnet,Brats18_CBICA_ALN_1,0.012799985466958071,421.0,359.0,1,1
7,0,coxnet,Brats18_CBICA_ANI_1,-0.09060016175566443,439.0,376.0,1,1
7,0,coxnet,Brats18_CBICA_AQJ_1,0.21050815709696868,170.0,331.0,0,0
7,0,coxnet,Brats18_CBICA_AQP_1,-0.5454214519196217,1283.0,473.0,2,2
7,0,coxnet,Brats18_CBICA_AQQ_1,0.36144756695623376,33.0,291.0,0,0
7,0,coxnet,Brats18_CBICA_AUR_1,0.37146392969622266,12.0,291.0,0,0
7,0,coxnet,Brats18_CBICA_AVJ_1,-0.5919592320010123,614.0,486.0,2,2
7,0,coxnet,Brats18_CBICA_AWG_1,-0.19561809775326686,180.0,394.0,0,1
7,0,coxnet,Brats18_CBICA_BHM_1,0.054714740705301274,436.0,355.0,1,1
7,0,coxnet,Brats18_TCIA01_147_1,0.031060500871329336,209.0,357.0,0,1
7,0,coxnet,Brats18_TCIA01_190_1,0.03529797622974422,322.0,357.0,1,1
7,0,coxnet,Brats18_TCIA01_201_1,0.004593511309432859,430.0,359.0,1,1
7,0,coxnet,Brats18_TCIA01_231_1,0.12309571125485594,1561.0,345.0,2,0
7,0,coxnet,Brats18_TCIA01_390_1,0.11423262799541015,634.0,350.0,2,1
7,0,coxnet,Brats18_TCIA01_460_1,-1.6039618432581815,630.0,1282.0,2,2
7,0,coxnet,Brats18_TCIA02_118_1,-0.5119437188473707,104.0,468.0,0,2
7,0,coxnet,Brats18_TCIA02_135_1,0.33725393234180057,828.0,296.0,2,0
7,0,coxnet,Brats18_TCIA02_179_1,-0.5367534978596777,405.0,473.0,1,2
7,0,coxnet,Brats18_TCIA02_314_1,-0.780383028871561,362.0,558.0,1,2
7,0,coxnet,Brats18_TCIA02_321_1,0.7936548733414598,67.0,208.0,0,0
7,0,coxnet,Brats18_TCIA02_322_1,-0.12511809367807392,621.0,385.0,2,1
7,0,coxnet,Brats18_TCIA02_331_1,0.9336141390290273,187.0,175.0,0,0
7,0,coxnet,Brats18_TCIA02_394_1,0.14012354266050325,616.0,345.0,2,0
7,0,coxnet,Brats18_TCIA03_296_1,-0.007040417525718765,22.0,368.0,0,1
7,0,coxnet,Brats18_TCIA03_498_1,-0.051151244701009034,467.0,375.0,2,1
7,0,coxnet,Brats18_TCIA04_437_1,-0.5261229665510642,333.0,468.0,1,2
7,0,coxnet,Brats18_TCIA04_479_1,-0.16217887578453302,372.0,387.0,1,1
7,0,coxnet,Brats18_TCIA08_105_1,0.23181210918581577,77.0,329.0,0,0
7,0,coxnet,Brats18_TCIA08_218_1,-0.12577310830181726,346.0,385.0,1,1
7,0,coxnet,Brats18_TCIA08_242_1,0.2261097531053377,147.0,329.0,0,0
7,0,genetico,Brats18_CBICA_ABE_1,0.5076128224923243,269.0,286.0,0,0
7,0,genetico,Brats18_CBICA_ABM_1,0.00011278073007248146,503.0,368.0,2,1
7,0,genetico,Brats18_CBICA_ABY_1,0.5849166593870323,515.0,265.0,2,0
7,0,genetico,Brats18_CBICA_ALN_1,1.173537981536885,421.0,169.0,1,0
7,0,genetico,Brats18_CBICA_ANI_1,0.2340746501395239,439.0,331.0,1,0
7,0,genetico,Brats18_CBICA_AQJ_1,1.5468436901741272,170.0,120.0,0,0
7,0,genetico,Brats18_CBICA_AQP_1,-0.3433096007818399,1283.0,425.0,2,2
7,0,genetico,Brats18_CBICA_AQQ_1,0.8244319201346078,33.0,213.0,0,0
7,0,genetico,Brats18_CBICA_AUR_1,0.6209143769816674,12.0,262.0,0,0
7,0,genetico,Brats18_CBICA_AVJ_1,-0.9473648365156568,614.0,579.0,2,2
7,0,genetico,Brats18_CBICA_AWG_1,-0.02182120099208451,180.0,368.0,0,1
7,0,genetico,Brats18_CBICA_BHM_1,0.3966786288949314,436.0,296.0,1,0
7,0,genetico,Brats18_TCIA01_147_1,0.3900825759733506,209.0,296.0,0,0
7,0,genetico,Brats18_TCIA01_190_1,-0.46321509917302855,322.0,448.0,1,2
7,0,genetico,Brats18_TCIA01_201_1,0.2688825488072594,430.0,329.0,1,0
7,0,genetico,Brats18_TCIA01_231_1,0.2278973080735472,1561.0,331.0,2,0
7,0,genetico,Brats18_TCIA01_390_1,0.07013111074649603,634.0,355.0,2,1
7,0,genetico,Brats18_TCIA01_460_1,-1.1928732267946165,630.0,660.0,2,2
7,0,genetico,Brats18_TCIA02_118_1,-0.28466241574257467,104.0,401.0,0,1
7,0,genetico,Brats18_TCIA02_135_1,0.1378754882513082,828.0,350.0,2,0
7,0,genetico,Brats18_TCIA02_179_1,-0.5754894579507306,405.0,466.0,1,2
7,0,genetico,Brats18_TCIA02_314_1,-0.1419686633160877,362.0,385.0,1,1
7,0,genetico,Brats18_TCIA02_321_1,1.0227445758360927,67.0,199.0,0,0
7,0,genetico,Brats18_TCIA02_322_1,-0.5602905070366653,621.0,466.0,2,2
7,0,genetico,Brats18_TCIA02_331_1,1.7780367641610555,187.0,106.0,0,0
7,0,genetico,Brats18_TCIA02_394_1,0.23228473088924906,616.0,331.0,2,0
7,0,genetico,Brats18_TCIA03_296_1,-0.13188793551699696,22.0,385.0,0,1
7,0,genetico,Brats18_TCIA03_498_1,-0.7241385903278579,467.0,495.0,2,2
7,0,genetico,Brats18_TCIA04_437_1,-1.7186152271462969,333.0,1155.0,1,2
7,0,genetico,Brats18_TCIA04_479_1,-0.36993012807278874,372.0,434.0,1,2
7,0,genetico,Brats18_TCIA08_105_1,0.6323613553227757,77.0,262.0,0,0
7,0,genetico,Brats18_TCIA08_218_1,-0.5934910868086409,346.0,468.0,1,2
7,0,genetico,Brats18_TCIA08_242_1,0.47603181444323633,147.0,287.0,0,0
7,1,edad,Brats18_CBICA_ALU_1,0.18433702063213686,495.0,333.0,2,0
7,1,edad,Brats18_CBICA_ANP_1,0.046889532664034624,486.0,355.0,2,1
7,1,edad,Brats18_CBICA_ANZ_1,0.2531567922044285,287.0,322.0,0,0
7,1,edad,Brats18_CBICA_AOD_1,0.014112115877976004,55.0,357.0,0,1
7,1,edad,Brats18_CBICA_AOH_1,-0.10304154177532027,576.0,382.0,2,1
7,1,edad,Brats18_CBICA_AOZ_1,-0.4312958475771105,331.0,453.0,1,2
7,1,edad,Brats18_CBICA_APR_1,0.08206763915610372,23.0,350.0,0,1
7,1,edad,Brats18_CBICA_AQN_1,0.09768812684320986,488.0,350.0,2,1
7,1,edad,Brats18_CBICA_AQT_1,0.506957707923823,172.0,262.0,0,0
7,1,edad,Brats18_CBICA_AQV_1,-0.21696227062452267,84.0,401.0,0,2
7,1,edad,Brats18_CBICA_ASE_1,-0.42655848655725037,318.0,448.0,1,2
7,1,edad,Brats18_CBICA_ASU_1,0.6768305115211024,85.0,210.0,0,0
7,1,edad,Brats18_CBICA_AUN_1,0.2677209764208901,376.0,322.0,1,0
7,1,edad,Brats18_CBICA_AUQ_1,0.021634276956807846,1337.0,357.0,2,1
7,1,edad,Brats18_CBICA_AVG_1,0.10303366258859255,579.0,346.0,2,1
7,1,edad,Brats18_CBICA_AVV_1,0.3890038203685238,387.0,286.0,1,0
7,1,edad,Brats18_CBICA_AWI_1,-0.434976905126326,375.0,453.0,1,2
7,1,edad,Brats18_CBICA_AXL_1,0.46380931160780026,168.0,268.0,0,0
7,1,edad,Brats18_CBICA_AXM_1,0.21746653857507706,438.0,332.0,1,0
7,1,edad,Brats18_CBICA_AXQ_1,0.19659654273082863,114.0,333.0,0,0
7,1,edad,Brats18_CBICA_AZD_1,-0.4443555995778056,448.0,453.0,1,2
7,1,edad,Brats18_TCIA01_186_1,-0.8403093550890827,370.0,610.0,1,2
7,1,edad,Brats18_TCIA01_378_1,0.44828485150893455,110.0,268.0,0,0
7,1,edad,Brats18_TCIA01_499_1,-0.3219524337673673,600.0,430.0,2,2
7,1,edad,Brats18_TCIA02_226_1,0.4301356373314979,329.0,269.0,1,0
7,1,edad,Brats18_TCIA02_290_1,-0.5450565304459122,737.0,468.0,2,2
7,1,edad,Brats18_TCIA02_300_1,0.13565103339425064,127.0,345.0,0,0
7,1,edad,Brats18_TCIA03_199_1,-0.3621879932400977,1282.0,436.0,2,2
7,1,edad,Brats18_TCIA03_257_1,0.2940325355987612,425.0,317.0,1,0
7,1,edad,Brats18_TCIA03_375_1,-0.004485227044582854,946.0,359.0,2,1
7,1,edad,Brats18_TCIA05_277_1,0.32735410871818266,232.0,296.0,0,0
7,1,edad,Brats18_TCIA06_409_1,0.2921119838339534,99.0,317.0,0,0
7,1,edad,Brats18_TCIA08_278_1,-0.3085405806097906,1458.0,430.0,2,2
7,1,coxnet,Brats18_CBICA_ALU_1,0.18432794306863404,495.0,333.0,2,0
7,1,coxnet,Brats18_CBICA_ANP_1,0.04688722361776225,486.0,355.0,2,1
7,1,coxnet,Brats18_CBICA_ANZ_1,0.25314432565349076,287.0,322.0,0,0
7,1,coxnet,Brats18_CBICA_AOD_1,0.014111420935486573,55.0,357.0,0,1
7,1,coxnet,Brats18_CBICA_AOH_1,-0.10303646755780425,576.0,382.0,2,1
7,1,coxnet,Brats18_CBICA_AOZ_1,-0.43127460867766665,331.0,453.0,1,2
7,1,coxnet,Brats18_CBICA_APR_1,0.08206359778555648,23.0,350.0,0,1
7,1,coxnet,Brats18_CBICA_AQN_1,0.09768331625132856,488.0,350.0,2,1
7,1,coxnet,Brats18_CBICA_AQT_1,0.50693274310248,172.0,262.0,0,0
7,1,coxnet,Brats18_CBICA_AQV_1,-0.21695158645059698,84.0,401.0,0,2
7,1,coxnet,Brats18_CBICA_ASE_1,-0.4265374809462439,318.0,448.0,1,2
7,1,coxnet,Brats18_CBICA_ASU_1,0.6767971814177517,85.0,210.0,0,0
7,1,coxnet,Brats18_CBICA_AUN_1,0.26770779266563477,376.0,322.0,1,0
7,1,coxnet,Brats18_CBICA_AUQ_1,0.02163321159011041,1337.0,357.0,2,1
7,1,coxnet,Brats18_CBICA_AVG_1,0.10302858875908259,579.0,346.0,2,1
7,1,coxnet,Brats18_CBICA_AVV_1,0.38898466411401694,387.0,286.0,1,0
7,1,coxnet,Brats18_CBICA_AWI_1,-0.4349554849554612,375.0,453.0,1,2
7,1,coxnet,Brats18_CBICA_AXL_1,0.4637864716027653,168.0,268.0,0,0
7,1,coxnet,Brats18_CBICA_AXM_1,0.2174558295687858,438.0,332.0,1,0
7,1,coxnet,Brats18_CBICA_AXQ_1,0.19658686145468046,114.0,333.0,0,0
7,1,coxnet,Brats18_CBICA_AZD_1,-0.44433371755888573,448.0,453.0,1,2
7,1,coxnet,Brats18_TCIA01_186_1,-0.840267974570363,370.0,610.0,1,2
7,1,coxnet,Brats18_TCIA01_378_1,0.44826277599641395,110.0,268.0,0,0
7,1,coxnet,Brats18_TCIA01_499_1,-0.3219365794172619,600.0,430.0,2,2
7,1,coxnet,Brats18_TCIA02_226_1,0.4301144555658962,329.0,269.0,1,0
7,1,coxnet,Brats18_TCIA02_290_1,-0.5450296894714247,737.0,468.0,2,2
7,1,coxnet,Brats18_TCIA02_300_1,0.13564435334232386,127.0,345.0,0,0
7,1,coxnet,Brats18_TCIA03_199_1,-0.36217015751454773,1282.0,436.0,2,2
7,1,coxnet,Brats18_TCIA03_257_1,0.29401805614691445,425.0,317.0,1,0
7,1,coxnet,Brats18_TCIA03_375_1,-0.004485006172328251,946.0,359.0,2,1
7,1,coxnet,Brats18_TCIA05_277_1,0.32733798836590816,232.0,296.0,0,0
7,1,coxnet,Brats18_TCIA06_409_1,0.2920975989585003,99.0,317.0,0,0
7,1,coxnet,Brats18_TCIA08_278_1,-0.3085253867181667,1458.0,430.0,2,2
7,1,genetico,Brats18_CBICA_ALU_1,0.12158014900332285,495.0,345.0,2,1
7,1,genetico,Brats18_CBICA_ANP_1,-0.03622697956121019,486.0,359.0,2,1
7,1,genetico,Brats18_CBICA_ANZ_1,0.15959112208310453,287.0,336.0,0,1
7,1,genetico,Brats18_CBICA_AOD_1,1.0016647758483102,55.0,180.0,0,0
7,1,genetico,Brats18_CBICA_AOH_1,-0.614561623606058,576.0,468.0,2,2
7,1,genetico,Brats18_CBICA_AOZ_1,-0.39623231748304366,331.0,436.0,1,2
7,1,genetico,Brats18_CBICA_APR_1,0.47343822921513967,23.0,268.0,0,0
7,1,genetico,Brats18_CBICA_AQN_1,0.26165748307113185,488.0,322.0,2,0
7,1,genetico,Brats18_CBICA_AQT_1,0.8589462755762581,172.0,203.0,0,0
7,1,genetico,Brats18_CBICA_AQV_1,-0.6831538147931399,84.0,495.0,0,2
7,1,genetico,Brats18_CBICA_ASE_1,-0.4157088485255652,318.0,439.0,1,2
7,1,genetico,Brats18_CBICA_ASU_1,0.4730271079809671,85.0,268.0,0,0
7,1,genetico,Brats18_CBICA_AUN_1,0.28481818473711346,376.0,317.0,1,0
7,1,genetico,Brats18_CBICA_AUQ_1,-0.446588975241844,1337.0,448.0,2,2
7,1,genetico,Brats18_CBICA_AVG_1,-0.5569873182073775,579.0,466.0,2,2
7,1,genetico,Brats18_CBICA_AVV_1,0.5397191535309891,387.0,262.0,1,0
7,1,genetico,Brats18_CBICA_AWI_1,-0.20502344125949562,375.0,394.0,1,2
7,1,genetico,Brats18_CBICA_AXL_1,0.8671751540587278,168.0,203.0,0,0
7,1,genetico,Brats18_CBICA_AXM_1,-0.7632626832641584,438.0,510.0,1,2
7,1,genetico,Brats18_CBICA_AXQ_1,0.09429342138953041,114.0,346.0,0,1
7,1,genetico,Brats18_CBICA_AZD_1,-0.5412959128042782,448.0,465.0,1,2
7,1,genetico,Brats18_TCIA01_186_1,-0.8304771889763579,370.0,522.0,1,2
7,1,genetico,Brats18_TCIA01_378_1,0.36251667858864994,110.0,289.0,0,0
7,1,genetico,Brats18_TCIA01_499_1,-0.4095636934366505,600.0,436.0,2,2
7,1,genetico,Brats18_TCIA02_226_1,0.3296742025687347,329.0,296.0,1,0
7,1,genetico,Brats18_TCIA02_290_1,0.20052635729062082,737.0,332.0,2,0
7,1,genetico,Brats18_TCIA02_300_1,0.18223945464463634,127.0,333.0,0,0
7,1,genetico,Brats18_TCIA03_199_1,-0.6994639206029669,1282.0,495.0,2,2
7,1,genetico,Brats18_TCIA03_257_1,0.18879605961724197,425.0,333.0,1,0
7,1,genetico,Brats18_TCIA03_375_1,-0.4177363829713466,946.0,439.0,2,2
7,1,genetico,Brats18_TCIA05_277_1,-0.10154404116473914,232.0,372.0,0,1
7,1,genetico,Brats18_TCIA06_409_1,0.3338661732859539,99.0,291.0,0,0
7,1,genetico,Brats18_TCIA08_278_1,-0.40016382645558957,1458.0,436.0,2,2
7,2,edad,Brats18_2013_11_1,-1.0511940910901951,150.0,634.0,0,2
7,2,edad,Brats18_2013_27_1,0.23827170779091433,120.0,332.0,0,0
7,2,edad,Brats18_CBICA_AAG_1,-0.2840448113085623,616.0,430.0,2,2
7,2,edad,Brats18_CBICA_APY_1,-0.5066351156655454,203.0,467.0,0,2
7,2,edad,Brats18_CBICA_AQA_1,0.5149599089030129,106.0,286.0,0,0
7,2,edad,Brats18_CBICA_AQD_1,0.4045431845823707,32.0,296.0,0,0
7,2,edad,Brats18_CBICA_AQG_1,-0.23955989865821659,466.0,424.0,2,2
7,2,edad,Brats18_CBICA_AQO_1,0.23296799242276595,473.0,332.0,2,0
7,2,edad,Brats18_CBICA_ARF_1,0.4799885356942833,726.0,287.0,2,0
7,2,edad,Brats18_CBICA_ARW_1,-0.5441589018951964,495.0,476.0,2,2
7,2,edad,Brats18_CBICA_ASN_1,-0.7075133352341708,407.0,519.0,1,2
7,2,edad,Brats18_CBICA_ASO_1,-0.2812272125192334,265.0,425.0,0,2
7,2,edad,Brats18_CBICA_ATD_1,0.2766573477678893,355.0,329.0,1,0
7,2,edad,Brats18_CBICA_ATP_1,-0.3063867122968879,385.0,434.0,1,2
7,2,edad,Brats18_CBICA_AXJ_1,-1.09458511244586,1767.0,660.0,2,2
7,2,edad,Brats18_CBICA_AYA_1,0.46420998247404144,50.0,287.0,0,0
7,2,edad,Brats18_CBICA_AYI_1,0.16869359180501625,387.0,345.0,1,0
7,2,edad,Brats18_CBICA_AYU_1,0.09775639875602951,58.0,350.0,0,0
7,2,edad,Brats18_TCIA01_203_1,-0.49410508810829457,268.0,465.0,0,2
7,2,edad,Brats18_TCIA01_235_1,-0.09476846910776185,804.0,382.0,2,1
7,2,edad,Brats18_TCIA01_335_1,-0.21075409456495994,355.0,405.0,1,2
7,2,edad,Brats18_TCIA01_411_1,-0.5942790121241998,822.0,488.0,2,2
7,2,edad,Brats18_TCIA02_151_1,-0.4262506796170445,1731.0,448.0,2,2
7,2,edad,Brats18_TCIA02_283_1,0.46420998247404144,262.0,287.0,0,0
7,2,edad,Brats18_TCIA03_138_1,0.3660249517211918,82.0,317.0,0,0
7,2,edad,Brats18_TCIA03_419_1,0.32352893233390195,327.0,318.0,1,0
7,2,edad,Brats18_TCIA03_474_1,0.019095670202176816,635.0,368.0,2,1
7,2,edad,Brats18_TCIA04_149_1,-0.7948920459244179,448.0,576.0,1,2
7,2,edad,Brats18_TCIA05_478_1,-0.0522724497204717,30.0,375.0,0,1
7,2,edad,Brats18_TCIA06_372_1,0.4537682928429992,213.0,289.0,0,0
7,2,edad,Brats18_TCIA08_167_1,0.46656350616865727,153.0,287.0,0,0
7,2,edad,Brats18_TCIA08_280_1,-0.11502203216987893,508.0,387.0,2,1
7,2,edad,Brats18_TCIA08_319_1,0.13352332926998114,254.0,346.0,0,0
7,2,coxnet,Brats18_2013_11_1,-1.414935741013975,150.0,812.0,0,2
7,2,coxnet,Brats18_2013_27_1,0.07432413275820811,120.0,350.0,0,1
7,2,coxnet,Brats18_CBICA_AAG_1,-0.30400217992602474,616.0,424.0,2,2
7,2,coxnet,Brats18_CBICA_APY_1,-1.2985204592707418,203.0,737.0,0,2
7,2,coxnet,Brats18_CBICA_AQA_1,0.43056285674127304,106.0,289.0,0,0
7,2,coxnet,Brats18_CBICA_AQD_1,0.3371851107411303,32.0,317.0,0,0
7,2,coxnet,Brats18_CBICA_AQG_1,-0.1993461095056119,466.0,394.0,2,2
7,2,coxnet,Brats18_CBICA_AQO_1,0.23735863761837536,473.0,331.0,2,0
7,2,coxnet,Brats18_CBICA_ARF_1,0.5030241263644423,726.0,286.0,2,0
7,2,coxnet,Brats18_CBICA_ARW_1,-0.6214907647708319,495.0,476.0,2,2
7,2,coxnet,Brats18_CBICA_ASN_1,-0.3456482266746658,407.0,430.0,1,2
7,2,coxnet,Brats18_CBICA_ASO_1,-0.28499076392873524,265.0,424.0,0,2
7,2,coxnet,Brats18_CBICA_ATD_1,0.12647515134634496,355.0,345.0,1,1
7,2,coxnet,Brats18_CBICA_ATP_1,-0.41756735565978265,385.0,438.0,1,2
7,2,coxnet,Brats18_CBICA_AXJ_1,-1.5156013968400122,1767.0,946.0,2,2
7,2,coxnet,Brats18_CBICA_AYA_1,0.44765355190352196,50.0,289.0,0,0
7,2,coxnet,Brats18_CBICA_AYI_1,0.15878417942892428,387.0,336.0,1,0
7,2,coxnet,Brats18_CBICA_AYU_1,-0.045992946817658316,58.0,370.0,0,1
7,2,coxnet,Brats18_TCIA01_203_1,-0.2997118660479337,268.0,424.0,0,2
7,2,coxnet,Brats18_TCIA01_235_1,-0.18099190440693566,804.0,394.0,2,2
7,2,coxnet,Brats18_TCIA01_335_1,-0.17289605000168948,355.0,394.0,1,1
7,2,coxnet,Brats18_TCIA01_411_1,-0.7178870821314887,822.0,503.0,2,2
7,2,coxnet,Brats18_TCIA02_151_1,-0.7706903805212336,1731.0,515.0,2,2
7,2,coxnet,Brats18_TCIA02_283_1,0.47030069230047145,262.0,287.0,0,0
7,2,coxnet,Brats18_TCIA03_138_1,0.6854538571184849,82.0,210.0,0,0
7,2,coxnet,Brats18_TCIA03_419_1,0.5412626425195597,327.0,269.0,1,0
7,2,coxnet,Brats18_TCIA03_474_1,0.6122424277676466,635.0,232.0,2,0
7,2,coxnet,Brats18_TCIA04_149_1,-0.85859268091646,448.0,576.0,1,2
7,2,coxnet,Brats18_TCIA05_478_1,-0.07360959909386024,30.0,375.0,0,1
7,2,coxnet,Brats18_TCIA06_372_1,0.2386589870511953,213.0,331.0,0,0
7,2,coxnet,Brats18_TCIA08_167_1,0.6074493496777591,153.0,232.0,0,0
7,2,coxnet,Brats18_TCIA08_280_1,-1.4904008202043937,508.0,871.0,2,2
7,2,coxnet,Brats18_TCIA08_319_1,0.10544973559505809,254.0,346.0,0,1
7,2,genetico,Brats18_2013_11_1,-2.1170410648112568,150.0,1489.0,0,2
7,2,genetico,Brats18_2013_27_1,-0.2552517251147185,120.0,405.0,0,1
7,2,genetico,Brats18_CBICA_AAG_1,-0.6265300233089659,616.0,468.0,2,2
7,2,genetico,Brats18_CBICA_APY_1,-4.346083462005391,203.0,1592.0,0,2
7,2,genetico,Brats18_CBICA_AQA_1,-0.34468756251795535,106.0,430.0,0,2
7,2,genetico,Brats18_CBICA_AQD_1,0.7658487851762495,32.0,210.0,0,0
7,2,genetico,Brats18_CBICA_AQG_1,0.4599414323291332,466.0,296.0,2,0
7,2,genetico,Brats18_CBICA_AQO_1,0.09652611252718855,473.0,357.0,2,1
7,2,genetico,Brats18_CBICA_ARF_1,0.2746550013946352,726.0,332.0,2,0
7,2,genetico,Brats18_CBICA_ARW_1,-0.2914897608702236,495.0,424.0,2,1
7,2,genetico,Brats18_CBICA_ASN_1,-0.1289848391570883,407.0,387.0,1,1
7,2,genetico,Brats18_CBICA_ASO_1,-0.21116732978888883,265.0,401.0,0,1
7,2,genetico,Brats18_CBICA_ATD_1,-0.4185283275987034,355.0,438.0,1,2
7,2,genetico,Brats18_CBICA_ATP_1,-0.36702968123878565,385.0,434.0,1,2
7,2,genetico,Brats18_CBICA_AXJ_1,-2.9286399158414875,1767.0,1592.0,2,2
7,2,genetico,Brats18_CBICA_AYA_1,0.7322904530978895,50.0,229.0,0,0
7,2,genetico,Brats18_CBICA_AYI_1,0.6544402624036338,387.0,244.0,1,0
7,2,genetico,Brats18_CBICA_AYU_1,-0.38510703206887775,58.0,434.0,0,2
7,2,genetico,Brats18_TCIA01_203_1,0.2765957862978516,268.0,332.0,0,0
7,2,genetico,Brats18_TCIA01_235_1,-0.7246941377120399,804.0,495.0,2,2
7,2,genetico,Brats18_TCIA01_335_1,-0.2765954944513078,355.0,421.0,1,1
7,2,genetico,Brats18_TCIA01_411_1,-0.8580532364082358,822.0,522.0,2,2
7,2,genetico,Brats18_TCIA02_151_1,-1.1454803745214532,1731.0,626.0,2,2
7,2,genetico,Brats18_TCIA02_283_1,1.0337379257536816,262.0,180.0,0,0
7,2,genetico,Brats18_TCIA03_138_1,0.8142163226090706,82.0,209.0,0,0
7,2,genetico,Brats18_TCIA03_419_1,0.5655147133689702,327.0,286.0,1,0
7,2,genetico,Brats18_TCIA03_474_1,1.1295965532445646,635.0,172.0,2,0
7,2,genetico,Brats18_TCIA04_149_1,-1.425427030251457,448.0,788.0,1,2
7,2,genetico,Brats18_TCIA05_478_1,-0.748208357161831,30.0,495.0,0,2
7,2,genetico,Brats18_TCIA06_372_1,-0.3253530281483928,213.0,425.0,0,2
7,2,genetico,Brats18_TCIA08_167_1,0.7971191358590962,153.0,209.0,0,0
7,2,genetico,Brats18_TCIA08_280_1,-0.7501610341217361,508.0,503.0,2,2
7,2,genetico,Brats18_TCIA08_319_1,-0.40362328715237694,254.0,436.0,0,2
7,3,edad,Brats18_CBICA_AAL_1,-0.18008346886795693,464.0,387.0,2,2
7,3,edad,Brats18_CBICA_ABN_1,0.2984158696557181,1278.0,327.0,2,0
7,3,edad,Brats18_CBICA_ALX_1,0.004417992324810146,698.0,362.0,2,1
7,3,edad,Brats18_CBICA_AMH_1,0.10436768968090676,169.0,355.0,0,1
7,3,edad,Brats18_CBICA_AQR_1,0.40397725833889475,89.0,289.0,0,0
7,3,edad,Brats18_CBICA_AQU_1,0.45561166207403675,30.0,269.0,0,0
7,3,edad,Brats18_CBICA_AQZ_1,0.12938077724246336,286.0,350.0,0,1
7,3,edad,Brats18_CBICA_ASA_1,0.1437179642305513,210.0,346.0,0,1
7,3,edad,Brats18_CBICA_ASG_1,-0.06343556805079387,208.0,372.0,0,1
7,3,edad,Brats18_CBICA_ASH_1,-0.44461996673169646,660.0,453.0,2,2
7,3,edad,Brats18_CBICA_ASV_1,-0.16468553534853103,597.0,387.0,2,2
7,3,edad,Brats18_CBICA_ASW_1,0.30094797427891257,239.0,327.0,0,0
7,3,edad,Brats18_CBICA_ASY_1,0.23767957632909345,610.0,331.0,2,0
7,3,edad,Brats18_CBICA_ATB_1,0.3956281566083615,208.0,289.0,0,0
7,3,edad,Brats18_CBICA_ATX_1,-0.7794736943341484,1592.0,519.0,2,2
7,3,edad,Brats18_CBICA_AWH_1,-0.23267596624430767,139.0,407.0,0,2
7,3,edad,Brats18_CBICA_AXN_1,0.8964373899201828,345.0,175.0,1,0
7,3,edad,Brats18_CBICA_AYW_1,-0.33156491706906605,734.0,430.0,2,2
7,3,edad,Brats18_CBICA_AZH_1,-0.15907384402145128,401.0,387.0,1,2
7,3,edad,Brats18_CBICA_BHB_1,-0.13580585559209635,510.0,385.0,2,2
7,3,edad,Brats18_TCIA01_401_1,0.6579405085192949,448.0,213.0,1,0
7,3,edad,Brats18_TCIA01_412_1,0.31463502629618034,291.0,322.0,0,0
7,3,edad,Brats18_TCIA02_198_1,-0.1808362567289066,394.0,387.0,1,2
7,3,edad,Brats18_TCIA02_368_1,0.10258837291866199,317.0,355.0,1,1
7,3,edad,Brats18_TCIA02_377_1,0.14364952897046487,812.0,346.0,2,1
7,3,edad,Brats18_TCIA02_471_1,0.5834145102852729,111.0,254.0,0,0
7,3,edad,Brats18_TCIA02_491_1,0.7373254102194468,82.0,203.0,0,0
7,3,edad,Brats18_TCIA03_133_1,0.14364952897046487,382.0,346.0,1,1
7,3,edad,Brats18_TCIA04_111_1,0.5371864920969517,626.0,262.0,2,0
7,3,edad,Brats18_TCIA06_165_1,-0.26716733732782205,5.0,421.0,0,2
7,3,edad,Brats18_TCIA06_184_1,0.05485477900844138,434.0,357.0,1,1
7,3,edad,Brats18_TCIA06_247_1,0.5863230088389421,244.0,254.0,0,0
7,3,coxnet,Brats18_CBICA_AAL_1,-0.18008325470435677,464.0,387.0,2,2
7,3,coxnet,Brats18_CBICA_ABN_1,0.2984155147657478,1278.0,327.0,2,0
7,3,coxnet,Brats18_CBICA_ALX_1,0.004417987070729262,698.0,362.0,2,1
7,3,coxnet,Brats18_CBICA_AMH_1,0.10436756556201758,169.0,355.0,0,1
7,3,coxnet,Brats18_CBICA_AQR_1,0.40397677791043296,89.0,289.0,0,0
7,3,coxnet,Brats18_CBICA_AQU_1,0.45561112023955114,30.0,269.0,0,0
7,3,coxnet,Brats18_CBICA_AQZ_1,0.1293806233768522,286.0,350.0,0,1
7,3,coxnet,Brats18_CBICA_ASA_1,0.1437177933144935,210.0,346.0,0,1
7,3,coxnet,Brats18_CBICA_ASG_1,-0.06343549261027877,208.0,372.0,0,1
7,3,coxnet,Brats18_CBICA_ASH_1,-0.4446194379690436,660.0,453.0,2,2
7,3,coxnet,Brats18_CBICA_ASV_1,-0.16468533949686642,597.0,387.0,2,2
7,3,coxnet,Brats18_CBICA_ASW_1,0.3009476163776462,239.0,327.0,0,0
7,3,coxnet,Brats18_CBICA_ASY_1,0.2376792936695356,610.0,331.0,2,0
7,3,coxnet,Brats18_CBICA_ATB_1,0.39562768610903815,208.0,289.0,0,0
7,3,coxnet,Brats18_CBICA_ATX_1,-0.7794727673479371,1592.0,519.0,2,2
7,3,coxnet,Brats18_CBICA_AWH_1,-0.2326756895352743,139.0,407.0,0,2
7,3,coxnet,Brats18_CBICA_AXN_1,0.896436323835329,345.0,175.0,1,0
7,3,coxnet,Brats18_CBICA_AYW_1,-0.3315645227567133,734.0,430.0,2,2
7,3,coxnet,Brats18_CBICA_AZH_1,-0.15907365484346983,401.0,387.0,1,2
7,3,coxnet,Brats18_CBICA_BHB_1,-0.13580569408548418,510.0,385.0,2,2
7,3,coxnet,Brats18_TCIA01_401_1,0.6579397260659762,448.0,213.0,1,0
7,3,coxnet,Brats18_TCIA01_412_1,0.3146346521176379,291.0,322.0,0,0
7,3,coxnet,Brats18_TCIA02_198_1,-0.18083604167005624,394.0,387.0,1,2
7,3,coxnet,Brats18_TCIA02_368_1,0.10258825091581869,317.0,355.0,1,1
7,3,coxnet,Brats18_TCIA02_377_1,0.14364935813579344,812.0,346.0,2,1
7,3,coxnet,Brats18_TCIA02_471_1,0.5834138164617222,111.0,254.0,0,0
7,3,coxnet,Brats18_TCIA02_491_1,0.7373245333579269,82.0,203.0,0,0
7,3,coxnet,Brats18_TCIA03_133_1,0.14364935813579344,382.0,346.0,1,1
7,3,coxnet,Brats18_TCIA04_111_1,0.5371858532499008,626.0,262.0,2,0
7,3,coxnet,Brats18_TCIA06_165_1,-0.26716701960005307,5.0,421.0,0,2
7,3,coxnet,Brats18_TCIA06_184_1,0.054854713772598276,434.0,357.0,1,1
7,3,coxnet,Brats18_TCIA06_247_1,0.5863223115564702,244.0,254.0,0,0
7,3,genetico,Brats18_CBICA_AAL_1,0.1815348506198673,464.0,336.0,2,1
7,3,genetico,Brats18_CBICA_ABN_1,2.542716971611238,1278.0,58.0,2,0
7,3,genetico,Brats18_CBICA_ALX_1,0.6622287193685377,698.0,254.0,2,0
7,3,genetico,Brats18_CBICA_AMH_1,-0.5102018325097079,169.0,448.0,0,2
7,3,genetico,Brats18_CBICA_AQR_1,0.0960453304119687,89.0,355.0,0,1
7,3,genetico,Brats18_CBICA_AQU_1,1.7343099139463174,30.0,103.0,0,0
7,3,genetico,Brats18_CBICA_AQZ_1,-0.020348943788844047,286.0,362.0,0,1
7,3,genetico,Brats18_CBICA_ASA_1,0.6408870907120825,210.0,254.0,0,0
7,3,genetico,Brats18_CBICA_ASG_1,0.24643782763313676,208.0,332.0,0,1
7,3,genetico,Brats18_CBICA_ASH_1,0.7007980164813992,660.0,229.0,2,0
7,3,genetico,Brats18_CBICA_ASV_1,-0.47227839324085424,597.0,439.0,2,2
7,3,genetico,Brats18_CBICA_ASW_1,0.589480079269618,239.0,265.0,0,0
7,3,genetico,Brats18_CBICA_ASY_1,-0.006006449466039773,610.0,362.0,2,1
7,3,genetico,Brats18_CBICA_ATB_1,1.3662527380111973,208.0,127.0,0,0
7,3,genetico,Brats18_CBICA_ATX_1,-1.4175408773394098,1592.0,788.0,2,2
7,3,genetico,Brats18_CBICA_AWH_1,-0.22069653113079502,139.0,387.0,0,1
7,3,genetico,Brats18_CBICA_AXN_1,1.7957858664491342,345.0,99.0,1,0
7,3,genetico,Brats18_CBICA_AYW_1,-0.06010190470648186,734.0,370.0,2,1
7,3,genetico,Brats18_CBICA_AZH_1,-0.19903398221836074,401.0,387.0,1,1
7,3,genetico,Brats18_CBICA_BHB_1,-1.9330470086915836,510.0,1458.0,2,2
7,3,genetico,Brats18_TCIA01_401_1,0.7341713255266967,448.0,213.0,1,0
7,3,genetico,Brats18_TCIA01_412_1,1.197142620543235,291.0,153.0,0,0
7,3,genetico,Brats18_TCIA02_198_1,-0.8591045220824828,394.0,508.0,1,2
7,3,genetico,Brats18_TCIA02_368_1,-0.49944956148602737,317.0,448.0,1,2
7,3,genetico,Brats18_TCIA02_377_1,-0.25128551891244316,812.0,394.0,2,1
7,3,genetico,Brats18_TCIA02_471_1,0.009169652976070593,111.0,359.0,0,1
7,3,genetico,Brats18_TCIA02_491_1,0.913128122365421,82.0,191.0,0,0
7,3,genetico,Brats18_TCIA03_133_1,-0.6408237074233885,382.0,468.0,1,2
7,3,genetico,Brats18_TCIA04_111_1,1.564674624293087,626.0,110.0,2,0
7,3,genetico,Brats18_TCIA06_165_1,-0.33198425407010546,5.0,421.0,0,2
7,3,genetico,Brats18_TCIA06_184_1,3.118563960402891,434.0,33.0,1,0
7,3,genetico,Brats18_TCIA06_247_1,2.009318107414677,244.0,84.0,0,0
7,4,edad,Brats18_CBICA_AAB_1,-0.0023634475272951566,289.0,370.0,0,1
7,4,edad,Brats18_CBICA_AAP_1,-0.7993963845852736,788.0,597.0,2,2
7,4,edad,Brats18_CBICA_ABB_1,0.29678001985179164,465.0,317.0,2,0
7,4,edad,Brats18_CBICA_ABO_1,-0.1530155249969127,1155.0,387.0,2,2
7,4,edad,Brats18_CBICA_AME_1,-0.327546925329543,359.0,434.0,1,2
7,4,edad,Brats18_CBICA_ANG_1,-0.17760265930204303,368.0,394.0,1,2
7,4,edad,Brats18_CBICA_AOO_1,-0.6096284116302214,350.0,495.0,1,2
7,4,edad,Brats18_CBICA_AOP_1,0.2721928855466613,332.0,318.0,1,0
7,4,edad,Brats18_CBICA_APZ_1,-0.017264741045555976,336.0,372.0,1,1
7,4,edad,Brats18_CBICA_AQY_1,-0.1046235742963603,229.0,385.0,0,1
7,4,edad,Brats18_CBICA_ARZ_1,-0.21239717966718205,871.0,405.0,2,2
7,4,edad,Brats18_CBICA_ASK_1,0.6262476195405398,522.0,232.0,2,0
7,4,edad,Brats18_CBICA_ATF_1,0.3054600233261787,152.0,317.0,0,0
7,4,edad,Brats18_CBICA_ATV_1,0.060818036990130865,453.0,355.0,2,1
7,4,edad,Brats18_CBICA_AXO_1,-0.1574114065847995,394.0,387.0,1,2
7,4,edad,Brats18_CBICA_AXW_1,0.6960601796735918,191.0,209.0,0,0
7,4,edad,Brats18_TCIA01_150_1,-0.3506066770490517,1489.0,436.0,2,2
7,4,edad,Brats18_TCIA01_425_1,-0.16087595732779528,558.0,387.0,2,2
7,4,edad,Brats18_TCIA01_429_1,-0.20639940902608228,86.0,401.0,0,2
7,4,edad,Brats18_TCIA01_448_1,-0.5989367335308692,199.0,488.0,0,2
7,4,edad,Brats18_TCIA02_274_1,-0.2071072204681996,357.0,401.0,1,2
7,4,edad,Brats18_TCIA02_430_1,-0.2481230308772126,71.0,407.0,0,2
7,4,edad,Brats18_TCIA02_455_1,-0.21168936822506473,424.0,405.0,1,2
7,4,edad,Brats18_TCIA02_473_1,0.01846111016447432,175.0,362.0,0,1
7,4,edad,Brats18_TCIA03_121_1,-1.1220093892556213,747.0,698.0,2,2
7,4,edad,Brats18_TCIA03_265_1,-0.035109040033673336,103.0,375.0,0,1
7,4,edad,Brats18_TCIA03_338_1,0.5922726703189047,468.0,239.0,2,0
7,4,edad,Brats18_TCIA04_192_1,0.575024423071518,121.0,239.0,0,0
7,4,edad,Brats18_TCIA04_343_1,-0.29234261939265166,296.0,425.0,0,2
7,4,edad,Brats18_TCIA04_361_1,0.57543420864327,476.0,239.0,2,0
7,4,edad,Brats18_TCIA08_406_1,0.6787001727248181,82.0,210.0,0,0
7,4,edad,Brats18_TCIA08_469_1,0.1256386637945657,519.0,345.0,2,1
7,4,coxnet,Brats18_CBICA_AAB_1,0.13829443924033563,289.0,333.0,0,1
7,4,coxnet,Brats18_CBICA_AAP_1,-0.9582895854140403,788.0,614.0,2,2
7,4,coxnet,Brats18_CBICA_ABB_1,0.43332219388563753,465.0,268.0,2,0
7,4,coxnet,Brats18_CBICA_ABO_1,0.22337154008943183,1155.0,327.0,2,0
7,4,coxnet,Brats18_CBICA_AME_1,-0.24410760366191397,359.0,401.0,1,2
7,4,coxnet,Brats18_CBICA_ANG_1,-0.328964800375217,368.0,425.0,1,2
7,4,coxnet,Brats18_CBICA_AOO_1,-0.5620111975734821,350.0,466.0,1,2
7,4,coxnet,Brats18_CBICA_AOP_1,0.11474760507333942,332.0,345.0,1,1
7,4,coxnet,Brats18_CBICA_APZ_1,-0.018672347402416925,336.0,370.0,1,1
7,4,coxnet,Brats18_CBICA_AQY_1,0.11846399149112051,229.0,333.0,0,1
7,4,coxnet,Brats18_CBICA_ARZ_1,-0.17354472037856233,871.0,387.0,2,1
7,4,coxnet,Brats18_CBICA_ASK_1,0.6099490077446997,522.0,232.0,2,0
7,4,coxnet,Brats18_CBICA_ATF_1,0.3153236852903987,152.0,291.0,0,0
7,4,coxnet,Brats18_CBICA_ATV_1,0.01726982302794556,453.0,355.0,2,1
7,4,coxnet,Brats18_CBICA_AXO_1,0.04252889736222012,394.0,355.0,1,1
7,4,coxnet,Brats18_CBICA_AXW_1,0.5692218995915617,191.0,244.0,0,0
7,4,coxnet,Brats18_TCIA01_150_1,-0.41746360336628163,1489.0,438.0,2,2
7,4,coxnet,Brats18_TCIA01_425_1,-0.4727899357633069,558.0,448.0,2,2
7,4,coxnet,Brats18_TCIA01_429_1,-0.21064294996587607,86.0,394.0,0,1
7,4,coxnet,Brats18_TCIA01_448_1,-0.5917379367340316,199.0,467.0,0,2
7,4,coxnet,Brats18_TCIA02_274_1,-0.16083516507548598,357.0,387.0,1,1
7,4,coxnet,Brats18_TCIA02_430_1,-0.2847863876236625,71.0,407.0,0,2
7,4,coxnet,Brats18_TCIA02_455_1,-0.4101159008156893,424.0,436.0,1,2
7,4,coxnet,Brats18_TCIA02_473_1,0.11681848413400482,175.0,345.0,0,1
7,4,coxnet,Brats18_TCIA03_121_1,-1.238315338897616,747.0,726.0,2,2
7,4,coxnet,Brats18_TCIA03_265_1,0.06953074521002098,103.0,346.0,0,1
7,4,coxnet,Brats18_TCIA03_338_1,0.4949035054323784,468.0,262.0,2,0
7,4,coxnet,Brats18_TCIA04_192_1,0.33953933315173285,121.0,287.0,0,0
7,4,coxnet,Brats18_TCIA04_343_1,-0.34644370409253916,296.0,430.0,0,2
7,4,coxnet,Brats18_TCIA04_361_1,0.4859691249488983,476.0,262.0,2,0
7,4,coxnet,Brats18_TCIA08_406_1,0.43134759090497715,82.0,268.0,0,0
7,4,coxnet,Brats18_TCIA08_469_1,0.25082603509285545,519.0,322.0,2,0
7,4,genetico,Brats18_CBICA_AAB_1,0.4508043366167442,289.0,269.0,0,0
7,4,genetico,Brats18_CBICA_AAP_1,-0.7599955845917268,788.0,503.0,2,2
7,4,genetico,Brats18_CBICA_ABB_1,0.671091046229967,465.0,232.0,2,0
7,4,genetico,Brats18_CBICA_ABO_1,0.6352825032643219,1155.0,239.0,2,0
7,4,genetico,Brats18_CBICA_AME_1,0.4347133151599693,359.0,269.0,1,0
7,4,genetico,Brats18_CBICA_ANG_1,-0.07195655832641595,368.0,375.0,1,1
7,4,genetico,Brats18_CBICA_AOO_1,0.3170158891544716,350.0,317.0,1,0
7,4,genetico,Brats18_CBICA_AOP_1,-0.011795262511722415,332.0,370.0,1,1
7,4,genetico,Brats18_CBICA_APZ_1,0.06442943032182426,336.0,355.0,1,1
7,4,genetico,Brats18_CBICA_AQY_1,0.5428612313481855,229.0,262.0,0,0
7,4,genetico,Brats18_CBICA_ARZ_1,-0.8251338879239586,871.0,510.0,2,2
7,4,genetico,Brats18_CBICA_ASK_1,0.1445992529194451,522.0,333.0,2,1
7,4,genetico,Brats18_CBICA_ATF_1,-0.4707047584456457,152.0,439.0,0,2
7,4,genetico,Brats18_CBICA_ATV_1,0.6409201657429637,453.0,239.0,2,0
7,4,genetico,Brats18_CBICA_AXO_1,0.8575256832724784,394.0,208.0,1,0
7,4,genetico,Brats18_CBICA_AXW_1,0.4358483527043616,191.0,269.0,0,0
7,4,genetico,Brats18_TCIA01_150_1,0.9347559133736572,1489.0,187.0,2,0
7,4,genetico,Brats18_TCIA01_425_1,-1.7945157543402102,558.0,1283.0,2,2
7,4,genetico,Brats18_TCIA01_429_1,-0.6183816209823717,86.0,467.0,0,2
7,4,genetico,Brats18_TCIA01_448_1,-0.528685135364237,199.0,448.0,0,2
7,4,genetico,Brats18_TCIA02_274_1,-0.8176639742837246,357.0,510.0,1,2
7,4,genetico,Brats18_TCIA02_430_1,-0.37099606523492556,71.0,430.0,0,2
7,4,genetico,Brats18_TCIA02_455_1,-0.92442311053344,424.0,597.0,1,2
7,4,genetico,Brats18_TCIA02_473_1,0.44703899598342833,175.0,269.0,0,0
7,4,genetico,Brats18_TCIA03_121_1,-0.5924107636518532,747.0,466.0,2,2
7,4,genetico,Brats18_TCIA03_265_1,-0.1836773514086653,103.0,387.0,0,1
7,4,genetico,Brats18_TCIA03_338_1,-0.07736651618140677,468.0,375.0,2,1
7,4,genetico,Brats18_TCIA04_192_1,0.2002117319543873,121.0,329.0,0,0
7,4,genetico,Brats18_TCIA04_343_1,-0.7795788528744388,296.0,508.0,0,2
7,4,genetico,Brats18_TCIA04_361_1,0.5026144245917179,476.0,265.0,2,0
7,4,genetico,Brats18_TCIA08_406_1,0.25596206313238506,82.0,322.0,0,0
7,4,genetico,Brats18_TCIA08_469_1,0.46534340769892185,519.0,268.0,2,0
8,0,edad,Brats18_CBICA_ABE_1,0.22311276962191942,269.0,327.0,0,0
8,0,edad,Brats18_CBICA_ABY_1,-0.4441962512717282,515.0,453.0,2,2
8,0,edad,Brats18_CBICA_ALN_1,0.0031309483517921086,421.0,359.0,1,1
8,0,edad,Brats18_CBICA_ALX_1,-0.04129940332453217,698.0,370.0,2,1
8,0,edad,Brats18_CBICA_AOD_1,-0.009710810619507255,55.0,359.0,0,1
8,0,edad,Brats18_CBICA_AOH_1,-0.1399070373091363,576.0,394.0,2,1
8,0,edad,Brats18_CBICA_AOO_1,-0.5937796210066706,350.0,488.0,1,2
8,0,edad,Brats18_CBICA_AQR_1,0.3740834761986367,89.0,289.0,0,0
8,0,edad,Brats18_CBICA_ASN_1,-0.7600466055824427,407.0,522.0,1,2
8,0,edad,Brats18_CBICA_AUN_1,0.27213200469796006,376.0,318.0,1,0
8,0,edad,Brats18_CBICA_AWI_1,-0.5087963462630849,375.0,466.0,1,2
8,0,edad,Brats18_CBICA_AXJ_1,-1.1754294851056113,1767.0,734.0,2,2
8,0,edad,Brats18_CBICA_AXL_1,0.4900506070751911,168.0,265.0,0,0
8,0,edad,Brats18_CBICA_AXQ_1,0.19308937745633256,114.0,329.0,0,0
8,0,edad,Brats18_TCIA01_147_1,0.01999242689028492,209.0,355.0,0,1
8,0,edad,Brats18_TCIA01_231_1,0.10497570163387068,1561.0,336.0,2,1
8,0,edad,Brats18_TCIA01_411_1,-0.6385301273387888,822.0,495.0,2,2
8,0,edad,Brats18_TCIA01_448_1,-0.58357024476079,199.0,486.0,0,2
8,0,edad,Brats18_TCIA02_274_1,-0.20941617035600382,357.0,405.0,1,2
8,0,edad,Brats18_TCIA02_314_1,-0.7292761858866696,362.0,519.0,1,2
8,0,edad,Brats18_TCIA02_491_1,0.7206331047260585,82.0,210.0,0,0
8,0,edad,Brats18_TCIA03_121_1,-1.083047080539227,747.0,634.0,2,2
8,0,edad,Brats18_TCIA03_133_1,0.10344607383396523,382.0,336.0,1,1
8,0,edad,Brats18_TCIA03_296_1,-0.015189012507540945,22.0,368.0,0,1
8,0,edad,Brats18_TCIA03_338_1,0.5539036745363616,468.0,254.0,2,0
8,0,edad,Brats18_TCIA03_375_1,-0.03037857228799764,946.0,368.0,2,1
8,0,edad,Brats18_TCIA03_474_1,0.01970784497402359,635.0,355.0,2,1
8,0,edad,Brats18_TCIA04_361_1,0.5378247962675878,476.0,254.0,2,0
8,0,edad,Brats18_TCIA04_479_1,-0.1584404346056655,372.0,394.0,1,1
8,0,edad,Brats18_TCIA06_165_1,-0.3236402369954569,5.0,436.0,0,2
8,0,edad,Brats18_TCIA06_409_1,0.2992384322218664,99.0,317.0,0,0
8,0,edad,Brats18_TCIA08_218_1,-0.12482419574727768,346.0,387.0,1,1
8,0,edad,Brats18_TCIA08_406_1,0.6364324302521922,82.0,232.0,0,0
8,0,coxnet,Brats18_CBICA_ABE_1,0.3912789530141808,269.0,287.0,0,0
8,0,coxnet,Brats18_CBICA_ABY_1,-0.44641688380042066,515.0,448.0,2,2
8,0,coxnet,Brats18_CBICA_ALN_1,-0.026381317517739734,421.0,359.0,1,1
8,0,coxnet,Brats18_CBICA_ALX_1,-0.44324136418307086,698.0,448.0,2,2
8,0,coxnet,Brats18_CBICA_AOD_1,0.3165594784454279,55.0,296.0,0,0
8,0,coxnet,Brats18_CBICA_AOH_1,-0.2081117790325452,576.0,401.0,2,2
8,0,coxnet,Brats18_CBICA_AOO_1,-0.513599122731762,350.0,465.0,1,2
8,0,coxnet,Brats18_CBICA_AQR_1,0.32970089633730143,89.0,291.0,0,0
8,0,coxnet,Brats18_CBICA_ASN_1,-0.5086762054037554,407.0,464.0,1,2
8,0,coxnet,Brats18_CBICA_AUN_1,0.36199116015711646,376.0,289.0,1,0
8,0,coxnet,Brats18_CBICA_AWI_1,-0.3709267932343773,375.0,438.0,1,2
8,0,coxnet,Brats18_CBICA_AXJ_1,-1.074280485633165,1767.0,626.0,2,2
8,0,coxnet,Brats18_CBICA_AXL_1,0.6561723501902533,168.0,229.0,0,0
8,0,coxnet,Brats18_CBICA_AXQ_1,0.2226939608676527,114.0,322.0,0,0
8,0,coxnet,Brats18_TCIA01_147_1,0.06318028749825962,209.0,345.0,0,1
8,0,coxnet,Brats18_TCIA01_231_1,0.06798392985910777,1561.0,336.0,2,1
8,0,coxnet,Brats18_TCIA01_411_1,-0.6979237181525215,822.0,503.0,2,2
8,0,coxnet,Brats18_TCIA01_448_1,-0.5066576131592332,199.0,464.0,0,2
8,0,coxnet,Brats18_TCIA02_274_1,-0.12599555694911435,357.0,387.0,1,1
8,0,coxnet,Brats18_TCIA02_314_1,-0.38132847572091266,362.0,439.0,1,2
8,0,coxnet,Brats18_TCIA02_491_1,0.8408473502386493,82.0,203.0,0,0
8,0,coxnet,Brats18_TCIA03_121_1,-1.061643779456382,747.0,626.0,2,2
8,0,coxnet,Brats18_TCIA03_133_1,-0.019388471534222882,382.0,359.0,1,1
8,0,coxnet,Brats18_TCIA03_296_1,0.17468411763993338,22.0,329.0,0,0
8,0,coxnet,Brats18_TCIA03_338_1,0.5154025426606811,468.0,262.0,2,0
8,0,coxnet,Brats18_TCIA03_375_1,-0.11408083332658928,946.0,387.0,2,1
8,0,coxnet,Brats18_TCIA03_474_1,0.2905335480833242,635.0,317.0,2,0
8,0,coxnet,Brats18_TCIA04_361_1,0.5359168761847067,476.0,254.0,2,0
8,0,coxnet,Brats18_TCIA04_479_1,-0.18581360207453154,372.0,394.0,1,2
8,0,coxnet,Brats18_TCIA06_165_1,-0.3375140162298403,5.0,436.0,0,2
8,0,coxnet,Brats18_TCIA06_409_1,0.2622138071017703,99.0,318.0,0,0
8,0,coxnet,Brats18_TCIA08_218_1,-0.290010083448702,346.0,430.0,1,2
8,0,coxnet,Brats18_TCIA08_406_1,0.4513691104268112,82.0,268.0,0,0
8,0,genetico,Brats18_CBICA_ABE_1,0.3933809319529681,269.0,289.0,0,0
8,0,genetico,Brats18_CBICA_ABY_1,-0.3889511201045226,515.0,436.0,2,2
8,0,genetico,Brats18_CBICA_ALN_1,-0.13989799492154495,421.0,387.0,1,1
8,0,genetico,Brats18_CBICA_ALX_1,-0.0014042248857774609,698.0,355.0,2,1
8,0,genetico,Brats18_CBICA_AOD_1,1.2612587891008142,55.0,152.0,0,0
8,0,genetico,Brats18_CBICA_AOH_1,-0.37918504796616453,576.0,436.0,2,2
8,0,genetico,Brats18_CBICA_AOO_1,-0.38773433220621356,350.0,436.0,1,2
8,0,genetico,Brats18_CBICA_AQR_1,0.8842832161750861,89.0,208.0,0,0
8,0,genetico,Brats18_CBICA_ASN_1,0.3945217198019189,407.0,289.0,1,0
8,0,genetico,Brats18_CBICA_AUN_1,0.3669410632845336,376.0,291.0,1,0
8,0,genetico,Brats18_CBICA_AWI_1,-0.2692523029837506,375.0,424.0,1,2
8,0,genetico,Brats18_CBICA_AXJ_1,-1.4769667393327075,1767.0,828.0,2,2
8,0,genetico,Brats18_CBICA_AXL_1,0.6374373711288798,168.0,244.0,0,0
8,0,genetico,Brats18_CBICA_AXQ_1,0.11094906632797188,114.0,333.0,0,1
8,0,genetico,Brats18_TCIA01_147_1,-0.17366656347714948,209.0,394.0,0,1
8,0,genetico,Brats18_TCIA01_231_1,-0.32839306589332834,1561.0,430.0,2,2
8,0,genetico,Brats18_TCIA01_411_1,-0.7711464881816537,822.0,503.0,2,2
8,0,genetico,Brats18_TCIA01_448_1,-0.5051229048701343,199.0,448.0,0,2
8,0,genetico,Brats18_TCIA02_274_1,-0.3007810980112505,357.0,425.0,1,2
8,0,genetico,Brats18_TCIA02_314_1,0.4041587361631018,362.0,289.0,1,0
8,0,genetico,Brats18_TCIA02_491_1,0.5876403459608781,82.0,254.0,0,0
8,0,genetico,Brats18_TCIA03_121_1,-1.5316546042269912,747.0,871.0,2,2
8,0,genetico,Brats18_TCIA03_133_1,-0.6398647145446295,382.0,473.0,1,2
8,0,genetico,Brats18_TCIA03_296_1,-0.1091201860039942,22.0,385.0,0,1
8,0,genetico,Brats18_TCIA03_338_1,0.40282387353252347,468.0,289.0,2,0
8,0,genetico,Brats18_TCIA03_375_1,-0.472527913228514,946.0,448.0,2,2
8,0,genetico,Brats18_TCIA03_474_1,0.6774336168476177,635.0,232.0,2,0
8,0,genetico,Brats18_TCIA04_361_1,0.1689445586727975,476.0,331.0,2,0
8,0,genetico,Brats18_TCIA04_479_1,-0.688335991808563,372.0,488.0,1,2
8,0,genetico,Brats18_TCIA06_165_1,-0.7668606393827256,5.0,503.0,0,2
8,0,genetico,Brats18_TCIA06_409_1,-0.027114293755288944,99.0,359.0,0,1
8,0,genetico,Brats18_TCIA08_218_1,-0.9021944311254595,346.0,558.0,1,2
8,0,genetico,Brats18_TCIA08_406_1,-0.5210240796566001,82.0,453.0,0,2
8,1,edad,Brats18_CBICA_ABB_1,0.3225902110858217,465.0,296.0,2,0
8,1,edad,Brats18_CBICA_ABN_1,0.3144361806342985,1278.0,317.0,2,0
8,1,edad,Brats18_CBICA_AME_1,-0.33439727130397745,359.0,434.0,1,2
8,1,edad,Brats18_CBICA_AOP_1,0.2967168452300269,332.0,317.0,1,0
8,1,edad,Brats18_CBICA_APZ_1,-0.00788323461774083,336.0,372.0,1,1
8,1,edad,Brats18_CBICA_AQU_1,0.4945304878184231,30.0,268.0,0,0
8,1,edad,Brats18_CBICA_AQV_1,-0.2705763021930166,84.0,424.0,0,2
8,1,edad,Brats18_CBICA_ARF_1,0.5899091228595579,726.0,244.0,2,0
8,1,edad,Brats18_CBICA_ARW_1,-0.6212780157474739,495.0,488.0,2,2
8,1,edad,Brats18_CBICA_ASO_1,-0.3103272006441926,265.0,430.0,0,2
8,1,edad,Brats18_CBICA_ATB_1,0.4258092600226525,208.0,287.0,0,0
8,1,edad,Brats18_CBICA_ATF_1,0.3317242932743071,152.0,296.0,0,0
8,1,edad,Brats18_CBICA_ATP_1,-0.3400815713783568,385.0,436.0,1,2
8,1,edad,Brats18_CBICA_ATV_1,0.07428430300914725,453.0,355.0,2,1
8,1,edad,Brats18_CBICA_AVG_1,0.12132678638331999,579.0,346.0,2,1
8,1,edad,Brats18_CBICA_AVJ_1,-0.5888187022192946,614.0,486.0,2,2
8,1,edad,Brats18_CBICA_AYW_1,-0.40731312053394503,734.0,448.0,2,2
8,1,edad,Brats18_TCIA01_186_1,-1.0339974032168817,370.0,626.0,1,2
8,1,edad,Brats18_TCIA01_335_1,-0.2269836009329501,355.0,407.0,1,2
8,1,edad,Brats18_TCIA01_401_1,0.7263323246446587,448.0,210.0,1,0
8,1,edad,Brats18_TCIA02_135_1,0.3567352136015757,828.0,291.0,2,0
8,1,edad,Brats18_TCIA02_179_1,-0.5326421366566367,405.0,468.0,1,2
8,1,edad,Brats18_TCIA02_290_1,-0.6723975143474079,737.0,503.0,2,2
8,1,edad,Brats18_TCIA02_321_1,0.8211621307130949,67.0,208.0,0,0
8,1,edad,Brats18_TCIA02_331_1,0.9635832491284023,187.0,180.0,0,0
8,1,edad,Brats18_TCIA02_473_1,0.029711550012118657,175.0,362.0,0,1
8,1,edad,Brats18_TCIA03_138_1,0.45513240799255317,82.0,286.0,0,0
8,1,edad,Brats18_TCIA03_199_1,-0.44843609141686763,1282.0,448.0,2,2
8,1,edad,Brats18_TCIA04_192_1,0.6153904680205682,121.0,239.0,0,0
8,1,edad,Brats18_TCIA04_437_1,-0.5218223654805769,333.0,468.0,1,2
8,1,edad,Brats18_TCIA05_478_1,-0.0395585067563504,30.0,375.0,0,1
8,1,edad,Brats18_TCIA08_242_1,0.2436372431561688,147.0,327.0,0,0
8,1,edad,Brats18_TCIA08_278_1,-0.38273342297094004,1458.0,438.0,2,2
8,1,coxnet,Brats18_CBICA_ABB_1,0.2922330886549241,465.0,317.0,2,0
8,1,coxnet,Brats18_CBICA_ABN_1,0.3916733886125658,1278.0,289.0,2,0
8,1,coxnet,Brats18_CBICA_AME_1,-0.1333963634250331,359.0,387.0,1,1
8,1,coxnet,Brats18_CBICA_AOP_1,0.12336780940042259,332.0,345.0,1,1
8,1,coxnet,Brats18_CBICA_APZ_1,0.03907962456926671,336.0,357.0,1,1
8,1,coxnet,Brats18_CBICA_AQU_1,0.7531504275067332,30.0,210.0,0,0
8,1,coxnet,Brats18_CBICA_AQV_1,-0.41458692427314275,84.0,438.0,0,2
8,1,coxnet,Brats18_CBICA_ARF_1,0.5360268284962271,726.0,262.0,2,0
8,1,coxnet,Brats18_CBICA_ARW_1,-0.730437120545683,495.0,503.0,2,2
8,1,coxnet,Brats18_CBICA_ASO_1,-0.23684797608644217,265.0,401.0,0,2
8,1,coxnet,Brats18_CBICA_ATB_1,0.4608536644536452,208.0,269.0,0,0
8,1,coxnet,Brats18_CBICA_ATF_1,0.16366287760992337,152.0,331.0,0,0
8,1,coxnet,Brats18_CBICA_ATP_1,-0.42013792950728773,385.0,438.0,1,2
8,1,coxnet,Brats18_CBICA_ATV_1,0.08555649465585283,453.0,350.0,2,1
8,1,coxnet,Brats18_CBICA_AVG_1,-0.08180252359027645,579.0,376.0,2,1
8,1,coxnet,Brats18_CBICA_AVJ_1,-0.5608445718302425,614.0,467.0,2,2
8,1,coxnet,Brats18_CBICA_AYW_1,-0.40915596821536304,734.0,438.0,2,2
8,1,coxnet,Brats18_TCIA01_186_1,-1.1159085488820615,370.0,626.0,1,2
8,1,coxnet,Brats18_TCIA01_335_1,-0.22460987690278225,355.0,401.0,1,2
8,1,coxnet,Brats18_TCIA01_401_1,0.6189451190163989,448.0,239.0,1,0
8,1,coxnet,Brats18_TCIA02_135_1,0.4122433048312679,828.0,287.0,2,0
8,1,coxnet,Brats18_TCIA02_179_1,-0.5203031409769202,405.0,464.0,1,2
8,1,coxnet,Brats18_TCIA02_290_1,-0.3578479580383629,737.0,430.0,2,2
8,1,coxnet,Brats18_TCIA02_321_1,0.8974379687309954,67.0,199.0,0,0
8,1,coxnet,Brats18_TCIA02_331_1,1.0679040842030947,187.0,169.0,0,0
8,1,coxnet,Brats18_TCIA02_473_1,0.3645209505196308,175.0,289.0,0,0
8,1,coxnet,Brats18_TCIA03_138_1,0.5218229668674438,82.0,262.0,0,0
8,1,coxnet,Brats18_TCIA03_199_1,-0.6413400283887931,1282.0,486.0,2,2
8,1,coxnet,Brats18_TCIA04_192_1,0.3812823977159928,121.0,289.0,0,0
8,1,coxnet,Brats18_TCIA04_437_1,-0.4702872825109585,333.0,448.0,1,2
8,1,coxnet,Brats18_TCIA05_478_1,0.12358300294315322,30.0,345.0,0,1
8,1,coxnet,Brats18_TCIA08_242_1,0.36621178433629115,147.0,289.0,0,0
8,1,coxnet,Brats18_TCIA08_278_1,-0.5510771066648565,1458.0,467.0,2,2
8,1,genetico,Brats18_CBICA_ABB_1,1.0531652262670073,465.0,191.0,2,0
8,1,genetico,Brats18_CBICA_ABN_1,-0.3239949460783832,1278.0,424.0,2,2
8,1,genetico,Brats18_CBICA_AME_1,0.14715150193154286,359.0,350.0,1,1
8,1,genetico,Brats18_CBICA_AOP_1,0.28581547708609945,332.0,327.0,1,0
8,1,genetico,Brats18_CBICA_APZ_1,0.047520979715766035,336.0,362.0,1,1
8,1,genetico,Brats18_CBICA_AQU_1,1.3906818539910193,30.0,139.0,0,0
8,1,genetico,Brats18_CBICA_AQV_1,-1.1968490123136395,84.0,621.0,0,2
8,1,genetico,Brats18_CBICA_ARF_1,0.9453989057940025,726.0,208.0,2,0
8,1,genetico,Brats18_CBICA_ARW_1,-0.11037748974564382,495.0,387.0,2,1
8,1,genetico,Brats18_CBICA_ASO_1,-0.7472103394593081,265.0,488.0,0,2
8,1,genetico,Brats18_CBICA_ATB_1,0.7269323103781327,208.0,239.0,0,0
8,1,genetico,Brats18_CBICA_ATF_1,0.7037561941165172,152.0,244.0,0,0
8,1,genetico,Brats18_CBICA_ATP_1,-0.756267389477936,385.0,495.0,1,2
8,1,genetico,Brats18_CBICA_ATV_1,0.6214778252333566,453.0,262.0,2,0
8,1,genetico,Brats18_CBICA_AVG_1,-0.7396085598316908,579.0,488.0,2,2
8,1,genetico,Brats18_CBICA_AVJ_1,-0.5533020277057429,614.0,464.0,2,2
8,1,genetico,Brats18_CBICA_AYW_1,0.5072957695557869,734.0,287.0,2,0
8,1,genetico,Brats18_TCIA01_186_1,-0.6300091863071844,370.0,468.0,1,2
8,1,genetico,Brats18_TCIA01_335_1,0.10129384751552689,355.0,355.0,1,1
8,1,genetico,Brats18_TCIA01_401_1,0.6258994398570646,448.0,262.0,1,0
8,1,genetico,Brats18_TCIA02_135_1,-0.09759367031430216,828.0,382.0,2,1
8,1,genetico,Brats18_TCIA02_179_1,-0.05358338828077949,405.0,376.0,1,1
8,1,genetico,Brats18_TCIA02_290_1,-0.27817198613413574,737.0,421.0,2,2
8,1,genetico,Brats18_TCIA02_321_1,0.9459205823832422,67.0,208.0,0,0
8,1,genetico,Brats18_TCIA02_331_1,1.1795478638254164,187.0,170.0,0,0
8,1,genetico,Brats18_TCIA02_473_1,0.752190681372864,175.0,232.0,0,0
8,1,genetico,Brats18_TCIA03_138_1,1.441995637436203,82.0,127.0,0,0
8,1,genetico,Brats18_TCIA03_199_1,-1.9408830418215892,1282.0,1283.0,2,2
8,1,genetico,Brats18_TCIA04_192_1,-0.42309537787936485,121.0,436.0,0,2
8,1,genetico,Brats18_TCIA04_437_1,-1.1139664721150435,333.0,616.0,1,2
8,1,genetico,Brats18_TCIA05_478_1,-0.43551111828617683,30.0,436.0,0,2
8,1,genetico,Brats18_TCIA08_242_1,-0.09812422319445277,147.0,382.0,0,1
8,1,genetico,Brats18_TCIA08_278_1,-0.9743388693042241,1458.0,558.0,2,2
8,2,edad,Brats18_2013_27_1,0.24194173207736275,120.0,332.0,0,0
8,2,edad,Brats18_CBICA_AAL_1,-0.18274508509099133,464.0,387.0,2,2
8,2,edad,Brats18_CBICA_AAP_1,-0.6542994466279505,788.0,515.0,2,2
8,2,edad,Brats18_CBICA_ALU_1,0.17628383141302298,495.0,345.0,2,0
8,2,edad,Brats18_CBICA_AMH_1,0.07459302345340163,169.0,355.0,0,1
8,2,edad,Brats18_CBICA_ANZ_1,0.24283945914915273,287.0,332.0,0,0
8,2,edad,Brats18_CBICA_AQA_1,0.5003323482231646,106.0,265.0,0,0
8,2,edad,Brats18_CBICA_AQD_1,0.3972175593910494,32.0,291.0,0,0
8,2,edad,Brats18_CBICA_AQG_1,-0.20429053481394321,466.0,394.0,2,2
8,2,edad,Brats18_CBICA_AQJ_1,0.1817011499496846,170.0,336.0,0,0
8,2,edad,Brats18_CBICA_AQN_1,0.09248565267734725,488.0,355.0,2,1
8,2,edad,Brats18_CBICA_AQO_1,0.23698875512955786,473.0,332.0,2,0
8,2,edad,Brats18_CBICA_AQT_1,0.4882904230188135,172.0,268.0,0,0
8,2,edad,Brats18_CBICA_AQZ_1,0.09722193688368573,286.0,355.0,0,1
8,2,edad,Brats18_CBICA_ASA_1,0.11019254526575017,210.0,350.0,0,1
8,2,edad,Brats18_CBICA_AYI_1,0.17696486574334633,387.0,345.0,1,0
8,2,edad,Brats18_CBICA_AZD_1,-0.4317250450359635,448.0,453.0,1,2
8,2,edad,Brats18_CBICA_BHM_1,0.05651465759391353,436.0,357.0,1,1
8,2,edad,Brats18_TCIA01_190_1,0.04091278020832787,322.0,357.0,1,1
8,2,edad,Brats18_TCIA01_201_1,0.01624076378707413,430.0,359.0,1,1
8,2,edad,Brats18_TCIA01_235_1,-0.06907426413886686,804.0,372.0,2,1
8,2,edad,Brats18_TCIA01_378_1,0.43154788086052254,110.0,289.0,0,0
8,2,edad,Brats18_TCIA01_460_1,-1.276300482954486,630.0,828.0,2,2
8,2,edad,Brats18_TCIA02_151_1,-0.3786353233766789,1731.0,439.0,2,2
8,2,edad,Brats18_TCIA02_322_1,-0.08798844485829709,621.0,375.0,2,1
8,2,edad,Brats18_TCIA02_368_1,0.07298330594536502,317.0,355.0,1,1
8,2,edad,Brats18_TCIA02_455_1,-0.16593591957437814,424.0,387.0,1,2
8,2,edad,Brats18_TCIA02_471_1,0.5079785063863387,111.0,265.0,0,0
8,2,edad,Brats18_TCIA03_265_1,-0.01920397749565522,103.0,368.0,0,1
8,2,edad,Brats18_TCIA04_149_1,-0.7228981773550496,448.0,576.0,1,2
8,2,edad,Brats18_TCIA06_372_1,0.44318737668786445,213.0,269.0,0,0
8,2,edad,Brats18_TCIA08_319_1,0.14412043735821425,254.0,346.0,0,0
8,2,edad,Brats18_TCIA08_469_1,0.11437161956546057,519.0,350.0,2,0
8,2,coxnet,Brats18_2013_27_1,0.1497105858991089,120.0,345.0,0,0
8,2,coxnet,Brats18_CBICA_AAL_1,-0.2928032886815734,464.0,405.0,2,2
8,2,coxnet,Brats18_CBICA_AAP_1,-0.7071513279744895,788.0,515.0,2,2
8,2,coxnet,Brats18_CBICA_ALU_1,0.06193097530528735,495.0,355.0,2,1
8,2,coxnet,Brats18_CBICA_AMH_1,0.011559055412763747,169.0,357.0,0,1
8,2,coxnet,Brats18_CBICA_ANZ_1,0.2555756387404408,287.0,331.0,0,0
8,2,coxnet,Brats18_CBICA_AQA_1,0.33923343791162763,106.0,318.0,0,0
8,2,coxnet,Brats18_CBICA_AQD_1,0.33566005135604865,32.0,318.0,0,0
8,2,coxnet,Brats18_CBICA_AQG_1,-0.09690081305550056,466.0,372.0,2,1
8,2,coxnet,Brats18_CBICA_AQJ_1,0.2944701950160854,170.0,327.0,0,0
8,2,coxnet,Brats18_CBICA_AQN_1,0.0991644473498506,488.0,350.0,2,1
8,2,coxnet,Brats18_CBICA_AQO_1,0.18672428155621285,473.0,333.0,2,0
8,2,coxnet,Brats18_CBICA_AQT_1,0.482192898921136,172.0,265.0,0,0
8,2,coxnet,Brats18_CBICA_AQZ_1,0.152856405210161,286.0,345.0,0,0
8,2,coxnet,Brats18_CBICA_ASA_1,0.3898396430155238,210.0,291.0,0,0
8,2,coxnet,Brats18_CBICA_AYI_1,0.1049935430195329,387.0,350.0,1,1
8,2,coxnet,Brats18_CBICA_AZD_1,-0.5657705185023401,448.0,476.0,1,2
8,2,coxnet,Brats18_CBICA_BHM_1,0.023126767453624273,436.0,357.0,1,1
8,2,coxnet,Brats18_TCIA01_190_1,0.004957759539328975,322.0,359.0,1,1
8,2,coxnet,Brats18_TCIA01_201_1,0.15011215528875155,430.0,345.0,1,0
8,2,coxnet,Brats18_TCIA01_235_1,-0.1314365191587522,804.0,376.0,2,1
8,2,coxnet,Brats18_TCIA01_378_1,0.5112673154437759,110.0,265.0,0,0
8,2,coxnet,Brats18_TCIA01_460_1,-1.1370064030952258,630.0,726.0,2,2
8,2,coxnet,Brats18_TCIA02_151_1,-0.4591784196992856,1731.0,448.0,2,2
8,2,coxnet,Brats18_TCIA02_322_1,-0.2703927544631787,621.0,401.0,2,2
8,2,coxnet,Brats18_TCIA02_368_1,0.13332779325805033,317.0,345.0,1,1
8,2,coxnet,Brats18_TCIA02_455_1,-0.298614851115809,424.0,405.0,1,2
8,2,coxnet,Brats18_TCIA02_471_1,0.5576106040662483,111.0,244.0,0,0
8,2,coxnet,Brats18_TCIA03_265_1,-0.010025547474852221,103.0,359.0,0,1
8,2,coxnet,Brats18_TCIA04_149_1,-0.6024864904580943,448.0,495.0,1,2
8,2,coxnet,Brats18_TCIA06_372_1,0.5071931551627729,213.0,265.0,0,0
8,2,coxnet,Brats18_TCIA08_319_1,0.13995644768763707,254.0,345.0,0,1
8,2,coxnet,Brats18_TCIA08_469_1,0.2358290544480714,519.0,331.0,2,0
8,2,genetico,Brats18_2013_27_1,0.2005498060495036,120.0,345.0,0,1
8,2,genetico,Brats18_CBICA_AAL_1,-0.5705044185689783,464.0,468.0,2,2
8,2,genetico,Brats18_CBICA_AAP_1,-0.7398532293970856,788.0,515.0,2,2
8,2,genetico,Brats18_CBICA_ALU_1,-0.24300223917732283,495.0,394.0,2,1
8,2,genetico,Brats18_CBICA_AMH_1,-0.4451020462070081,169.0,439.0,0,2
8,2,genetico,Brats18_CBICA_ANZ_1,0.050998241285084456,287.0,357.0,0,1
8,2,genetico,Brats18_CBICA_AQA_1,0.09911568495211487,106.0,355.0,0,1
8,2,genetico,Brats18_CBICA_AQD_1,-0.08400137919492495,32.0,372.0,0,1
8,2,genetico,Brats18_CBICA_AQG_1,0.32542661455566735,466.0,329.0,2,0
8,2,genetico,Brats18_CBICA_AQJ_1,0.5487364753269808,170.0,265.0,0,0
8,2,genetico,Brats18_CBICA_AQN_1,-0.09362098669688135,488.0,375.0,2,1
8,2,genetico,Brats18_CBICA_AQO_1,0.14795982915606468,473.0,346.0,2,1
8,2,genetico,Brats18_CBICA_AQT_1,0.290156347183089,172.0,331.0,0,0
8,2,genetico,Brats18_CBICA_AQZ_1,0.3123359456070217,286.0,329.0,0,0
8,2,genetico,Brats18_CBICA_ASA_1,0.5888761193369559,210.0,262.0,0,0
8,2,genetico,Brats18_CBICA_AYI_1,-0.3861159889836282,387.0,425.0,1,2
8,2,genetico,Brats18_CBICA_AZD_1,-1.0432818345659103,448.0,626.0,1,2
8,2,genetico,Brats18_CBICA_BHM_1,-0.13136976211554563,436.0,376.0,1,1
8,2,genetico,Brats18_TCIA01_190_1,-0.32363454754616494,322.0,407.0,1,2
8,2,genetico,Brats18_TCIA01_201_1,0.3470948384339782,430.0,327.0,1,0
8,2,genetico,Brats18_TCIA01_235_1,-0.613560083659544,804.0,486.0,2,2
8,2,genetico,Brats18_TCIA01_378_1,0.5021242831271556,110.0,269.0,0,0
8,2,genetico,Brats18_TCIA01_460_1,-0.9660754525521663,630.0,616.0,2,2
8,2,genetico,Brats18_TCIA02_151_1,-0.5690567924222525,1731.0,468.0,2,2
8,2,genetico,Brats18_TCIA02_322_1,-0.8524459487733688,621.0,579.0,2,2
8,2,genetico,Brats18_TCIA02_368_1,0.23045386188301942,317.0,333.0,1,0
8,2,genetico,Brats18_TCIA02_455_1,-0.44215550187222763,424.0,439.0,1,2
8,2,genetico,Brats18_TCIA02_471_1,0.250276038815077,111.0,333.0,0,0
8,2,genetico,Brats18_TCIA03_265_1,-0.11753380146477188,103.0,376.0,0,1
8,2,genetico,Brats18_TCIA04_149_1,-0.6458682425573433,448.0,495.0,1,2
8,2,genetico,Brats18_TCIA06_372_1,-0.5382168567431665,213.0,467.0,0,2
8,2,genetico,Brats18_TCIA08_319_1,-0.011619554067710869,254.0,368.0,0,1
8,2,genetico,Brats18_TCIA08_469_1,0.3385868388401493,519.0,327.0,2,0
8,3,edad,Brats18_2013_11_1,-1.076111024123538,150.0,698.0,0,2
8,3,edad,Brats18_CBICA_AAB_1,0.029176458506471943,289.0,362.0,0,1
8,3,edad,Brats18_CBICA_ABO_1,-0.11343218073532897,1155.0,385.0,2,1
8,3,edad,Brats18_CBICA_ANG_1,-0.13670658773324884,368.0,387.0,1,1
8,3,edad,Brats18_CBICA_AQQ_1,0.36520952560219894,33.0,317.0,0,0
8,3,edad,Brats18_CBICA_ASH_1,-0.4607498087997442,660.0,453.0,2,2
8,3,edad,Brats18_CBICA_ASK_1,0.6242254640866268,522.0,213.0,2,0
8,3,edad,Brats18_CBICA_ASV_1,-0.17225295478461766,597.0,394.0,2,2
8,3,edad,Brats18_CBICA_ASW_1,0.30762300040886015,239.0,331.0,0,0
8,3,edad,Brats18_CBICA_AUQ_1,0.04162473982505648,1337.0,359.0,2,1
8,3,edad,Brats18_CBICA_AUR_1,0.374378231389258,12.0,317.0,0,0
8,3,edad,Brats18_CBICA_AVV_1,0.4463525718176746,387.0,286.0,1,0
8,3,edad,Brats18_CBICA_AXW_1,0.6903106742595085,191.0,209.0,0,0
8,3,edad,Brats18_CBICA_AYA_1,0.5360295672657207,50.0,265.0,0,0
8,3,edad,Brats18_CBICA_AYU_1,0.14618325005056063,58.0,350.0,0,0
8,3,edad,Brats18_CBICA_AZH_1,-0.16646961728816478,401.0,394.0,1,2
8,3,edad,Brats18_TCIA01_150_1,-0.30047377879134046,1489.0,434.0,2,2
8,3,edad,Brats18_TCIA01_425_1,-0.12087293812405789,558.0,385.0,2,1
8,3,edad,Brats18_TCIA01_499_1,-0.336901752168388,600.0,438.0,2,2
8,3,edad,Brats18_TCIA02_226_1,0.49166713695756425,329.0,269.0,1,0
8,3,edad,Brats18_TCIA02_283_1,0.5360295672657207,262.0,265.0,0,0
8,3,edad,Brats18_TCIA02_300_1,0.16723600910777014,127.0,346.0,0,0
8,3,edad,Brats18_TCIA02_394_1,0.16261639196121327,616.0,346.0,2,0
8,3,edad,Brats18_TCIA02_430_1,-0.2034618187136467,71.0,405.0,0,2
8,3,edad,Brats18_TCIA03_257_1,0.34172353308611564,425.0,318.0,1,0
8,3,edad,Brats18_TCIA03_419_1,0.38636807741848966,327.0,317.0,1,0
8,3,edad,Brats18_TCIA04_111_1,0.5510874033083146,626.0,265.0,2,0
8,3,edad,Brats18_TCIA04_343_1,-0.24532048705687548,296.0,421.0,0,2
8,3,edad,Brats18_TCIA05_277_1,0.3784336204873807,232.0,317.0,0,0
8,3,edad,Brats18_TCIA06_247_1,0.601726870655304,244.0,229.0,0,0
8,3,edad,Brats18_TCIA08_105_1,0.24654531416583372,77.0,333.0,0,0
8,3,edad,Brats18_TCIA08_280_1,-0.0801779901307249,508.0,382.0,2,1
8,3,coxnet,Brats18_2013_11_1,-1.6896439000009218,150.0,1282.0,0,2
8,3,coxnet,Brats18_CBICA_AAB_1,0.09322363323132266,289.0,355.0,0,1
8,3,coxnet,Brats18_CBICA_ABO_1,0.04468374068350253,1155.0,357.0,2,1
8,3,coxnet,Brats18_CBICA_ANG_1,-0.1625078441944912,368.0,387.0,1,1
8,3,coxnet,Brats18_CBICA_AQQ_1,0.6514488625478257,33.0,213.0,0,0
8,3,coxnet,Brats18_CBICA_ASH_1,-0.9056285504517524,660.0,579.0,2,2
8,3,coxnet,Brats18_CBICA_ASK_1,0.7209065109355145,522.0,208.0,2,0
8,3,coxnet,Brats18_CBICA_ASV_1,-0.25851279400582783,597.0,407.0,2,2
8,3,coxnet,Brats18_CBICA_ASW_1,0.479589647017678,239.0,269.0,0,0
8,3,coxnet,Brats18_CBICA_AUQ_1,-0.16619474374511067,1337.0,387.0,2,1
8,3,coxnet,Brats18_CBICA_AUR_1,0.479195568655131,12.0,269.0,0,0
8,3,coxnet,Brats18_CBICA_AVV_1,0.6527897581970028,387.0,210.0,1,0
8,3,coxnet,Brats18_CBICA_AXW_1,0.6094993814614353,191.0,229.0,0,0
8,3,coxnet,Brats18_CBICA_AYA_1,0.6850610613706912,50.0,209.0,0,0
8,3,coxnet,Brats18_CBICA_AYU_1,-0.04568862860052306,58.0,372.0,0,1
8,3,coxnet,Brats18_CBICA_AZH_1,-0.40340131296086434,401.0,439.0,1,2
8,3,coxnet,Brats18_TCIA01_150_1,-0.1997820893712497,1489.0,394.0,2,2
8,3,coxnet,Brats18_TCIA01_425_1,-0.3020133631726941,558.0,424.0,2,2
8,3,coxnet,Brats18_TCIA01_499_1,-0.5456888581470609,600.0,465.0,2,2
8,3,coxnet,Brats18_TCIA02_226_1,0.5952178444153023,329.0,229.0,1,0
8,3,coxnet,Brats18_TCIA02_283_1,0.7573704945442912,262.0,208.0,0,0
8,3,coxnet,Brats18_TCIA02_300_1,0.010091546705783792,127.0,362.0,0,1
8,3,coxnet,Brats18_TCIA02_394_1,0.29047712697450295,616.0,331.0,2,0
8,3,coxnet,Brats18_TCIA02_430_1,-0.2117715491055545,71.0,394.0,0,2
8,3,coxnet,Brats18_TCIA03_257_1,0.28302176573205595,425.0,331.0,1,0
8,3,coxnet,Brats18_TCIA03_419_1,0.40386302821244546,327.0,291.0,1,0
8,3,coxnet,Brats18_TCIA04_111_1,0.5179884195497322,626.0,268.0,2,0
8,3,coxnet,Brats18_TCIA04_343_1,-0.2812260851034496,296.0,421.0,0,2
8,3,coxnet,Brats18_TCIA05_277_1,0.23827321271089413,232.0,333.0,0,0
8,3,coxnet,Brats18_TCIA06_247_1,0.7505490432563744,244.0,208.0,0,0
8,3,coxnet,Brats18_TCIA08_105_1,0.4464316289030684,77.0,286.0,0,0
8,3,coxnet,Brats18_TCIA08_280_1,-0.3033863290671292,508.0,424.0,2,2
8,3,genetico,Brats18_2013_11_1,-1.1946953205853075,150.0,698.0,0,2
8,3,genetico,Brats18_CBICA_AAB_1,0.3801066584415188,289.0,322.0,0,0
8,3,genetico,Brats18_CBICA_ABO_1,0.7695400530040616,1155.0,210.0,2,0
8,3,genetico,Brats18_CBICA_ANG_1,-0.31818961983940797,368.0,434.0,1,2
8,3,genetico,Brats18_CBICA_AQQ_1,1.15760694769147,33.0,169.0,0,0
8,3,genetico,Brats18_CBICA_ASH_1,-1.0769049275666416,660.0,621.0,2,2
8,3,genetico,Brats18_CBICA_ASK_1,0.4069114006580126,522.0,318.0,2,0
8,3,genetico,Brats18_CBICA_ASV_1,-0.8862048359628648,597.0,515.0,2,2
8,3,genetico,Brats18_CBICA_ASW_1,0.6806902340894564,239.0,229.0,0,0
8,3,genetico,Brats18_CBICA_AUQ_1,-0.14212746699623158,1337.0,387.0,2,1
8,3,genetico,Brats18_CBICA_AUR_1,0.5767420412814783,12.0,268.0,0,0
8,3,genetico,Brats18_CBICA_AVV_1,0.6553134952546316,387.0,254.0,1,0
8,3,genetico,Brats18_CBICA_AXW_1,0.05439262059383415,191.0,362.0,0,1
8,3,genetico,Brats18_CBICA_AYA_1,0.8808715190809617,50.0,203.0,0,0
8,3,genetico,Brats18_CBICA_AYU_1,-0.06049662845857259,58.0,376.0,0,1
8,3,genetico,Brats18_CBICA_AZH_1,-0.8932983613999325,401.0,519.0,1,2
8,3,genetico,Brats18_TCIA01_150_1,-0.5964006811795045,1489.0,467.0,2,2
8,3,genetico,Brats18_TCIA01_425_1,-0.22440019792018906,558.0,407.0,2,2
8,3,genetico,Brats18_TCIA01_499_1,-0.5484016940283205,600.0,465.0,2,2
8,3,genetico,Brats18_TCIA02_226_1,1.5244030199637466,329.0,114.0,1,0
8,3,genetico,Brats18_TCIA02_283_1,1.103349595380025,262.0,170.0,0,0
8,3,genetico,Brats18_TCIA02_300_1,-0.42745342256942737,127.0,448.0,0,2
8,3,genetico,Brats18_TCIA02_394_1,0.4049142578376953,616.0,318.0,2,0
8,3,genetico,Brats18_TCIA02_430_1,0.003941104040067783,71.0,372.0,0,1
8,3,genetico,Brats18_TCIA03_257_1,1.0764157445319518,425.0,172.0,1,0
8,3,genetico,Brats18_TCIA03_419_1,0.43617203473672506,327.0,317.0,1,0
8,3,genetico,Brats18_TCIA04_111_1,0.3624454699906081,626.0,331.0,2,0
8,3,genetico,Brats18_TCIA04_343_1,-0.4205768004731569,296.0,448.0,0,2
8,3,genetico,Brats18_TCIA05_277_1,0.20848191353052165,232.0,346.0,0,0
8,3,genetico,Brats18_TCIA06_247_1,1.4637319593397458,244.0,120.0,0,0
8,3,genetico,Brats18_TCIA08_105_1,0.3934228247000052,77.0,318.0,0,0
8,3,genetico,Brats18_TCIA08_280_1,-0.8858013479887743,508.0,515.0,2,2
8,4,edad,Brats18_CBICA_AAG_1,-0.2988788626208271,616.0,421.0,2,2
8,4,edad,Brats18_CBICA_ABM_1,0.3254388818184657,503.0,296.0,2,0
8,4,edad,Brats18_CBICA_ANI_1,-0.08681104699877701,439.0,375.0,1,1
8,4,edad,Brats18_CBICA_ANP_1,0.031586113783041124,486.0,357.0,2,1
8,4,edad,Brats18_CBICA_AOZ_1,-0.49686778072534965,331.0,465.0,1,2
8,4,edad,Brats18_CBICA_APR_1,0.07046226547088659,23.0,355.0,0,1
8,4,edad,Brats18_CBICA_APY_1,-0.5364160405861421,203.0,466.0,0,2
8,4,edad,Brats18_CBICA_AQP_1,-0.504437841199598,1283.0,465.0,2,2
8,4,edad,Brats18_CBICA_AQY_1,-0.10591306875622601,229.0,375.0,0,1
8,4,edad,Brats18_CBICA_ARZ_1,-0.20825038161604092,871.0,387.0,2,2
8,4,edad,Brats18_CBICA_ASE_1,-0.4916324117992339,318.0,464.0,1,2
8,4,edad,Brats18_CBICA_ASG_1,-0.10619606167115128,208.0,375.0,0,1
8,4,edad,Brats18_CBICA_ASU_1,0.7277486844989612,85.0,208.0,0,0
8,4,edad,Brats18_CBICA_ASY_1,0.20509614474653676,610.0,329.0,2,0
8,4,edad,Brats18_CBICA_ATD_1,0.2994742818740809,355.0,317.0,1,0
8,4,edad,Brats18_CBICA_ATX_1,-0.8464347788866668,1592.0,579.0,2,2
8,4,edad,Brats18_CBICA_AWG_1,-0.18324088275952918,180.0,387.0,0,2
8,4,edad,Brats18_CBICA_AWH_1,-0.28115643132363805,139.0,407.0,0,2
8,4,edad,Brats18_CBICA_AXM_1,0.22009476923757054,438.0,329.0,1,0
8,4,edad,Brats18_CBICA_AXN_1,0.88611859451396,345.0,175.0,1,0
8,4,edad,Brats18_CBICA_AXO_1,-0.15603818881234693,394.0,385.0,1,2
8,4,edad,Brats18_CBICA_BHB_1,-0.18101231355449338,510.0,387.0,2,2
8,4,edad,Brats18_TCIA01_203_1,-0.5230446253559278,268.0,466.0,0,2
8,4,edad,Brats18_TCIA01_390_1,0.10127311908336463,634.0,350.0,2,1
8,4,edad,Brats18_TCIA01_412_1,0.2846525279548752,291.0,317.0,0,0
8,4,edad,Brats18_TCIA01_429_1,-0.20255514920317208,86.0,387.0,0,2
8,4,edad,Brats18_TCIA02_118_1,-0.47369773581585134,104.0,464.0,0,2
8,4,edad,Brats18_TCIA02_198_1,-0.22756464805968382,394.0,401.0,1,2
8,4,edad,Brats18_TCIA02_377_1,0.10788807846974043,812.0,346.0,2,1
8,4,edad,Brats18_TCIA03_498_1,-0.050587953888355366,467.0,370.0,2,1
8,4,edad,Brats18_TCIA06_184_1,0.016092251690888185,434.0,359.0,1,1
8,4,edad,Brats18_TCIA08_167_1,0.5021325830748689,153.0,262.0,0,0
8,4,coxnet,Brats18_CBICA_AAG_1,-0.2988671249556513,616.0,421.0,2,2
8,4,coxnet,Brats18_CBICA_ABM_1,0.3254261010798195,503.0,296.0,2,0
8,4,coxnet,Brats18_CBICA_ANI_1,-0.08680763772789628,439.0,375.0,1,1
8,4,coxnet,Brats18_CBICA_ANP_1,0.03158487332319536,486.0,357.0,2,1
8,4,coxnet,Brats18_CBICA_AOZ_1,-0.49684826757679296,331.0,465.0,1,2
8,4,coxnet,Brats18_CBICA_APR_1,0.07045949825452202,23.0,355.0,0,1
8,4,coxnet,Brats18_CBICA_APY_1,-0.536394974285822,203.0,466.0,0,2
8,4,coxnet,Brats18_CBICA_AQP_1,-0.5044180307572332,1283.0,465.0,2,2
8,4,coxnet,Brats18_CBICA_AQY_1,-0.1059089093047082,229.0,375.0,0,1
8,4,coxnet,Brats18_CBICA_ARZ_1,-0.20824220314122113,871.0,387.0,2,2
8,4,coxnet,Brats18_CBICA_ASE_1,-0.4916131042557407,318.0,464.0,1,2
8,4,coxnet,Brats18_CBICA_ASG_1,-0.10619189110584625,208.0,375.0,0,1
8,4,coxnet,Brats18_CBICA_ASU_1,0.7277201041225642,85.0,208.0,0,0
8,4,coxnet,Brats18_CBICA_ASY_1,0.20508809014590418,610.0,329.0,2,0
8,4,coxnet,Brats18_CBICA_ATD_1,0.29946252082541186,355.0,317.0,1,0
8,4,coxnet,Brats18_CBICA_ATX_1,-0.8464015374324515,1592.0,579.0,2,2
8,4,coxnet,Brats18_CBICA_AWG_1,-0.1832336864656546,180.0,387.0,0,2
8,4,coxnet,Brats18_CBICA_AWH_1,-0.2811453896593867,139.0,407.0,0,2
8,4,coxnet,Brats18_CBICA_AXM_1,0.2200861256062155,438.0,329.0,1,0
8,4,coxnet,Brats18_CBICA_AXN_1,0.8860837945843921,345.0,175.0,1,0
8,4,coxnet,Brats18_CBICA_AXO_1,-0.15603206083126853,394.0,385.0,1,2
8,4,coxnet,Brats18_CBICA_BHB_1,-0.18100520478169313,510.0,387.0,2,2
8,4,coxnet,Brats18_TCIA01_203_1,-0.5230240841820536,268.0,466.0,0,2
8,4,coxnet,Brats18_TCIA01_390_1,0.10126914185341693,634.0,350.0,2,1
8,4,coxnet,Brats18_TCIA01_412_1,0.28464134899081156,291.0,317.0,0,0
8,4,coxnet,Brats18_TCIA01_429_1,-0.20254719439332,86.0,387.0,0,2
8,4,coxnet,Brats18_TCIA02_118_1,-0.47367913260862293,104.0,464.0,0,2
8,4,coxnet,Brats18_TCIA02_198_1,-0.22755571106888653,394.0,401.0,1,2
8,4,coxnet,Brats18_TCIA02_377_1,0.10788384145501655,812.0,346.0,2,1
8,4,coxnet,Brats18_TCIA03_498_1,-0.05058596718223828,467.0,370.0,2,1
8,4,coxnet,Brats18_TCIA06_184_1,0.0160916197108925,434.0,359.0,1,1
8,4,coxnet,Brats18_TCIA08_167_1,0.5021128631653298,153.0,262.0,0,0
8,4,genetico,Brats18_CBICA_AAG_1,-0.5178929692638098,616.0,464.0,2,2
8,4,genetico,Brats18_CBICA_ABM_1,-0.006350867265292548,503.0,362.0,2,1
8,4,genetico,Brats18_CBICA_ANI_1,0.5125673985834579,439.0,265.0,1,0
8,4,genetico,Brats18_CBICA_ANP_1,-0.5206965945535245,486.0,464.0,2,2
8,4,genetico,Brats18_CBICA_AOZ_1,-0.5410060301571228,331.0,465.0,1,2
8,4,genetico,Brats18_CBICA_APR_1,0.7759611448352475,23.0,208.0,0,0
8,4,genetico,Brats18_CBICA_APY_1,-0.04832526552376715,203.0,370.0,0,1
8,4,genetico,Brats18_CBICA_AQP_1,0.29623072644106874,1283.0,322.0,2,0
8,4,genetico,Brats18_CBICA_AQY_1,0.17536621219635976,229.0,333.0,0,0
8,4,genetico,Brats18_CBICA_ARZ_1,-0.9806720149190709,871.0,614.0,2,2
8,4,genetico,Brats18_CBICA_ASE_1,-0.5879911900349906,318.0,468.0,1,2
8,4,genetico,Brats18_CBICA_ASG_1,0.41764593246432885,208.0,287.0,0,0
8,4,genetico,Brats18_CBICA_ASU_1,0.49513103340433884,85.0,265.0,0,0
8,4,genetico,Brats18_CBICA_ASY_1,0.4905706111325639,610.0,265.0,2,0
8,4,genetico,Brats18_CBICA_ATD_1,-0.2862781902669328,355.0,407.0,1,2
8,4,genetico,Brats18_CBICA_ATX_1,-2.3678215712352113,1592.0,1731.0,2,2
8,4,genetico,Brats18_CBICA_AWG_1,-0.2035168556670715,180.0,387.0,0,2
8,4,genetico,Brats18_CBICA_AWH_1,-0.06054953212375991,139.0,370.0,0,1
8,4,genetico,Brats18_CBICA_AXM_1,-0.9905142542329141,438.0,614.0,1,2
8,4,genetico,Brats18_CBICA_AXN_1,1.078639119634035,345.0,168.0,1,0
8,4,genetico,Brats18_CBICA_AXO_1,0.5983946636116227,394.0,244.0,1,0
8,4,genetico,Brats18_CBICA_BHB_1,-0.6557848507157065,510.0,488.0,2,2
8,4,genetico,Brats18_TCIA01_203_1,-0.10402368663846584,268.0,375.0,0,1
8,4,genetico,Brats18_TCIA01_390_1,0.06769070802578642,634.0,355.0,2,1
8,4,genetico,Brats18_TCIA01_412_1,0.5109984456048711,291.0,265.0,0,0
8,4,genetico,Brats18_TCIA01_429_1,-0.1010069673047708,86.0,375.0,0,1
8,4,genetico,Brats18_TCIA02_118_1,0.5851878503731052,104.0,244.0,0,0
8,4,genetico,Brats18_TCIA02_198_1,-0.5309695914339607,394.0,464.0,1,2
8,4,genetico,Brats18_TCIA02_377_1,0.20451966860667914,812.0,332.0,2,0
8,4,genetico,Brats18_TCIA03_498_1,0.3506621838723006,467.0,296.0,2,0
8,4,genetico,Brats18_TCIA06_184_1,-0.31843373931446395,434.0,421.0,1,2
8,4,genetico,Brats18_TCIA08_167_1,0.48207833837787106,153.0,269.0,0,0
9,0,edad,Brats18_2013_11_1,-1.2609855755057233,150.0,804.0,0,2
9,0,edad,Brats18_2013_27_1,0.3188750434887744,120.0,318.0,0,0
9,0,edad,Brats18_CBICA_AAB_1,0.01195970421521622,289.0,359.0,0,1
9,0,edad,Brats18_CBICA_ABE_1,0.28256667862036644,269.0,329.0,0,0
9,0,edad,Brats18_CBICA_ABY_1,-0.4792997828633815,515.0,464.0,2,2
9,0,edad,Brats18_CBICA_AMH_1,0.09931909217041311,169.0,355.0,0,1
9,0,edad,Brats18_CBICA_ANG_1,-0.17908565187090508,368.0,401.0,1,1
9,0,edad,Brats18_CBICA_AOP_1,0.3112803407702148,332.0,322.0,1,0
9,0,edad,Brats18_CBICA_AQN_1,0.1227936278459613,488.0,350.0,2,1
9,0,edad,Brats18_CBICA_AQP_1,-0.5570744123074551,1283.0,468.0,2,2
9,0,edad,Brats18_CBICA_AQU_1,0.516215474020761,30.0,262.0,0,0
9,0,edad,Brats18_CBICA_AQZ_1,0.12900747552478278,286.0,350.0,0,1
9,0,edad,Brats18_CBICA_ASK_1,0.6972699377605418,522.0,210.0,2,0
9,0,edad,Brats18_CBICA_ASW_1,0.33264298050263386,239.0,318.0,0,0
9,0,edad,Brats18_CBICA_ATB_1,0.4450202127072043,208.0,287.0,0,0
9,0,edad,Brats18_CBICA_AVJ_1,-0.6061353796016801,614.0,486.0,2,2
9,0,edad,Brats18_CBICA_AYI_1,0.23362755147670666,387.0,333.0,1,0
9,0,edad,Brats18_CBICA_AZD_1,-0.5649534087106666,448.0,468.0,1,2
9,0,edad,Brats18_CBICA_BHB_1,-0.18574624676846552,510.0,401.0,2,1
9,0,edad,Brats18_TCIA01_147_1,0.05066425871140516,209.0,357.0,0,1
9,0,edad,Brats18_TCIA01_186_1,-1.0673409628742128,370.0,698.0,1,2
9,0,edad,Brats18_TCIA01_201_1,0.02276286423199086,430.0,359.0,1,1
9,0,edad,Brats18_TCIA01_231_1,0.1476896319447692,1561.0,346.0,2,0
9,0,edad,Brats18_TCIA02_118_1,-0.5217813820270896,104.0,466.0,0,2
9,0,edad,Brats18_TCIA02_322_1,-0.11398239808560477,621.0,387.0,2,1
9,0,edad,Brats18_TCIA02_394_1,0.16564074746136476,616.0,345.0,2,0
9,0,edad,Brats18_TCIA03_265_1,-0.023739459900366303,103.0,375.0,0,1
9,0,edad,Brats18_TCIA03_419_1,0.42333266590661117,327.0,287.0,1,0
9,0,edad,Brats18_TCIA04_111_1,0.6130377803365163,626.0,232.0,2,0
9,0,edad,Brats18_TCIA04_192_1,0.6414265354181912,121.0,229.0,0,0
9,0,edad,Brats18_TCIA04_361_1,0.6418732826369299,476.0,229.0,2,0
9,0,edad,Brats18_TCIA04_479_1,-0.1530524730334894,372.0,394.0,1,1
9,0,edad,Brats18_TCIA08_167_1,0.5985794158027875,153.0,244.0,0,0
9,0,coxnet,Brats18_2013_11_1,-1.8153146538337293,150.0,1282.0,0,2
9,0,coxnet,Brats18_2013_27_1,0.2970118938689385,120.0,322.0,0,0
9,0,coxnet,Brats18_CBICA_AAB_1,0.18958116342628742,289.0,336.0,0,0
9,0,coxnet,Brats18_CBICA_ABE_1,0.4916449678978443,269.0,265.0,0,0
9,0,coxnet,Brats18_CBICA_ABY_1,-0.35269974409849963,515.0,434.0,2,2
9,0,coxnet,Brats18_CBICA_AMH_1,-0.04766428986231656,169.0,375.0,0,1
9,0,coxnet,Brats18_CBICA_ANG_1,-0.2479392498181643,368.0,405.0,1,2
9,0,coxnet,Brats18_CBICA_AOP_1,0.21580044978369758,332.0,333.0,1,0
9,0,coxnet,Brats18_CBICA_AQN_1,0.3926951113676163,488.0,296.0,2,0
9,0,coxnet,Brats18_CBICA_AQP_1,-0.36892824921539763,1283.0,434.0,2,2
9,0,coxnet,Brats18_CBICA_AQU_1,0.846453337447172,30.0,199.0,0,0
9,0,coxnet,Brats18_CBICA_AQZ_1,0.32577135504312615,286.0,318.0,0,0
9,0,coxnet,Brats18_CBICA_ASK_1,0.9592473309904076,522.0,180.0,2,0
9,0,coxnet,Brats18_CBICA_ASW_1,0.5640954929517108,239.0,254.0,0,0
9,0,coxnet,Brats18_CBICA_ATB_1,0.5330638768070746,208.0,262.0,0,0
9,0,coxnet,Brats18_CBICA_AVJ_1,-0.6632018416317718,614.0,473.0,2,2
9,0,coxnet,Brats18_CBICA_AYI_1,0.3930039830334692,387.0,296.0,1,0
9,0,coxnet,Brats18_CBICA_AZD_1,-0.7118853757781733,448.0,495.0,1,2
9,0,coxnet,Brats18_CBICA_BHB_1,-0.5822075254014643,510.0,466.0,2,2
9,0,coxnet,Brats18_TCIA01_147_1,0.025327613953349013,209.0,357.0,0,1
9,0,coxnet,Brats18_TCIA01_186_1,-1.0799584291485138,370.0,634.0,1,2
9,0,coxnet,Brats18_TCIA01_201_1,0.1017904558218341,430.0,350.0,1,1
9,0,coxnet,Brats18_TCIA01_231_1,0.08318162940237911,1561.0,355.0,2,1
9,0,coxnet,Brats18_TCIA02_118_1,-0.1678057191858284,104.0,394.0,0,1
9,0,coxnet,Brats18_TCIA02_322_1,-0.45516194792191494,621.0,448.0,2,2
9,0,coxnet,Brats18_TCIA02_394_1,0.47210293878033555,616.0,268.0,2,0
9,0,coxnet,Brats18_TCIA03_265_1,0.05359879929705717,103.0,355.0,0,1
9,0,coxnet,Brats18_TCIA03_419_1,0.37863017819618083,327.0,296.0,1,0
9,0,coxnet,Brats18_TCIA04_111_1,0.5813940581960039,626.0,244.0,2,0
9,0,coxnet,Brats18_TCIA04_192_1,0.43398996920180666,121.0,287.0,0,0
9,0,coxnet,Brats18_TCIA04_361_1,0.601111808400763,476.0,244.0,2,0
9,0,coxnet,Brats18_TCIA04_479_1,-0.11329788252574984,372.0,385.0,1,1
9,0,coxnet,Brats18_TCIA08_167_1,0.8507409626734548,153.0,199.0,0,0
9,0,genetico,Brats18_2013_11_1,-1.0156585899780781,150.0,616.0,0,2
9,0,genetico,Brats18_2013_27_1,1.0760324227956002,120.0,175.0,0,0
9,0,genetico,Brats18_CBICA_AAB_1,-0.01998817215807841,289.0,376.0,0,1
9,0,genetico,Brats18_CBICA_ABE_1,0.9605763203896605,269.0,191.0,0,0
9,0,genetico,Brats18_CBICA_ABY_1,0.16420109473108224,515.0,350.0,2,1
9,0,genetico,Brats18_CBICA_AMH_1,0.12353316916570824,169.0,355.0,0,1
9,0,genetico,Brats18_CBICA_ANG_1,0.1807922048152005,368.0,346.0,1,1
9,0,genetico,Brats18_CBICA_AOP_1,0.8718630620509306,332.0,203.0,1,0
9,0,genetico,Brats18_CBICA_AQN_1,1.2574276148654704,488.0,152.0,2,0
9,0,genetico,Brats18_CBICA_AQP_1,0.5527661926568522,1283.0,268.0,2,0
9,0,genetico,Brats18_CBICA_AQU_1,1.3256437020885037,30.0,139.0,0,0
9,0,genetico,Brats18_CBICA_AQZ_1,0.5339546229875582,286.0,268.0,0,0
9,0,genetico,Brats18_CBICA_ASK_1,1.6840556192857503,522.0,89.0,2,0
9,0,genetico,Brats18_CBICA_ASW_1,0.7362018487978397,239.0,229.0,0,0
9,0,genetico,Brats18_CBICA_ATB_1,0.9177953822628255,208.0,199.0,0,0
9,0,genetico,Brats18_CBICA_AVJ_1,-0.32174598894364614,614.0,434.0,2,2
9,0,genetico,Brats18_CBICA_AYI_1,0.009545477563724258,387.0,375.0,1,1
9,0,genetico,Brats18_CBICA_AZD_1,-1.490509877432653,448.0,812.0,1,2
9,0,genetico,Brats18_CBICA_BHB_1,-0.7735430980891409,510.0,508.0,2,2
9,0,genetico,Brats18_TCIA01_147_1,0.448480283298095,209.0,296.0,0,0
9,0,genetico,Brats18_TCIA01_186_1,-0.8555376795339593,370.0,576.0,1,2
9,0,genetico,Brats18_TCIA01_201_1,-0.2436237157192196,430.0,421.0,1,1
9,0,genetico,Brats18_TCIA01_231_1,0.37718842977294953,1561.0,318.0,2,0
9,0,genetico,Brats18_TCIA02_118_1,0.13034381741152573,104.0,355.0,0,1
9,0,genetico,Brats18_TCIA02_322_1,-0.3827173542222574,621.0,439.0,2,2
9,0,genetico,Brats18_TCIA02_394_1,0.8833602726949404,616.0,203.0,2,0
9,0,genetico,Brats18_TCIA03_265_1,0.3229752618527634,103.0,329.0,0,0
9,0,genetico,Brats18_TCIA03_419_1,0.1174515000829891,327.0,355.0,1,1
9,0,genetico,Brats18_TCIA04_111_1,0.7416737467357521,626.0,229.0,2,0
9,0,genetico,Brats18_TCIA04_192_1,-0.6769604682913999,121.0,495.0,0,2
9,0,genetico,Brats18_TCIA04_361_1,0.5694673841607252,476.0,265.0,2,0
9,0,genetico,Brats18_TCIA04_479_1,0.120088243285151,372.0,355.0,1,1
9,0,genetico,Brats18_TCIA08_167_1,0.5838070740584527,153.0,265.0,0,0
9,1,edad,Brats18_CBICA_AAP_1,-0.6924807363111821,788.0,510.0,2,2
9,1,edad,Brats18_CBICA_ABB_1,0.24532065580704093,465.0,332.0,2,0
9,1,edad,Brats18_CBICA_ABM_1,0.29054547060451824,503.0,329.0,2,0
9,1,edad,Brats18_CBICA_ANP_1,0.0257938592425441,486.0,362.0,2,1
9,1,edad,Brats18_CBICA_ANZ_1,0.23116997379852847,287.0,332.0,0,0
9,1,edad,Brats18_CBICA_APY_1,-0.4859572691599131,203.0,466.0,0,2
9,1,edad,Brats18_CBICA_AQQ_1,0.29309514303848444,33.0,329.0,0,0
9,1,edad,Brats18_CBICA_AQR_1,0.33701325071355365,89.0,318.0,0,0
9,1,edad,Brats18_CBICA_ASA_1,0.09460314405420932,210.0,355.0,0,1
9,1,edad,Brats18_CBICA_ASO_1,-0.26923511227277924,265.0,425.0,0,2
9,1,edad,Brats18_CBICA_ASY_1,0.18212065035010205,610.0,345.0,2,0
9,1,edad,Brats18_CBICA_ATX_1,-0.7652738843009195,1592.0,522.0,2,2
9,1,edad,Brats18_CBICA_AXO_1,-0.14324942312942024,394.0,385.0,1,2
9,1,edad,Brats18_CBICA_AYU_1,0.09514494944642704,58.0,355.0,0,1
9,1,edad,Brats18_TCIA01_150_1,-0.3085319386612845,1489.0,436.0,2,2
9,1,edad,Brats18_TCIA01_190_1,0.023276057714002606,322.0,362.0,1,1
9,1,edad,Brats18_TCIA01_235_1,-0.08996126925952504,804.0,376.0,2,1
9,1,edad,Brats18_TCIA01_378_1,0.4254550132667588,110.0,289.0,0,0
9,1,edad,Brats18_TCIA01_390_1,0.08857954292896399,634.0,355.0,2,1
9,1,edad,Brats18_TCIA01_412_1,0.253798316649979,291.0,331.0,0,0
9,1,edad,Brats18_TCIA01_448_1,-0.5209833942215251,199.0,468.0,0,2
9,1,edad,Brats18_TCIA01_460_1,-1.3328628390072383,630.0,871.0,2,2
9,1,edad,Brats18_TCIA02_179_1,-0.4499750169355641,405.0,453.0,1,2
9,1,edad,Brats18_TCIA02_198_1,-0.20769239389791797,394.0,401.0,1,2
9,1,edad,Brats18_TCIA02_283_1,0.4474778089151426,262.0,286.0,0,0
9,1,edad,Brats18_TCIA02_300_1,0.11417187998490047,127.0,355.0,0,0
9,1,edad,Brats18_TCIA02_321_1,0.6506548309968307,67.0,229.0,0,0
9,1,edad,Brats18_TCIA02_455_1,-0.1896853323330312,424.0,387.0,1,2
9,1,edad,Brats18_TCIA02_473_1,0.007213121380014873,175.0,362.0,0,1
9,1,edad,Brats18_TCIA02_491_1,0.6474996113597974,82.0,229.0,0,0
9,1,edad,Brats18_TCIA03_121_1,-0.968482777288032,747.0,616.0,2,2
9,1,edad,Brats18_TCIA04_437_1,-0.4411786470383802,333.0,453.0,1,2
9,1,edad,Brats18_TCIA06_184_1,0.011834402666578857,434.0,362.0,1,1
9,1,coxnet,Brats18_CBICA_AAP_1,-0.6924719406440971,788.0,510.0,2,2
9,1,coxnet,Brats18_CBICA_ABB_1,0.2453175398231524,465.0,332.0,2,0
9,1,coxnet,Brats18_CBICA_ABM_1,0.2905417801896108,503.0,329.0,2,0
9,1,coxnet,Brats18_CBICA_ANP_1,0.025793531617258968,486.0,362.0,2,1
9,1,coxnet,Brats18_CBICA_ANZ_1,0.2311670375520412,287.0,332.0,0,0
9,1,coxnet,Brats18_CBICA_APY_1,-0.48595109668733316,203.0,466.0,0,2
9,1,coxnet,Brats18_CBICA_AQQ_1,0.29309142023845963,33.0,329.0,0,0
9,1,coxnet,Brats18_CBICA_AQR_1,0.3370089700798826,89.0,318.0,0,0
9,1,coxnet,Brats18_CBICA_ASA_1,0.09460194243556985,210.0,355.0,0,1
9,1,coxnet,Brats18_CBICA_ASO_1,-0.26923169253517365,265.0,425.0,0,2
9,1,coxnet,Brats18_CBICA_ASY_1,0.18211833711230974,610.0,345.0,2,0
9,1,coxnet,Brats18_CBICA_ATX_1,-0.7652641640387343,1592.0,522.0,2,2
9,1,coxnet,Brats18_CBICA_AXO_1,-0.1432476036214254,394.0,385.0,1,2
9,1,coxnet,Brats18_CBICA_AYU_1,0.09514374094595013,58.0,355.0,0,1
9,1,coxnet,Brats18_TCIA01_150_1,-0.3085280197880578,1489.0,436.0,2,2
9,1,coxnet,Brats18_TCIA01_190_1,0.023275762069020853,322.0,362.0,1,1
9,1,coxnet,Brats18_TCIA01_235_1,-0.0899601266004827,804.0,376.0,2,1
9,1,coxnet,Brats18_TCIA01_378_1,0.4254496092743298,110.0,289.0,0,0
9,1,coxnet,Brats18_TCIA01_390_1,0.08857841782016423,634.0,355.0,2,1
9,1,coxnet,Brats18_TCIA01_412_1,0.2537950929855753,291.0,331.0,0,0
9,1,coxnet,Brats18_TCIA01_448_1,-0.5209767768583955,199.0,468.0,0,2
9,1,coxnet,Brats18_TCIA01_460_1,-1.3328459094131184,630.0,871.0,2,2
9,1,coxnet,Brats18_TCIA02_179_1,-0.44996930149795267,405.0,453.0,1,2
9,1,coxnet,Brats18_TCIA02_198_1,-0.20768975585608224,394.0,401.0,1,2
9,1,coxnet,Brats18_TCIA02_283_1,0.4474721251962626,262.0,286.0,0,0
9,1,coxnet,Brats18_TCIA02_300_1,0.11417042981048536,127.0,355.0,0,0
9,1,coxnet,Brats18_TCIA02_321_1,0.6506465665889123,67.0,229.0,0,0
9,1,coxnet,Brats18_TCIA02_455_1,-0.18968292301108672,424.0,387.0,1,2
9,1,coxnet,Brats18_TCIA02_473_1,0.007213029761272394,175.0,362.0,0,1
9,1,coxnet,Brats18_TCIA02_491_1,0.6474913870284617,82.0,229.0,0,0
9,1,coxnet,Brats18_TCIA03_121_1,-0.9684704759319944,747.0,616.0,2,2
9,1,coxnet,Brats18_TCIA04_437_1,-0.4411730433294237,333.0,453.0,1,2
9,1,coxnet,Brats18_TCIA06_184_1,0.011834252349811192,434.0,362.0,1,1
9,1,genetico,Brats18_CBICA_AAP_1,-1.015102821421534,788.0,600.0,2,2
9,1,genetico,Brats18_CBICA_ABB_1,0.08083727704751266,465.0,357.0,2,1
9,1,genetico,Brats18_CBICA_ABM_1,0.0644088632098099,503.0,357.0,2,1
9,1,genetico,Brats18_CBICA_ANP_1,0.3611366105251549,486.0,327.0,2,0
9,1,genetico,Brats18_CBICA_ANZ_1,0.09516966252574063,287.0,355.0,0,1
9,1,genetico,Brats18_CBICA_APY_1,-4.215544603747927,203.0,1767.0,0,2
9,1,genetico,Brats18_CBICA_AQQ_1,0.7556278727956396,33.0,229.0,0,0
9,1,genetico,Brats18_CBICA_AQR_1,-0.005326530885659153,89.0,368.0,0,1
9,1,genetico,Brats18_CBICA_ASA_1,0.4714696300880554,210.0,289.0,0,0
9,1,genetico,Brats18_CBICA_ASO_1,-0.30140375631206084,265.0,425.0,0,2
9,1,genetico,Brats18_CBICA_ASY_1,-0.4146747312979226,610.0,439.0,2,2
9,1,genetico,Brats18_CBICA_ATX_1,-3.5980999781869167,1592.0,1767.0,2,2
9,1,genetico,Brats18_CBICA_AXO_1,0.34356881231470693,394.0,327.0,1,0
9,1,genetico,Brats18_CBICA_AYU_1,-0.19533475833609648,58.0,387.0,0,2
9,1,genetico,Brats18_TCIA01_150_1,-0.3336583003113337,1489.0,430.0,2,2
9,1,genetico,Brats18_TCIA01_190_1,-0.5026531703938037,322.0,453.0,1,2
9,1,genetico,Brats18_TCIA01_235_1,-0.6022209076717743,804.0,468.0,2,2
9,1,genetico,Brats18_TCIA01_378_1,1.0679776323718275,110.0,172.0,0,0
9,1,genetico,Brats18_TCIA01_390_1,-0.271564345863574,634.0,421.0,2,2
9,1,genetico,Brats18_TCIA01_412_1,1.18662948311582,291.0,168.0,0,0
9,1,genetico,Brats18_TCIA01_448_1,-0.6497196953266794,199.0,476.0,0,2
9,1,genetico,Brats18_TCIA01_460_1,-0.5323903949789015,630.0,464.0,2,2
9,1,genetico,Brats18_TCIA02_179_1,-0.5701766878574606,405.0,467.0,1,2
9,1,genetico,Brats18_TCIA02_198_1,-0.9563677192993353,394.0,579.0,1,2
9,1,genetico,Brats18_TCIA02_283_1,0.44824561024080684,262.0,296.0,0,0
9,1,genetico,Brats18_TCIA02_300_1,-0.48031412076235347,127.0,448.0,0,2
9,1,genetico,Brats18_TCIA02_321_1,0.7239000131052078,67.0,232.0,0,0
9,1,genetico,Brats18_TCIA02_455_1,-0.7866833204738088,424.0,510.0,1,2
9,1,genetico,Brats18_TCIA02_473_1,-0.40297625578581364,175.0,439.0,0,2
9,1,genetico,Brats18_TCIA02_491_1,1.838704157092348,82.0,103.0,0,0
9,1,genetico,Brats18_TCIA03_121_1,-0.8126127915316379,747.0,515.0,2,2
9,1,genetico,Brats18_TCIA04_437_1,-1.630733098962034,333.0,1155.0,1,2
9,1,genetico,Brats18_TCIA06_184_1,3.963632907096566,434.0,22.0,1,0
9,2,edad,Brats18_CBICA_ALN_1,0.04823818786990567,421.0,355.0,1,1
9,2,edad,Brats18_CBICA_ALU_1,0.2281812885659741,495.0,327.0,2,0
9,2,edad,Brats18_CBICA_AOD_1,0.035133596513988744,55.0,355.0,0,1
9,2,edad,Brats18_CBICA_AOH_1,-0.0977273573991868,576.0,372.0,2,1
9,2,edad,Brats18_CBICA_APR_1,0.11220020994504641,23.0,336.0,0,1
9,2,edad,Brats18_CBICA_AQG_1,-0.21810083367680702,466.0,394.0,2,2
9,2,edad,Brats18_CBICA_AQJ_1,0.234533929804992,170.0,327.0,0,0
9,2,edad,Brats18_CBICA_AQT_1,0.5940571231263276,172.0,239.0,0,0
9,2,edad,Brats18_CBICA_AQY_1,-0.0687956141563449,229.0,370.0,0,1
9,2,edad,Brats18_CBICA_ARF_1,0.5698807856109795,726.0,244.0,2,0
9,2,edad,Brats18_CBICA_ASE_1,-0.4646196145577834,318.0,464.0,1,2
9,2,edad,Brats18_CBICA_ASH_1,-0.4734770114853285,660.0,464.0,2,2
9,2,edad,Brats18_CBICA_AUN_1,0.3227448910096415,376.0,296.0,1,0
9,2,edad,Brats18_CBICA_AUQ_1,0.04366428617781283,1337.0,355.0,2,1
9,2,edad,Brats18_CBICA_AVG_1,0.13597723858251362,579.0,333.0,2,1
9,2,edad,Brats18_CBICA_AWI_1,-0.47416672681985034,375.0,464.0,1,2
9,2,edad,Brats18_CBICA_AXM_1,0.26575262389388016,438.0,322.0,1,0
9,2,edad,Brats18_CBICA_AXN_1,0.9492242195980515,345.0,175.0,1,0
9,2,edad,Brats18_CBICA_AXW_1,0.7114176324162994,191.0,208.0,0,0
9,2,edad,Brats18_CBICA_AZH_1,-0.17054677640187255,401.0,387.0,1,1
9,2,edad,Brats18_CBICA_BHM_1,0.0877334659730573,436.0,346.0,1,1
9,2,edad,Brats18_TCIA01_425_1,-0.12360983284729996,558.0,382.0,2,1
9,2,edad,Brats18_TCIA02_274_1,-0.16865913443370725,357.0,387.0,1,1
9,2,edad,Brats18_TCIA03_257_1,0.3525841544294854,425.0,291.0,1,0
9,2,edad,Brats18_TCIA03_296_1,0.029543272223652824,22.0,355.0,0,1
9,2,edad,Brats18_TCIA03_474_1,0.06515436396923349,635.0,350.0,2,1
9,2,edad,Brats18_TCIA05_478_1,-0.013001273674227282,30.0,359.0,0,1
9,2,edad,Brats18_TCIA06_372_1,0.5411668472106185,213.0,262.0,0,0
9,2,edad,Brats18_TCIA08_242_1,0.24923575667243358,147.0,327.0,0,0
9,2,edad,Brats18_TCIA08_280_1,-0.08171870147686147,508.0,370.0,2,1
9,2,edad,Brats18_TCIA08_319_1,0.19046475000974752,254.0,331.0,0,0
9,2,edad,Brats18_TCIA08_406_1,0.6945014563169719,82.0,209.0,0,0
9,2,edad,Brats18_TCIA08_469_1,0.155579674405769,519.0,332.0,2,0
9,2,coxnet,Brats18_CBICA_ALN_1,0.04981577689715514,421.0,350.0,1,1
9,2,coxnet,Brats18_CBICA_ALU_1,0.1897250602719,495.0,331.0,2,0
9,2,coxnet,Brats18_CBICA_AOD_1,0.29090174329824126,55.0,317.0,0,0
9,2,coxnet,Brats18_CBICA_AOH_1,-0.062036086593769094,576.0,368.0,2,1
9,2,coxnet,Brats18_CBICA_APR_1,0.13620308369990544,23.0,333.0,0,0
9,2,coxnet,Brats18_CBICA_AQG_1,-0.1069701122553089,466.0,372.0,2,1
9,2,coxnet,Brats18_CBICA_AQJ_1,0.28054814236820597,170.0,317.0,0,0
9,2,coxnet,Brats18_CBICA_AQT_1,0.5772162070064714,172.0,244.0,0,0
9,2,coxnet,Brats18_CBICA_AQY_1,0.01603415975473447,229.0,355.0,0,1
9,2,coxnet,Brats18_CBICA_ARF_1,0.6448236912211054,726.0,232.0,2,0
9,2,coxnet,Brats18_CBICA_ASE_1,-0.4819615192458368,318.0,464.0,1,2
9,2,coxnet,Brats18_CBICA_ASH_1,-0.5582166907035735,660.0,468.0,2,2
9,2,coxnet,Brats18_CBICA_AUN_1,0.3733013658194261,376.0,289.0,1,0
9,2,coxnet,Brats18_CBICA_AUQ_1,0.017103828290323354,1337.0,355.0,2,1
9,2,coxnet,Brats18_CBICA_AVG_1,-0.023117116735148463,579.0,359.0,2,1
9,2,coxnet,Brats18_CBICA_AWI_1,-0.38409654142405775,375.0,439.0,1,2
9,2,coxnet,Brats18_CBICA_AXM_1,0.19961920608220102,438.0,329.0,1,0
9,2,coxnet,Brats18_CBICA_AXN_1,0.9951031171529885,345.0,168.0,1,0
9,2,coxnet,Brats18_CBICA_AXW_1,0.6449410611830203,191.0,232.0,0,0
9,2,coxnet,Brats18_CBICA_AZH_1,-0.2690051139177989,401.0,405.0,1,2
9,2,coxnet,Brats18_CBICA_BHM_1,0.21231578938605233,436.0,329.0,1,0
9,2,coxnet,Brats18_TCIA01_425_1,-0.3419353613614008,558.0,430.0,2,2
9,2,coxnet,Brats18_TCIA02_274_1,-0.21228937610246276,357.0,387.0,1,1
9,2,coxnet,Brats18_TCIA03_257_1,0.39572773165346237,425.0,287.0,1,0
9,2,coxnet,Brats18_TCIA03_296_1,0.13304413219988612,22.0,333.0,0,1
9,2,coxnet,Brats18_TCIA03_474_1,0.2270268873700015,635.0,327.0,2,0
9,2,coxnet,Brats18_TCIA05_478_1,-0.009567828554441729,30.0,359.0,0,1
9,2,coxnet,Brats18_TCIA06_372_1,0.43262697857742666,213.0,286.0,0,0
9,2,coxnet,Brats18_TCIA08_242_1,0.2459939362352925,147.0,322.0,0,0
9,2,coxnet,Brats18_TCIA08_280_1,-1.0942545538388637,508.0,698.0,2,2
9,2,coxnet,Brats18_TCIA08_319_1,0.23200608160396918,254.0,327.0,0,0
9,2,coxnet,Brats18_TCIA08_406_1,0.5328803565273487,82.0,262.0,0,0
9,2,coxnet,Brats18_TCIA08_469_1,0.1342161499213524,519.0,333.0,2,1
9,2,genetico,Brats18_CBICA_ALN_1,0.04478878209328996,421.0,350.0,1,1
9,2,genetico,Brats18_CBICA_ALU_1,0.14673697761301646,495.0,333.0,2,1
9,2,genetico,Brats18_CBICA_AOD_1,1.069319522680569,55.0,168.0,0,0
9,2,genetico,Brats18_CBICA_AOH_1,-0.03984539899290235,576.0,362.0,2,1
9,2,genetico,Brats18_CBICA_APR_1,-0.08901238964872678,23.0,370.0,0,1
9,2,genetico,Brats18_CBICA_AQG_1,0.27427674088491605,466.0,322.0,2,0
9,2,genetico,Brats18_CBICA_AQJ_1,0.4993595369525744,170.0,268.0,0,0
9,2,genetico,Brats18_CBICA_AQT_1,0.4944570237302769,172.0,269.0,0,0
9,2,genetico,Brats18_CBICA_AQY_1,-0.03651313043552745,229.0,359.0,0,1
9,2,genetico,Brats18_CBICA_ARF_1,0.5108287556337509,726.0,268.0,2,0
9,2,genetico,Brats18_CBICA_ASE_1,-0.22647911986900715,318.0,387.0,1,1
9,2,genetico,Brats18_CBICA_ASH_1,-0.7863848465310526,660.0,515.0,2,2
9,2,genetico,Brats18_CBICA_AUN_1,0.925766960723696,376.0,187.0,1,0
9,2,genetico,Brats18_CBICA_AUQ_1,0.12416516011541828,1337.0,333.0,2,1
9,2,genetico,Brats18_CBICA_AVG_1,-0.4919157899732059,579.0,453.0,2,2
9,2,genetico,Brats18_CBICA_AWI_1,-0.3133175919160682,375.0,407.0,1,2
9,2,genetico,Brats18_CBICA_AXM_1,-0.048103159555111685,438.0,362.0,1,1
9,2,genetico,Brats18_CBICA_AXN_1,1.3190683284419231,345.0,127.0,1,0
9,2,genetico,Brats18_CBICA_AXW_1,0.5086231366576476,191.0,268.0,0,0
9,2,genetico,Brats18_CBICA_AZH_1,-0.5973051525601145,401.0,468.0,1,2
9,2,genetico,Brats18_CBICA_BHM_1,0.25147727515926005,436.0,327.0,1,0
9,2,genetico,Brats18_TCIA01_425_1,-0.18071169328943149,558.0,385.0,2,1
9,2,genetico,Brats18_TCIA02_274_1,-0.06484623672707424,357.0,368.0,1,1
9,2,genetico,Brats18_TCIA03_257_1,0.17421846026702129,425.0,332.0,1,0
9,2,genetico,Brats18_TCIA03_296_1,0.5318488518027544,22.0,265.0,0,0
9,2,genetico,Brats18_TCIA03_474_1,0.8839402788858921,635.0,199.0,2,0
9,2,genetico,Brats18_TCIA05_478_1,0.3961019027557219,30.0,289.0,0,0
9,2,genetico,Brats18_TCIA06_372_1,1.1463058836232045,213.0,152.0,0,0
9,2,genetico,Brats18_TCIA08_242_1,0.9644100062706527,147.0,180.0,0,0
9,2,genetico,Brats18_TCIA08_280_1,-0.799285250079679,508.0,515.0,2,2
9,2,genetico,Brats18_TCIA08_319_1,-0.016965723735710078,254.0,359.0,0,1
9,2,genetico,Brats18_TCIA08_406_1,-0.33673576658269105,82.0,424.0,0,2
9,2,genetico,Brats18_TCIA08_469_1,0.34457868187814833,519.0,296.0,2,0
9,3,edad,Brats18_CBICA_AAG_1,-0.30575741369021386,616.0,425.0,2,2
9,3,edad,Brats18_CBICA_ALX_1,-0.04396419714189605,698.0,368.0,2,1
9,3,edad,Brats18_CBICA_AOO_1,-0.5911930593507687,350.0,488.0,1,2
9,3,edad,Brats18_CBICA_AQD_1,0.42617131946701453,32.0,269.0,0,0
9,3,edad,Brats18_CBICA_AQV_1,-0.26703456779699686,84.0,421.0,0,2
9,3,edad,Brats18_CBICA_ARW_1,-0.5822434662143929,495.0,486.0,2,2
9,3,edad,Brats18_CBICA_ARZ_1,-0.21548632071621773,871.0,401.0,2,2
9,3,edad,Brats18_CBICA_ASG_1,-0.1138344459191926,208.0,375.0,0,1
9,3,edad,Brats18_CBICA_ASN_1,-0.7558796669075436,407.0,522.0,1,2
9,3,edad,Brats18_CBICA_ATD_1,0.2902361607263132,355.0,296.0,1,0
9,3,edad,Brats18_CBICA_ATF_1,0.27431011309780184,152.0,318.0,0,0
9,3,edad,Brats18_CBICA_ATP_1,-0.3295055466583923,385.0,430.0,1,2
9,3,edad,Brats18_CBICA_ATV_1,0.042924372441973675,453.0,355.0,2,1
9,3,edad,Brats18_CBICA_AUR_1,0.32807814115335127,12.0,291.0,0,0
9,3,edad,Brats18_CBICA_AVV_1,0.3999919978121829,387.0,286.0,1,0
9,3,edad,Brats18_CBICA_AWG_1,-0.1905754453326835,180.0,394.0,0,2
9,3,edad,Brats18_CBICA_AXQ_1,0.18819670512416933,114.0,329.0,0,0
9,3,edad,Brats18_TCIA01_411_1,-0.6355182096088822,822.0,495.0,2,2
9,3,edad,Brats18_TCIA01_429_1,-0.2098135471140269,86.0,401.0,0,2
9,3,edad,Brats18_TCIA01_499_1,-0.38260411695964597,600.0,438.0,2,2
9,3,edad,Brats18_TCIA02_314_1,-0.7254017217777595,362.0,515.0,1,2
9,3,edad,Brats18_TCIA02_331_1,0.8422216964525508,187.0,203.0,0,0
9,3,edad,Brats18_TCIA02_368_1,0.05712392375677471,317.0,346.0,1,1
9,3,edad,Brats18_TCIA02_377_1,0.09940546613335374,812.0,336.0,2,1
9,3,edad,Brats18_TCIA03_133_1,0.09940546613335374,382.0,336.0,1,1
9,3,edad,Brats18_TCIA03_199_1,-0.4268940325991123,1282.0,448.0,2,2
9,3,edad,Brats18_TCIA03_338_1,0.5455814420622027,468.0,254.0,2,0
9,3,edad,Brats18_TCIA03_498_1,-0.058445625405874384,467.0,370.0,2,1
9,3,edad,Brats18_TCIA04_149_1,-0.8487581216614287,448.0,579.0,1,2
9,3,edad,Brats18_TCIA06_165_1,-0.3236213653443184,5.0,430.0,0,2
9,3,edad,Brats18_TCIA06_409_1,0.29333680716726257,99.0,296.0,0,0
9,3,edad,Brats18_TCIA08_278_1,-0.3678408117464906,1458.0,436.0,2,2
9,3,coxnet,Brats18_CBICA_AAG_1,-0.34132508451181076,616.0,430.0,2,2
9,3,coxnet,Brats18_CBICA_ALX_1,-0.0787646139455519,698.0,370.0,2,1
9,3,coxnet,Brats18_CBICA_AOO_1,-0.56418458523061,350.0,473.0,1,2
9,3,coxnet,Brats18_CBICA_AQD_1,0.42502184552007855,32.0,269.0,0,0
9,3,coxnet,Brats18_CBICA_AQV_1,-0.3240712357225003,84.0,425.0,0,2
9,3,coxnet,Brats18_CBICA_ARW_1,-0.5984587565458656,495.0,486.0,2,2
9,3,coxnet,Brats18_CBICA_ARZ_1,-0.2389228022061951,871.0,401.0,2,2
9,3,coxnet,Brats18_CBICA_ASG_1,0.008179948977143466,208.0,355.0,0,1
9,3,coxnet,Brats18_CBICA_ASN_1,-0.6828493285590433,407.0,503.0,1,2
9,3,coxnet,Brats18_CBICA_ATD_1,0.18834445192853233,355.0,329.0,1,0
9,3,coxnet,Brats18_CBICA_ATF_1,0.2068198573232846,152.0,327.0,0,0
9,3,coxnet,Brats18_CBICA_ATP_1,-0.3588743227295175,385.0,434.0,1,2
9,3,coxnet,Brats18_CBICA_ATV_1,0.04223272915001632,453.0,346.0,2,1
9,3,coxnet,Brats18_CBICA_AUR_1,0.4018525360183868,12.0,286.0,0,0
9,3,coxnet,Brats18_CBICA_AVV_1,0.46748963319531955,387.0,268.0,1,0
9,3,coxnet,Brats18_CBICA_AWG_1,-0.14947993492515035,180.0,376.0,0,1
9,3,coxnet,Brats18_CBICA_AXQ_1,0.15993458288849122,114.0,331.0,0,0
9,3,coxnet,Brats18_TCIA01_411_1,-0.6895027243615041,822.0,508.0,2,2
9,3,coxnet,Brats18_TCIA01_429_1,-0.1946761402213185,86.0,394.0,0,2
9,3,coxnet,Brats18_TCIA01_499_1,-0.4168049804932403,600.0,439.0,2,2
9,3,coxnet,Brats18_TCIA02_314_1,-0.5670140870645384,362.0,473.0,1,2
9,3,coxnet,Brats18_TCIA02_331_1,0.8563365243509142,187.0,199.0,0,0
9,3,coxnet,Brats18_TCIA02_368_1,0.08956357302871977,317.0,336.0,1,1
9,3,coxnet,Brats18_TCIA02_377_1,0.1402189934148987,812.0,332.0,2,0
9,3,coxnet,Brats18_TCIA03_133_1,0.024789830821898274,382.0,355.0,1,1
9,3,coxnet,Brats18_TCIA03_199_1,-0.4624568143533285,1282.0,448.0,2,2
9,3,coxnet,Brats18_TCIA03_338_1,0.4750685049489632,468.0,265.0,2,0
9,3,coxnet,Brats18_TCIA03_498_1,-0.13007654586050518,467.0,375.0,2,1
9,3,coxnet,Brats18_TCIA04_149_1,-0.8448597582942898,448.0,576.0,1,2
9,3,coxnet,Brats18_TCIA06_165_1,-0.34684053250719726,5.0,430.0,0,2
9,3,coxnet,Brats18_TCIA06_409_1,0.2568904683520073,99.0,318.0,0,0
9,3,coxnet,Brats18_TCIA08_278_1,-0.40771624564981224,1458.0,438.0,2,2
9,3,genetico,Brats18_CBICA_AAG_1,-0.20558351134840036,616.0,394.0,2,1
9,3,genetico,Brats18_CBICA_ALX_1,0.27209586310281825,698.0,318.0,2,0
9,3,genetico,Brats18_CBICA_AOO_1,-0.5038232370356251,350.0,448.0,1,2
9,3,genetico,Brats18_CBICA_AQD_1,0.8220071456944342,32.0,209.0,0,0
9,3,genetico,Brats18_CBICA_AQV_1,-0.9462261859332108,84.0,597.0,0,2
9,3,genetico,Brats18_CBICA_ARW_1,-0.30746627496622025,495.0,421.0,2,1
9,3,genetico,Brats18_CBICA_ARZ_1,0.4277582455288138,871.0,286.0,2,0
9,3,genetico,Brats18_CBICA_ASG_1,0.578377111554405,208.0,254.0,0,0
9,3,genetico,Brats18_CBICA_ASN_1,-0.04161046924601575,407.0,359.0,1,1
9,3,genetico,Brats18_CBICA_ATD_1,-0.45480058326044326,355.0,439.0,1,2
9,3,genetico,Brats18_CBICA_ATF_1,-0.26912481471232796,152.0,405.0,0,1
9,3,genetico,Brats18_CBICA_ATP_1,-0.5651666101311965,385.0,465.0,1,2
9,3,genetico,Brats18_CBICA_ATV_1,0.3304245526126786,453.0,291.0,2,0
9,3,genetico,Brats18_CBICA_AUR_1,0.7472440443282364,12.0,213.0,0,0
9,3,genetico,Brats18_CBICA_AVV_1,0.89350100375992,387.0,203.0,1,0
9,3,genetico,Brats18_CBICA_AWG_1,0.16553017409418053,180.0,331.0,0,0
9,3,genetico,Brats18_CBICA_AXQ_1,-0.056239589316677385,114.0,368.0,0,1
9,3,genetico,Brats18_TCIA01_411_1,-0.5578748756620899,822.0,465.0,2,2
9,3,genetico,Brats18_TCIA01_429_1,-0.24611640343159244,86.0,401.0,0,1
9,3,genetico,Brats18_TCIA01_499_1,-0.6279977777872274,600.0,476.0,2,2
9,3,genetico,Brats18_TCIA02_314_1,0.4130328946537331,362.0,286.0,1,0
9,3,genetico,Brats18_TCIA02_331_1,1.365433085008904,187.0,127.0,0,0
9,3,genetico,Brats18_TCIA02_368_1,0.41625235883568945,317.0,286.0,1,0
9,3,genetico,Brats18_TCIA02_377_1,-0.15806938920466504,812.0,376.0,2,1
9,3,genetico,Brats18_TCIA03_133_1,-0.6887596302166388,382.0,495.0,1,2
9,3,genetico,Brats18_TCIA03_199_1,-1.1454590459634844,1282.0,634.0,2,2
9,3,genetico,Brats18_TCIA03_338_1,0.2724333349534135,468.0,318.0,2,0
9,3,genetico,Brats18_TCIA03_498_1,-0.3242591759115039,467.0,424.0,2,2
9,3,genetico,Brats18_TCIA04_149_1,-1.0406827544529347,448.0,621.0,1,2
9,3,genetico,Brats18_TCIA06_165_1,-0.7013261399458638,5.0,495.0,0,2
9,3,genetico,Brats18_TCIA06_409_1,0.11820676954501019,99.0,333.0,0,1
9,3,genetico,Brats18_TCIA08_278_1,-0.4481704396201798,1458.0,438.0,2,2
9,4,edad,Brats18_CBICA_AAL_1,-0.17993581437992084,464.0,394.0,2,2
9,4,edad,Brats18_CBICA_ABN_1,0.2505291961664959,1278.0,327.0,2,0
9,4,edad,Brats18_CBICA_ABO_1,-0.11473809610637188,1155.0,387.0,2,1
9,4,edad,Brats18_CBICA_AME_1,-0.258954956404567,359.0,421.0,1,2
9,4,edad,Brats18_CBICA_ANI_1,-0.05812874582069803,439.0,382.0,1,1
9,4,edad,Brats18_CBICA_AOZ_1,-0.41496158351049117,331.0,448.0,1,2
9,4,edad,Brats18_CBICA_APZ_1,-0.0025660066876686963,336.0,372.0,1,1
9,4,edad,Brats18_CBICA_AQA_1,0.499314823686243,106.0,265.0,0,0
9,4,edad,Brats18_CBICA_AQO_1,0.23744655675844195,473.0,327.0,2,0
9,4,edad,Brats18_CBICA_ASU_1,0.6507040486481477,85.0,210.0,0,0
9,4,edad,Brats18_CBICA_ASV_1,-0.1660836079478638,597.0,394.0,2,2
9,4,edad,Brats18_CBICA_AWH_1,-0.2272487950156361,139.0,405.0,0,2
9,4,edad,Brats18_CBICA_AXJ_1,-0.9953690330136867,1767.0,616.0,2,2
9,4,edad,Brats18_CBICA_AXL_1,0.44584530685850204,168.0,269.0,0,0
9,4,edad,Brats18_CBICA_AYA_1,0.45218653913628826,50.0,269.0,0,0
9,4,edad,Brats18_CBICA_AYW_1,-0.31621074299040336,734.0,430.0,2,2
9,4,edad,Brats18_TCIA01_203_1,-0.437740767420985,268.0,448.0,0,2
9,4,edad,Brats18_TCIA01_335_1,-0.174610410573819,355.0,394.0,1,2
9,4,edad,Brats18_TCIA01_401_1,0.5739628250145511,448.0,239.0,1,0
9,4,edad,Brats18_TCIA02_135_1,0.2837437089224732,828.0,322.0,2,0
9,4,edad,Brats18_TCIA02_151_1,-0.37472861949560493,1731.0,436.0,2,2
9,4,edad,Brats18_TCIA02_226_1,0.4134619264884486,329.0,287.0,1,0
9,4,edad,Brats18_TCIA02_290_1,-0.5243632316427825,737.0,467.0,2,2
9,4,edad,Brats18_TCIA02_430_1,-0.19332628059757617,71.0,401.0,0,2
9,4,edad,Brats18_TCIA02_471_1,0.5069181458833943,111.0,262.0,0,0
9,4,edad,Brats18_TCIA03_138_1,0.36100823813239186,82.0,291.0,0,0
9,4,edad,Brats18_TCIA03_375_1,-0.004505315588156774,946.0,372.0,2,1
9,4,edad,Brats18_TCIA04_343_1,-0.22986532289724693,296.0,407.0,0,2
9,4,edad,Brats18_TCIA05_277_1,0.3146187379254806,232.0,317.0,0,0
9,4,edad,Brats18_TCIA06_247_1,0.5095346737650049,244.0,262.0,0,0
9,4,edad,Brats18_TCIA08_105_1,0.19949151113460514,77.0,333.0,0,0
9,4,edad,Brats18_TCIA08_218_1,-0.08623333353729416,346.0,385.0,1,1
9,4,coxnet,Brats18_CBICA_AAL_1,0.24428932700657036,464.0,327.0,2,0
9,4,coxnet,Brats18_CBICA_ABN_1,0.533285798434426,1278.0,254.0,2,0
9,4,coxnet,Brats18_CBICA_ABO_1,0.4381983961913932,1155.0,286.0,2,0
9,4,coxnet,Brats18_CBICA_AME_1,0.09774814637776377,359.0,355.0,1,1
9,4,coxnet,Brats18_CBICA_ANI_1,0.27808892147358816,439.0,318.0,1,0
9,4,coxnet,Brats18_CBICA_AOZ_1,-0.5270729073828203,331.0,465.0,1,2
9,4,coxnet,Brats18_CBICA_APZ_1,0.12689749944725853,336.0,350.0,1,1
9,4,coxnet,Brats18_CBICA_AQA_1,0.36067345029646164,106.0,289.0,0,0
9,4,coxnet,Brats18_CBICA_AQO_1,0.0616366458898165,473.0,362.0,2,1
9,4,coxnet,Brats18_CBICA_ASU_1,0.9538924991014087,85.0,180.0,0,0
9,4,coxnet,Brats18_CBICA_ASV_1,0.024808666486970235,597.0,368.0,2,1
9,4,coxnet,Brats18_CBICA_AWH_1,-0.2063339617777117,139.0,394.0,0,2
9,4,coxnet,Brats18_CBICA_AXJ_1,-0.7388452424135618,1767.0,495.0,2,2
9,4,coxnet,Brats18_CBICA_AXL_1,0.6762091258132286,168.0,210.0,0,0
9,4,coxnet,Brats18_CBICA_AYA_1,0.6217298721806813,50.0,213.0,0,0
9,4,coxnet,Brats18_CBICA_AYW_1,-0.35629739915001374,734.0,425.0,2,2
9,4,coxnet,Brats18_TCIA01_203_1,-0.16662120849489992,268.0,387.0,0,1
9,4,coxnet,Brats18_TCIA01_335_1,-0.1812316090874168,355.0,394.0,1,2
9,4,coxnet,Brats18_TCIA01_401_1,0.3842138177688855,448.0,287.0,1,0
9,4,coxnet,Brats18_TCIA02_135_1,0.4184280722026681,828.0,286.0,2,0
9,4,coxnet,Brats18_TCIA02_151_1,-0.8820369911568026,1731.0,522.0,2,2
9,4,coxnet,Brats18_TCIA02_226_1,0.35019771077133804,329.0,291.0,1,0
9,4,coxnet,Brats18_TCIA02_290_1,-0.05697449948162418,737.0,375.0,2,1
9,4,coxnet,Brats18_TCIA02_430_1,-0.36592265579592725,71.0,430.0,0,2
9,4,coxnet,Brats18_TCIA02_471_1,0.28873170027919953,111.0,318.0,0,0
9,4,coxnet,Brats18_TCIA03_138_1,0.41261431833911744,82.0,287.0,0,0
9,4,coxnet,Brats18_TCIA03_375_1,-0.08151288540996852,946.0,376.0,2,1
9,4,coxnet,Brats18_TCIA04_343_1,-0.28329665973949864,296.0,407.0,0,2
9,4,coxnet,Brats18_TCIA05_277_1,-0.10590284930470927,232.0,382.0,0,1
9,4,coxnet,Brats18_TCIA06_247_1,0.766951104492365,244.0,208.0,0,0
9,4,coxnet,Brats18_TCIA08_105_1,0.42653214266047895,77.0,286.0,0,0
9,4,coxnet,Brats18_TCIA08_218_1,-0.6347453580330996,346.0,476.0,1,2
9,4,genetico,Brats18_CBICA_AAL_1,-0.179859932430053,464.0,394.0,2,1
9,4,genetico,Brats18_CBICA_ABN_1,0.2266727455682646,1278.0,345.0,2,1
9,4,genetico,Brats18_CBICA_ABO_1,0.9534577986452752,1155.0,191.0,2,0
9,4,genetico,Brats18_CBICA_AME_1,0.669113930291602,359.0,239.0,1,0
9,4,genetico,Brats18_CBICA_ANI_1,0.8563689259390769,439.0,208.0,1,0
9,4,genetico,Brats18_CBICA_AOZ_1,-0.631446256892969,331.0,476.0,1,2
9,4,genetico,Brats18_CBICA_APZ_1,0.10886855116473217,336.0,362.0,1,1
9,4,genetico,Brats18_CBICA_AQA_1,0.08613847486645741,106.0,368.0,0,1
9,4,genetico,Brats18_CBICA_AQO_1,0.2396620601431238,473.0,333.0,2,0
9,4,genetico,Brats18_CBICA_ASU_1,0.9213856235755117,85.0,199.0,0,0
9,4,genetico,Brats18_CBICA_ASV_1,-0.09896622972906917,597.0,387.0,2,1
9,4,genetico,Brats18_CBICA_AWH_1,-0.2758031686081608,139.0,421.0,0,1
9,4,genetico,Brats18_CBICA_AXJ_1,-0.503201695302808,1767.0,453.0,2,2
9,4,genetico,Brats18_CBICA_AXL_1,1.027168510433181,168.0,187.0,0,0
9,4,genetico,Brats18_CBICA_AYA_1,0.6749245873007066,50.0,239.0,0,0
9,4,genetico,Brats18_CBICA_AYW_1,-0.20451247900909217,734.0,401.0,2,1
9,4,genetico,Brats18_TCIA01_203_1,-0.19494595244812646,268.0,401.0,0,1
9,4,genetico,Brats18_TCIA01_335_1,-0.5377694135431997,355.0,466.0,1,2
9,4,genetico,Brats18_TCIA01_401_1,-0.3992785801175645,448.0,436.0,1,2
9,4,genetico,Brats18_TCIA02_135_1,0.6768996406138597,828.0,239.0,2,0
9,4,genetico,Brats18_TCIA02_151_1,-1.6316110940603803,1731.0,804.0,2,2
9,4,genetico,Brats18_TCIA02_226_1,0.5002034910095087,329.0,286.0,1,0
9,4,genetico,Brats18_TCIA02_290_1,0.26481072344331147,737.0,332.0,2,0
9,4,genetico,Brats18_TCIA02_430_1,-1.2615440568373806,71.0,626.0,0,2
9,4,genetico,Brats18_TCIA02_471_1,0.34165051830302556,111.0,322.0,0,0
9,4,genetico,Brats18_TCIA03_138_1,1.2796339165861497,82.0,152.0,0,0
9,4,genetico,Brats18_TCIA03_375_1,-0.4072600075632728,946.0,436.0,2,2
9,4,genetico,Brats18_TCIA04_343_1,-0.6996056973347674,296.0,495.0,0,2
9,4,genetico,Brats18_TCIA05_277_1,-0.24016924430111558,232.0,407.0,0,1
9,4,genetico,Brats18_TCIA06_247_1,1.5058996687002837,244.0,121.0,0,0
9,4,genetico,Brats18_TCIA08_105_1,1.0971393820704278,77.0,175.0,0,0
9,4,genetico,Brats18_TCIA08_218_1,-1.4090979760869622,346.0,660.0,1,2
