columna,modalidad,region,clase,nombre,ccc,spearman,dif_media_rel,robusta
mask_WT_shape_Elongation,mask,WT,shape,Elongation,0.8378088048592776,0.8342089658115395,-0.0008014981530088612,False
mask_WT_shape_Flatness,mask,WT,shape,Flatness,0.8693032582118805,0.8628027998071393,-0.003307112664011038,True
mask_WT_shape_LeastAxisLength,mask,WT,shape,LeastAxisLength,0.9229825443645945,0.9609983318647092,-0.016421063632827113,True
mask_WT_shape_MajorAxisLength,mask,WT,shape,MajorAxisLength,0.82389349922842,0.9265106045743485,-0.008426228748472347,False
mask_WT_shape_Maximum2DDiameterColumn,mask,WT,shape,Maximum2DDiameterColumn,0.895603984733983,0.9322326851232533,-0.050005202201006765,True
mask_WT_shape_Maximum2DDiameterRow,mask,WT,shape,Maximum2DDiameterRow,0.8408383363370359,0.8550214613689724,-0.058737126825757734,False
mask_WT_shape_Maximum2DDiameterSlice,mask,WT,shape,Maximum2DDiameterSlice,0.7708434700405109,0.8336414931609916,-0.049665812988118785,False
mask_WT_shape_Maximum3DDiameter,mask,WT,shape,Maximum3DDiameter,0.7597476183109149,0.8058052337162702,-0.04968834011312385,False
mask_WT_shape_MeshVolume,mask,WT,shape,MeshVolume,0.970822619783107,0.9768622430600584,-0.019458194475529055,True
mask_WT_shape_MinorAxisLength,mask,WT,shape,MinorAxisLength,0.9458635960866782,0.960588225514157,-0.016273312983639147,True
mask_WT_shape_Sphericity,mask,WT,shape,Sphericity,0.5122232256132578,0.7828653133157097,0.22749550114066514,False
mask_WT_shape_SurfaceArea,mask,WT,shape,SurfaceArea,0.7992770775671793,0.9344855104992768,-0.19846921428303035,False
mask_WT_shape_SurfaceVolumeRatio,mask,WT,shape,SurfaceVolumeRatio,0.6639718139820837,0.9250502934477197,-0.21197995884903448,False
mask_WT_shape_VoxelVolume,mask,WT,shape,VoxelVolume,0.9707295797742623,0.9768262202049425,-0.021096575531471234,True
t1_WT_firstorder_10Percentile,t1,WT,firstorder,10Percentile,0.9876914953711814,0.9856241098198304,-0.003954602870213143,True
t1_WT_firstorder_90Percentile,t1,WT,firstorder,90Percentile,0.9848621292066545,0.9754795196213721,-0.0038158918450125453,True
t1_WT_firstorder_Energy,t1,WT,firstorder,Energy,0.9509036275697952,0.9471018227564689,-0.01675026659756627,True
t1_WT_firstorder_Entropy,t1,WT,firstorder,Entropy,0.9342122388453803,0.9232048148702346,0.0004687482871989797,True
t1_WT_firstorder_InterquartileRange,t1,WT,firstorder,InterquartileRange,0.9707082579571155,0.9557473079843274,-0.0007835160057636159,True
t1_WT_firstorder_Kurtosis,t1,WT,firstorder,Kurtosis,0.8628561034205136,0.807194595463337,0.022815667053903036,True
t1_WT_firstorder_Maximum,t1,WT,firstorder,Maximum,0.8854708645341907,0.8668041077138788,-0.016090637073094563,True
t1_WT_firstorder_MeanAbsoluteDeviation,t1,WT,firstorder,MeanAbsoluteDeviation,0.9232391745762303,0.9114225702584224,0.004866587377359755,True
t1_WT_firstorder_Mean,t1,WT,firstorder,Mean,0.989873933378665,0.9887747241480594,-0.38101576007723564,True
t1_WT_firstorder_Median,t1,WT,firstorder,Median,0.9920193183764848,0.9929450623749593,-0.05691668434958533,True
t1_WT_firstorder_Minimum,t1,WT,firstorder,Minimum,0.7388638986713799,0.7093980858008988,0.06361364247601,False
t1_WT_firstorder_Range,t1,WT,firstorder,Range,0.8699739599190219,0.7931041171352409,-0.038525560266515185,True
t1_WT_firstorder_RobustMeanAbsoluteDeviation,t1,WT,firstorder,RobustMeanAbsoluteDeviation,0.9716949529294562,0.9534446162457535,-0.0011504168429737763,True
t1_WT_firstorder_RootMeanSquared,t1,WT,firstorder,RootMeanSquared,0.9105112462841156,0.9205474365582101,0.008008725872169612,True
t1_WT_firstorder_Skewness,t1,WT,firstorder,Skewness,0.8663731049038227,0.8877610964248702,0.07200485410642533,True
t1_WT_firstorder_TotalEnergy,t1,WT,firstorder,TotalEnergy,0.9509036275697952,0.9471018227564689,-0.01675026659756627,True
t1_WT_firstorder_Uniformity,t1,WT,firstorder,Uniformity,0.9446146086938422,0.9505600168476123,-0.0001803696382884082,True
t1_WT_firstorder_Variance,t1,WT,firstorder,Variance,0.8613315606985829,0.8952566212778692,0.03055486148218799,True
t1_WT_glcm_Autocorrelation,t1,WT,glcm,Autocorrelation,0.7939188260788619,0.7429658447913723,-0.11686841415275699,False
t1_WT_glcm_JointAverage,t1,WT,glcm,JointAverage,0.7736253093792191,0.7427247687609801,-0.060732842752020344,False
t1_WT_glcm_ClusterProminence,t1,WT,glcm,ClusterProminence,0.8077404522907996,0.8671920461535905,0.3696354379418432,False
t1_WT_glcm_ClusterShade,t1,WT,glcm,ClusterShade,0.7813627944114621,0.9007376372332231,0.3876641335162682,False
t1_WT_glcm_ClusterTendency,t1,WT,glcm,ClusterTendency,0.8741474767540258,0.9029488863395791,0.03574717292601947,True
t1_WT_glcm_Contrast,t1,WT,glcm,Contrast,0.7642871399568328,0.940914204643069,0.030042813619255124,False
t1_WT_glcm_Correlation,t1,WT,glcm,Correlation,0.9553379150226793,0.9619598649974229,0.0010291425818216154,True
t1_WT_glcm_DifferenceAverage,t1,WT,glcm,DifferenceAverage,0.9531137577557687,0.9587981667137734,0.00443098472202233,True
t1_WT_glcm_DifferenceEntropy,t1,WT,glcm,DifferenceEntropy,0.9646360604990233,0.9624586429913379,0.0016436552160150626,True
t1_WT_glcm_DifferenceVariance,t1,WT,glcm,DifferenceVariance,0.626254787371926,0.9266242151174068,0.053454313779349734,False
t1_WT_glcm_JointEnergy,t1,WT,glcm,JointEnergy,0.9734870309055037,0.9777628144379604,-0.0035800251852523605,True
t1_WT_glcm_JointEntropy,t1,WT,glcm,JointEntropy,0.955805486153524,0.9542537449914377,0.001229919820509463,True
t1_WT_glcm_Imc1,t1,WT,glcm,Imc1,0.987309458572652,0.982670235700312,-0.00291300642363965,True
t1_WT_glcm_Imc2,t1,WT,glcm,Imc2,0.9637519582217285,0.9725228745129988,0.000575230044051102,True
t1_WT_glcm_Idm,t1,WT,glcm,Idm,0.9926962714076378,0.9892236243425828,-0.0004725134581973363,True
t1_WT_glcm_Idmn,t1,WT,glcm,Idmn,0.89756334850173,0.8997650201450891,-0.00024923926323363845,True
t1_WT_glcm_Id,t1,WT,glcm,Id,0.9914714949879779,0.9874751303750257,-0.000414579799979573,True
t1_WT_glcm_Idn,t1,WT,glcm,Idn,0.9035621633089721,0.9047611130508033,-0.0013892967273296914,True
t1_WT_glcm_InverseVariance,t1,WT,glcm,InverseVariance,0.9864174038037148,0.9853331559900467,-0.0007490116855035121,True
t1_WT_glcm_MaximumProbability,t1,WT,glcm,MaximumProbability,0.9848649155580609,0.9850311182048426,-0.0002461412400543708,True
t1_WT_glcm_SumEntropy,t1,WT,glcm,SumEntropy,0.9391993548466615,0.9344162357778997,0.0013438919119235675,True
t1_WT_glcm_SumSquares,t1,WT,glcm,SumSquares,0.8692616419064662,0.8989808302991007,0.035390460401102934,True
t1_WT_glcm_MCC,t1,WT,glcm,MCC,0.9400875497526808,0.9441368646815302,-9.339427801352807e-06,True
t1_WT_glrlm_GrayLevelNonUniformity,t1,WT,glrlm,GrayLevelNonUniformity,0.9771683856799678,0.9816920766344678,-0.02267837912418279,True
t1_WT_glrlm_GrayLevelNonUniformityNormalized,t1,WT,glrlm,GrayLevelNonUniformityNormalized,0.9394941818885935,0.948412500484923,-0.0007508780698118366,True
t1_WT_glrlm_GrayLevelVariance,t1,WT,glrlm,GrayLevelVariance,0.8377175210825608,0.8911500157946365,0.0346064640305758,False
t1_WT_glrlm_HighGrayLevelRunEmphasis,t1,WT,glrlm,HighGrayLevelRunEmphasis,0.7923259082071482,0.7343120465969486,-0.11513441629358616,False
t1_WT_glrlm_LongRunEmphasis,t1,WT,glrlm,LongRunEmphasis,0.9961482682886376,0.9942529691145584,0.009392441364520833,True
t1_WT_glrlm_LongRunHighGrayLevelEmphasis,t1,WT,glrlm,LongRunHighGrayLevelEmphasis,0.8365468557042836,0.7775727246025017,-0.1158789861034818,False
t1_WT_glrlm_LongRunLowGrayLevelEmphasis,t1,WT,glrlm,LongRunLowGrayLevelEmphasis,0.6716621602473424,0.7165112141918966,0.17240887526844975,False
t1_WT_glrlm_LowGrayLevelRunEmphasis,t1,WT,glrlm,LowGrayLevelRunEmphasis,0.6772323493541669,0.7133910807410733,0.14564221798988883,False
t1_WT_glrlm_RunEntropy,t1,WT,glrlm,RunEntropy,0.944700844692465,0.9387888561912204,0.0024661466846086187,True
t1_WT_glrlm_RunLengthNonUniformity,t1,WT,glrlm,RunLengthNonUniformity,0.96716256440704,0.9751996497470088,-0.02925414040947498,True
t1_WT_glrlm_RunLengthNonUniformityNormalized,t1,WT,glrlm,RunLengthNonUniformityNormalized,0.991824630176729,0.9895395170720624,-0.005936640609905755,True
t1_WT_glrlm_RunPercentage,t1,WT,glrlm,RunPercentage,0.9945319483703468,0.9919336514428538,-0.0033712728340263127,True
t1_WT_glrlm_RunVariance,t1,WT,glrlm,RunVariance,0.9969291936601858,0.9953530516900262,0.020498823507297422,True
t1_WT_glrlm_ShortRunEmphasis,t1,WT,glrlm,ShortRunEmphasis,0.9926335773499694,0.9902516612078187,-0.002624269702887016,True
t1_WT_glrlm_ShortRunHighGrayLevelEmphasis,t1,WT,glrlm,ShortRunHighGrayLevelEmphasis,0.7939319519667785,0.7279664821188089,-0.11501975927494144,False
t1_WT_glrlm_ShortRunLowGrayLevelEmphasis,t1,WT,glrlm,ShortRunLowGrayLevelEmphasis,0.690542963959214,0.7188831806518474,0.13911621775763178,False
t1_WT_glszm_GrayLevelNonUniformity,t1,WT,glszm,GrayLevelNonUniformity,0.948511710632062,0.9653238454674937,-0.1084088139595692,True
t1_WT_glszm_GrayLevelNonUniformityNormalized,t1,WT,glszm,GrayLevelNonUniformityNormalized,0.836279838980904,0.8624785941110945,-0.012130727362760526,False
t1_WT_glszm_GrayLevelVariance,t1,WT,glszm,GrayLevelVariance,0.7284982553929509,0.8580505539206722,0.07465192771723032,False
t1_WT_glszm_HighGrayLevelZoneEmphasis,t1,WT,glszm,HighGrayLevelZoneEmphasis,0.8308187211661817,0.7113266940440366,-0.09702900092315676,False
t1_WT_glszm_LargeAreaEmphasis,t1,WT,glszm,LargeAreaEmphasis,0.9823245305818313,0.9851003929262195,0.09498612609557834,True
t1_WT_glszm_LargeAreaHighGrayLevelEmphasis,t1,WT,glszm,LargeAreaHighGrayLevelEmphasis,0.9657141813101754,0.9653515553560443,-0.07619881283415059,True
t1_WT_glszm_LargeAreaLowGrayLevelEmphasis,t1,WT,glszm,LargeAreaLowGrayLevelEmphasis,0.8630911508468199,0.9531176395608538,0.3443106025225485,True
t1_WT_glszm_LowGrayLevelZoneEmphasis,t1,WT,glszm,LowGrayLevelZoneEmphasis,0.6904870039001287,0.6982697945588863,0.16521122899387608,False
t1_WT_glszm_SizeZoneNonUniformity,t1,WT,glszm,SizeZoneNonUniformity,0.9120021118621829,0.9551847972467453,-0.1307838407116647,True
t1_WT_glszm_SizeZoneNonUniformityNormalized,t1,WT,glszm,SizeZoneNonUniformityNormalized,0.8230213643144074,0.9255102775976635,-0.03789487334625042,False
t1_WT_glszm_SmallAreaEmphasis,t1,WT,glszm,SmallAreaEmphasis,0.8417731205671606,0.9249837897151979,-0.020994983691819756,False
t1_WT_glszm_SmallAreaHighGrayLevelEmphasis,t1,WT,glszm,SmallAreaHighGrayLevelEmphasis,0.8332131849648104,0.7001734639023282,-0.1054684993315984,False
t1_WT_glszm_SmallAreaLowGrayLevelEmphasis,t1,WT,glszm,SmallAreaLowGrayLevelEmphasis,0.6887650062787649,0.6982808785143066,0.13471858857985874,False
t1_WT_glszm_ZoneEntropy,t1,WT,glszm,ZoneEntropy,0.900396498494839,0.930509141492233,0.008653986623428887,True
t1_WT_glszm_ZonePercentage,t1,WT,glszm,ZonePercentage,0.9427651108407696,0.9712149677733997,-0.08460838466137532,True
t1_WT_glszm_ZoneVariance,t1,WT,glszm,ZoneVariance,0.9824873462904425,0.98494244656148,0.09421677583145549,True
t1_WT_gldm_DependenceEntropy,t1,WT,gldm,DependenceEntropy,0.970640800777343,0.9633287334918338,0.0006855580917594658,True
t1_WT_gldm_DependenceNonUniformity,t1,WT,gldm,DependenceNonUniformity,0.9690258244265152,0.9737587355423657,-0.021263068932989616,True
t1_WT_gldm_DependenceNonUniformityNormalized,t1,WT,gldm,DependenceNonUniformityNormalized,0.996622933307092,0.9954638912442294,-0.0010603415636318175,True
t1_WT_gldm_DependenceVariance,t1,WT,gldm,DependenceVariance,0.997502213034215,0.9970627518136123,-0.00136980332022923,True
t1_WT_gldm_GrayLevelNonUniformity,t1,WT,gldm,GrayLevelNonUniformity,0.9791428588880587,0.9846320958097106,-0.01992182952837798,True
t1_WT_gldm_GrayLevelVariance,t1,WT,gldm,GrayLevelVariance,0.8613288891754497,0.8949961483254913,0.030521324600308326,True
t1_WT_gldm_HighGrayLevelEmphasis,t1,WT,gldm,HighGrayLevelEmphasis,0.7902118833395906,0.7398567952959694,-0.11612411148979584,False
t1_WT_gldm_LargeDependenceEmphasis,t1,WT,gldm,LargeDependenceEmphasis,0.9967127869709748,0.9948958385289374,0.0190820631910415,True
t1_WT_gldm_LargeDependenceHighGrayLevelEmphasis,t1,WT,gldm,LargeDependenceHighGrayLevelEmphasis,0.8888979300822664,0.8494854273696111,-0.12154177398445137,True
t1_WT_gldm_LargeDependenceLowGrayLevelEmphasis,t1,WT,gldm,LargeDependenceLowGrayLevelEmphasis,0.7248902448602923,0.7942623904766656,0.2156254327421716,False
t1_WT_gldm_LowGrayLevelEmphasis,t1,WT,gldm,LowGrayLevelEmphasis,0.6753524388811021,0.7157187113793428,0.1471187959152479,False
t1_WT_gldm_SmallDependenceEmphasis,t1,WT,gldm,SmallDependenceEmphasis,0.9547243223037629,0.9732932094147118,-0.058594703029114466,True
t1_WT_gldm_SmallDependenceHighGrayLevelEmphasis,t1,WT,gldm,SmallDependenceHighGrayLevelEmphasis,0.8428954743556905,0.8031517227237712,-0.13461640383588802,False
t1_WT_gldm_SmallDependenceLowGrayLevelEmphasis,t1,WT,gldm,SmallDependenceLowGrayLevelEmphasis,0.8211352996502496,0.8215981955320576,0.05501312303282436,False
t1_WT_ngtdm_Busyness,t1,WT,ngtdm,Busyness,0.7191508963883959,0.8861927167328933,0.12577200036602518,False
t1_WT_ngtdm_Coarseness,t1,WT,ngtdm,Coarseness,0.9580287211635893,0.9757510765291701,0.03591315570627726,True
t1_WT_ngtdm_Complexity,t1,WT,ngtdm,Complexity,0.884275463370658,0.785381371196125,0.0006754537088886542,True
t1_WT_ngtdm_Contrast,t1,WT,ngtdm,Contrast,0.9183564876251931,0.9075099339950455,0.059649001991029564,True
t1_WT_ngtdm_Strength,t1,WT,ngtdm,Strength,0.963440802904682,0.8417682234082055,0.013743478306993295,True
t1ce_WT_firstorder_10Percentile,t1ce,WT,firstorder,10Percentile,0.9906586056043823,0.9924545973476095,-0.0027590205663406155,True
t1ce_WT_firstorder_90Percentile,t1ce,WT,firstorder,90Percentile,0.9826979109325812,0.9836955015766927,0.014185961856952947,True
t1ce_WT_firstorder_Energy,t1ce,WT,firstorder,Energy,0.9951588318361559,0.99430838889166,0.00418002797310255,True
t1ce_WT_firstorder_Entropy,t1ce,WT,firstorder,Entropy,0.9728488888691965,0.9698710381786846,0.0034479917377056584,True
t1ce_WT_firstorder_InterquartileRange,t1ce,WT,firstorder,InterquartileRange,0.9534982937577985,0.9674575068859074,0.0034948246060096284,True
t1ce_WT_firstorder_Kurtosis,t1ce,WT,firstorder,Kurtosis,0.93750557057864,0.9605383477147655,-0.003898354554639096,True
t1ce_WT_firstorder_Maximum,t1ce,WT,firstorder,Maximum,0.9485827531077625,0.9372592703432148,-0.005411711761138376,True
t1ce_WT_firstorder_MeanAbsoluteDeviation,t1ce,WT,firstorder,MeanAbsoluteDeviation,0.9765630853102966,0.9808302991005372,0.00855897241896585,True
t1ce_WT_firstorder_Mean,t1ce,WT,firstorder,Mean,0.9864220173524221,0.993341313781236,0.028393184433296866,True
t1ce_WT_firstorder_Median,t1ce,WT,firstorder,Median,0.9751652367583873,0.9935221163167327,0.14743409941559754,True
t1ce_WT_firstorder_Minimum,t1ce,WT,firstorder,Minimum,0.7775113074168044,0.7550916920212147,0.030168006801857945,False
t1ce_WT_firstorder_Range,t1ce,WT,firstorder,Range,0.93356816393794,0.9218082364872728,-0.01144035685749319,True
t1ce_WT_firstorder_RobustMeanAbsoluteDeviation,t1ce,WT,firstorder,RobustMeanAbsoluteDeviation,0.9632619984658632,0.9706330601138321,0.0036306289439264356,True
t1ce_WT_firstorder_RootMeanSquared,t1ce,WT,firstorder,RootMeanSquared,0.9769041250549599,0.9855215832321923,0.014035569034703403,True
t1ce_WT_firstorder_Skewness,t1ce,WT,firstorder,Skewness,0.9316028203508434,0.9343663579785083,0.00043528106840753537,True
t1ce_WT_firstorder_TotalEnergy,t1ce,WT,firstorder,TotalEnergy,0.9951588318361559,0.99430838889166,0.00418002797310255,True
t1ce_WT_firstorder_Uniformity,t1ce,WT,firstorder,Uniformity,0.965815223138536,0.953131494505129,-0.012051975341568643,True
t1ce_WT_firstorder_Variance,t1ce,WT,firstorder,Variance,0.981017061570202,0.985718323440903,0.018020553481204654,True
t1ce_WT_glcm_Autocorrelation,t1ce,WT,glcm,Autocorrelation,0.8506954760579986,0.8718473074301295,-0.039372020380435024,True
t1ce_WT_glcm_JointAverage,t1ce,WT,glcm,JointAverage,0.8468938491656849,0.8501643196391065,-0.020664703334015797,False
t1ce_WT_glcm_ClusterProminence,t1ce,WT,glcm,ClusterProminence,0.9885608406551657,0.9902544321966739,0.03600029759127062,True
t1ce_WT_glcm_ClusterShade,t1ce,WT,glcm,ClusterShade,0.9892450967299449,0.983135761827966,0.02142211322607652,True
t1ce_WT_glcm_ClusterTendency,t1ce,WT,glcm,ClusterTendency,0.9834490809881208,0.9868765967823278,0.012238617139540687,True
t1ce_WT_glcm_Contrast,t1ce,WT,glcm,Contrast,0.9691417106379536,0.9696161072040168,0.027587902123735977,True
t1ce_WT_glcm_Correlation,t1ce,WT,glcm,Correlation,0.9821710415687399,0.9797606974024751,-0.0018737314994864882,True
t1ce_WT_glcm_DifferenceAverage,t1ce,WT,glcm,DifferenceAverage,0.9706152894217626,0.9681336281665476,0.013482596509762178,True
t1ce_WT_glcm_DifferenceEntropy,t1ce,WT,glcm,DifferenceEntropy,0.9713796909565106,0.9675046136964438,0.00550522170619219,True
t1ce_WT_glcm_DifferenceVariance,t1ce,WT,glcm,DifferenceVariance,0.9718316191580972,0.9706247471472671,0.02889879581123033,True
t1ce_WT_glcm_JointEnergy,t1ce,WT,glcm,JointEnergy,0.9572814865761772,0.9589006933014116,-0.021776755617959952,True
t1ce_WT_glcm_JointEntropy,t1ce,WT,glcm,JointEntropy,0.9718124718397722,0.9680588114674603,0.0035767907089982705,True
t1ce_WT_glcm_Imc1,t1ce,WT,glcm,Imc1,0.9853791822244914,0.9853165300569161,0.0033331287702515226,True
t1ce_WT_glcm_Imc2,t1ce,WT,glcm,Imc2,0.9730118920269494,0.9861339717691657,-0.0003591522060006989,True
t1ce_WT_glcm_Idm,t1ce,WT,glcm,Idm,0.9755250401158359,0.970821487355978,-0.006987599834911891,True
t1ce_WT_glcm_Idmn,t1ce,WT,glcm,Idmn,0.9544691403692727,0.937935391623855,-0.00021127594090529587,True
t1ce_WT_glcm_Id,t1ce,WT,glcm,Id,0.9746747477191847,0.9707411286791805,-0.005227275159529864,True
t1ce_WT_glcm_Idn,t1ce,WT,glcm,Idn,0.9435009988279558,0.9242633326128764,-0.0009004343358694437,True
t1ce_WT_glcm_InverseVariance,t1ce,WT,glcm,InverseVariance,0.9737669072938033,0.9708076324117025,-0.007228846108205564,True
t1ce_WT_glcm_MaximumProbability,t1ce,WT,glcm,MaximumProbability,0.9514945367213765,0.9695606874269153,-0.015835852452465625,True
t1ce_WT_glcm_SumEntropy,t1ce,WT,glcm,SumEntropy,0.9750655284040217,0.9725090195687233,0.002757263306834571,True
t1ce_WT_glcm_SumSquares,t1ce,WT,glcm,SumSquares,0.9824610525447489,0.9859261476050343,0.013392701145822286,True
t1ce_WT_glcm_MCC,t1ce,WT,glcm,MCC,0.9436090061269257,0.956877871437201,-0.0007484220911501417,True
t1ce_WT_glrlm_GrayLevelNonUniformity,t1ce,WT,glrlm,GrayLevelNonUniformity,0.9526815653773829,0.9530095709955054,-0.03351286007403521,True
t1ce_WT_glrlm_GrayLevelNonUniformityNormalized,t1ce,WT,glrlm,GrayLevelNonUniformityNormalized,0.9695296790134345,0.9586291363936136,-0.01302559551619336,True
t1ce_WT_glrlm_GrayLevelVariance,t1ce,WT,glrlm,GrayLevelVariance,0.9826921228769259,0.9865135972423119,0.01879950434638599,True
t1ce_WT_glrlm_HighGrayLevelRunEmphasis,t1ce,WT,glrlm,HighGrayLevelRunEmphasis,0.8523486426829312,0.8736789310633394,-0.0352648002804392,True
t1ce_WT_glrlm_LongRunEmphasis,t1ce,WT,glrlm,LongRunEmphasis,0.9809582170732183,0.9821160379292956,0.004113480852273944,True
t1ce_WT_glrlm_LongRunHighGrayLevelEmphasis,t1ce,WT,glrlm,LongRunHighGrayLevelEmphasis,0.8321672385180997,0.8548777716816023,-0.03767103254907207,False
t1ce_WT_glrlm_LongRunLowGrayLevelEmphasis,t1ce,WT,glrlm,LongRunLowGrayLevelEmphasis,0.7660367135108833,0.8069008706446983,0.08629957820805996,False
t1ce_WT_glrlm_LowGrayLevelRunEmphasis,t1ce,WT,glrlm,LowGrayLevelRunEmphasis,0.7731344063081708,0.7882382607057156,0.06851285891483958,False
t1ce_WT_glrlm_RunEntropy,t1ce,WT,glrlm,RunEntropy,0.9777209726148246,0.9806474138361017,0.003927975733746509,True
t1ce_WT_glrlm_RunLengthNonUniformity,t1ce,WT,glrlm,RunLengthNonUniformity,0.9748204289095818,0.9793755299516187,-0.02376095961183111,True
t1ce_WT_glrlm_RunLengthNonUniformityNormalized,t1ce,WT,glrlm,RunLengthNonUniformityNormalized,0.9762438893693358,0.971156777007443,-0.00229070881266348,True
t1ce_WT_glrlm_RunPercentage,t1ce,WT,glrlm,RunPercentage,0.9797704897492479,0.9767236936173044,-0.0013605825947861276,True
t1ce_WT_glrlm_RunVariance,t1ce,WT,glrlm,RunVariance,0.9832798254237253,0.9862669792342095,0.012519450102417288,True
t1ce_WT_glrlm_ShortRunEmphasis,t1ce,WT,glrlm,ShortRunEmphasis,0.9767404235166357,0.9714920666589079,-0.000981911236248195,True
t1ce_WT_glrlm_ShortRunHighGrayLevelEmphasis,t1ce,WT,glrlm,ShortRunHighGrayLevelEmphasis,0.8581359762607417,0.8764277520075814,-0.03475531347986856,True
t1ce_WT_glrlm_ShortRunLowGrayLevelEmphasis,t1ce,WT,glrlm,ShortRunLowGrayLevelEmphasis,0.7755940900610109,0.7884183749812959,0.06443474630254974,False
t1ce_WT_glszm_GrayLevelNonUniformity,t1ce,WT,glszm,GrayLevelNonUniformity,0.963163598812227,0.9727140727439993,-0.06104835790802004,True
t1ce_WT_glszm_GrayLevelNonUniformityNormalized,t1ce,WT,glszm,GrayLevelNonUniformityNormalized,0.9443899826021408,0.9863722768107027,-0.031517330382736915,True
t1ce_WT_glszm_GrayLevelVariance,t1ce,WT,glszm,GrayLevelVariance,0.9865601665389129,0.98477895821903,0.023790059068205895,True
t1ce_WT_glszm_HighGrayLevelZoneEmphasis,t1ce,WT,glszm,HighGrayLevelZoneEmphasis,0.8871382256581943,0.9002665691278591,-0.015420296597773043,True
t1ce_WT_glszm_LargeAreaEmphasis,t1ce,WT,glszm,LargeAreaEmphasis,0.9779279975967518,0.9666594620956435,0.019332274807582425,True
t1ce_WT_glszm_LargeAreaHighGrayLevelEmphasis,t1ce,WT,glszm,LargeAreaHighGrayLevelEmphasis,0.9069988314050074,0.9420447680959426,-0.06226953952042393,True
t1ce_WT_glszm_LargeAreaLowGrayLevelEmphasis,t1ce,WT,glszm,LargeAreaLowGrayLevelEmphasis,0.8849910628818103,0.9488891105679973,0.17271310853594576,True
t1ce_WT_glszm_LowGrayLevelZoneEmphasis,t1ce,WT,glszm,LowGrayLevelZoneEmphasis,0.7389355288148005,0.8304902987680184,0.036960465746084976,False
t1ce_WT_glszm_SizeZoneNonUniformity,t1ce,WT,glszm,SizeZoneNonUniformity,0.9846625640094443,0.9841444017712161,-0.03825330734518432,True
t1ce_WT_glszm_SizeZoneNonUniformityNormalized,t1ce,WT,glszm,SizeZoneNonUniformityNormalized,0.9714738337812502,0.966609584296252,-0.007043921263297018,True
t1ce_WT_glszm_SmallAreaEmphasis,t1ce,WT,glszm,SmallAreaEmphasis,0.9713036641002383,0.9668866831817603,-0.0037617124392601217,True
t1ce_WT_glszm_SmallAreaHighGrayLevelEmphasis,t1ce,WT,glszm,SmallAreaHighGrayLevelEmphasis,0.8967075194530696,0.9104000753708968,-0.015020661054507048,True
t1ce_WT_glszm_SmallAreaLowGrayLevelEmphasis,t1ce,WT,glszm,SmallAreaLowGrayLevelEmphasis,0.7426825147035032,0.8554208854971985,0.02204705817608505,False
t1ce_WT_glszm_ZoneEntropy,t1ce,WT,glszm,ZoneEntropy,0.9650818599525354,0.9853747208228728,0.004775506517819992,True
t1ce_WT_glszm_ZonePercentage,t1ce,WT,glszm,ZonePercentage,0.9685462569917662,0.967282934588037,-0.01936201718069144,True
t1ce_WT_glszm_ZoneVariance,t1ce,WT,glszm,ZoneVariance,0.977883808973769,0.9667010269284696,0.019197350112902505,True
t1ce_WT_gldm_DependenceEntropy,t1ce,WT,gldm,DependenceEntropy,0.9860500185103187,0.9895173491612217,0.002189159304489377,True
t1ce_WT_gldm_DependenceNonUniformity,t1ce,WT,gldm,DependenceNonUniformity,0.9805127914254266,0.9819608625534109,-0.026142567424735714,True
t1ce_WT_gldm_DependenceNonUniformityNormalized,t1ce,WT,gldm,DependenceNonUniformityNormalized,0.9715635347564647,0.970123198164497,-0.006177194496534236,True
t1ce_WT_gldm_DependenceVariance,t1ce,WT,gldm,DependenceVariance,0.9888840155752638,0.9919336514428538,0.00488163892622188,True
t1ce_WT_gldm_GrayLevelNonUniformity,t1ce,WT,gldm,GrayLevelNonUniformity,0.9521105825618916,0.9539129133622625,-0.030903567125131634,True
t1ce_WT_gldm_GrayLevelVariance,t1ce,WT,gldm,GrayLevelVariance,0.9810240915684486,0.9858069950842658,0.018066244523225923,True
t1ce_WT_gldm_HighGrayLevelEmphasis,t1ce,WT,gldm,HighGrayLevelEmphasis,0.8494096552570818,0.8691843871403949,-0.03702372439430605,False
t1ce_WT_gldm_LargeDependenceEmphasis,t1ce,WT,gldm,LargeDependenceEmphasis,0.983284042922827,0.9834267156577496,0.011931463516226684,True
t1ce_WT_gldm_LargeDependenceHighGrayLevelEmphasis,t1ce,WT,gldm,LargeDependenceHighGrayLevelEmphasis,0.8488317896016935,0.8822689965140961,-0.04724491245979907,False
t1ce_WT_gldm_LargeDependenceLowGrayLevelEmphasis,t1ce,WT,gldm,LargeDependenceLowGrayLevelEmphasis,0.7930920766178856,0.8746016703520818,0.1223875859056012,False
t1ce_WT_gldm_LowGrayLevelEmphasis,t1ce,WT,gldm,LowGrayLevelEmphasis,0.7742091035994138,0.7898842280856347,0.07087967432413332,False
t1ce_WT_gldm_SmallDependenceEmphasis,t1ce,WT,gldm,SmallDependenceEmphasis,0.9689055279328282,0.9657145548960602,-0.016716466340666182,True
t1ce_WT_gldm_SmallDependenceHighGrayLevelEmphasis,t1ce,WT,gldm,SmallDependenceHighGrayLevelEmphasis,0.9109073322997974,0.9187906296240876,-0.031971186604421074,True
t1ce_WT_gldm_SmallDependenceLowGrayLevelEmphasis,t1ce,WT,gldm,SmallDependenceLowGrayLevelEmphasis,0.8317816273208728,0.8475845290150245,0.018640819660383737,False
t1ce_WT_ngtdm_Busyness,t1ce,WT,ngtdm,Busyness,0.9379956166545784,0.9278905570241797,0.023937724666053498,True
t1ce_WT_ngtdm_Coarseness,t1ce,WT,ngtdm,Coarseness,0.9530894850994999,0.9617437278667265,0.03155409254240664,True
t1ce_WT_ngtdm_Complexity,t1ce,WT,ngtdm,Complexity,0.9071016800105268,0.9573378555871448,0.017297299112478313,True
t1ce_WT_ngtdm_Contrast,t1ce,WT,ngtdm,Contrast,0.9610499909776498,0.9655510665536102,0.029021683192674414,True
t1ce_WT_ngtdm_Strength,t1ce,WT,ngtdm,Strength,0.9187576365053336,0.9446328716865902,0.04202050426216756,True
t2_WT_firstorder_10Percentile,t2,WT,firstorder,10Percentile,0.7970935937116244,0.8810386774624392,3.5071798292244645,False
t2_WT_firstorder_90Percentile,t2,WT,firstorder,90Percentile,0.9905433635328946,0.9883784727417827,0.013752192148473954,True
t2_WT_firstorder_Energy,t2,WT,firstorder,Energy,0.9975296771604355,0.9955470209098819,-0.00014584242472649587,True
t2_WT_firstorder_Entropy,t2,WT,firstorder,Entropy,0.9715811031955293,0.9748117113072973,-0.0031569839578971526,True
t2_WT_firstorder_InterquartileRange,t2,WT,firstorder,InterquartileRange,0.9742105630416605,0.9665818744077012,-0.014706569097727964,True
t2_WT_firstorder_Kurtosis,t2,WT,firstorder,Kurtosis,0.7769085040113217,0.9191425452086832,0.024278202432437942,False
t2_WT_firstorder_Maximum,t2,WT,firstorder,Maximum,0.8602049053287955,0.8778243303905433,0.01252635358152904,True
t2_WT_firstorder_MeanAbsoluteDeviation,t2,WT,firstorder,MeanAbsoluteDeviation,0.9774888616326174,0.9740524603610046,-0.011348935256337822,True
t2_WT_firstorder_Mean,t2,WT,firstorder,Mean,0.9723064437198774,0.974977970638602,0.034900585356569695,True
t2_WT_firstorder_Median,t2,WT,firstorder,Median,0.9663140413164588,0.9729745456963774,0.031967286069699584,True
t2_WT_firstorder_Minimum,t2,WT,firstorder,Minimum,0.7652446795949716,0.7796038594332774,0.06101631668662397,False
t2_WT_firstorder_Range,t2,WT,firstorder,Range,0.8629460425541168,0.8656319794281788,-0.0076416918001538684,True
t2_WT_firstorder_RobustMeanAbsoluteDeviation,t2,WT,firstorder,RobustMeanAbsoluteDeviation,0.9758811280837322,0.9690535964664351,-0.01300463798156629,True
t2_WT_firstorder_RootMeanSquared,t2,WT,firstorder,RootMeanSquared,0.9872886855285157,0.987688496516867,0.012526187268722903,True
t2_WT_firstorder_Skewness,t2,WT,firstorder,Skewness,0.8873918619418978,0.9238338293403385,0.10924089429570026,True
t2_WT_firstorder_TotalEnergy,t2,WT,firstorder,TotalEnergy,0.9975296771604355,0.9955470209098819,-0.00014584242472649587,True
t2_WT_firstorder_Uniformity,t2,WT,firstorder,Uniformity,0.9604729017656302,0.9638219695080386,0.011974004413798537,True
t2_WT_firstorder_Variance,t2,WT,firstorder,Variance,0.9790458016951062,0.9838977837631138,-0.023328391863707124,True
t2_WT_glcm_Autocorrelation,t2,WT,glcm,Autocorrelation,0.859967212100094,0.8780543224655151,-0.04975596810856871,True
t2_WT_glcm_JointAverage,t2,WT,glcm,JointAverage,0.8622231825389579,0.8621433044596296,-0.025639620484453642,True
t2_WT_glcm_ClusterProminence,t2,WT,glcm,ClusterProminence,0.978818625116898,0.9744403988007161,-0.05044917867062617,True
t2_WT_glcm_ClusterShade,t2,WT,glcm,ClusterShade,0.9724001389925749,0.956539810796881,0.057666575566988065,True
t2_WT_glcm_ClusterTendency,t2,WT,glcm,ClusterTendency,0.9768509854750516,0.9841527147377813,-0.0270588705712128,True
t2_WT_glcm_Contrast,t2,WT,glcm,Contrast,0.9605038571159256,0.9666539201179333,0.042846719346268713,True
t2_WT_glcm_Correlation,t2,WT,glcm,Correlation,0.9549994368665576,0.9610703775749414,-0.0072684845942372015,True
t2_WT_glcm_DifferenceAverage,t2,WT,glcm,DifferenceAverage,0.9743332258660997,0.982232419461209,0.01630103764028605,True
t2_WT_glcm_DifferenceEntropy,t2,WT,glcm,DifferenceEntropy,0.9707905738894179,0.9833325020366769,0.007404102308359701,True
t2_WT_glcm_DifferenceVariance,t2,WT,glcm,DifferenceVariance,0.9495406441818952,0.9432252093482081,0.05210908234971439,True
t2_WT_glcm_JointEnergy,t2,WT,glcm,JointEnergy,0.9545935597814779,0.9772446395220598,0.0034633131536874824,True
t2_WT_glcm_JointEntropy,t2,WT,glcm,JointEntropy,0.975454492234452,0.9792397514977194,0.0005112539303721993,True
t2_WT_glcm_Imc1,t2,WT,glcm,Imc1,0.965288755138014,0.9656452801746832,0.022204279425135753,True
t2_WT_glcm_Imc2,t2,WT,glcm,Imc2,0.9556088196202749,0.9632539167927467,-0.0033403016142197098,True
t2_WT_glcm_Idm,t2,WT,glcm,Idm,0.9809227469282791,0.9839532035402153,-0.007137261904845361,True
t2_WT_glcm_Idmn,t2,WT,glcm,Idmn,0.8880712926857651,0.8654213842751924,-0.0001808634468713433,True
t2_WT_glcm_Id,t2,WT,glcm,Id,0.9806800418028917,0.9849840113943061,-0.005288881933308405,True
t2_WT_glcm_Idn,t2,WT,glcm,Idn,0.8688896129597659,0.8667680848587628,-0.0008615640930258598,True
t2_WT_glcm_InverseVariance,t2,WT,glcm,InverseVariance,0.9796233324251994,0.9838645318968527,-0.006870265293487039,True
t2_WT_glcm_MaximumProbability,t2,WT,glcm,MaximumProbability,0.9354071781863559,0.9585792585942219,0.00785364098902704,True
t2_WT_glcm_SumEntropy,t2,WT,glcm,SumEntropy,0.971264328860846,0.9733763390803644,-0.0028054888213857915,True
t2_WT_glcm_SumSquares,t2,WT,glcm,SumSquares,0.9772513256659537,0.9839254936516645,-0.023388086708264637,True
t2_WT_glcm_MCC,t2,WT,glcm,MCC,0.9618282333993076,0.964268098713707,-0.0059480033063149295,True
t2_WT_glrlm_GrayLevelNonUniformity,t2,WT,glrlm,GrayLevelNonUniformity,0.9626729523319181,0.9673134154654431,-0.00780219412944584,True
t2_WT_glrlm_GrayLevelNonUniformityNormalized,t2,WT,glrlm,GrayLevelNonUniformityNormalized,0.9623853580789504,0.9685742153945056,0.009844878458495573,True
t2_WT_glrlm_GrayLevelVariance,t2,WT,glrlm,GrayLevelVariance,0.9786188576973116,0.9836345398218809,-0.021048201449368385,True
t2_WT_glrlm_HighGrayLevelRunEmphasis,t2,WT,glrlm,HighGrayLevelRunEmphasis,0.85646017418335,0.8698660503987453,-0.04479924460179265,True
t2_WT_glrlm_LongRunEmphasis,t2,WT,glrlm,LongRunEmphasis,0.9843336131604399,0.9860231322149623,0.005942823129666006,True
t2_WT_glrlm_LongRunHighGrayLevelEmphasis,t2,WT,glrlm,LongRunHighGrayLevelEmphasis,0.8606092775518717,0.8678266026014043,-0.047818236976738725,True
t2_WT_glrlm_LongRunLowGrayLevelEmphasis,t2,WT,glrlm,LongRunLowGrayLevelEmphasis,0.8183642134417153,0.8305374055785547,0.01871671283391578,False
t2_WT_glrlm_LowGrayLevelRunEmphasis,t2,WT,glrlm,LowGrayLevelRunEmphasis,0.806171410204706,0.7980198513641579,0.012233682227002232,False
t2_WT_glrlm_RunEntropy,t2,WT,glrlm,RunEntropy,0.9677358929443896,0.9751830238138781,-0.0015898132073188273,True
t2_WT_glrlm_RunLengthNonUniformity,t2,WT,glrlm,RunLengthNonUniformity,0.9716486973230991,0.9769481437145661,-0.023156138117970904,True
t2_WT_glrlm_RunLengthNonUniformityNormalized,t2,WT,glrlm,RunLengthNonUniformityNormalized,0.9756522819180135,0.9813290770944519,-0.002562991245933542,True
t2_WT_glrlm_RunPercentage,t2,WT,glrlm,RunPercentage,0.981096180265638,0.9823848238482384,-0.0017888795083610114,True
t2_WT_glrlm_RunVariance,t2,WT,glrlm,RunVariance,0.9875833896075291,0.988317510986971,0.017416992214790067,True
t2_WT_glrlm_ShortRunEmphasis,t2,WT,glrlm,ShortRunEmphasis,0.9746839430491421,0.9823848238482384,-0.0011203173879417794,True
t2_WT_glrlm_ShortRunHighGrayLevelEmphasis,t2,WT,glrlm,ShortRunHighGrayLevelEmphasis,0.862315302365758,0.8760841493895511,-0.0439356630375423,True
t2_WT_glrlm_ShortRunLowGrayLevelEmphasis,t2,WT,glrlm,ShortRunLowGrayLevelEmphasis,0.8025670548504541,0.7907238377087247,0.011644915864549877,False
t2_WT_glszm_GrayLevelNonUniformity,t2,WT,glszm,GrayLevelNonUniformity,0.971550489182283,0.9812514894065096,-0.0450303440730482,True
t2_WT_glszm_GrayLevelNonUniformityNormalized,t2,WT,glszm,GrayLevelNonUniformityNormalized,0.9125415888267425,0.9579391601686976,-0.009403892608250185,True
t2_WT_glszm_GrayLevelVariance,t2,WT,glszm,GrayLevelVariance,0.9711265295424791,0.9549658891271939,0.0022835357712130354,True
t2_WT_glszm_HighGrayLevelZoneEmphasis,t2,WT,glszm,HighGrayLevelZoneEmphasis,0.8530735596311101,0.8413276361802473,-0.026021833894910553,True
t2_WT_glszm_LargeAreaEmphasis,t2,WT,glszm,LargeAreaEmphasis,0.8840416772810794,0.97874928647037,0.05998381933136716,True
t2_WT_glszm_LargeAreaHighGrayLevelEmphasis,t2,WT,glszm,LargeAreaHighGrayLevelEmphasis,0.895396788357735,0.9580721676337418,-0.07360842693498969,True
t2_WT_glszm_LargeAreaLowGrayLevelEmphasis,t2,WT,glszm,LargeAreaLowGrayLevelEmphasis,0.5521380962255636,0.9629269401078469,0.049857621437911816,False
t2_WT_glszm_LowGrayLevelZoneEmphasis,t2,WT,glszm,LowGrayLevelZoneEmphasis,0.7728593870076709,0.7876397271130176,0.029768212689865507,False
t2_WT_glszm_SizeZoneNonUniformity,t2,WT,glszm,SizeZoneNonUniformity,0.9670215187513513,0.9811378788634512,-0.07057661990154783,True
t2_WT_glszm_SizeZoneNonUniformityNormalized,t2,WT,glszm,SizeZoneNonUniformityNormalized,0.9236324281647124,0.9444998642215462,-0.027258935707616762,True
t2_WT_glszm_SmallAreaEmphasis,t2,WT,glszm,SmallAreaEmphasis,0.9231881602082587,0.943929040517399,-0.014673751276346588,True
t2_WT_glszm_SmallAreaHighGrayLevelEmphasis,t2,WT,glszm,SmallAreaHighGrayLevelEmphasis,0.8587761257637238,0.8392798754163411,-0.03114133649507382,True
t2_WT_glszm_SmallAreaLowGrayLevelEmphasis,t2,WT,glszm,SmallAreaLowGrayLevelEmphasis,0.7718478192508209,0.7898315792973881,0.010900431349447294,False
t2_WT_glszm_ZoneEntropy,t2,WT,glszm,ZoneEntropy,0.9543794918517393,0.9732267056821898,0.00536435251618184,True
t2_WT_glszm_ZonePercentage,t2,WT,glszm,ZonePercentage,0.9700011268767107,0.9717331426893,-0.038085419207646326,True
t2_WT_glszm_ZoneVariance,t2,WT,glszm,ZoneVariance,0.8840247896793381,0.9785553172505139,0.059520021779638235,True
t2_WT_gldm_DependenceEntropy,t2,WT,gldm,DependenceEntropy,0.9624393602919197,0.9699319999334964,-0.001923587510583126,True
t2_WT_gldm_DependenceNonUniformity,t2,WT,gldm,DependenceNonUniformity,0.9723120402579108,0.9782394245210346,-0.018736314445081333,True
t2_WT_gldm_DependenceNonUniformityNormalized,t2,WT,gldm,DependenceNonUniformityNormalized,0.9791362245197791,0.9813152221501765,-0.0011246994777956575,True
t2_WT_gldm_DependenceVariance,t2,WT,gldm,DependenceVariance,0.9875184420201031,0.9867131084398778,0.005833989932792919,True
t2_WT_gldm_GrayLevelNonUniformity,t2,WT,gldm,GrayLevelNonUniformity,0.9594929268341585,0.9630544055951807,-0.0064521683172868586,True
t2_WT_gldm_GrayLevelVariance,t2,WT,gldm,GrayLevelVariance,0.9790665965666592,0.9838257380528816,-0.023293024838357452,True
t2_WT_gldm_HighGrayLevelEmphasis,t2,WT,gldm,HighGrayLevelEmphasis,0.8587180909651311,0.8753027305324179,-0.045181875537578436,True
t2_WT_gldm_LargeDependenceEmphasis,t2,WT,gldm,LargeDependenceEmphasis,0.9840857533822432,0.9847512483304791,0.013335605787238417,True
t2_WT_gldm_LargeDependenceHighGrayLevelEmphasis,t2,WT,gldm,LargeDependenceHighGrayLevelEmphasis,0.9234172684620637,0.8777578266580213,-0.05427228035540624,True
t2_WT_gldm_LargeDependenceLowGrayLevelEmphasis,t2,WT,gldm,LargeDependenceLowGrayLevelEmphasis,0.825065946016908,0.8861566938777773,0.02414463934655745,False
t2_WT_gldm_LowGrayLevelEmphasis,t2,WT,gldm,LowGrayLevelEmphasis,0.8072013995824008,0.8014808164441563,0.009653943146167986,False
t2_WT_gldm_SmallDependenceEmphasis,t2,WT,gldm,SmallDependenceEmphasis,0.9705552738166218,0.9738695750965691,-0.030177495390599836,True
t2_WT_gldm_SmallDependenceHighGrayLevelEmphasis,t2,WT,gldm,SmallDependenceHighGrayLevelEmphasis,0.9173300494589836,0.9208467033545591,-0.03995881289125618,True
t2_WT_gldm_SmallDependenceLowGrayLevelEmphasis,t2,WT,gldm,SmallDependenceLowGrayLevelEmphasis,0.7505824101062161,0.7583586878813573,-0.028731411488624122,False
t2_WT_ngtdm_Busyness,t2,WT,ngtdm,Busyness,0.843780367354914,0.8419511086726409,0.026159379404084353,False
t2_WT_ngtdm_Coarseness,t2,WT,ngtdm,Coarseness,0.9529291490054207,0.9704335489162662,0.013332514738904571,True
t2_WT_ngtdm_Complexity,t2,WT,ngtdm,Complexity,0.8548984869298378,0.9226561590769283,0.027764545709267337,True
t2_WT_ngtdm_Contrast,t2,WT,ngtdm,Contrast,0.9653721734191941,0.9335406032996936,-0.00528233828334795,True
t2_WT_ngtdm_Strength,t2,WT,ngtdm,Strength,0.9189524451717125,0.8972434202869637,0.04219048865609358,True
flair_WT_firstorder_10Percentile,flair,WT,firstorder,10Percentile,0.7750377512158043,0.7729756540919193,0.09919870213187341,False
flair_WT_firstorder_90Percentile,flair,WT,firstorder,90Percentile,0.9845258288943105,0.9887359303040884,0.012378182900801496,True
flair_WT_firstorder_Energy,flair,WT,firstorder,Energy,0.9952341562411918,0.9937015423323968,0.007125293648862539,True
flair_WT_firstorder_Entropy,flair,WT,firstorder,Entropy,0.9635908796089976,0.9765241824197384,-0.005188369055980445,True
flair_WT_firstorder_InterquartileRange,flair,WT,firstorder,InterquartileRange,0.9768400261761948,0.9737199416983946,-0.018362904859107954,True
flair_WT_firstorder_Kurtosis,flair,WT,firstorder,Kurtosis,0.8286399704210918,0.935397165832599,0.02918377351580743,False
flair_WT_firstorder_Maximum,flair,WT,firstorder,Maximum,0.9163962651080186,0.944361314778792,0.02437311764776969,True
flair_WT_firstorder_MeanAbsoluteDeviation,flair,WT,firstorder,MeanAbsoluteDeviation,0.9817076676644002,0.9762221446345342,-0.017307704447177674,True
flair_WT_firstorder_Mean,flair,WT,firstorder,Mean,0.9535584029536583,0.9450762299034033,0.0255596388647058,True
flair_WT_firstorder_Median,flair,WT,firstorder,Median,0.9361978807560376,0.9344661135772911,0.022777430376289185,True
flair_WT_firstorder_Minimum,flair,WT,firstorder,Minimum,0.5349313890076403,0.5463531015678256,0.12739700126315667,False
flair_WT_firstorder_Range,flair,WT,firstorder,Range,0.9012183553511603,0.9138305595734894,-0.00800880608754225,True
flair_WT_firstorder_RobustMeanAbsoluteDeviation,flair,WT,firstorder,RobustMeanAbsoluteDeviation,0.9808903538579293,0.9772917463325963,-0.01618565887365105,True
flair_WT_firstorder_RootMeanSquared,flair,WT,firstorder,RootMeanSquared,0.9753705800742143,0.9737088577429743,0.01608534895578396,True
flair_WT_firstorder_Skewness,flair,WT,firstorder,Skewness,0.9021313614049895,0.9221158162501871,0.3253356676976721,True
flair_WT_firstorder_TotalEnergy,flair,WT,firstorder,TotalEnergy,0.9952341562411918,0.9937015423323968,0.007125293648862539,True
flair_WT_firstorder_Uniformity,flair,WT,firstorder,Uniformity,0.9570049710610397,0.9686379481381725,0.009447070114879958,True
flair_WT_firstorder_Variance,flair,WT,firstorder,Variance,0.9872615149802925,0.9658835852162202,-0.03266167592522866,True
flair_WT_glcm_Autocorrelation,flair,WT,glcm,Autocorrelation,0.6969485648601665,0.6478544233295095,-0.08651556993727447,False
flair_WT_glcm_JointAverage,flair,WT,glcm,JointAverage,0.6259874828803238,0.6154504796581708,-0.04799450438693393,False
flair_WT_glcm_ClusterProminence,flair,WT,glcm,ClusterProminence,0.9981799083844051,0.9290294334436187,-0.02093864493528009,True
flair_WT_glcm_ClusterShade,flair,WT,glcm,ClusterShade,0.9967849711273844,0.9268846880697845,0.09268762979766332,True
flair_WT_glcm_ClusterTendency,flair,WT,glcm,ClusterTendency,0.9897578370697748,0.9685132536396939,-0.03508621742934771,True
flair_WT_glcm_Contrast,flair,WT,glcm,Contrast,0.9715607411535389,0.9701786179415988,0.06885036518960845,True
flair_WT_glcm_Correlation,flair,WT,glcm,Correlation,0.9231383203898165,0.9532146241707816,-0.015396616727105038,True
flair_WT_glcm_DifferenceAverage,flair,WT,glcm,DifferenceAverage,0.9848827915753976,0.9858873537610633,0.024818672164768327,True
flair_WT_glcm_DifferenceEntropy,flair,WT,glcm,DifferenceEntropy,0.986069709084557,0.9867685282169796,0.00885672563618673,True
flair_WT_glcm_DifferenceVariance,flair,WT,glcm,DifferenceVariance,0.9642776231171594,0.9538436386408854,0.08121564037471625,True
flair_WT_glcm_JointEnergy,flair,WT,glcm,JointEnergy,0.9758005884555905,0.9837620053092148,-0.0021345566794567254,True
flair_WT_glcm_JointEntropy,flair,WT,glcm,JointEntropy,0.9826274003650776,0.9862836051673399,-0.00047410302150056427,True
flair_WT_glcm_Imc1,flair,WT,glcm,Imc1,0.969282981439226,0.9665264546305996,0.03108377909054096,True
flair_WT_glcm_Imc2,flair,WT,glcm,Imc2,0.9144552639419471,0.9523888694919669,-0.006762258781637608,True
flair_WT_glcm_Idm,flair,WT,glcm,Idm,0.9930827349806145,0.9925654369018128,-0.00984586170498763,True
flair_WT_glcm_Idmn,flair,WT,glcm,Idmn,0.8745023660257436,0.8941288288138505,-0.0003477052595511279,True
flair_WT_glcm_Id,flair,WT,glcm,Id,0.992587090015242,0.9928868716090025,-0.007559005461733331,True
flair_WT_glcm_Idn,flair,WT,glcm,Idn,0.8700684954609679,0.8836461779750723,-0.0013530452128286794,True
flair_WT_glcm_InverseVariance,flair,WT,glcm,InverseVariance,0.9919937268829939,0.9917230562898677,-0.010228187720244095,True
flair_WT_glcm_MaximumProbability,flair,WT,glcm,MaximumProbability,0.9733552959435184,0.9715364024805891,-0.0019978410650083114,True
flair_WT_glcm_SumEntropy,flair,WT,glcm,SumEntropy,0.9657445224087164,0.9786772407601377,-0.005051358691881112,True
flair_WT_glcm_SumSquares,flair,WT,glcm,SumSquares,0.9896840089072892,0.9676403921503428,-0.028080130482276186,True
flair_WT_glcm_MCC,flair,WT,glcm,MCC,0.8920068692246365,0.9185828054599564,-0.008630257494212177,True
flair_WT_glrlm_GrayLevelNonUniformity,flair,WT,glrlm,GrayLevelNonUniformity,0.9737055383133139,0.9800793611208095,-0.0030513665719080693,True
flair_WT_glrlm_GrayLevelNonUniformityNormalized,flair,WT,glrlm,GrayLevelNonUniformityNormalized,0.9555892084389093,0.9705111366042085,0.008821571210751026,True
flair_WT_glrlm_GrayLevelVariance,flair,WT,glrlm,GrayLevelVariance,0.9869495827149587,0.9628992302192961,-0.0322647212076812,True
flair_WT_glrlm_HighGrayLevelRunEmphasis,flair,WT,glrlm,HighGrayLevelRunEmphasis,0.6935534426380928,0.6492870245675871,-0.08067977110542043,False
flair_WT_glrlm_LongRunEmphasis,flair,WT,glrlm,LongRunEmphasis,0.9961430825979517,0.9939010535299628,0.003012856001417351,True
flair_WT_glrlm_LongRunHighGrayLevelEmphasis,flair,WT,glrlm,LongRunHighGrayLevelEmphasis,0.5817702810102903,0.5328611568324272,-0.08466570743427115,False
flair_WT_glrlm_LongRunLowGrayLevelEmphasis,flair,WT,glrlm,LongRunLowGrayLevelEmphasis,0.502256852321464,0.6189280706712997,0.11180069133708415,False
flair_WT_glrlm_LowGrayLevelRunEmphasis,flair,WT,glrlm,LowGrayLevelRunEmphasis,0.41312521891478715,0.5235118404353777,0.09259663502750613,False
flair_WT_glrlm_RunEntropy,flair,WT,glrlm,RunEntropy,0.9479404391119671,0.9682056738767797,-0.004369997682529039,True
flair_WT_glrlm_RunLengthNonUniformity,flair,WT,glrlm,RunLengthNonUniformity,0.9652891217608465,0.972733469665985,-0.023251511086415877,True
flair_WT_glrlm_RunLengthNonUniformityNormalized,flair,WT,glrlm,RunLengthNonUniformityNormalized,0.9939614130738369,0.994546693933197,-0.0009582837510139428,True
flair_WT_glrlm_RunPercentage,flair,WT,glrlm,RunPercentage,0.9951716481847847,0.9943167018582253,-0.0007526224496721795,True
flair_WT_glrlm_RunVariance,flair,WT,glrlm,RunVariance,0.9965156373383033,0.9950454719271119,0.012369113970789004,True
flair_WT_glrlm_ShortRunEmphasis,flair,WT,glrlm,ShortRunEmphasis,0.9939602952340966,0.9945300680000664,-0.0004252666226148089,True
flair_WT_glrlm_ShortRunHighGrayLevelEmphasis,flair,WT,glrlm,ShortRunHighGrayLevelEmphasis,0.7222079810978924,0.6792663529907284,-0.07982920839227321,False
flair_WT_glrlm_ShortRunLowGrayLevelEmphasis,flair,WT,glrlm,ShortRunLowGrayLevelEmphasis,0.40335945665596123,0.510236032830676,0.08960786263524423,False
flair_WT_glszm_GrayLevelNonUniformity,flair,WT,glszm,GrayLevelNonUniformity,0.9617759030369694,0.9708658231776592,-0.003075540203399686,True
flair_WT_glszm_GrayLevelNonUniformityNormalized,flair,WT,glszm,GrayLevelNonUniformityNormalized,0.9172667449174213,0.9490387439661718,0.015896163924281264,True
flair_WT_glszm_GrayLevelVariance,flair,WT,glszm,GrayLevelVariance,0.9801729596334007,0.9331831457373879,-0.029052669593729954,True
flair_WT_glszm_HighGrayLevelZoneEmphasis,flair,WT,glszm,HighGrayLevelZoneEmphasis,0.7369104644559905,0.7000238305041537,-0.07387619885918789,False
flair_WT_glszm_LargeAreaEmphasis,flair,WT,glszm,LargeAreaEmphasis,0.9774799639274634,0.9953419677346058,0.027935560171787346,True
flair_WT_glszm_LargeAreaHighGrayLevelEmphasis,flair,WT,glszm,LargeAreaHighGrayLevelEmphasis,0.9186386816712744,0.983673333665852,-0.1561275498313262,True
flair_WT_glszm_LargeAreaLowGrayLevelEmphasis,flair,WT,glszm,LargeAreaLowGrayLevelEmphasis,0.6527847008149038,0.9762886483670562,0.3136042324455281,False
flair_WT_glszm_LowGrayLevelZoneEmphasis,flair,WT,glszm,LowGrayLevelZoneEmphasis,0.4275007942781868,0.5747834472209753,0.09248242016169471,False
flair_WT_glszm_SizeZoneNonUniformity,flair,WT,glszm,SizeZoneNonUniformity,0.9641457780515406,0.9743711240793389,-0.04368613667769954,True
flair_WT_glszm_SizeZoneNonUniformityNormalized,flair,WT,glszm,SizeZoneNonUniformityNormalized,0.9696100309151315,0.971697119834184,-0.009686098291694917,True
flair_WT_glszm_SmallAreaEmphasis,flair,WT,glszm,SmallAreaEmphasis,0.9700112887499849,0.9723926380368099,-0.005275275552374034,True
flair_WT_glszm_SmallAreaHighGrayLevelEmphasis,flair,WT,glszm,SmallAreaHighGrayLevelEmphasis,0.8035906181406034,0.7491008141165257,-0.07370496143331164,False
flair_WT_glszm_SmallAreaLowGrayLevelEmphasis,flair,WT,glszm,SmallAreaLowGrayLevelEmphasis,0.4253289912565712,0.5615214945605489,0.08325262578452465,False
flair_WT_glszm_ZoneEntropy,flair,WT,glszm,ZoneEntropy,0.9299091955730509,0.9379270786572896,-0.002914735862808339,True
flair_WT_glszm_ZonePercentage,flair,WT,glszm,ZonePercentage,0.9921033083117013,0.9925515819575373,-0.01088592292598932,True
flair_WT_glszm_ZoneVariance,flair,WT,glszm,ZoneVariance,0.9775091589742703,0.9953973875117075,0.02782286036605565,True
flair_WT_gldm_DependenceEntropy,flair,WT,gldm,DependenceEntropy,0.9471082239245885,0.9612975986610582,-0.0031551129957273875,True
flair_WT_gldm_DependenceNonUniformity,flair,WT,gldm,DependenceNonUniformity,0.9576040582025886,0.9680948343225764,-0.023537895925704624,True
flair_WT_gldm_DependenceNonUniformityNormalized,flair,WT,gldm,DependenceNonUniformityNormalized,0.9936833440342583,0.993914908474238,-0.0013835771911516513,True
flair_WT_gldm_DependenceVariance,flair,WT,gldm,DependenceVariance,0.995735765282034,0.9954943721216355,0.008740657014282715,True
flair_WT_gldm_GrayLevelNonUniformity,flair,WT,gldm,GrayLevelNonUniformity,0.9766025690412253,0.9820218243082226,-0.002180361490429917,True
flair_WT_gldm_GrayLevelVariance,flair,WT,gldm,GrayLevelVariance,0.9872623275876651,0.9659667148818728,-0.03260335104964987,True
flair_WT_gldm_HighGrayLevelEmphasis,flair,WT,gldm,HighGrayLevelEmphasis,0.6926728385319298,0.6449670529425131,-0.08090914288983138,False
flair_WT_gldm_LargeDependenceEmphasis,flair,WT,gldm,LargeDependenceEmphasis,0.9961671196962862,0.9944524803121243,0.009711140409028403,True
flair_WT_gldm_LargeDependenceHighGrayLevelEmphasis,flair,WT,gldm,LargeDependenceHighGrayLevelEmphasis,0.8064405321938763,0.7788030436541583,-0.09506716151027413,False
flair_WT_gldm_LargeDependenceLowGrayLevelEmphasis,flair,WT,gldm,LargeDependenceLowGrayLevelEmphasis,0.6629957276546921,0.8430761301478045,0.16309514018791074,False
flair_WT_gldm_LowGrayLevelEmphasis,flair,WT,gldm,LowGrayLevelEmphasis,0.404437230938514,0.5180585343685747,0.0934852012376679,False
flair_WT_gldm_SmallDependenceEmphasis,flair,WT,gldm,SmallDependenceEmphasis,0.9916022544767138,0.9913600567498516,-0.010001757114358037,True
flair_WT_gldm_SmallDependenceHighGrayLevelEmphasis,flair,WT,gldm,SmallDependenceHighGrayLevelEmphasis,0.9059568948873087,0.8856773128058479,-0.07334100749012018,True
flair_WT_gldm_SmallDependenceLowGrayLevelEmphasis,flair,WT,gldm,SmallDependenceLowGrayLevelEmphasis,0.5389282212217379,0.6141675118182676,0.059533226437167144,False
flair_WT_ngtdm_Busyness,flair,WT,ngtdm,Busyness,0.8093724797331816,0.888392881883829,0.09042928808606215,False
flair_WT_ngtdm_Coarseness,flair,WT,ngtdm,Coarseness,0.9617274047425998,0.9722679435383311,0.0008925485999816021,True
flair_WT_ngtdm_Complexity,flair,WT,ngtdm,Complexity,0.9560702604185565,0.9454420004322743,0.023303835453615643,True
flair_WT_ngtdm_Contrast,flair,WT,ngtdm,Contrast,0.9700727407059593,0.9492521101080131,0.024128108788806255,True
flair_WT_ngtdm_Strength,flair,WT,ngtdm,Strength,0.9639849668936198,0.9337789083412306,0.04205935039177753,True
mask_TC_shape_Elongation,mask,TC,shape,Elongation,0.7866730645196807,0.8081727545291814,-0.013873212811871777,False
mask_TC_shape_Flatness,mask,TC,shape,Flatness,0.8508284082460997,0.8763196834422332,-0.009454969544191436,True
mask_TC_shape_LeastAxisLength,mask,TC,shape,LeastAxisLength,0.9791368585066237,0.9822157935280784,-0.017537116511742133,True
mask_TC_shape_MajorAxisLength,mask,TC,shape,MajorAxisLength,0.734852948808915,0.9118465315532501,0.012014376394865639,False
mask_TC_shape_Maximum2DDiameterColumn,mask,TC,shape,Maximum2DDiameterColumn,0.9454527980145294,0.9544671099401889,-0.047226451210994856,True
mask_TC_shape_Maximum2DDiameterRow,mask,TC,shape,Maximum2DDiameterRow,0.9091105800258673,0.9366466090235794,-0.05506299082120675,True
mask_TC_shape_Maximum2DDiameterSlice,mask,TC,shape,Maximum2DDiameterSlice,0.7876240826931347,0.8928988565412161,-0.03765374659419307,False
mask_TC_shape_Maximum3DDiameter,mask,TC,shape,Maximum3DDiameter,0.8050007244894888,0.8916100169119905,-0.0431427379553526,False
mask_TC_shape_MeshVolume,mask,TC,shape,MeshVolume,0.980780677508452,0.9742131777145993,-0.030357807111238692,True
mask_TC_shape_MinorAxisLength,mask,TC,shape,MinorAxisLength,0.9562918622161065,0.9620014298302493,-0.01650885899611696,True
mask_TC_shape_Sphericity,mask,TC,shape,Sphericity,0.37925356308020786,0.7260822096973526,0.1659764815633533,False
mask_TC_shape_SurfaceArea,mask,TC,shape,SurfaceArea,0.8911558138295582,0.9607627978120272,-0.1729080989615915,True
mask_TC_shape_SurfaceVolumeRatio,mask,TC,shape,SurfaceVolumeRatio,0.8281975407564666,0.9412966011050703,-0.13413472328750548,False
mask_TC_shape_VoxelVolume,mask,TC,shape,VoxelVolume,0.9807333565829935,0.9741833717002434,-0.031750483126893755,True
t1_TC_firstorder_10Percentile,t1,TC,firstorder,10Percentile,0.9746923585445948,0.9806446428472465,-0.011108777237760508,True
t1_TC_firstorder_90Percentile,t1,TC,firstorder,90Percentile,0.9088295130972047,0.9732654995261608,0.07256932941459392,True
t1_TC_firstorder_Energy,t1,TC,firstorder,Energy,0.9399150252151715,0.954195554225481,-0.029573375022830466,True
t1_TC_firstorder_Entropy,t1,TC,firstorder,Entropy,0.8729065908504428,0.9124866299787742,0.003242145016887307,True
t1_TC_firstorder_InterquartileRange,t1,TC,firstorder,InterquartileRange,0.8603353295720187,0.9283145183190074,0.02231562803735879,True
t1_TC_firstorder_Kurtosis,t1,TC,firstorder,Kurtosis,0.8541392231897038,0.8649918810026546,-0.03554866069794063,True
t1_TC_firstorder_Maximum,t1,TC,firstorder,Maximum,0.9066468436298555,0.8801990678393492,0.003133234363675844,True
t1_TC_firstorder_MeanAbsoluteDeviation,t1,TC,firstorder,MeanAbsoluteDeviation,0.8085162758263092,0.9055508448745019,0.03194221580780932,False
t1_TC_firstorder_Mean,t1,TC,firstorder,Mean,0.9786170519312957,0.9888273729363061,0.05386600641363363,True
t1_TC_firstorder_Median,t1,TC,firstorder,Median,0.9880738762983433,0.9892125403871627,0.015771876740442052,True
t1_TC_firstorder_Minimum,t1,TC,firstorder,Minimum,0.7914051531438715,0.8240228107802551,0.04921039013951981,False
t1_TC_firstorder_Range,t1,TC,firstorder,Range,0.8875974425107843,0.8407900643423613,-0.02213557547608415,True
t1_TC_firstorder_RobustMeanAbsoluteDeviation,t1,TC,firstorder,RobustMeanAbsoluteDeviation,0.8277277032406044,0.917593562438692,0.031288071296043544,False
t1_TC_firstorder_RootMeanSquared,t1,TC,firstorder,RootMeanSquared,0.8936167131765209,0.9221019613059117,0.02559310109777034,True
t1_TC_firstorder_Skewness,t1,TC,firstorder,Skewness,0.8534738005801801,0.8378860680222344,-0.1351155901670002,True
t1_TC_firstorder_TotalEnergy,t1,TC,firstorder,TotalEnergy,0.9399150252151715,0.954195554225481,-0.029573375022830466,True
t1_TC_firstorder_Uniformity,t1,TC,firstorder,Uniformity,0.8394500977777257,0.9468773726592072,-0.013150143637937897,False
t1_TC_firstorder_Variance,t1,TC,firstorder,Variance,0.7750307700080036,0.8880298823438132,0.1233742789403279,False
t1_TC_glcm_Autocorrelation,t1,TC,glcm,Autocorrelation,0.8695586815077551,0.8185944436131478,-0.08421237533381162,True
t1_TC_glcm_JointAverage,t1,TC,glcm,JointAverage,0.8395196976158673,0.8202431819819223,-0.04744454516008304,False
t1_TC_glcm_ClusterProminence,t1,TC,glcm,ClusterProminence,0.7523606614891586,0.8613646565913512,0.6161020443606178,False
t1_TC_glcm_ClusterShade,t1,TC,glcm,ClusterShade,0.6851354468548339,0.8367776724802013,0.6748482783448496,False
t1_TC_glcm_ClusterTendency,t1,TC,glcm,ClusterTendency,0.7827482045138762,0.8923664799020178,0.13727662302019789,False
t1_TC_glcm_Contrast,t1,TC,glcm,Contrast,0.8341592120098283,0.9222488237152311,0.06181329780813537,False
t1_TC_glcm_Correlation,t1,TC,glcm,Correlation,0.871259838419188,0.9316286209896865,0.005062310546575372,True
t1_TC_glcm_DifferenceAverage,t1,TC,glcm,DifferenceAverage,0.9285307758067258,0.9345021364324073,0.014844953168692578,True
t1_TC_glcm_DifferenceEntropy,t1,TC,glcm,DifferenceEntropy,0.9316682028292281,0.93275364246485,0.005975060417859632,True
t1_TC_glcm_DifferenceVariance,t1,TC,glcm,DifferenceVariance,0.7180241402050943,0.9028131078856801,0.09142652803858867,False
t1_TC_glcm_JointEnergy,t1,TC,glcm,JointEnergy,0.8925775851316993,0.9787132636152537,-0.032146328913397554,True
t1_TC_glcm_JointEntropy,t1,TC,glcm,JointEntropy,0.9303561791349465,0.9495790867929129,0.0036902552462388,True
t1_TC_glcm_Imc1,t1,TC,glcm,Imc1,0.9360878495654698,0.9432335223147732,-0.0076912100238609475,True
t1_TC_glcm_Imc2,t1,TC,glcm,Imc2,0.8619029217516118,0.9202260018510207,0.0024169631152439054,True
t1_TC_glcm_Idm,t1,TC,glcm,Idm,0.9771292332575285,0.9744154599010204,-0.005246185407771982,True
t1_TC_glcm_Idmn,t1,TC,glcm,Idmn,0.8470219956628419,0.9293813490282142,-0.0003206171892394545,False
t1_TC_glcm_Id,t1,TC,glcm,Id,0.974889185975244,0.9710071436092684,-0.003875344779279475,True
t1_TC_glcm_Idn,t1,TC,glcm,Idn,0.8913978789136608,0.9221047322947669,-0.0013583875950130685,True
t1_TC_glcm_InverseVariance,t1,TC,glcm,InverseVariance,0.9633981932796319,0.9604579890379681,-0.004623802295363764,True
t1_TC_glcm_MaximumProbability,t1,TC,glcm,MaximumProbability,0.9547627032964398,0.9785913401056301,-0.01636375911820459,True
t1_TC_glcm_SumEntropy,t1,TC,glcm,SumEntropy,0.8973223884275084,0.9340781751375796,0.003769091760719945,True
t1_TC_glcm_SumSquares,t1,TC,glcm,SumSquares,0.7836533537745849,0.8952621632555793,0.13133630360415288,False
t1_TC_glcm_MCC,t1,TC,glcm,MCC,0.8135892260817427,0.8891438198635565,0.0026566261365584937,False
t1_TC_glrlm_GrayLevelNonUniformity,t1,TC,glrlm,GrayLevelNonUniformity,0.9899374396509294,0.9826896326222975,-0.027210692816496098,True
t1_TC_glrlm_GrayLevelNonUniformityNormalized,t1,TC,glrlm,GrayLevelNonUniformityNormalized,0.8217528593924038,0.9340864881041449,-0.013541964529774258,False
t1_TC_glrlm_GrayLevelVariance,t1,TC,glrlm,GrayLevelVariance,0.7582655456383669,0.8835048575434631,0.1253276499859311,False
t1_TC_glrlm_HighGrayLevelRunEmphasis,t1,TC,glrlm,HighGrayLevelRunEmphasis,0.863422204605972,0.8077349382900783,-0.0807134350316555,True
t1_TC_glrlm_LongRunEmphasis,t1,TC,glrlm,LongRunEmphasis,0.9917675339579264,0.9775051124744378,0.0028991472085278776,True
t1_TC_glrlm_LongRunHighGrayLevelEmphasis,t1,TC,glrlm,LongRunHighGrayLevelEmphasis,0.8441635455533572,0.8406625988550274,-0.08711446393850605,False
t1_TC_glrlm_LongRunLowGrayLevelEmphasis,t1,TC,glrlm,LongRunLowGrayLevelEmphasis,0.6522723178206479,0.8252281909322161,0.006826991186858474,False
t1_TC_glrlm_LowGrayLevelRunEmphasis,t1,TC,glrlm,LowGrayLevelRunEmphasis,0.7050782777933509,0.8297393607882909,0.02410341521218302,False
t1_TC_glrlm_RunEntropy,t1,TC,glrlm,RunEntropy,0.8730601645587467,0.9235262495774242,0.003449599816025341,True
t1_TC_glrlm_RunLengthNonUniformity,t1,TC,glrlm,RunLengthNonUniformity,0.9727872523950151,0.9733403162252482,-0.0424204955147604,True
t1_TC_glrlm_RunLengthNonUniformityNormalized,t1,TC,glrlm,RunLengthNonUniformityNormalized,0.9779633798479677,0.9742658265028459,-0.0020831647754299236,True
t1_TC_glrlm_RunPercentage,t1,TC,glrlm,RunPercentage,0.9848869658007453,0.9763579230884334,-0.0011066582091757483,True
t1_TC_glrlm_RunVariance,t1,TC,glrlm,RunVariance,0.9947068666039354,0.9814149777489596,0.00588760193121877,True
t1_TC_glrlm_ShortRunEmphasis,t1,TC,glrlm,ShortRunEmphasis,0.9804767354595979,0.9742879944136864,-0.000908723887903295,True
t1_TC_glrlm_ShortRunHighGrayLevelEmphasis,t1,TC,glrlm,ShortRunHighGrayLevelEmphasis,0.871804132635654,0.8056954904927373,-0.0777616222449614,True
t1_TC_glrlm_ShortRunLowGrayLevelEmphasis,t1,TC,glrlm,ShortRunLowGrayLevelEmphasis,0.7156778616501533,0.8304598178906124,0.02611587926946146,False
t1_TC_glszm_GrayLevelNonUniformity,t1,TC,glszm,GrayLevelNonUniformity,0.9670523615061015,0.9737365676315249,-0.09505792434194597,True
t1_TC_glszm_GrayLevelNonUniformityNormalized,t1,TC,glszm,GrayLevelNonUniformityNormalized,0.670208406929566,0.8528355528954064,-0.017385568333102123,False
t1_TC_glszm_GrayLevelVariance,t1,TC,glszm,GrayLevelVariance,0.7711112136296779,0.8349986976352382,0.07147672376008857,False
t1_TC_glszm_HighGrayLevelZoneEmphasis,t1,TC,glszm,HighGrayLevelZoneEmphasis,0.860722539585224,0.7874512998708719,-0.057778578831184486,True
t1_TC_glszm_LargeAreaEmphasis,t1,TC,glszm,LargeAreaEmphasis,0.9715261103199094,0.983501532356837,0.14505861863814593,True
t1_TC_glszm_LargeAreaHighGrayLevelEmphasis,t1,TC,glszm,LargeAreaHighGrayLevelEmphasis,0.8701878988074707,0.980996558431842,0.05514501909628861,True
t1_TC_glszm_LargeAreaLowGrayLevelEmphasis,t1,TC,glszm,LargeAreaLowGrayLevelEmphasis,0.5162218003152441,0.9284419838063411,-0.04929170448046352,False
t1_TC_glszm_LowGrayLevelZoneEmphasis,t1,TC,glszm,LowGrayLevelZoneEmphasis,0.5537654591362906,0.8095915008229837,0.02202843671737612,False
t1_TC_glszm_SizeZoneNonUniformity,t1,TC,glszm,SizeZoneNonUniformity,0.8786292920129554,0.9548661335284109,-0.12801078401499927,True
t1_TC_glszm_SizeZoneNonUniformityNormalized,t1,TC,glszm,SizeZoneNonUniformityNormalized,0.7786042351169293,0.8923276860580467,-0.025471368901955362,False
t1_TC_glszm_SmallAreaEmphasis,t1,TC,glszm,SmallAreaEmphasis,0.8088759243528567,0.8904544975920107,-0.01460981834596128,False
t1_TC_glszm_SmallAreaHighGrayLevelEmphasis,t1,TC,glszm,SmallAreaHighGrayLevelEmphasis,0.8551920662092133,0.7852428217533708,-0.05149770646440313,True
t1_TC_glszm_SmallAreaLowGrayLevelEmphasis,t1,TC,glszm,SmallAreaLowGrayLevelEmphasis,0.5161179213663454,0.8153884095078169,-0.018188598516899718,False
t1_TC_glszm_ZoneEntropy,t1,TC,glszm,ZoneEntropy,0.876227427753455,0.9257430406614904,0.006199631536870634,True
t1_TC_glszm_ZonePercentage,t1,TC,glszm,ZonePercentage,0.9113998220882195,0.9507013372792215,-0.03401125240641972,True
t1_TC_glszm_ZoneVariance,t1,TC,glszm,ZoneVariance,0.9721996448920851,0.9836012879556199,0.14356770812661196,True
t1_TC_gldm_DependenceEntropy,t1,TC,gldm,DependenceEntropy,0.9310519089499616,0.9550767286813973,0.0010999289305140831,True
t1_TC_gldm_DependenceNonUniformity,t1,TC,gldm,DependenceNonUniformity,0.9724314588984503,0.9760420303589539,-0.03701645786040537,True
t1_TC_gldm_DependenceNonUniformityNormalized,t1,TC,gldm,DependenceNonUniformityNormalized,0.9646733569192221,0.9800793611208095,0.0027877084972213867,True
t1_TC_gldm_DependenceVariance,t1,TC,gldm,DependenceVariance,0.9943143253577044,0.9911716295077061,-0.007982647042294587,True
t1_TC_gldm_GrayLevelNonUniformity,t1,TC,gldm,GrayLevelNonUniformity,0.9916504094989768,0.9839670584844908,-0.02374858555666165,True
t1_TC_gldm_GrayLevelVariance,t1,TC,gldm,GrayLevelVariance,0.7750517259686166,0.8884815535271917,0.12309977668444105,False
t1_TC_gldm_HighGrayLevelEmphasis,t1,TC,gldm,HighGrayLevelEmphasis,0.8640526182394194,0.8092118753498374,-0.08271454386583074,True
t1_TC_gldm_LargeDependenceEmphasis,t1,TC,gldm,LargeDependenceEmphasis,0.9921841092050203,0.9794642015949812,0.0049748382903961825,True
t1_TC_gldm_LargeDependenceHighGrayLevelEmphasis,t1,TC,gldm,LargeDependenceHighGrayLevelEmphasis,0.8554832099526553,0.8995516540032475,-0.10022904677723575,True
t1_TC_gldm_LargeDependenceLowGrayLevelEmphasis,t1,TC,gldm,LargeDependenceLowGrayLevelEmphasis,0.6481452906237388,0.8161282635321242,-0.021175614978303937,False
t1_TC_gldm_LowGrayLevelEmphasis,t1,TC,gldm,LowGrayLevelEmphasis,0.7119935427884513,0.829002277752839,0.02267358347805466,False
t1_TC_gldm_SmallDependenceEmphasis,t1,TC,gldm,SmallDependenceEmphasis,0.9102803568950273,0.953796531830349,-0.023662522295254167,True
t1_TC_gldm_SmallDependenceHighGrayLevelEmphasis,t1,TC,gldm,SmallDependenceHighGrayLevelEmphasis,0.8856525076200338,0.7986627207785371,-0.013109021292804005,True
t1_TC_gldm_SmallDependenceLowGrayLevelEmphasis,t1,TC,gldm,SmallDependenceLowGrayLevelEmphasis,0.8018803580747368,0.9157120610060907,-0.005486187445993821,False
t1_TC_ngtdm_Busyness,t1,TC,ngtdm,Busyness,0.8328254278228294,0.8712238349377358,0.05710049885895539,False
t1_TC_ngtdm_Coarseness,t1,TC,ngtdm,Coarseness,0.9544433982683028,0.9725339584684191,-0.005156359571632938,True
t1_TC_ngtdm_Complexity,t1,TC,ngtdm,Complexity,0.9171946404973064,0.8275558215704857,0.03237529419971661,True
t1_TC_ngtdm_Contrast,t1,TC,ngtdm,Contrast,0.8212148105640265,0.923146624104278,0.09123847579646688,False
t1_TC_ngtdm_Strength,t1,TC,ngtdm,Strength,0.626519354057194,0.8546727185063262,0.19312329364411265,False
t1ce_TC_firstorder_10Percentile,t1ce,TC,firstorder,10Percentile,0.9713726816879572,0.9743995089806685,0.08604354009002474,True
t1ce_TC_firstorder_90Percentile,t1ce,TC,firstorder,90Percentile,0.9617919013715825,0.9642320758585908,0.021547562096641888,True
t1ce_TC_firstorder_Energy,t1ce,TC,firstorder,Energy,0.9946390153635135,0.9942003203263116,0.007726729242418592,True
t1ce_TC_firstorder_Entropy,t1ce,TC,firstorder,Entropy,0.8860766431592224,0.9594244101950222,0.003453747162456034,True
t1ce_TC_firstorder_InterquartileRange,t1ce,TC,firstorder,InterquartileRange,0.949012179917227,0.9488032099134897,0.004261886681956302,True
t1ce_TC_firstorder_Kurtosis,t1ce,TC,firstorder,Kurtosis,0.9330029265314463,0.9611507362517389,-0.0038987374012804006,True
t1ce_TC_firstorder_Maximum,t1ce,TC,firstorder,Maximum,0.9459516822751118,0.9482905769752994,0.011832082430811084,True
t1ce_TC_firstorder_MeanAbsoluteDeviation,t1ce,TC,firstorder,MeanAbsoluteDeviation,0.949689158034417,0.9522447780715025,0.006010766315179946,True
t1ce_TC_firstorder_Mean,t1ce,TC,firstorder,Mean,0.9685162918333383,0.9666317522070925,0.04899042651086339,True
t1ce_TC_firstorder_Median,t1ce,TC,firstorder,Median,0.9617729529993494,0.9605023248596496,0.06364933654360037,True
t1ce_TC_firstorder_Minimum,t1ce,TC,firstorder,Minimum,0.76171782608859,0.8069119546001187,0.06717608769590153,False
t1ce_TC_firstorder_Range,t1ce,TC,firstorder,Range,0.9285245108684006,0.9303872179826094,-0.005942516832353175,True
t1ce_TC_firstorder_RobustMeanAbsoluteDeviation,t1ce,TC,firstorder,RobustMeanAbsoluteDeviation,0.9511422457615634,0.950346650705771,0.004612157335684914,True
t1ce_TC_firstorder_RootMeanSquared,t1ce,TC,firstorder,RootMeanSquared,0.954983534169756,0.9609678509873034,0.027250740237222633,True
t1ce_TC_firstorder_Skewness,t1ce,TC,firstorder,Skewness,0.9070729353595527,0.9095798626697924,-0.05621286707745039,True
t1ce_TC_firstorder_TotalEnergy,t1ce,TC,firstorder,TotalEnergy,0.9946390153635135,0.9942003203263116,0.007726729242418592,True
t1ce_TC_firstorder_Uniformity,t1ce,TC,firstorder,Uniformity,0.7410340237579941,0.9622923836600329,-0.03070818646275308,False
t1ce_TC_firstorder_Variance,t1ce,TC,firstorder,Variance,0.9678136127319741,0.952424892347083,0.012517051417750735,True
t1ce_TC_glcm_Autocorrelation,t1ce,TC,glcm,Autocorrelation,0.8849733440432183,0.863603615586258,-0.04517037578145195,True
t1ce_TC_glcm_JointAverage,t1ce,TC,glcm,JointAverage,0.8602533300914149,0.8517687221861993,-0.023229130941814655,True
t1ce_TC_glcm_ClusterProminence,t1ce,TC,glcm,ClusterProminence,0.9822797125689817,0.9572935197654635,0.021677821558270156,True
t1ce_TC_glcm_ClusterShade,t1ce,TC,glcm,ClusterShade,0.9489428813235891,0.9340892590929999,-0.04580963930697531,True
t1ce_TC_glcm_ClusterTendency,t1ce,TC,glcm,ClusterTendency,0.9751750097382452,0.962231421905221,0.010581932238385891,True
t1ce_TC_glcm_Contrast,t1ce,TC,glcm,Contrast,0.9534596215920256,0.9540182109387557,0.04778695283894384,True
t1ce_TC_glcm_Correlation,t1ce,TC,glcm,Correlation,0.9344604718754216,0.9394372675833097,-0.008270303077776524,True
t1ce_TC_glcm_DifferenceAverage,t1ce,TC,glcm,DifferenceAverage,0.9469537629478076,0.9569471461585781,0.026700333390182174,True
t1ce_TC_glcm_DifferenceEntropy,t1ce,TC,glcm,DifferenceEntropy,0.9316225571464185,0.961156278229449,0.009443121866439225,True
t1ce_TC_glcm_DifferenceVariance,t1ce,TC,glcm,DifferenceVariance,0.9504751540308366,0.9452729701121141,0.04517660480962375,True
t1ce_TC_glcm_JointEnergy,t1ce,TC,glcm,JointEnergy,0.8137719901837798,0.9704945106710781,-0.07163826748848687,False
t1ce_TC_glcm_JointEntropy,t1ce,TC,glcm,JointEntropy,0.9533190823633597,0.9843217450579413,0.004493815927819928,True
t1ce_TC_glcm_Imc1,t1ce,TC,glcm,Imc1,0.8240000238370242,0.9031012907266088,0.003738237549391852,False
t1ce_TC_glcm_Imc2,t1ce,TC,glcm,Imc2,0.8311788411404766,0.8685692276145666,-0.0010354617715722068,False
t1ce_TC_glcm_Idm,t1ce,TC,glcm,Idm,0.9472090071733702,0.95182358776553,-0.022209503689394585,True
t1ce_TC_glcm_Idmn,t1ce,TC,glcm,Idmn,0.945220189903397,0.9508537416662511,-0.0005675074038698035,True
t1ce_TC_glcm_Id,t1ce,TC,glcm,Id,0.9449662014201082,0.9542731419134233,-0.016105890256169222,True
t1ce_TC_glcm_Idn,t1ce,TC,glcm,Idn,0.9459900831400595,0.9412300973725484,-0.0017687820373101057,True
t1ce_TC_glcm_InverseVariance,t1ce,TC,glcm,InverseVariance,0.9353441543621815,0.9509950620978603,-0.023019238572432495,True
t1ce_TC_glcm_MaximumProbability,t1ce,TC,glcm,MaximumProbability,0.8906863568408886,0.9721765009061134,-0.03583764539218603,True
t1ce_TC_glcm_SumEntropy,t1ce,TC,glcm,SumEntropy,0.9126915491836997,0.9743517271573533,0.002772770464035931,True
t1ce_TC_glcm_SumSquares,t1ce,TC,glcm,SumSquares,0.9743310278031077,0.9626997190217301,0.014748920405796806,True
t1ce_TC_glcm_MCC,t1ce,TC,glcm,MCC,0.8232696170104173,0.8728975122062059,0.0005612665749560844,False
t1ce_TC_glrlm_GrayLevelNonUniformity,t1ce,TC,glrlm,GrayLevelNonUniformity,0.9705458351800638,0.9701398240976273,-0.03582338141714554,True
t1ce_TC_glrlm_GrayLevelNonUniformityNormalized,t1ce,TC,glrlm,GrayLevelNonUniformityNormalized,0.7324724222397945,0.960252935862692,-0.03069051279479989,False
t1ce_TC_glrlm_GrayLevelVariance,t1ce,TC,glrlm,GrayLevelVariance,0.9671863341294931,0.9534085933906373,0.011411499818951084,True
t1ce_TC_glrlm_HighGrayLevelRunEmphasis,t1ce,TC,glrlm,HighGrayLevelRunEmphasis,0.8796869197499737,0.8572137152864372,-0.03928330243931795,True
t1ce_TC_glrlm_LongRunEmphasis,t1ce,TC,glrlm,LongRunEmphasis,0.9731675014049157,0.9494266824058835,-0.0011682799373374006,True
t1ce_TC_glrlm_LongRunHighGrayLevelEmphasis,t1ce,TC,glrlm,LongRunHighGrayLevelEmphasis,0.86000006034137,0.8407013926989985,-0.044317603756743595,True
t1ce_TC_glrlm_LongRunLowGrayLevelEmphasis,t1ce,TC,glrlm,LongRunLowGrayLevelEmphasis,0.7603856664834031,0.810536408022567,0.05428123880525412,False
t1ce_TC_glrlm_LowGrayLevelRunEmphasis,t1ce,TC,glrlm,LowGrayLevelRunEmphasis,0.743569942720381,0.7919874086266425,0.05706079297567182,False
t1ce_TC_glrlm_RunEntropy,t1ce,TC,glrlm,RunEntropy,0.875689331064241,0.9661246612466124,0.0026211408776710622,True
t1ce_TC_glrlm_RunLengthNonUniformity,t1ce,TC,glrlm,RunLengthNonUniformity,0.9801828094352424,0.9766682738402027,-0.03239284589606083,True
t1ce_TC_glrlm_RunLengthNonUniformityNormalized,t1ce,TC,glrlm,RunLengthNonUniformityNormalized,0.9568027669657947,0.9422775311597698,0.0013750343828364895,True
t1ce_TC_glrlm_RunPercentage,t1ce,TC,glrlm,RunPercentage,0.9663488521965773,0.945527901086782,0.000647073425646397,True
t1ce_TC_glrlm_RunVariance,t1ce,TC,glrlm,RunVariance,0.9781004561743822,0.9519039464423273,-0.0028278417313509843,True
t1ce_TC_glrlm_ShortRunEmphasis,t1ce,TC,glrlm,ShortRunEmphasis,0.9597807488596238,0.9424770423573356,0.0005301998054488678,True
t1ce_TC_glrlm_ShortRunHighGrayLevelEmphasis,t1ce,TC,glrlm,ShortRunHighGrayLevelEmphasis,0.8836689555548863,0.8584606602712245,-0.03816530980324544,True
t1ce_TC_glrlm_ShortRunLowGrayLevelEmphasis,t1ce,TC,glrlm,ShortRunLowGrayLevelEmphasis,0.7438809841102675,0.7897235107320398,0.05809435486085635,False
t1ce_TC_glszm_GrayLevelNonUniformity,t1ce,TC,glszm,GrayLevelNonUniformity,0.9767548275745543,0.9731214081056966,-0.02494043871161033,True
t1ce_TC_glszm_GrayLevelNonUniformityNormalized,t1ce,TC,glszm,GrayLevelNonUniformityNormalized,0.7236148677324695,0.9574320692082177,-0.01275446865821995,False
t1ce_TC_glszm_GrayLevelVariance,t1ce,TC,glszm,GrayLevelVariance,0.9540093536582022,0.9460876408355086,-0.0008353451710985883,True
t1ce_TC_glszm_HighGrayLevelZoneEmphasis,t1ce,TC,glszm,HighGrayLevelZoneEmphasis,0.8716705916562245,0.8534146895661185,-0.03449076814582987,True
t1ce_TC_glszm_LargeAreaEmphasis,t1ce,TC,glszm,LargeAreaEmphasis,0.9648890950467472,0.9638690763185752,0.04168833258202169,True
t1ce_TC_glszm_LargeAreaHighGrayLevelEmphasis,t1ce,TC,glszm,LargeAreaHighGrayLevelEmphasis,0.9572660923666532,0.9450180391374466,-0.04375623029588103,True
t1ce_TC_glszm_LargeAreaLowGrayLevelEmphasis,t1ce,TC,glszm,LargeAreaLowGrayLevelEmphasis,0.9936704136687673,0.9507318181566274,0.028115784026252498,True
t1ce_TC_glszm_LowGrayLevelZoneEmphasis,t1ce,TC,glszm,LowGrayLevelZoneEmphasis,0.6038397320490677,0.8282735076839521,0.009779963862928055,False
t1ce_TC_glszm_SizeZoneNonUniformity,t1ce,TC,glszm,SizeZoneNonUniformity,0.9847221231562683,0.9832576853375896,-0.027531582503923423,True
t1ce_TC_glszm_SizeZoneNonUniformityNormalized,t1ce,TC,glszm,SizeZoneNonUniformityNormalized,0.9226833351822118,0.9526964492548811,0.004259757331442143,True
t1ce_TC_glszm_SmallAreaEmphasis,t1ce,TC,glszm,SmallAreaEmphasis,0.9199121095788438,0.9529236703409978,0.0020476833340781248,True
t1ce_TC_glszm_SmallAreaHighGrayLevelEmphasis,t1ce,TC,glszm,SmallAreaHighGrayLevelEmphasis,0.8899334716578937,0.8641495003907095,-0.028688996357438663,True
t1ce_TC_glszm_SmallAreaLowGrayLevelEmphasis,t1ce,TC,glszm,SmallAreaLowGrayLevelEmphasis,0.6143396790550028,0.8573217838517854,-0.00953362203940327,False
t1ce_TC_glszm_ZoneEntropy,t1ce,TC,glszm,ZoneEntropy,0.8982138209620099,0.9608708663773755,4.1480649011459446e-05,True
t1ce_TC_glszm_ZonePercentage,t1ce,TC,glszm,ZonePercentage,0.9328241164574121,0.9432972550584402,0.008862424363601325,True
t1ce_TC_glszm_ZoneVariance,t1ce,TC,glszm,ZoneVariance,0.9649468319999538,0.9635254737005449,0.042104030090897915,True
t1ce_TC_gldm_DependenceEntropy,t1ce,TC,gldm,DependenceEntropy,0.9125253101912048,0.9628410394533392,0.00021275591474711325,True
t1ce_TC_gldm_DependenceNonUniformity,t1ce,TC,gldm,DependenceNonUniformity,0.9820064735043598,0.9785331493396734,-0.02741816470587458,True
t1ce_TC_gldm_DependenceNonUniformityNormalized,t1ce,TC,gldm,DependenceNonUniformityNormalized,0.9285419232389264,0.9391795656197871,0.010516239994467158,True
t1ce_TC_gldm_DependenceVariance,t1ce,TC,gldm,DependenceVariance,0.9856703407120103,0.9513137258161948,-0.0013163134540161306,True
t1ce_TC_gldm_GrayLevelNonUniformity,t1ce,TC,gldm,GrayLevelNonUniformity,0.9710175345007057,0.9699624808109022,-0.030950737811650177,True
t1ce_TC_gldm_GrayLevelVariance,t1ce,TC,gldm,GrayLevelVariance,0.9679047747235036,0.9529680061626793,0.012546781807096187,True
t1ce_TC_gldm_HighGrayLevelEmphasis,t1ce,TC,gldm,HighGrayLevelEmphasis,0.8809288841184997,0.8568146928913052,-0.039836794173948524,True
t1ce_TC_gldm_LargeDependenceEmphasis,t1ce,TC,gldm,LargeDependenceEmphasis,0.9761127049122279,0.949149583520375,-0.0047231414240628865,True
t1ce_TC_gldm_LargeDependenceHighGrayLevelEmphasis,t1ce,TC,gldm,LargeDependenceHighGrayLevelEmphasis,0.8581787075894781,0.8538691317383521,-0.07609701959765543,True
t1ce_TC_gldm_LargeDependenceLowGrayLevelEmphasis,t1ce,TC,gldm,LargeDependenceLowGrayLevelEmphasis,0.8428561865873107,0.8770595374665403,0.03858999629927126,False
t1ce_TC_gldm_LowGrayLevelEmphasis,t1ce,TC,gldm,LowGrayLevelEmphasis,0.7522388650361996,0.7891526870278928,0.058238692980520076,False
t1ce_TC_gldm_SmallDependenceEmphasis,t1ce,TC,gldm,SmallDependenceEmphasis,0.9299686432564289,0.9449265965052288,0.008711345979391338,True
t1ce_TC_gldm_SmallDependenceHighGrayLevelEmphasis,t1ce,TC,gldm,SmallDependenceHighGrayLevelEmphasis,0.9252379455020713,0.892541052199888,-0.021234724678053693,True
t1ce_TC_gldm_SmallDependenceLowGrayLevelEmphasis,t1ce,TC,gldm,SmallDependenceLowGrayLevelEmphasis,0.8348083503212518,0.8593224378051553,0.056184998278168606,False
t1ce_TC_ngtdm_Busyness,t1ce,TC,ngtdm,Busyness,0.9368080078977461,0.94998642215461,0.029164888259382068,True
t1ce_TC_ngtdm_Coarseness,t1ce,TC,ngtdm,Coarseness,0.9359533231939929,0.9631264513054127,-0.06346087631762741,True
t1ce_TC_ngtdm_Complexity,t1ce,TC,ngtdm,Complexity,0.9323347930012834,0.9439844602945007,0.034720948061779805,True
t1ce_TC_ngtdm_Contrast,t1ce,TC,ngtdm,Contrast,0.9359949004759329,0.948980553200215,0.05900937438068769,True
t1ce_TC_ngtdm_Strength,t1ce,TC,ngtdm,Strength,0.5321079845935974,0.9688901081239852,0.08651494118524128,False
t2_TC_firstorder_10Percentile,t2,TC,firstorder,10Percentile,0.9575753188727519,0.9465337700411768,0.12338048948960885,True
t2_TC_firstorder_90Percentile,t2,TC,firstorder,90Percentile,0.9850400619570873,0.9844963173558117,0.00881337551351477,True
t2_TC_firstorder_Energy,t2,TC,firstorder,Energy,0.9966658738680564,0.9882454652767387,-0.013719346222755677,True
t2_TC_firstorder_Entropy,t2,TC,firstorder,Entropy,0.9455610978474213,0.9735425984116692,-0.0009345713156667072,True
t2_TC_firstorder_InterquartileRange,t2,TC,firstorder,InterquartileRange,0.9799374422296436,0.9691062452546815,-0.009922561680319643,True
t2_TC_firstorder_Kurtosis,t2,TC,firstorder,Kurtosis,0.8442279252262047,0.9078812465016266,0.010650845370000276,False
t2_TC_firstorder_Maximum,t2,TC,firstorder,Maximum,0.9102405634295168,0.96520746393558,0.009696317808354638,True
t2_TC_firstorder_MeanAbsoluteDeviation,t2,TC,firstorder,MeanAbsoluteDeviation,0.9779296621835716,0.9757870993842864,-0.006760696540501225,True
t2_TC_firstorder_Mean,t2,TC,firstorder,Mean,0.9871002148187877,0.9867491312949939,0.019515244444558166,True
t2_TC_firstorder_Median,t2,TC,firstorder,Median,0.9874593758935112,0.9865274521865873,0.02097062500840976,True
t2_TC_firstorder_Minimum,t2,TC,firstorder,Minimum,0.7835568929653922,0.8044319195748194,0.02529574213436074,False
t2_TC_firstorder_Range,t2,TC,firstorder,Range,0.8966591667119653,0.9340227553604781,0.0005548259869935252,True
t2_TC_firstorder_RobustMeanAbsoluteDeviation,t2,TC,firstorder,RobustMeanAbsoluteDeviation,0.979733398398972,0.9687293907703904,-0.007912302234752864,True
t2_TC_firstorder_RootMeanSquared,t2,TC,firstorder,RootMeanSquared,0.9909689292960357,0.9875582600406783,0.005418746364311321,True
t2_TC_firstorder_Skewness,t2,TC,firstorder,Skewness,0.8724692083741309,0.8953009570995506,0.09166552401371884,True
t2_TC_firstorder_TotalEnergy,t2,TC,firstorder,TotalEnergy,0.9966658738680564,0.9882454652767387,-0.013719346222755677,True
t2_TC_firstorder_Uniformity,t2,TC,firstorder,Uniformity,0.8727529124000724,0.9709738917430075,-0.0017407404256632342,True
t2_TC_firstorder_Variance,t2,TC,firstorder,Variance,0.9820861004121508,0.975246756557545,-0.01657720244397315,True
t2_TC_glcm_Autocorrelation,t2,TC,glcm,Autocorrelation,0.8544553329324506,0.8701459202731087,-0.017997593529050455,True
t2_TC_glcm_JointAverage,t2,TC,glcm,JointAverage,0.8609397649723836,0.8611402064940895,-0.00570899869377923,True
t2_TC_glcm_ClusterProminence,t2,TC,glcm,ClusterProminence,0.9838970549170548,0.963434031068327,-0.020795389717798967,True
t2_TC_glcm_ClusterShade,t2,TC,glcm,ClusterShade,0.9784288591602671,0.9278545341690636,-0.006249000789311398,True
t2_TC_glcm_ClusterTendency,t2,TC,glcm,ClusterTendency,0.9810552705248324,0.9757954123508514,-0.017126034022087244,True
t2_TC_glcm_Contrast,t2,TC,glcm,Contrast,0.9533088328764465,0.959648860292284,0.0235173903631298,True
t2_TC_glcm_Correlation,t2,TC,glcm,Correlation,0.9665822125568608,0.9793672169850534,-0.007662204116328024,True
t2_TC_glcm_DifferenceAverage,t2,TC,glcm,DifferenceAverage,0.9602357656161716,0.971893860042895,0.01239502090237075,True
t2_TC_glcm_DifferenceEntropy,t2,TC,glcm,DifferenceEntropy,0.9450696901800266,0.972733469665985,0.006675665772804006,True
t2_TC_glcm_DifferenceVariance,t2,TC,glcm,DifferenceVariance,0.9589008725740095,0.9471683264889909,0.02717865073285736,True
t2_TC_glcm_JointEnergy,t2,TC,glcm,JointEnergy,0.7655629738412285,0.9750250774491386,-0.0483667531182124,False
t2_TC_glcm_JointEntropy,t2,TC,glcm,JointEntropy,0.9566302817391771,0.9751608559030376,0.0017739069476298346,True
t2_TC_glcm_Imc1,t2,TC,glcm,Imc1,0.9747200295534615,0.9736617509324377,0.013786504158241245,True
t2_TC_glcm_Imc2,t2,TC,glcm,Imc2,0.9459484692397901,0.9654540819436825,-0.002645991811356478,True
t2_TC_glcm_Idm,t2,TC,glcm,Idm,0.9528963884369109,0.9777295625716995,-0.007817736595813337,True
t2_TC_glcm_Idmn,t2,TC,glcm,Idmn,0.9317199489714825,0.9264967496300729,-1.8974992403906965e-05,True
t2_TC_glcm_Id,t2,TC,glcm,Id,0.9534325152749576,0.9775743871958148,-0.005653150129673298,True
t2_TC_glcm_Idn,t2,TC,glcm,Idn,0.9219295334590698,0.913276361802473,-0.00020729744651843665,True
t2_TC_glcm_InverseVariance,t2,TC,glcm,InverseVariance,0.964031895529956,0.9786966376821232,-0.006283089114608352,True
t2_TC_glcm_MaximumProbability,t2,TC,glcm,MaximumProbability,0.8378282861386633,0.974504131544383,-0.02970816335008535,False
t2_TC_glcm_SumEntropy,t2,TC,glcm,SumEntropy,0.9566518654640244,0.9724785386913175,-0.0003706569137762675,True
t2_TC_glcm_SumSquares,t2,TC,glcm,SumSquares,0.9802156394466414,0.9760697402475048,-0.014431934129555724,True
t2_TC_glcm_MCC,t2,TC,glcm,MCC,0.9691292287890126,0.9767042966953187,-0.00642108019809354,True
t2_TC_glrlm_GrayLevelNonUniformity,t2,TC,glrlm,GrayLevelNonUniformity,0.9828770556885977,0.9767680294389857,-0.023507842397579918,True
t2_TC_glrlm_GrayLevelNonUniformityNormalized,t2,TC,glrlm,GrayLevelNonUniformityNormalized,0.8779952026659239,0.9684633758403025,-0.0010474689253677388,True
t2_TC_glrlm_GrayLevelVariance,t2,TC,glrlm,GrayLevelVariance,0.9816081745416182,0.9739665597064969,-0.015358572202664757,True
t2_TC_glrlm_HighGrayLevelRunEmphasis,t2,TC,glrlm,HighGrayLevelRunEmphasis,0.8512767645951057,0.8695085928364397,-0.013802325793312597,True
t2_TC_glrlm_LongRunEmphasis,t2,TC,glrlm,LongRunEmphasis,0.946697001365397,0.9680144756457791,0.0005357374286943678,True
t2_TC_glrlm_LongRunHighGrayLevelEmphasis,t2,TC,glrlm,LongRunHighGrayLevelEmphasis,0.8659699180063984,0.8735126717320343,-0.01935726062095679,True
t2_TC_glrlm_LongRunLowGrayLevelEmphasis,t2,TC,glrlm,LongRunLowGrayLevelEmphasis,0.5401041605811652,0.8287639727113018,-0.13599268644474752,False
t2_TC_glrlm_LowGrayLevelRunEmphasis,t2,TC,glrlm,LowGrayLevelRunEmphasis,0.6893776811703568,0.8208915933740115,-0.11450184408865578,False
t2_TC_glrlm_RunEntropy,t2,TC,glrlm,RunEntropy,0.9589445717554398,0.9731297210722618,-0.00038727132498919393,True
t2_TC_glrlm_RunLengthNonUniformity,t2,TC,glrlm,RunLengthNonUniformity,0.9766898353577389,0.9772972883103065,-0.03796757800501602,True
t2_TC_glrlm_RunLengthNonUniformityNormalized,t2,TC,glrlm,RunLengthNonUniformityNormalized,0.9250854302527499,0.9608708663773755,-0.0008069300276082061,True
t2_TC_glrlm_RunPercentage,t2,TC,glrlm,RunPercentage,0.9361346430117043,0.9646421822091431,-0.00045964806689956597,True
t2_TC_glrlm_RunVariance,t2,TC,glrlm,RunVariance,0.9726111788048141,0.9689316729568114,0.001975663202411252,True
t2_TC_glrlm_ShortRunEmphasis,t2,TC,glrlm,ShortRunEmphasis,0.9109208992839957,0.9608126756114188,-0.00026145163177611856,True
t2_TC_glrlm_ShortRunHighGrayLevelEmphasis,t2,TC,glrlm,ShortRunHighGrayLevelEmphasis,0.8580936853264501,0.8726065583764223,-0.012754726737784331,True
t2_TC_glrlm_ShortRunLowGrayLevelEmphasis,t2,TC,glrlm,ShortRunLowGrayLevelEmphasis,0.7182571264291946,0.821645302342594,-0.11033983871867295,False
t2_TC_glszm_GrayLevelNonUniformity,t2,TC,glszm,GrayLevelNonUniformity,0.9704478914680579,0.9762553965007954,-0.060852700922703964,True
t2_TC_glszm_GrayLevelNonUniformityNormalized,t2,TC,glszm,GrayLevelNonUniformityNormalized,0.8268778677392001,0.9527463270542726,-0.011289490540592147,False
t2_TC_glszm_GrayLevelVariance,t2,TC,glszm,GrayLevelVariance,0.9610981489052416,0.9352447614455696,-0.0032264096636002567,True
t2_TC_glszm_HighGrayLevelZoneEmphasis,t2,TC,glszm,HighGrayLevelZoneEmphasis,0.8609185309795007,0.8564018155518979,-0.004671098717588111,True
t2_TC_glszm_LargeAreaEmphasis,t2,TC,glszm,LargeAreaEmphasis,0.9827430097092762,0.966781385605267,0.07174685704939482,True
t2_TC_glszm_LargeAreaHighGrayLevelEmphasis,t2,TC,glszm,LargeAreaHighGrayLevelEmphasis,0.9568449097079318,0.9623006966265982,-0.07762618127481102,True
t2_TC_glszm_LargeAreaLowGrayLevelEmphasis,t2,TC,glszm,LargeAreaLowGrayLevelEmphasis,0.8275244947528773,0.9343414190788125,0.04429943894710322,False
t2_TC_glszm_LowGrayLevelZoneEmphasis,t2,TC,glszm,LowGrayLevelZoneEmphasis,0.5928274183750556,0.8246019474509674,-0.14193706031565084,False
t2_TC_glszm_SizeZoneNonUniformity,t2,TC,glszm,SizeZoneNonUniformity,0.9567809623634307,0.9784001418746295,-0.08682109435726741,True
t2_TC_glszm_SizeZoneNonUniformityNormalized,t2,TC,glszm,SizeZoneNonUniformityNormalized,0.8830002061531026,0.8999146535432635,-0.017408745938345953,True
t2_TC_glszm_SmallAreaEmphasis,t2,TC,glszm,SmallAreaEmphasis,0.8655924862651717,0.89796110640043,-0.009742729837492062,True
t2_TC_glszm_SmallAreaHighGrayLevelEmphasis,t2,TC,glszm,SmallAreaHighGrayLevelEmphasis,0.8744937739234663,0.8756186232618973,-0.00893120950636267,True
t2_TC_glszm_SmallAreaLowGrayLevelEmphasis,t2,TC,glszm,SmallAreaLowGrayLevelEmphasis,0.8423939364574529,0.8321473501033579,-0.10027506614629968,False
t2_TC_glszm_ZoneEntropy,t2,TC,glszm,ZoneEntropy,0.9449197898710543,0.976679357795623,0.004289679229591692,True
t2_TC_glszm_ZonePercentage,t2,TC,glszm,ZonePercentage,0.9291361589866131,0.9328007492753863,-0.018907879641678824,True
t2_TC_glszm_ZoneVariance,t2,TC,glszm,ZoneVariance,0.9829980704566254,0.9677512317045461,0.07168131323371489,True
t2_TC_gldm_DependenceEntropy,t2,TC,gldm,DependenceEntropy,0.964585027278926,0.9728138283427824,-0.0009167854220056125,True
t2_TC_gldm_DependenceNonUniformity,t2,TC,gldm,DependenceNonUniformity,0.9739438389192132,0.981196069629408,-0.03729472203191688,True
t2_TC_gldm_DependenceNonUniformityNormalized,t2,TC,gldm,DependenceNonUniformityNormalized,0.9616237013235147,0.9716943488453289,-2.6390587344174175e-05,True
t2_TC_gldm_DependenceVariance,t2,TC,gldm,DependenceVariance,0.9898811005718999,0.9836899595989825,-0.0034439559528428748,True
t2_TC_gldm_GrayLevelNonUniformity,t2,TC,gldm,GrayLevelNonUniformity,0.9855427192111285,0.9767070676841738,-0.021584682995044055,True
t2_TC_gldm_GrayLevelVariance,t2,TC,gldm,GrayLevelVariance,0.9820916916046946,0.9752716954572409,-0.016526940959778417,True
t2_TC_gldm_HighGrayLevelEmphasis,t2,TC,gldm,HighGrayLevelEmphasis,0.8537220737218583,0.8722213909255657,-0.0141742167295203,True
t2_TC_gldm_LargeDependenceEmphasis,t2,TC,gldm,LargeDependenceEmphasis,0.9502479891526446,0.9728637061421739,0.0005472217000842481,True
t2_TC_gldm_LargeDependenceHighGrayLevelEmphasis,t2,TC,gldm,LargeDependenceHighGrayLevelEmphasis,0.9427108338309572,0.89243852561225,-0.031205711176660152,True
t2_TC_gldm_LargeDependenceLowGrayLevelEmphasis,t2,TC,gldm,LargeDependenceLowGrayLevelEmphasis,0.439178486553166,0.8873759289740136,-0.15656626520732678,False
t2_TC_gldm_LowGrayLevelEmphasis,t2,TC,gldm,LowGrayLevelEmphasis,0.722485173178022,0.8194534501582235,-0.10797056135732917,False
t2_TC_gldm_SmallDependenceEmphasis,t2,TC,gldm,SmallDependenceEmphasis,0.9276422035583813,0.9336819237313028,-0.015402859655325377,True
t2_TC_gldm_SmallDependenceHighGrayLevelEmphasis,t2,TC,gldm,SmallDependenceHighGrayLevelEmphasis,0.9205039580209607,0.9239197299948461,-0.00481951724476657,True
t2_TC_gldm_SmallDependenceLowGrayLevelEmphasis,t2,TC,gldm,SmallDependenceLowGrayLevelEmphasis,0.8295179973153195,0.849316397049451,-0.08367310513128753,False
t2_TC_ngtdm_Busyness,t2,TC,ngtdm,Busyness,0.8945154072442164,0.9070665757782322,-0.03600613719095166,True
t2_TC_ngtdm_Coarseness,t2,TC,ngtdm,Coarseness,0.9100757783934816,0.9716998908230391,-0.06552715464827101,True
t2_TC_ngtdm_Complexity,t2,TC,ngtdm,Complexity,0.8766037962789338,0.9510781917635127,0.022602952029748654,True
t2_TC_ngtdm_Contrast,t2,TC,ngtdm,Contrast,0.9622892828210604,0.9404625334596904,-0.024423802829593236,True
t2_TC_ngtdm_Strength,t2,TC,ngtdm,Strength,0.8438909198960556,0.9342915412794209,0.05741678430888103,False
flair_TC_firstorder_10Percentile,flair,TC,firstorder,10Percentile,0.9295761240891575,0.9027355201977378,0.08087327140371382,True
flair_TC_firstorder_90Percentile,flair,TC,firstorder,90Percentile,0.9836384875684047,0.9743129333133822,0.012809035194994016,True
flair_TC_firstorder_Energy,flair,TC,firstorder,Energy,0.9931339341434493,0.989126639732655,-0.009294094923144286,True
flair_TC_firstorder_Entropy,flair,TC,firstorder,Entropy,0.9559439140376315,0.9577895267705234,-0.0021619780945499366,True
flair_TC_firstorder_InterquartileRange,flair,TC,firstorder,InterquartileRange,0.9759050547333471,0.9568667874817808,-0.013080860710468148,True
flair_TC_firstorder_Kurtosis,flair,TC,firstorder,Kurtosis,0.8318679438102529,0.8380911211975105,0.011993318946391893,False
flair_TC_firstorder_Maximum,flair,TC,firstorder,Maximum,0.9511309470517381,0.9603305235506343,0.015419032757118104,True
flair_TC_firstorder_MeanAbsoluteDeviation,flair,TC,firstorder,MeanAbsoluteDeviation,0.97186975950556,0.9491052476986938,-0.011153073841418731,True
flair_TC_firstorder_Mean,flair,TC,firstorder,Mean,0.9838669219042738,0.9818749618989032,0.021560834880378844,True
flair_TC_firstorder_Median,flair,TC,firstorder,Median,0.9860471553459476,0.9865025132868916,0.017136637160734124,True
flair_TC_firstorder_Minimum,flair,TC,firstorder,Minimum,0.6494822275064202,0.6390320375027424,0.06653766732634545,False
flair_TC_firstorder_Range,flair,TC,firstorder,Range,0.9159724150135943,0.9197549337456565,-0.0007241924085371535,True
flair_TC_firstorder_RobustMeanAbsoluteDeviation,flair,TC,firstorder,RobustMeanAbsoluteDeviation,0.9748120986715586,0.953056677806042,-0.012165644996306929,True
flair_TC_firstorder_RootMeanSquared,flair,TC,firstorder,RootMeanSquared,0.9878697336111765,0.9841111499049552,0.014474514431191424,True
flair_TC_firstorder_Skewness,flair,TC,firstorder,Skewness,0.8867965588255632,0.893375119845268,1.324719098066393,True
flair_TC_firstorder_TotalEnergy,flair,TC,firstorder,TotalEnergy,0.9931339341434493,0.989126639732655,-0.009294094923144286,True
flair_TC_firstorder_Uniformity,flair,TC,firstorder,Uniformity,0.9595986679526001,0.9657117839072051,0.0033228469991768727,True
flair_TC_firstorder_Variance,flair,TC,firstorder,Variance,0.9840132740525399,0.9404265106045744,-0.024563544353133817,True
flair_TC_glcm_Autocorrelation,flair,TC,glcm,Autocorrelation,0.8469553840939182,0.7962962962962964,-0.03882784193121473,False
flair_TC_glcm_JointAverage,flair,TC,glcm,JointAverage,0.8063484904167139,0.7844835708070783,-0.016600644362958137,False
flair_TC_glcm_ClusterProminence,flair,TC,glcm,ClusterProminence,0.9979771295623715,0.9177099439706055,-0.022977618537723867,True
flair_TC_glcm_ClusterShade,flair,TC,glcm,ClusterShade,0.9939147891747815,0.8825959731989957,0.08047425147463275,True
flair_TC_glcm_ClusterTendency,flair,TC,glcm,ClusterTendency,0.9873064936443051,0.9446605815751409,-0.02358921928659513,True
flair_TC_glcm_Contrast,flair,TC,glcm,Contrast,0.9643303309078194,0.963298252614428,0.039518203430244335,True
flair_TC_glcm_Correlation,flair,TC,glcm,Correlation,0.9574353868399234,0.9746315970317166,-0.013587370816328269,True
flair_TC_glcm_DifferenceAverage,flair,TC,glcm,DifferenceAverage,0.9725509661403566,0.9738003003751918,0.01650832290666493,True
flair_TC_glcm_DifferenceEntropy,flair,TC,glcm,DifferenceEntropy,0.9764228921295723,0.9738501781745835,0.006175157685369611,True
flair_TC_glcm_DifferenceVariance,flair,TC,glcm,DifferenceVariance,0.9600844539686424,0.9539101423734074,0.049394330708247884,True
flair_TC_glcm_JointEnergy,flair,TC,glcm,JointEnergy,0.9810476892476739,0.9840307912281577,-0.011200683952472163,True
flair_TC_glcm_JointEntropy,flair,TC,glcm,JointEntropy,0.9790992747908119,0.9812847412727707,0.0007008062742920297,True
flair_TC_glcm_Imc1,flair,TC,glcm,Imc1,0.9559866864695754,0.9685437345170999,0.012961134421775437,True
flair_TC_glcm_Imc2,flair,TC,glcm,Imc2,0.9387901258849207,0.9322853453483411,-0.004338803539306031,True
flair_TC_glcm_Idm,flair,TC,glcm,Idm,0.9877578262391329,0.9836289978441707,-0.0064799104292355475,True
flair_TC_glcm_Idmn,flair,TC,glcm,Idmn,0.8686107919077191,0.9454724813096801,-0.00023637774565951007,True
flair_TC_glcm_Id,flair,TC,glcm,Id,0.9862108815717014,0.9823377170377022,-0.0051510358089895125,True
flair_TC_glcm_Idn,flair,TC,glcm,Idn,0.8908872499163272,0.9366164009288354,-0.0006392100120496623,True
flair_TC_glcm_InverseVariance,flair,TC,glcm,InverseVariance,0.9847054169239567,0.9809549935990156,-0.00763706847656831,True
flair_TC_glcm_MaximumProbability,flair,TC,glcm,MaximumProbability,0.9822083082867952,0.987688496516867,-0.013326355455253014,True
flair_TC_glcm_SumEntropy,flair,TC,glcm,SumEntropy,0.9636725336589177,0.9669587288919924,-0.001462162398963752,True
flair_TC_glcm_SumSquares,flair,TC,glcm,SumSquares,0.986474941844191,0.9468219528821055,-0.01816945029292893,True
flair_TC_glcm_MCC,flair,TC,glcm,MCC,0.8983947940083026,0.9267378256604654,-0.009973704734080761,True
flair_TC_glrlm_GrayLevelNonUniformity,flair,TC,glrlm,GrayLevelNonUniformity,0.9894360043969473,0.9784777295625718,-0.015956248961599334,True
flair_TC_glrlm_GrayLevelNonUniformityNormalized,flair,TC,glrlm,GrayLevelNonUniformityNormalized,0.9565501803448696,0.9638496793965895,0.003839365922083749,True
flair_TC_glrlm_GrayLevelVariance,flair,TC,glrlm,GrayLevelVariance,0.983263773867961,0.9371622857332869,-0.02445603384401937,True
flair_TC_glrlm_HighGrayLevelRunEmphasis,flair,TC,glrlm,HighGrayLevelRunEmphasis,0.8402555008422286,0.7922949883895568,-0.0337004779785945,False
flair_TC_glrlm_LongRunEmphasis,flair,TC,glrlm,LongRunEmphasis,0.9888528803051703,0.9862558952787893,0.004380434219005064,True
flair_TC_glrlm_LongRunHighGrayLevelEmphasis,flair,TC,glrlm,LongRunHighGrayLevelEmphasis,0.7870523333638089,0.7177387622546982,-0.03771629277372187,False
flair_TC_glrlm_LongRunLowGrayLevelEmphasis,flair,TC,glrlm,LongRunLowGrayLevelEmphasis,0.9382909404757641,0.7502008966919936,0.035685351155916804,True
flair_TC_glrlm_LowGrayLevelRunEmphasis,flair,TC,glrlm,LowGrayLevelRunEmphasis,0.9238787804881848,0.7089436436286655,0.007336010288856641,True
flair_TC_glrlm_RunEntropy,flair,TC,glrlm,RunEntropy,0.9424779587288238,0.9544920500329748,-0.0014776457170661986,True
flair_TC_glrlm_RunLengthNonUniformity,flair,TC,glrlm,RunLengthNonUniformity,0.9764363732858938,0.9736617509324377,-0.03771078396383889,True
flair_TC_glrlm_RunLengthNonUniformityNormalized,flair,TC,glrlm,RunLengthNonUniformityNormalized,0.9877528763078831,0.9834682804905759,-0.001261191185795448,True
flair_TC_glrlm_RunPercentage,flair,TC,glrlm,RunPercentage,0.9900313991712246,0.9848870267843784,-0.0008446270500224715,True
flair_TC_glrlm_RunVariance,flair,TC,glrlm,RunVariance,0.9912813740427036,0.9881457096779557,0.01543960849049982,True
flair_TC_glrlm_ShortRunEmphasis,flair,TC,glrlm,ShortRunEmphasis,0.9878303797380674,0.9836456237773014,-0.0006583506662224619,True
flair_TC_glrlm_ShortRunHighGrayLevelEmphasis,flair,TC,glrlm,ShortRunHighGrayLevelEmphasis,0.8525776745963017,0.8118110628959051,-0.03338342404823219,True
flair_TC_glrlm_ShortRunLowGrayLevelEmphasis,flair,TC,glrlm,ShortRunLowGrayLevelEmphasis,0.9185272813153041,0.7000127465487335,0.00396858909931278,True
flair_TC_glszm_GrayLevelNonUniformity,flair,TC,glszm,GrayLevelNonUniformity,0.9832836850582596,0.9758120382839819,-0.038876871726818814,True
flair_TC_glszm_GrayLevelNonUniformityNormalized,flair,TC,glszm,GrayLevelNonUniformityNormalized,0.8863010641653658,0.934992601459757,0.005627687872166671,True
flair_TC_glszm_GrayLevelVariance,flair,TC,glszm,GrayLevelVariance,0.9721538644707814,0.9092556569737478,-0.02432412273506209,True
flair_TC_glszm_HighGrayLevelZoneEmphasis,flair,TC,glszm,HighGrayLevelZoneEmphasis,0.8513128446478082,0.822246606924147,-0.027854369274312923,True
flair_TC_glszm_LargeAreaEmphasis,flair,TC,glszm,LargeAreaEmphasis,0.9625107998059063,0.9882981140649854,0.15188650324397213,True
flair_TC_glszm_LargeAreaHighGrayLevelEmphasis,flair,TC,glszm,LargeAreaHighGrayLevelEmphasis,0.9608028519892856,0.9747230396639345,-0.07430712834047426,True
flair_TC_glszm_LargeAreaLowGrayLevelEmphasis,flair,TC,glszm,LargeAreaLowGrayLevelEmphasis,0.7364580581698972,0.9687875815363471,0.4890820215060415,False
flair_TC_glszm_LowGrayLevelZoneEmphasis,flair,TC,glszm,LowGrayLevelZoneEmphasis,0.9245563971917244,0.7783375175265045,0.05692642599634402,True
flair_TC_glszm_SizeZoneNonUniformity,flair,TC,glszm,SizeZoneNonUniformity,0.9744252621407531,0.9643539993682146,-0.06426529357036798,True
flair_TC_glszm_SizeZoneNonUniformityNormalized,flair,TC,glszm,SizeZoneNonUniformityNormalized,0.9453489357581979,0.9546693933197001,-0.012409514885319354,True
flair_TC_glszm_SmallAreaEmphasis,flair,TC,glszm,SmallAreaEmphasis,0.9481608871361557,0.9534917230562898,-0.0069267594139336315,True
flair_TC_glszm_SmallAreaHighGrayLevelEmphasis,flair,TC,glszm,SmallAreaHighGrayLevelEmphasis,0.889657728916212,0.857039142988567,-0.031033987862799085,True
flair_TC_glszm_SmallAreaLowGrayLevelEmphasis,flair,TC,glszm,SmallAreaLowGrayLevelEmphasis,0.9414947904641139,0.7717176251517117,-0.01939534436226599,True
flair_TC_glszm_ZoneEntropy,flair,TC,glszm,ZoneEntropy,0.9301925430196191,0.9458798166713773,0.0005098767803951126,True
flair_TC_glszm_ZonePercentage,flair,TC,glszm,ZonePercentage,0.9778116072858887,0.982902998764139,-0.008894127552787597,True
flair_TC_glszm_ZoneVariance,flair,TC,glszm,ZoneVariance,0.9630531484241985,0.9881734195665066,0.15084920099378415,True
flair_TC_gldm_DependenceEntropy,flair,TC,gldm,DependenceEntropy,0.95309352038365,0.9581802361990901,-0.0013815504199347504,True
flair_TC_gldm_DependenceNonUniformity,flair,TC,gldm,DependenceNonUniformity,0.9757326459303538,0.9708685941665143,-0.03769674452799668,True
flair_TC_gldm_DependenceNonUniformityNormalized,flair,TC,gldm,DependenceNonUniformityNormalized,0.9725195614325238,0.9851170188593501,0.0001352527430650201,True
flair_TC_gldm_DependenceVariance,flair,TC,gldm,DependenceVariance,0.9975804859875431,0.9891210977549448,-0.001997549586581776,True
flair_TC_gldm_GrayLevelNonUniformity,flair,TC,gldm,GrayLevelNonUniformity,0.9911224897074145,0.9802456204521146,-0.01345459866529806,True
flair_TC_gldm_GrayLevelVariance,flair,TC,gldm,GrayLevelVariance,0.9839867216835989,0.9405650600473285,-0.0245564314163305,True
flair_TC_gldm_HighGrayLevelEmphasis,flair,TC,gldm,HighGrayLevelEmphasis,0.8415837017962653,0.7917435616073953,-0.03403034017930475,False
flair_TC_gldm_LargeDependenceEmphasis,flair,TC,gldm,LargeDependenceEmphasis,0.9915259655810368,0.9863861317549781,0.012041063782776706,True
flair_TC_gldm_LargeDependenceHighGrayLevelEmphasis,flair,TC,gldm,LargeDependenceHighGrayLevelEmphasis,0.8863930453903761,0.8433144351893418,-0.052263118862822984,True
flair_TC_gldm_LargeDependenceLowGrayLevelEmphasis,flair,TC,gldm,LargeDependenceLowGrayLevelEmphasis,0.957032854336261,0.8574409363725539,0.07698683968608873,True
flair_TC_gldm_LowGrayLevelEmphasis,flair,TC,gldm,LowGrayLevelEmphasis,0.9206846366803052,0.7040195964331831,0.006423551077825984,True
flair_TC_gldm_SmallDependenceEmphasis,flair,TC,gldm,SmallDependenceEmphasis,0.9743375526827598,0.9830637161177338,-0.00878011213351714,True
flair_TC_gldm_SmallDependenceHighGrayLevelEmphasis,flair,TC,gldm,SmallDependenceHighGrayLevelEmphasis,0.9353860333936149,0.9137779107852427,-0.037055347061549594,True
flair_TC_gldm_SmallDependenceLowGrayLevelEmphasis,flair,TC,gldm,SmallDependenceLowGrayLevelEmphasis,0.8724351343600181,0.8155131040062957,-0.05897518511568536,True
flair_TC_ngtdm_Busyness,flair,TC,ngtdm,Busyness,0.9097603729740544,0.9344217777556099,0.030813086903207887,True
flair_TC_ngtdm_Coarseness,flair,TC,ngtdm,Coarseness,0.9095284485647295,0.9735786212667854,-0.07453803863543891,True
flair_TC_ngtdm_Complexity,flair,TC,ngtdm,Complexity,0.9729244321714263,0.9415736999905786,0.003582645907766673,True
flair_TC_ngtdm_Contrast,flair,TC,ngtdm,Contrast,0.9383279175150059,0.9606962940795053,0.01286775966134061,True
flair_TC_ngtdm_Strength,flair,TC,ngtdm,Strength,0.8252843423886845,0.9436353156987601,0.0392207141163608,False
mask_ET_shape_Elongation,mask,ET,shape,Elongation,0.7552150745181169,0.8002144745373835,-0.015489133481368484,False
mask_ET_shape_Flatness,mask,ET,shape,Flatness,0.8221767602131811,0.8582500651182381,-0.011102552974793092,False
mask_ET_shape_LeastAxisLength,mask,ET,shape,LeastAxisLength,0.9663883530838924,0.9637942596194876,-0.017852118262690446,True
mask_ET_shape_MajorAxisLength,mask,ET,shape,MajorAxisLength,0.6755419641796415,0.8993466008279715,0.011002092017127653,False
mask_ET_shape_Maximum2DDiameterColumn,mask,ET,shape,Maximum2DDiameterColumn,0.9452956388793167,0.9533877933309596,-0.038787235717739024,True
mask_ET_shape_Maximum2DDiameterRow,mask,ET,shape,Maximum2DDiameterRow,0.9232655565834864,0.9470035579927623,-0.04434623877950266,True
mask_ET_shape_Maximum2DDiameterSlice,mask,ET,shape,Maximum2DDiameterSlice,0.7717115210825065,0.8970657001359257,-0.028809554884939474,False
mask_ET_shape_Maximum3DDiameter,mask,ET,shape,Maximum3DDiameter,0.8074130704623,0.9047015693682248,-0.029326257637615382,False
mask_ET_shape_MeshVolume,mask,ET,shape,MeshVolume,0.9090981175497197,0.9469494183694394,0.001048657329832372,True
mask_ET_shape_MinorAxisLength,mask,ET,shape,MinorAxisLength,0.9479260860166231,0.9510033750644254,-0.019031247517993503,True
mask_ET_shape_Sphericity,mask,ET,shape,Sphericity,0.7363069642829223,0.8191514123730195,0.14839607532181123,False
mask_ET_shape_SurfaceArea,mask,ET,shape,SurfaceArea,0.9043607355443847,0.9394178706613241,-0.14701255041727068,True
mask_ET_shape_SurfaceVolumeRatio,mask,ET,shape,SurfaceVolumeRatio,0.7325292568544821,0.8606608254221603,-0.16380372239090504,False
mask_ET_shape_VoxelVolume,mask,ET,shape,VoxelVolume,0.9098465772296185,0.9479219633046536,-0.0011116227887868512,True
t1_ET_firstorder_10Percentile,t1,ET,firstorder,10Percentile,0.9633489529136757,0.9576398933723489,0.012267715140394623,True
t1_ET_firstorder_90Percentile,t1,ET,firstorder,90Percentile,0.8947581408402507,0.9666206682516724,0.06701998179993031,True
t1_ET_firstorder_Energy,t1,ET,firstorder,Energy,0.7848796189611035,0.9459269234819138,0.08670214800026929,False
t1_ET_firstorder_Entropy,t1,ET,firstorder,Entropy,0.8455501041671803,0.8731081073591922,-0.0016649220333118454,False
t1_ET_firstorder_InterquartileRange,t1,ET,firstorder,InterquartileRange,0.7405208357651559,0.8935580051097035,0.033435936550197734,False
t1_ET_firstorder_Kurtosis,t1,ET,firstorder,Kurtosis,0.7101073693440684,0.787487322725988,-0.024395556909809952,False
t1_ET_firstorder_Maximum,t1,ET,firstorder,Maximum,0.9032011540727303,0.8752002039447797,-0.0025082629976052755,True
t1_ET_firstorder_MeanAbsoluteDeviation,t1,ET,firstorder,MeanAbsoluteDeviation,0.7732990293638282,0.8703149505932688,0.02805458843779163,False
t1_ET_firstorder_Mean,t1,ET,firstorder,Mean,0.9650542811919043,0.9887719531592044,0.4113327986207481,True
t1_ET_firstorder_Median,t1,ET,firstorder,Median,0.9558979941461112,0.9936017867336139,0.18666344464220863,True
t1_ET_firstorder_Minimum,t1,ET,firstorder,Minimum,0.7361242652964028,0.7732167301223115,0.06590515938642179,False
t1_ET_firstorder_Range,t1,ET,firstorder,Range,0.8760344733367444,0.8408371711528977,-0.031883309696102896,True
t1_ET_firstorder_RobustMeanAbsoluteDeviation,t1,ET,firstorder,RobustMeanAbsoluteDeviation,0.7431854658849076,0.8865751131948948,0.035739037191907366,False
t1_ET_firstorder_RootMeanSquared,t1,ET,firstorder,RootMeanSquared,0.8672127723494563,0.8984488004389246,0.0363935837302118,True
t1_ET_firstorder_Skewness,t1,ET,firstorder,Skewness,0.8371651305950852,0.8314573738784423,-0.015497132649747496,False
t1_ET_firstorder_TotalEnergy,t1,ET,firstorder,TotalEnergy,0.7848796189611035,0.9459269234819138,0.08670214800026929,False
t1_ET_firstorder_Uniformity,t1,ET,firstorder,Uniformity,0.7959679299838177,0.898894929644593,0.003785657921513508,False
t1_ET_firstorder_Variance,t1,ET,firstorder,Variance,0.7399800180973651,0.8566124107048841,0.15125805977910806,False
t1_ET_glcm_Autocorrelation,t1,ET,glcm,Autocorrelation,0.8321302009066635,0.8120465969485872,-0.10727706151239266,False
t1_ET_glcm_JointAverage,t1,ET,glcm,JointAverage,0.8131498925408732,0.8112873460022944,-0.06003393405276194,False
t1_ET_glcm_ClusterProminence,t1,ET,glcm,ClusterProminence,0.750704865420485,0.8367277946808098,0.6060690239073153,False
t1_ET_glcm_ClusterShade,t1,ET,glcm,ClusterShade,0.5874928179015401,0.7942125126772741,0.3291255657354099,False
t1_ET_glcm_ClusterTendency,t1,ET,glcm,ClusterTendency,0.7562737276513233,0.8648200796936394,0.1674467018332009,False
t1_ET_glcm_Contrast,t1,ET,glcm,Contrast,0.7994592787246031,0.8991526316081156,0.07307262665649933,False
t1_ET_glcm_Correlation,t1,ET,glcm,Correlation,0.8942124652018658,0.9410582960635333,-0.006402235527497495,True
t1_ET_glcm_DifferenceAverage,t1,ET,glcm,DifferenceAverage,0.8968598516153015,0.9228722962076247,0.018598362436908107,True
t1_ET_glcm_DifferenceEntropy,t1,ET,glcm,DifferenceEntropy,0.9019553334142061,0.9171834560881397,0.005708325406534296,True
t1_ET_glcm_DifferenceVariance,t1,ET,glcm,DifferenceVariance,0.7154548912399592,0.8689987308871044,0.09072519950397208,False
t1_ET_glcm_JointEnergy,t1,ET,glcm,JointEnergy,0.7822182115654296,0.9548578205618456,-0.009181993592755422,False
t1_ET_glcm_JointEntropy,t1,ET,glcm,JointEntropy,0.8942655367246373,0.9174189901408216,0.00047635978829405437,True
t1_ET_glcm_Imc1,t1,ET,glcm,Imc1,0.9513905527773242,0.968452291884882,0.01060663990052465,True
t1_ET_glcm_Imc2,t1,ET,glcm,Imc2,0.928306969909907,0.9313681480373086,-0.00789090378751923,True
t1_ET_glcm_Idm,t1,ET,glcm,Idm,0.9588100097602076,0.9629768179072385,-0.005193718438610911,True
t1_ET_glcm_Idmn,t1,ET,glcm,Idmn,0.8375691224852014,0.9194141021164812,-0.0006082910828333983,False
t1_ET_glcm_Id,t1,ET,glcm,Id,0.9555595051907082,0.9552180491130065,-0.003956577050896847,True
t1_ET_glcm_Idn,t1,ET,glcm,Idn,0.8845959436218095,0.9169146701691966,-0.00231680245818842,True
t1_ET_glcm_InverseVariance,t1,ET,glcm,InverseVariance,0.9476164142350005,0.9444167345558936,-0.006523704628459671,True
t1_ET_glcm_MaximumProbability,t1,ET,glcm,MaximumProbability,0.8856595127993371,0.9705388464927595,-0.005895935664555829,True
t1_ET_glcm_SumEntropy,t1,ET,glcm,SumEntropy,0.8693704739727104,0.8983518158289967,-0.0012721234043522784,True
t1_ET_glcm_SumSquares,t1,ET,glcm,SumSquares,0.7559787094566565,0.8609129854079728,0.15906080344959447,False
t1_ET_glcm_MCC,t1,ET,glcm,MCC,0.9081986036456873,0.9118409895755398,-0.009673423619373787,True
t1_ET_glrlm_GrayLevelNonUniformity,t1,ET,glrlm,GrayLevelNonUniformity,0.9441032909752948,0.9507844669448738,0.005042587387473307,True
t1_ET_glrlm_GrayLevelNonUniformityNormalized,t1,ET,glrlm,GrayLevelNonUniformityNormalized,0.7859313265749597,0.8955697430184936,0.0024870259561148036,False
t1_ET_glrlm_GrayLevelVariance,t1,ET,glrlm,GrayLevelVariance,0.7337734753984585,0.8540492460139326,0.14939391569143523,False
t1_ET_glrlm_HighGrayLevelRunEmphasis,t1,ET,glrlm,HighGrayLevelRunEmphasis,0.8267761154645967,0.7989398196640454,-0.10142309059967856,False
t1_ET_glrlm_LongRunEmphasis,t1,ET,glrlm,LongRunEmphasis,0.882070013703094,0.9734206749020456,0.019735783107805275,True
t1_ET_glrlm_LongRunHighGrayLevelEmphasis,t1,ET,glrlm,LongRunHighGrayLevelEmphasis,0.748785198521658,0.8351760409219635,-0.09084268336217473,False
t1_ET_glrlm_LongRunLowGrayLevelEmphasis,t1,ET,glrlm,LongRunLowGrayLevelEmphasis,0.644313969836521,0.7892884654817919,0.09748057670242415,False
t1_ET_glrlm_LowGrayLevelRunEmphasis,t1,ET,glrlm,LowGrayLevelRunEmphasis,0.6419920756003054,0.8189768400751493,0.06383563223751075,False
t1_ET_glrlm_RunEntropy,t1,ET,glrlm,RunEntropy,0.8569731427770734,0.8898310250996171,0.0023036565361612216,True
t1_ET_glrlm_RunLengthNonUniformity,t1,ET,glrlm,RunLengthNonUniformity,0.9377405151905669,0.9505960397027282,-0.024132777358473547,True
t1_ET_glrlm_RunLengthNonUniformityNormalized,t1,ET,glrlm,RunLengthNonUniformityNormalized,0.9454417576909494,0.9668257214269486,-0.008608966228835545,True
t1_ET_glrlm_RunPercentage,t1,ET,glrlm,RunPercentage,0.9411525831845399,0.9699735647663226,-0.005262474421281101,True
t1_ET_glrlm_RunVariance,t1,ET,glrlm,RunVariance,0.8520391212140612,0.9757815574065762,0.058196781182684586,True
t1_ET_glrlm_ShortRunEmphasis,t1,ET,glrlm,ShortRunEmphasis,0.9392216850956255,0.9676764150054588,-0.003929169047916031,True
t1_ET_glrlm_ShortRunHighGrayLevelEmphasis,t1,ET,glrlm,ShortRunHighGrayLevelEmphasis,0.8367269063446553,0.792070538292295,-0.10096162143729409,False
t1_ET_glrlm_ShortRunLowGrayLevelEmphasis,t1,ET,glrlm,ShortRunLowGrayLevelEmphasis,0.6458139781619517,0.8253279465309991,0.05631006577378967,False
t1_ET_glszm_GrayLevelNonUniformity,t1,ET,glszm,GrayLevelNonUniformity,0.9560211810449301,0.9569083523146071,-0.09308476747360882,True
t1_ET_glszm_GrayLevelNonUniformityNormalized,t1,ET,glszm,GrayLevelNonUniformityNormalized,0.6892689156997017,0.8270127077548894,-0.0059771195561374845,False
t1_ET_glszm_GrayLevelVariance,t1,ET,glszm,GrayLevelVariance,0.7815257161569761,0.8176079715807384,0.07491841354856317,False
t1_ET_glszm_HighGrayLevelZoneEmphasis,t1,ET,glszm,HighGrayLevelZoneEmphasis,0.8134353167123876,0.7849934327564135,-0.07887466578501118,False
t1_ET_glszm_LargeAreaEmphasis,t1,ET,glszm,LargeAreaEmphasis,0.41199168187529395,0.9588452735243098,0.37289225070933385,False
t1_ET_glszm_LargeAreaHighGrayLevelEmphasis,t1,ET,glszm,LargeAreaHighGrayLevelEmphasis,0.1590535914404097,0.9539738751170743,0.4716453784383933,False
t1_ET_glszm_LargeAreaLowGrayLevelEmphasis,t1,ET,glszm,LargeAreaLowGrayLevelEmphasis,0.7705245102060604,0.9201899789959044,0.42983593813486093,False
t1_ET_glszm_LowGrayLevelZoneEmphasis,t1,ET,glszm,LowGrayLevelZoneEmphasis,0.568406521511942,0.795384640962974,0.06406524100350755,False
t1_ET_glszm_SizeZoneNonUniformity,t1,ET,glszm,SizeZoneNonUniformity,0.8387085263007003,0.9399415875549348,-0.13576381642493737,False
t1_ET_glszm_SizeZoneNonUniformityNormalized,t1,ET,glszm,SizeZoneNonUniformityNormalized,0.730141875080206,0.8569670972783348,-0.03454984636573496,False
t1_ET_glszm_SmallAreaEmphasis,t1,ET,glszm,SmallAreaEmphasis,0.7551181075872186,0.8552241452884877,-0.019680149499225745,False
t1_ET_glszm_SmallAreaHighGrayLevelEmphasis,t1,ET,glszm,SmallAreaHighGrayLevelEmphasis,0.814145522981455,0.775477857028059,-0.07930112175462355,False
t1_ET_glszm_SmallAreaLowGrayLevelEmphasis,t1,ET,glszm,SmallAreaLowGrayLevelEmphasis,0.6089957119415622,0.7973243331615321,0.01684695534589741,False
t1_ET_glszm_ZoneEntropy,t1,ET,glszm,ZoneEntropy,0.8549779979447677,0.9254797967202576,0.006554600891555411,True
t1_ET_glszm_ZonePercentage,t1,ET,glszm,ZonePercentage,0.9016742794537923,0.9387556043249595,-0.07178806582460259,True
t1_ET_glszm_ZoneVariance,t1,ET,glszm,ZoneVariance,0.4104128977520387,0.9592997156965436,0.3727552301370909,False
t1_ET_gldm_DependenceEntropy,t1,ET,gldm,DependenceEntropy,0.9109358744704951,0.9428926906855981,0.0013899412385909014,True
t1_ET_gldm_DependenceNonUniformity,t1,ET,gldm,DependenceNonUniformity,0.9392249086388915,0.9571549703227094,-0.028007735890551267,True
t1_ET_gldm_DependenceNonUniformityNormalized,t1,ET,gldm,DependenceNonUniformityNormalized,0.9328538537899673,0.9718910890540399,-0.01393196956201779,True
t1_ET_gldm_DependenceVariance,t1,ET,gldm,DependenceVariance,0.9094608289658089,0.9869985202919515,0.028277095342344485,True
t1_ET_gldm_GrayLevelNonUniformity,t1,ET,gldm,GrayLevelNonUniformity,0.8974483566342234,0.9488032099134897,0.02045572945892857,True
t1_ET_gldm_GrayLevelVariance,t1,ET,gldm,GrayLevelVariance,0.7399807212253723,0.8572968449520897,0.15099439615794427,False
t1_ET_gldm_HighGrayLevelEmphasis,t1,ET,gldm,HighGrayLevelEmphasis,0.8261477892031338,0.8033262950216414,-0.1032695753213747,False
t1_ET_gldm_LargeDependenceEmphasis,t1,ET,gldm,LargeDependenceEmphasis,0.9054235622967464,0.9756485499415323,0.04986059794003967,True
t1_ET_gldm_LargeDependenceHighGrayLevelEmphasis,t1,ET,gldm,LargeDependenceHighGrayLevelEmphasis,0.655851445095852,0.8924911744004966,-0.08161910698224936,False
t1_ET_gldm_LargeDependenceLowGrayLevelEmphasis,t1,ET,gldm,LargeDependenceLowGrayLevelEmphasis,0.7110675662025754,0.8067595502130891,0.15698885644722596,False
t1_ET_gldm_LowGrayLevelEmphasis,t1,ET,gldm,LowGrayLevelEmphasis,0.6459820744925708,0.8198912663973267,0.06552364354972341,False
t1_ET_gldm_SmallDependenceEmphasis,t1,ET,gldm,SmallDependenceEmphasis,0.8933503857771717,0.9357712493280352,-0.05753977122943893,True
t1_ET_gldm_SmallDependenceHighGrayLevelEmphasis,t1,ET,gldm,SmallDependenceHighGrayLevelEmphasis,0.9030846889796612,0.7832754196662622,-0.07784519896702688,True
t1_ET_gldm_SmallDependenceLowGrayLevelEmphasis,t1,ET,gldm,SmallDependenceLowGrayLevelEmphasis,0.7576456531581911,0.8867413725261998,-0.03772918779201399,False
t1_ET_ngtdm_Busyness,t1,ET,ngtdm,Busyness,0.834630592111517,0.841286071347421,0.11595387742676957,False
t1_ET_ngtdm_Coarseness,t1,ET,ngtdm,Coarseness,0.5668988550997187,0.9418064630544056,-0.1489088151545858,False
t1_ET_ngtdm_Complexity,t1,ET,ngtdm,Complexity,0.9111673074760906,0.8296728570557689,0.037622631282811174,True
t1_ET_ngtdm_Contrast,t1,ET,ngtdm,Contrast,0.679556206505013,0.8847739704390909,0.11401920664450664,False
t1_ET_ngtdm_Strength,t1,ET,ngtdm,Strength,0.6135202891079719,0.8506464716998908,0.17630817936163862,False
t1ce_ET_firstorder_10Percentile,t1ce,ET,firstorder,10Percentile,0.6301007627523694,0.6877040140544556,0.21591841256994806,False
t1ce_ET_firstorder_90Percentile,t1ce,ET,firstorder,90Percentile,0.9461945300103439,0.9543368746570902,0.01582523432982445,True
t1ce_ET_firstorder_Energy,t1ce,ET,firstorder,Energy,0.977361756532667,0.9941975493374565,0.03176557591964382,True
t1ce_ET_firstorder_Entropy,t1ce,ET,firstorder,Entropy,0.8602223755376626,0.9186964160030149,-0.010044873649946827,True
t1ce_ET_firstorder_InterquartileRange,t1ce,ET,firstorder,InterquartileRange,0.9257972980227342,0.9158644653931203,-0.02529149140288075,True
t1ce_ET_firstorder_Kurtosis,t1ce,ET,firstorder,Kurtosis,0.82332203654316,0.9102061061510411,0.009244516925030793,False
t1ce_ET_firstorder_Maximum,t1ce,ET,firstorder,Maximum,0.9459516822751118,0.9482905769752994,0.011832082430811084,True
t1ce_ET_firstorder_MeanAbsoluteDeviation,t1ce,ET,firstorder,MeanAbsoluteDeviation,0.9213883451903384,0.9183583553626947,-0.02712840317733328,True
t1ce_ET_firstorder_Mean,t1ce,ET,firstorder,Mean,0.8913212475565401,0.9098237096890397,0.04016727522204221,True
t1ce_ET_firstorder_Median,t1ce,ET,firstorder,Median,0.892556122804649,0.9050465249028768,0.029730292986946565,True
t1ce_ET_firstorder_Minimum,t1ce,ET,firstorder,Minimum,0.1924092410261618,0.4248157753735879,0.5901809669591471,False
t1ce_ET_firstorder_Range,t1ce,ET,firstorder,Range,0.851715409927646,0.8688103036449588,-0.0666760169866261,True
t1ce_ET_firstorder_RobustMeanAbsoluteDeviation,t1ce,ET,firstorder,RobustMeanAbsoluteDeviation,0.9309966278466624,0.9227448307202908,-0.025263618477830665,True
t1ce_ET_firstorder_RootMeanSquared,t1ce,ET,firstorder,RootMeanSquared,0.9266480633377843,0.9333965118792292,0.020387751740611092,True
t1ce_ET_firstorder_Skewness,t1ce,ET,firstorder,Skewness,0.8318570757540324,0.8942895461674454,0.18494925381737523,False
t1ce_ET_firstorder_TotalEnergy,t1ce,ET,firstorder,TotalEnergy,0.977361756532667,0.9941975493374565,0.03176557591964382,True
t1ce_ET_firstorder_Uniformity,t1ce,ET,firstorder,Uniformity,0.7772091873959923,0.9206915279786745,0.01095307799971544,False
t1ce_ET_firstorder_Variance,t1ce,ET,firstorder,Variance,0.929819296282377,0.9192589267405966,-0.05964271983526015,True
t1ce_ET_glcm_Autocorrelation,t1ce,ET,glcm,Autocorrelation,0.5160698524041818,0.7289972899728997,-0.312507413880805,False
t1ce_ET_glcm_JointAverage,t1ce,ET,glcm,JointAverage,0.5338965254795609,0.7060673571970894,-0.1708135596388705,False
t1ce_ET_glcm_ClusterProminence,t1ce,ET,glcm,ClusterProminence,0.9245927817686835,0.9171779141104294,-0.08856773689156673,True
t1ce_ET_glcm_ClusterShade,t1ce,ET,glcm,ClusterShade,0.9095315846871597,0.9005602939464977,0.11896083766714394,True
t1ce_ET_glcm_ClusterTendency,t1ce,ET,glcm,ClusterTendency,0.9334544582619827,0.9155291757416552,-0.06923170247944986,True
t1ce_ET_glcm_Contrast,t1ce,ET,glcm,Contrast,0.9381488119551341,0.9421694625944214,0.05704895997635939,True
t1ce_ET_glcm_Correlation,t1ce,ET,glcm,Correlation,0.8395428203287824,0.8840562843256246,-0.06576393174652423,False
t1ce_ET_glcm_DifferenceAverage,t1ce,ET,glcm,DifferenceAverage,0.9371944306249889,0.949545834926652,0.031622565763728384,True
t1ce_ET_glcm_DifferenceEntropy,t1ce,ET,glcm,DifferenceEntropy,0.9056917469051033,0.9527380140877073,0.010402147476672383,True
t1ce_ET_glcm_DifferenceVariance,t1ce,ET,glcm,DifferenceVariance,0.9271264936702267,0.9299189208661004,0.053210606661663024,True
t1ce_ET_glcm_JointEnergy,t1ce,ET,glcm,JointEnergy,0.6801725594070207,0.9565813756297072,-0.08418396746250925,False
t1ce_ET_glcm_JointEntropy,t1ce,ET,glcm,JointEntropy,0.9217915004489112,0.9646726630865491,-0.0012605359224631097,True
t1ce_ET_glcm_Imc1,t1ce,ET,glcm,Imc1,0.8592808070588976,0.903782953984959,0.09036657780491092,True
t1ce_ET_glcm_Imc2,t1ce,ET,glcm,Imc2,0.78574982747679,0.8485128102814772,-0.0366125039466896,False
t1ce_ET_glcm_Idm,t1ce,ET,glcm,Idm,0.8828142825294901,0.9508731385882366,-0.026658172289862447,True
t1ce_ET_glcm_Idmn,t1ce,ET,glcm,Idmn,0.6893413821226897,0.8708552934200099,-0.002515775706912398,False
t1ce_ET_glcm_Id,t1ce,ET,glcm,Id,0.8985671943257528,0.9538048447969143,-0.019280979388898584,True
t1ce_ET_glcm_Idn,t1ce,ET,glcm,Idn,0.7667084667759382,0.8606441994890296,-0.006959550164192561,False
t1ce_ET_glcm_InverseVariance,t1ce,ET,glcm,InverseVariance,0.9034818165265547,0.9456969314069418,-0.029406217689222806,True
t1ce_ET_glcm_MaximumProbability,t1ce,ET,glcm,MaximumProbability,0.752749920626592,0.9351117539805255,-0.0851465258076671,False
t1ce_ET_glcm_SumEntropy,t1ce,ET,glcm,SumEntropy,0.8740998618625062,0.9434662853786003,-0.009208497021754372,True
t1ce_ET_glcm_SumSquares,t1ce,ET,glcm,SumSquares,0.9370522526457549,0.9222876175592022,-0.04630890949145948,True
t1ce_ET_glcm_MCC,t1ce,ET,glcm,MCC,0.754963157843308,0.809666317522071,-0.0589942724906771,False
t1ce_ET_glrlm_GrayLevelNonUniformity,t1ce,ET,glrlm,GrayLevelNonUniformity,0.8737804577367573,0.9290516013544593,0.04241768060829643,True
t1ce_ET_glrlm_GrayLevelNonUniformityNormalized,t1ce,ET,glrlm,GrayLevelNonUniformityNormalized,0.7728119413830278,0.920212146906745,0.011562920096685752,False
t1ce_ET_glrlm_GrayLevelVariance,t1ce,ET,glrlm,GrayLevelVariance,0.9291202607153478,0.918369439318115,-0.05922165647847491,True
t1ce_ET_glrlm_HighGrayLevelRunEmphasis,t1ce,ET,glrlm,HighGrayLevelRunEmphasis,0.5137420960646855,0.7186947534097018,-0.3013979718904727,False
t1ce_ET_glrlm_LongRunEmphasis,t1ce,ET,glrlm,LongRunEmphasis,0.6312541781639587,0.945067916936838,0.005979523919884285,False
t1ce_ET_glrlm_LongRunHighGrayLevelEmphasis,t1ce,ET,glrlm,LongRunHighGrayLevelEmphasis,0.484663944846661,0.7005198375092136,-0.300947387099415,False
t1ce_ET_glrlm_LongRunLowGrayLevelEmphasis,t1ce,ET,glrlm,LongRunLowGrayLevelEmphasis,0.43284029796961687,0.5353716727351323,0.07689233705505838,False
t1ce_ET_glrlm_LowGrayLevelRunEmphasis,t1ce,ET,glrlm,LowGrayLevelRunEmphasis,0.42231210049228257,0.5185185185185185,0.10066728303944195,False
t1ce_ET_glrlm_RunEntropy,t1ce,ET,glrlm,RunEntropy,0.8369373392567607,0.9127249350203115,-0.008962918302128637,False
t1ce_ET_glrlm_RunLengthNonUniformity,t1ce,ET,glrlm,RunLengthNonUniformity,0.9500031491988138,0.951923343364313,-0.013554199760297982,True
t1ce_ET_glrlm_RunLengthNonUniformityNormalized,t1ce,ET,glrlm,RunLengthNonUniformityNormalized,0.853840444205473,0.9431171407828598,-0.0010771518986469801,True
t1ce_ET_glrlm_RunPercentage,t1ce,ET,glrlm,RunPercentage,0.8123213141487603,0.9448019020067501,-0.0008662443070721064,False
t1ce_ET_glrlm_RunVariance,t1ce,ET,glrlm,RunVariance,0.5615379278295244,0.9461264346794797,0.06282396574089205,False
t1ce_ET_glrlm_ShortRunEmphasis,t1ce,ET,glrlm,ShortRunEmphasis,0.819347408430088,0.9435494150442528,-0.0005461683423528516,False
t1ce_ET_glrlm_ShortRunHighGrayLevelEmphasis,t1ce,ET,glrlm,ShortRunHighGrayLevelEmphasis,0.5202588286760059,0.7232280911766173,-0.30105314000169303,False
t1ce_ET_glrlm_ShortRunLowGrayLevelEmphasis,t1ce,ET,glrlm,ShortRunLowGrayLevelEmphasis,0.418721505463556,0.5098868882349356,0.10582527515537238,False
t1ce_ET_glszm_GrayLevelNonUniformity,t1ce,ET,glszm,GrayLevelNonUniformity,0.9655660303468666,0.9550545607705567,0.025228484661600388,True
t1ce_ET_glszm_GrayLevelNonUniformityNormalized,t1ce,ET,glszm,GrayLevelNonUniformityNormalized,0.6918330042458084,0.9114142572918571,0.01894140479646274,False
t1ce_ET_glszm_GrayLevelVariance,t1ce,ET,glszm,GrayLevelVariance,0.918433041279214,0.9126196374438182,-0.05488957196929632,True
t1ce_ET_glszm_HighGrayLevelZoneEmphasis,t1ce,ET,glszm,HighGrayLevelZoneEmphasis,0.48772023394165814,0.7056600218353922,-0.2938684675175203,False
t1ce_ET_glszm_LargeAreaEmphasis,t1ce,ET,glszm,LargeAreaEmphasis,0.08137644285821934,0.9221767780049989,3.486957451857964,False
t1ce_ET_glszm_LargeAreaHighGrayLevelEmphasis,t1ce,ET,glszm,LargeAreaHighGrayLevelEmphasis,0.08332197854274453,0.7830980763795369,5.296103019307278,False
t1ce_ET_glszm_LargeAreaLowGrayLevelEmphasis,t1ce,ET,glszm,LargeAreaLowGrayLevelEmphasis,0.21332393911607678,0.7777057320675456,-0.34208503851056415,False
t1ce_ET_glszm_LowGrayLevelZoneEmphasis,t1ce,ET,glszm,LowGrayLevelZoneEmphasis,0.35993436940018053,0.5508698134016105,0.03261747425542862,False
t1ce_ET_glszm_SizeZoneNonUniformity,t1ce,ET,glszm,SizeZoneNonUniformity,0.9663642692003303,0.9705499304481796,-0.024398792742739036,True
t1ce_ET_glszm_SizeZoneNonUniformityNormalized,t1ce,ET,glszm,SizeZoneNonUniformityNormalized,0.9304750857129932,0.9510892757189331,-0.005477309948255845,True
t1ce_ET_glszm_SmallAreaEmphasis,t1ce,ET,glszm,SmallAreaEmphasis,0.9266814601280629,0.9497093232691018,-0.0025383405368047353,True
t1ce_ET_glszm_SmallAreaHighGrayLevelEmphasis,t1ce,ET,glszm,SmallAreaHighGrayLevelEmphasis,0.5340183058297179,0.7324222321977821,-0.2889904464918311,False
t1ce_ET_glszm_SmallAreaLowGrayLevelEmphasis,t1ce,ET,glszm,SmallAreaLowGrayLevelEmphasis,0.31707122093869344,0.5348756657300725,0.028381840805557324,False
t1ce_ET_glszm_ZoneEntropy,t1ce,ET,glszm,ZoneEntropy,0.8297452730307677,0.9117135240882062,-0.006196903407991362,False
t1ce_ET_glszm_ZonePercentage,t1ce,ET,glszm,ZonePercentage,0.9308858919057109,0.9528599375973309,-0.005321922167765633,True
t1ce_ET_glszm_ZoneVariance,t1ce,ET,glszm,ZoneVariance,0.08061134024248663,0.9200320326311647,3.7565870107641226,False
t1ce_ET_gldm_DependenceEntropy,t1ce,ET,gldm,DependenceEntropy,0.8326477051996165,0.9072660869757982,-0.00653442012575023,False
t1ce_ET_gldm_DependenceNonUniformity,t1ce,ET,gldm,DependenceNonUniformity,0.9650026974031732,0.9640685875161411,-0.01790929108739426,True
t1ce_ET_gldm_DependenceNonUniformityNormalized,t1ce,ET,gldm,DependenceNonUniformityNormalized,0.936556984526952,0.9460765568800883,-0.004900231836024363,True
t1ce_ET_gldm_DependenceVariance,t1ce,ET,gldm,DependenceVariance,0.6537001479415785,0.9203257574498036,0.057287800177870246,False
t1ce_ET_gldm_GrayLevelNonUniformity,t1ce,ET,gldm,GrayLevelNonUniformity,0.7949402678974267,0.9273890080414097,0.0578981496924408,False
t1ce_ET_gldm_GrayLevelVariance,t1ce,ET,gldm,GrayLevelVariance,0.9299222416412921,0.9194584379381625,-0.05968352704700356,True
t1ce_ET_gldm_HighGrayLevelEmphasis,t1ce,ET,gldm,HighGrayLevelEmphasis,0.5163584259311138,0.720271446068244,-0.3018342606452699,False
t1ce_ET_gldm_LargeDependenceEmphasis,t1ce,ET,gldm,LargeDependenceEmphasis,0.6020530533640943,0.9377552773482747,0.053677406090845856,False
t1ce_ET_gldm_LargeDependenceHighGrayLevelEmphasis,t1ce,ET,gldm,LargeDependenceHighGrayLevelEmphasis,0.47745438242331867,0.7040057414889077,-0.2892716302767232,False
t1ce_ET_gldm_LargeDependenceLowGrayLevelEmphasis,t1ce,ET,gldm,LargeDependenceLowGrayLevelEmphasis,0.4660635078706469,0.675306609916815,-0.0847620693817914,False
t1ce_ET_gldm_LowGrayLevelEmphasis,t1ce,ET,gldm,LowGrayLevelEmphasis,0.4233904835916158,0.5166591849967579,0.10464375190965024,False
t1ce_ET_gldm_SmallDependenceEmphasis,t1ce,ET,gldm,SmallDependenceEmphasis,0.9350979495916418,0.9560493457695313,-0.006178142462419634,True
t1ce_ET_gldm_SmallDependenceHighGrayLevelEmphasis,t1ce,ET,gldm,SmallDependenceHighGrayLevelEmphasis,0.6302263424885132,0.7931706208677629,-0.28969284496152037,False
t1ce_ET_gldm_SmallDependenceLowGrayLevelEmphasis,t1ce,ET,gldm,SmallDependenceLowGrayLevelEmphasis,0.3432417332482039,0.48585687288365725,0.12403775565266482,False
t1ce_ET_ngtdm_Busyness,t1ce,ET,ngtdm,Busyness,0.5919624383382106,0.8320780753819808,0.38525174252501065,False
t1ce_ET_ngtdm_Coarseness,t1ce,ET,ngtdm,Coarseness,0.6395707294282098,0.9409169756319241,-0.18592849338906905,False
t1ce_ET_ngtdm_Complexity,t1ce,ET,ngtdm,Complexity,0.915403392720944,0.932052582284514,-0.02025767119408977,True
t1ce_ET_ngtdm_Contrast,t1ce,ET,ngtdm,Contrast,0.9249007700571907,0.9218553432978093,0.12022633595758475,True
t1ce_ET_ngtdm_Strength,t1ce,ET,ngtdm,Strength,0.5462874720471095,0.9423052410483207,-0.01121152828057889,False
t2_ET_firstorder_10Percentile,t2,ET,firstorder,10Percentile,0.9411794431889132,0.9284308998509209,0.19395820722092383,True
t2_ET_firstorder_90Percentile,t2,ET,firstorder,90Percentile,0.97762222196162,0.9822601293497596,0.011253209913941662,True
t2_ET_firstorder_Energy,t2,ET,firstorder,Energy,0.6622269467179391,0.9714837536923427,0.07070939186841002,False
t2_ET_firstorder_Entropy,t2,ET,firstorder,Entropy,0.9032583807958804,0.9230191586169442,-0.0040055935062619395,True
t2_ET_firstorder_InterquartileRange,t2,ET,firstorder,InterquartileRange,0.9525659359976615,0.9411331127626206,-0.012996457598904994,True
t2_ET_firstorder_Kurtosis,t2,ET,firstorder,Kurtosis,0.8287961243855981,0.8906706347227071,-0.0010802321133953137,False
t2_ET_firstorder_Maximum,t2,ET,firstorder,Maximum,0.8943206847332118,0.9368824158589233,0.001027668430636491,True
t2_ET_firstorder_MeanAbsoluteDeviation,t2,ET,firstorder,MeanAbsoluteDeviation,0.9484848189358996,0.9345575562095089,-0.01187976004368281,True
t2_ET_firstorder_Mean,t2,ET,firstorder,Mean,0.9811816002261972,0.9801874296861579,0.030337184914616143,True
t2_ET_firstorder_Median,t2,ET,firstorder,Median,0.9749559907401468,0.9801874296861579,0.030706501972113866,True
t2_ET_firstorder_Minimum,t2,ET,firstorder,Minimum,0.7861364727839708,0.7905381814554342,0.034741986295989034,False
t2_ET_firstorder_Range,t2,ET,firstorder,Range,0.8770942209579078,0.897151977654746,-0.008529863513471216,True
t2_ET_firstorder_RobustMeanAbsoluteDeviation,t2,ET,firstorder,RobustMeanAbsoluteDeviation,0.9529990322165401,0.9432917130807299,-0.012488408680602584,True
t2_ET_firstorder_RootMeanSquared,t2,ET,firstorder,RootMeanSquared,0.9806918949509575,0.982138205840136,0.012413202196614107,True
t2_ET_firstorder_Skewness,t2,ET,firstorder,Skewness,0.8260944140606965,0.8472880332075304,0.06625851692335524,False
t2_ET_firstorder_TotalEnergy,t2,ET,firstorder,TotalEnergy,0.6622269467179391,0.9714837536923427,0.07070939186841002,False
t2_ET_firstorder_Uniformity,t2,ET,firstorder,Uniformity,0.8280615384497527,0.9179898138449688,0.013439136017263285,False
t2_ET_firstorder_Variance,t2,ET,firstorder,Variance,0.9526873338072621,0.9268348102703932,-0.02420381479223363,True
t2_ET_glcm_Autocorrelation,t2,ET,glcm,Autocorrelation,0.8547704735170325,0.8283233854833436,-0.019737398876907997,True
t2_ET_glcm_JointAverage,t2,ET,glcm,JointAverage,0.8340735460415759,0.8235462006971809,-0.00791658004195134,False
t2_ET_glcm_ClusterProminence,t2,ET,glcm,ClusterProminence,0.9274512878688461,0.9118409895755398,0.012411392875007112,True
t2_ET_glcm_ClusterShade,t2,ET,glcm,ClusterShade,0.8670331865543343,0.8480805360200842,-0.022580179220911493,True
t2_ET_glcm_ClusterTendency,t2,ET,glcm,ClusterTendency,0.9468781176693657,0.9299494017435062,-0.024596941729102505,True
t2_ET_glcm_Contrast,t2,ET,glcm,Contrast,0.9412540900258751,0.9319472847080209,0.04942762800879267,True
t2_ET_glcm_Correlation,t2,ET,glcm,Correlation,0.9385133621803028,0.9631735581159494,-0.013134885625644294,True
t2_ET_glcm_DifferenceAverage,t2,ET,glcm,DifferenceAverage,0.9506153882975608,0.9354747535205413,0.018148470495286704,True
t2_ET_glcm_DifferenceEntropy,t2,ET,glcm,DifferenceEntropy,0.9331685083312384,0.9416346617453903,0.006708319901683761,True
t2_ET_glcm_DifferenceVariance,t2,ET,glcm,DifferenceVariance,0.9372383413097263,0.9224317089796665,0.050188984295198226,True
t2_ET_glcm_JointEnergy,t2,ET,glcm,JointEnergy,0.7450895054050314,0.9294589367161565,0.0054973610103511,False
t2_ET_glcm_JointEntropy,t2,ET,glcm,JointEntropy,0.9180248992182605,0.9314318807809757,-0.00015503774462976812,True
t2_ET_glcm_Imc1,t2,ET,glcm,Imc1,0.933420294421549,0.9638275114857489,0.016745695690787408,True
t2_ET_glcm_Imc2,t2,ET,glcm,Imc2,0.9152878637467385,0.929109792120416,-0.006037449609602367,True
t2_ET_glcm_Idm,t2,ET,glcm,Idm,0.9272673166180954,0.9434274915346291,-0.004621268685100388,True
t2_ET_glcm_Idmn,t2,ET,glcm,Idmn,0.8830976711855845,0.887251234475535,-0.00020018488583328295,True
t2_ET_glcm_Id,t2,ET,glcm,Id,0.9287559400477446,0.942019829196247,-0.003775651658558399,True
t2_ET_glcm_Idn,t2,ET,glcm,Idn,0.8739727977943985,0.8652191020887714,-0.0008762137860035472,True
t2_ET_glcm_InverseVariance,t2,ET,glcm,InverseVariance,0.9600788328704382,0.9588147926469041,-0.00768141459546732,True
t2_ET_glcm_MaximumProbability,t2,ET,glcm,MaximumProbability,0.8284111299467251,0.9538214707300446,0.025326320670835116,False
t2_ET_glcm_SumEntropy,t2,ET,glcm,SumEntropy,0.906864080840672,0.9269872146574226,-0.002279570669668194,True
t2_ET_glcm_SumSquares,t2,ET,glcm,SumSquares,0.9484591102210956,0.9334325347343452,-0.016888390111819102,True
t2_ET_glcm_MCC,t2,ET,glcm,MCC,0.9273980271184931,0.9430229271617869,-0.013418476894775714,True
t2_ET_glrlm_GrayLevelNonUniformity,t2,ET,glrlm,GrayLevelNonUniformity,0.9456083844184829,0.9456719925072462,0.009244063902701473,True
t2_ET_glrlm_GrayLevelNonUniformityNormalized,t2,ET,glrlm,GrayLevelNonUniformityNormalized,0.8174460232700702,0.9348041742176112,0.007409263243756877,False
t2_ET_glrlm_GrayLevelVariance,t2,ET,glrlm,GrayLevelVariance,0.951987622570529,0.9234625168337572,-0.021601457722792806,True
t2_ET_glrlm_HighGrayLevelRunEmphasis,t2,ET,glrlm,HighGrayLevelRunEmphasis,0.8571010821679407,0.8376948697912338,-0.017570796535674817,True
t2_ET_glrlm_LongRunEmphasis,t2,ET,glrlm,LongRunEmphasis,0.5899434539875916,0.927735381648295,0.025366603408235763,False
t2_ET_glrlm_LongRunHighGrayLevelEmphasis,t2,ET,glrlm,LongRunHighGrayLevelEmphasis,0.7195061694199016,0.8179183223325076,0.0062196676316234965,False
t2_ET_glrlm_LongRunLowGrayLevelEmphasis,t2,ET,glrlm,LongRunLowGrayLevelEmphasis,0.503787295877439,0.79056312035513,-0.06665031358042921,False
t2_ET_glrlm_LowGrayLevelRunEmphasis,t2,ET,glrlm,LowGrayLevelRunEmphasis,0.5095205002548273,0.7967174866022688,-0.09469113390247842,False
t2_ET_glrlm_RunEntropy,t2,ET,glrlm,RunEntropy,0.8931865200244369,0.9164740829412384,0.0003788486270747904,True
t2_ET_glrlm_RunLengthNonUniformity,t2,ET,glrlm,RunLengthNonUniformity,0.9437164662146196,0.9524997090461703,-0.023892688105977763,True
t2_ET_glrlm_RunLengthNonUniformityNormalized,t2,ET,glrlm,RunLengthNonUniformityNormalized,0.8999330533127716,0.90765956739322,-0.007561437699725315,True
t2_ET_glrlm_RunPercentage,t2,ET,glrlm,RunPercentage,0.8436717862429985,0.9196745750688591,-0.0053987069731052904,False
t2_ET_glrlm_RunVariance,t2,ET,glrlm,RunVariance,0.4054077730566614,0.943125453749425,0.10531516453859119,False
t2_ET_glrlm_ShortRunEmphasis,t2,ET,glrlm,ShortRunEmphasis,0.8910026067566917,0.9084742381166143,-0.003385662738918377,True
t2_ET_glrlm_ShortRunHighGrayLevelEmphasis,t2,ET,glrlm,ShortRunHighGrayLevelEmphasis,0.8644461414552899,0.8419317117506554,-0.018809153198628213,True
t2_ET_glrlm_ShortRunLowGrayLevelEmphasis,t2,ET,glrlm,ShortRunLowGrayLevelEmphasis,0.5140453478766276,0.7988483770318277,-0.09847347957104426,False
t2_ET_glszm_GrayLevelNonUniformity,t2,ET,glszm,GrayLevelNonUniformity,0.9557278206811926,0.9470519449570775,-0.05843840823193046,True
t2_ET_glszm_GrayLevelNonUniformityNormalized,t2,ET,glszm,GrayLevelNonUniformityNormalized,0.7512067598647538,0.8966310317499904,-0.0055117966639281766,False
t2_ET_glszm_GrayLevelVariance,t2,ET,glszm,GrayLevelVariance,0.938704062489697,0.8904101617703294,-0.007403508494420768,True
t2_ET_glszm_HighGrayLevelZoneEmphasis,t2,ET,glszm,HighGrayLevelZoneEmphasis,0.8682104760581367,0.8419732765834816,-0.01391083208520476,True
t2_ET_glszm_LargeAreaEmphasis,t2,ET,glszm,LargeAreaEmphasis,0.5228486647808505,0.9149638940152183,0.3945585662145278,False
t2_ET_glszm_LargeAreaHighGrayLevelEmphasis,t2,ET,glszm,LargeAreaHighGrayLevelEmphasis,0.2720565526709804,0.9083107497741644,0.32709580914796255,False
t2_ET_glszm_LargeAreaLowGrayLevelEmphasis,t2,ET,glszm,LargeAreaLowGrayLevelEmphasis,0.785948602249104,0.8903602839709379,0.34865624364747355,False
t2_ET_glszm_LowGrayLevelZoneEmphasis,t2,ET,glszm,LowGrayLevelZoneEmphasis,0.3368050951824304,0.8157126152038616,-0.11981996213675604,False
t2_ET_glszm_SizeZoneNonUniformity,t2,ET,glszm,SizeZoneNonUniformity,0.9191420233690065,0.9535693107442322,-0.09963217863512532,True
t2_ET_glszm_SizeZoneNonUniformityNormalized,t2,ET,glszm,SizeZoneNonUniformityNormalized,0.8067960523203966,0.866277619831413,-0.026481938198314802,False
t2_ET_glszm_SmallAreaEmphasis,t2,ET,glszm,SmallAreaEmphasis,0.6938746821749796,0.8641301034687239,-0.01302145137305888,False
t2_ET_glszm_SmallAreaHighGrayLevelEmphasis,t2,ET,glszm,SmallAreaHighGrayLevelEmphasis,0.8773798312002976,0.84994818250841,-0.021748977061631956,True
t2_ET_glszm_SmallAreaLowGrayLevelEmphasis,t2,ET,glszm,SmallAreaLowGrayLevelEmphasis,0.6619436775160753,0.8138061748715647,0.004268341862206915,False
t2_ET_glszm_ZoneEntropy,t2,ET,glszm,ZoneEntropy,0.8834218862460499,0.9431171407828598,0.006301752555496389,True
t2_ET_glszm_ZonePercentage,t2,ET,glszm,ZonePercentage,0.9104406659823536,0.9020704828725179,-0.050814042110887594,True
t2_ET_glszm_ZoneVariance,t2,ET,glszm,ZoneVariance,0.518417749937403,0.9169839448905737,0.39917714571875984,False
t2_ET_gldm_DependenceEntropy,t2,ET,gldm,DependenceEntropy,0.8777219173577958,0.9230108456503788,0.00138963693397693,True
t2_ET_gldm_DependenceNonUniformity,t2,ET,gldm,DependenceNonUniformity,0.9471329388054845,0.958745517925527,-0.03759545421844094,True
t2_ET_gldm_DependenceNonUniformityNormalized,t2,ET,gldm,DependenceNonUniformityNormalized,0.9349547147239256,0.9264718107303774,-0.022689786445785252,True
t2_ET_gldm_DependenceVariance,t2,ET,gldm,DependenceVariance,0.5272574254721518,0.9589810519782088,0.07801908231640495,False
t2_ET_gldm_GrayLevelNonUniformity,t2,ET,gldm,GrayLevelNonUniformity,0.8206195440543995,0.9438486818406017,0.039905847237251116,False
t2_ET_gldm_GrayLevelVariance,t2,ET,gldm,GrayLevelVariance,0.9526031828292757,0.9263969940312899,-0.02415278391456074,True
t2_ET_gldm_HighGrayLevelEmphasis,t2,ET,gldm,HighGrayLevelEmphasis,0.856088982720264,0.834560881396135,-0.016761022018979128,True
t2_ET_gldm_LargeDependenceEmphasis,t2,ET,gldm,LargeDependenceEmphasis,0.6735864788967466,0.930949728720191,0.07580367522579516,False
t2_ET_gldm_LargeDependenceHighGrayLevelEmphasis,t2,ET,gldm,LargeDependenceHighGrayLevelEmphasis,0.3869470567467876,0.8465232402835277,0.053318018623481546,False
t2_ET_gldm_LargeDependenceLowGrayLevelEmphasis,t2,ET,gldm,LargeDependenceLowGrayLevelEmphasis,0.5725676107278743,0.85396057437057,0.021824622217398087,False
t2_ET_gldm_LowGrayLevelEmphasis,t2,ET,gldm,LowGrayLevelEmphasis,0.5356067586289809,0.7948609240693634,-0.09069091557735844,False
t2_ET_gldm_SmallDependenceEmphasis,t2,ET,gldm,SmallDependenceEmphasis,0.9032612355716105,0.8973819697297177,-0.044194701038815704,True
t2_ET_gldm_SmallDependenceHighGrayLevelEmphasis,t2,ET,gldm,SmallDependenceHighGrayLevelEmphasis,0.9086253250689129,0.8916155419222904,-0.026260648280016983,True
t2_ET_gldm_SmallDependenceLowGrayLevelEmphasis,t2,ET,gldm,SmallDependenceLowGrayLevelEmphasis,0.8080400121991286,0.8431287789360511,-0.07954226352995752,False
t2_ET_ngtdm_Busyness,t2,ET,ngtdm,Busyness,0.8643936900528791,0.8781790169639938,0.02674525851266908,True
t2_ET_ngtdm_Coarseness,t2,ET,ngtdm,Coarseness,0.4515360414670717,0.9449293674940838,-0.19635988868304585,False
t2_ET_ngtdm_Complexity,t2,ET,ngtdm,Complexity,0.8553283799372412,0.92689854301406,0.034659696754160814,True
t2_ET_ngtdm_Contrast,t2,ET,ngtdm,Contrast,0.9466787176188245,0.9079144983678876,-0.008628238658312382,True
t2_ET_ngtdm_Strength,t2,ET,ngtdm,Strength,0.7935638278631251,0.9053347077438055,0.09278522397868169,False
flair_ET_firstorder_10Percentile,flair,ET,firstorder,10Percentile,0.8769541634553375,0.8863312661756475,0.0984756078545369,True
flair_ET_firstorder_90Percentile,flair,ET,firstorder,90Percentile,0.9803695114206828,0.9790291563447333,0.010906667094814967,True
flair_ET_firstorder_Energy,flair,ET,firstorder,Energy,0.7969212614199617,0.960554973647896,0.04967553247089724,False
flair_ET_firstorder_Entropy,flair,ET,firstorder,Entropy,0.9411843976763924,0.9435992928436442,-0.0061323483752793876,True
flair_ET_firstorder_InterquartileRange,flair,ET,firstorder,InterquartileRange,0.9639890712703901,0.9607323169346214,-0.018950238600567965,True
flair_ET_firstorder_Kurtosis,flair,ET,firstorder,Kurtosis,0.8204606106955523,0.7667381581791278,0.017051067240265744,False
flair_ET_firstorder_Maximum,flair,ET,firstorder,Maximum,0.9470949055264221,0.9530317389063462,0.013686394710912193,True
flair_ET_firstorder_MeanAbsoluteDeviation,flair,ET,firstorder,MeanAbsoluteDeviation,0.9570065598412065,0.9435743539439484,-0.019437719904744008,True
flair_ET_firstorder_Mean,flair,ET,firstorder,Mean,0.9743450423770229,0.9790624082109942,0.026763279923587267,True
flair_ET_firstorder_Median,flair,ET,firstorder,Median,0.9705645013743882,0.9793893848958939,0.022428179136872638,True
flair_ET_firstorder_Minimum,flair,ET,firstorder,Minimum,0.6083198720700934,0.6091759974009567,0.10731565206007586,False
flair_ET_firstorder_Range,flair,ET,firstorder,Range,0.9064320528163952,0.9056810813506909,-0.009086344471725611,True
flair_ET_firstorder_RobustMeanAbsoluteDeviation,flair,ET,firstorder,RobustMeanAbsoluteDeviation,0.9608359817852634,0.9542537449914377,-0.019759819632031037,True
flair_ET_firstorder_RootMeanSquared,flair,ET,firstorder,RootMeanSquared,0.9812729568575423,0.9820439922190634,0.017567622753362988,True
flair_ET_firstorder_Skewness,flair,ET,firstorder,Skewness,0.8666874420885319,0.8788717641777646,0.7561703931135839,True
flair_ET_firstorder_TotalEnergy,flair,ET,firstorder,TotalEnergy,0.7969212614199617,0.960554973647896,0.04967553247089724,False
flair_ET_firstorder_Uniformity,flair,ET,firstorder,Uniformity,0.9179285533670077,0.9492992169185496,0.027604164375941573,True
flair_ET_firstorder_Variance,flair,ET,firstorder,Variance,0.9638733052765095,0.9288576321346037,-0.039378359117040296,True
flair_ET_glcm_Autocorrelation,flair,ET,glcm,Autocorrelation,0.7970782580616746,0.7586634966554164,-0.056863164365328185,False
flair_ET_glcm_JointAverage,flair,ET,glcm,JointAverage,0.7666700490224005,0.7372243558836407,-0.028676057472950964,False
flair_ET_glcm_ClusterProminence,flair,ET,glcm,ClusterProminence,0.9805741415451992,0.8995682799363781,-0.05241222190927871,True
flair_ET_glcm_ClusterShade,flair,ET,glcm,ClusterShade,0.9761478718395291,0.8362761234974314,0.11380502528757352,True
flair_ET_glcm_ClusterTendency,flair,ET,glcm,ClusterTendency,0.9610880435648245,0.9312351405722645,-0.04751415247188143,True
flair_ET_glcm_Contrast,flair,ET,glcm,Contrast,0.9430455593876432,0.963968831917358,0.04704733702958101,True
flair_ET_glcm_Correlation,flair,ET,glcm,Correlation,0.9299697560597779,0.9440592769935879,-0.019004167906222683,True
flair_ET_glcm_DifferenceAverage,flair,ET,glcm,DifferenceAverage,0.9726974920764657,0.9732017667824939,0.015269624556655334,True
flair_ET_glcm_DifferenceEntropy,flair,ET,glcm,DifferenceEntropy,0.9736072160754675,0.9724175769365057,0.004005795758730422,True
flair_ET_glcm_DifferenceVariance,flair,ET,glcm,DifferenceVariance,0.9299078353271291,0.9475036161404559,0.051531451088888375,True
flair_ET_glcm_JointEnergy,flair,ET,glcm,JointEnergy,0.8298191088887714,0.9708048614228474,0.05482335474629412,False
flair_ET_glcm_JointEntropy,flair,ET,glcm,JointEntropy,0.955327927055883,0.9668894541706154,-0.0017046680749032812,True
flair_ET_glcm_Imc1,flair,ET,glcm,Imc1,0.9325716932948548,0.9453477868112016,0.02895392832861258,True
flair_ET_glcm_Imc2,flair,ET,glcm,Imc2,0.9045302121369329,0.9086017036039481,-0.008682519352905548,True
flair_ET_glcm_Idm,flair,ET,glcm,Idm,0.9763724880592344,0.9847595612970445,0.001194988327893448,True
flair_ET_glcm_Idmn,flair,ET,glcm,Idmn,0.7266325749181969,0.9179205391235916,-0.00020088252359620694,False
flair_ET_glcm_Id,flair,ET,glcm,Id,0.9779012825679814,0.9832493723710243,-0.00038041377383114946,True
flair_ET_glcm_Idn,flair,ET,glcm,Idn,0.8245118448941561,0.9123092866920488,-0.0008662573878375742,False
flair_ET_glcm_InverseVariance,flair,ET,glcm,InverseVariance,0.9867826720037098,0.9848897977732335,-0.003921991491019368,True
flair_ET_glcm_MaximumProbability,flair,ET,glcm,MaximumProbability,0.7963642939676474,0.9776353489506265,0.06716962872770635,False
flair_ET_glcm_SumEntropy,flair,ET,glcm,SumEntropy,0.9374742416135662,0.948249012142473,-0.005122400949235575,True
flair_ET_glcm_SumSquares,flair,ET,glcm,SumSquares,0.9634267844560707,0.9372620413320698,-0.03700949006809792,True
flair_ET_glcm_MCC,flair,ET,glcm,MCC,0.8578643751257633,0.8827456065971703,-0.014733230826852664,True
flair_ET_glrlm_GrayLevelNonUniformity,flair,ET,glrlm,GrayLevelNonUniformity,0.9447311651921033,0.9542094091697564,0.013767010363892286,True
flair_ET_glrlm_GrayLevelNonUniformityNormalized,flair,ET,glrlm,GrayLevelNonUniformityNormalized,0.9249877671991816,0.9543257907016699,0.023082072183196987,True
flair_ET_glrlm_GrayLevelVariance,flair,ET,glrlm,GrayLevelVariance,0.9637605039312181,0.9254687127648373,-0.03810093895524707,True
flair_ET_glrlm_HighGrayLevelRunEmphasis,flair,ET,glrlm,HighGrayLevelRunEmphasis,0.8017422486243059,0.7651420685986,-0.05003868153794053,False
flair_ET_glrlm_LongRunEmphasis,flair,ET,glrlm,LongRunEmphasis,0.825031886011315,0.9821908546283827,0.019115365563949136,False
flair_ET_glrlm_LongRunHighGrayLevelEmphasis,flair,ET,glrlm,LongRunHighGrayLevelEmphasis,0.6841350994191858,0.6458316014652989,-0.04157514327692123,False
flair_ET_glrlm_LongRunLowGrayLevelEmphasis,flair,ET,glrlm,LongRunLowGrayLevelEmphasis,0.6855139540721706,0.6793855055114968,-0.06510086017355023,False
flair_ET_glrlm_LowGrayLevelRunEmphasis,flair,ET,glrlm,LowGrayLevelRunEmphasis,0.5469758421213982,0.6319073824685078,-0.10864511802995325,False
flair_ET_glrlm_RunEntropy,flair,ET,glrlm,RunEntropy,0.9192030793562788,0.930378905016044,-0.002764878541953707,True
flair_ET_glrlm_RunLengthNonUniformity,flair,ET,glrlm,RunLengthNonUniformity,0.9397472071892234,0.9478278218365005,-0.018124923972898485,True
flair_ET_glrlm_RunLengthNonUniformityNormalized,flair,ET,glrlm,RunLengthNonUniformityNormalized,0.961949963187127,0.977654745872612,-0.006116567427934589,True
flair_ET_glrlm_RunPercentage,flair,ET,glrlm,RunPercentage,0.9368913988401634,0.979788407291026,-0.0040504819020550226,True
flair_ET_glrlm_RunVariance,flair,ET,glrlm,RunVariance,0.7232520315118396,0.9843494549464922,0.09370924973712975,False
flair_ET_glrlm_ShortRunEmphasis,flair,ET,glrlm,ShortRunEmphasis,0.9545597418984043,0.9783059282535566,-0.0027656253354517712,True
flair_ET_glrlm_ShortRunHighGrayLevelEmphasis,flair,ET,glrlm,ShortRunHighGrayLevelEmphasis,0.8164919603927251,0.788157902028918,-0.05077837474626284,False
flair_ET_glrlm_ShortRunLowGrayLevelEmphasis,flair,ET,glrlm,ShortRunLowGrayLevelEmphasis,0.5141763671837277,0.6214718384402659,-0.11702489555393139,False
flair_ET_glszm_GrayLevelNonUniformity,flair,ET,glszm,GrayLevelNonUniformity,0.959877054813121,0.9535499138222467,-0.03144252340964401,True
flair_ET_glszm_GrayLevelNonUniformityNormalized,flair,ET,glszm,GrayLevelNonUniformityNormalized,0.8786063538802344,0.9200542005420055,0.01644883018136748,True
flair_ET_glszm_GrayLevelVariance,flair,ET,glszm,GrayLevelVariance,0.9598542736292648,0.8952704762221446,-0.030143865107258517,True
flair_ET_glszm_HighGrayLevelZoneEmphasis,flair,ET,glszm,HighGrayLevelZoneEmphasis,0.8232537521987797,0.7983745379376084,-0.043397488641829886,False
flair_ET_glszm_LargeAreaEmphasis,flair,ET,glszm,LargeAreaEmphasis,0.7225369559368826,0.9785913401056301,0.3398991849021887,False
flair_ET_glszm_LargeAreaHighGrayLevelEmphasis,flair,ET,glszm,LargeAreaHighGrayLevelEmphasis,0.33165457559876743,0.9498118498567399,0.3129772744195263,False
flair_ET_glszm_LargeAreaLowGrayLevelEmphasis,flair,ET,glszm,LargeAreaLowGrayLevelEmphasis,0.8464048945908289,0.9578116946813642,0.3535440707946184,False
flair_ET_glszm_LowGrayLevelZoneEmphasis,flair,ET,glszm,LowGrayLevelZoneEmphasis,0.8135148731667461,0.7169019236204632,0.04202886756685513,False
flair_ET_glszm_SizeZoneNonUniformity,flair,ET,glszm,SizeZoneNonUniformity,0.9552215879088103,0.9449626193603449,-0.06988447230109383,True
flair_ET_glszm_SizeZoneNonUniformityNormalized,flair,ET,glszm,SizeZoneNonUniformityNormalized,0.9561080691070553,0.9648694032952599,-0.03198030586886891,True
flair_ET_glszm_SmallAreaEmphasis,flair,ET,glszm,SmallAreaEmphasis,0.9513602836324649,0.9650633725151156,-0.01733049663140676,True
flair_ET_glszm_SmallAreaHighGrayLevelEmphasis,flair,ET,glszm,SmallAreaHighGrayLevelEmphasis,0.867107880693028,0.8443978918316791,-0.05027042643000854,True
flair_ET_glszm_SmallAreaLowGrayLevelEmphasis,flair,ET,glszm,SmallAreaLowGrayLevelEmphasis,0.7586124028799017,0.701775095460566,-0.0021197248990695817,False
flair_ET_glszm_ZoneEntropy,flair,ET,glszm,ZoneEntropy,0.8712081146047911,0.9046475025077448,0.003024974710705485,True
flair_ET_glszm_ZonePercentage,flair,ET,glszm,ZonePercentage,0.9777987145299273,0.9799685215666063,-0.03766305980949549,True
flair_ET_glszm_ZoneVariance,flair,ET,glszm,ZoneVariance,0.7188006385652455,0.977748959493685,0.34194801182634565,False
flair_ET_gldm_DependenceEntropy,flair,ET,gldm,DependenceEntropy,0.8797212852687176,0.8938572719060525,-0.00017592953476742431,True
flair_ET_gldm_DependenceNonUniformity,flair,ET,gldm,DependenceNonUniformity,0.9524157026300308,0.9521228545618788,-0.0325930907548697,True
flair_ET_gldm_DependenceNonUniformityNormalized,flair,ET,gldm,DependenceNonUniformityNormalized,0.9721758972555917,0.979558415216054,-0.026876079765091238,True
flair_ET_gldm_DependenceVariance,flair,ET,gldm,DependenceVariance,0.6620707393274818,0.9861395137468756,0.07875110314254732,False
flair_ET_gldm_GrayLevelNonUniformity,flair,ET,gldm,GrayLevelNonUniformity,0.8496922789113124,0.9580998775222926,0.04202035311899688,False
flair_ET_gldm_GrayLevelVariance,flair,ET,gldm,GrayLevelVariance,0.9638118039535825,0.9285555943493995,-0.03935284428179609,True
flair_ET_gldm_HighGrayLevelEmphasis,flair,ET,gldm,HighGrayLevelEmphasis,0.8002812989745774,0.7622103623899226,-0.05021225530027618,False
flair_ET_gldm_LargeDependenceEmphasis,flair,ET,gldm,LargeDependenceEmphasis,0.823260423365066,0.981833397066077,0.07522483464612334,False
flair_ET_gldm_LargeDependenceHighGrayLevelEmphasis,flair,ET,gldm,LargeDependenceHighGrayLevelEmphasis,0.48110286260767277,0.7753365365964499,-0.00900159381497986,False
flair_ET_gldm_LargeDependenceLowGrayLevelEmphasis,flair,ET,gldm,LargeDependenceLowGrayLevelEmphasis,0.941495447224682,0.8671920461535905,0.06393880638649656,True
flair_ET_gldm_LowGrayLevelEmphasis,flair,ET,gldm,LowGrayLevelEmphasis,0.5247631180700848,0.6240599420309131,-0.11505042491467443,False
flair_ET_gldm_SmallDependenceEmphasis,flair,ET,gldm,SmallDependenceEmphasis,0.9763196258111332,0.9794919114835321,-0.03828460741448736,True
flair_ET_gldm_SmallDependenceHighGrayLevelEmphasis,flair,ET,gldm,SmallDependenceHighGrayLevelEmphasis,0.9082941428431935,0.9105358538247958,-0.06334295131570417,True
flair_ET_gldm_SmallDependenceLowGrayLevelEmphasis,flair,ET,gldm,SmallDependenceLowGrayLevelEmphasis,0.3321604422630599,0.7169878242749708,-0.20845621053935645,False
flair_ET_ngtdm_Busyness,flair,ET,ngtdm,Busyness,0.9015829448761031,0.9397697862459197,0.06866911582619994,True
flair_ET_ngtdm_Coarseness,flair,ET,ngtdm,Coarseness,0.45426085371121694,0.9472708530766288,-0.19578238108744192,False
flair_ET_ngtdm_Complexity,flair,ET,ngtdm,Complexity,0.966389600283863,0.9375142013178822,0.004616056444143137,True
flair_ET_ngtdm_Contrast,flair,ET,ngtdm,Contrast,0.9404705490951705,0.9616993920450452,0.016323627324213934,True
flair_ET_ngtdm_Strength,flair,ET,ngtdm,Strength,0.8892418373134058,0.935064647169989,0.04033340466057468,True
