repeticion,fold,brazo,paciente_id,riesgo,dias,dias_pred,clase,clase_pred
0,0,edad,Brats18_2013_27_1,0.2258122074886352,120.0,317.0,0,0
0,0,edad,Brats18_CBICA_AAL_1,-0.23554906414181484,464.0,387.0,2,2
0,0,edad,Brats18_CBICA_AAP_1,-0.7478251958384874,788.0,488.0,2,2
0,0,edad,Brats18_CBICA_ABM_1,0.2894389678884323,503.0,291.0,2,0
0,0,edad,Brats18_CBICA_ABY_1,-0.43510572175935935,515.0,434.0,2,2
0,0,edad,Brats18_CBICA_ALU_1,0.15448432228357778,495.0,327.0,2,0
0,0,edad,Brats18_CBICA_AMH_1,0.0440118550989411,169.0,345.0,0,1
0,0,edad,Brats18_CBICA_AOZ_1,-0.49230927326044516,331.0,439.0,1,2
0,0,edad,Brats18_CBICA_APY_1,-0.5299069044057795,203.0,448.0,0,2
0,0,edad,Brats18_CBICA_ASH_1,-0.4955376923927815,660.0,439.0,2,2
0,0,edad,Brats18_CBICA_ASO_1,-0.3012272158652838,265.0,394.0,0,2
0,0,edad,Brats18_CBICA_ASU_1,0.6719057469724111,85.0,208.0,0,0
0,0,edad,Brats18_CBICA_ATD_1,0.2647550132724432,355.0,296.0,1,0
0,0,edad,Brats18_CBICA_AVG_1,0.06906573274051028,579.0,336.0,2,1
0,0,edad,Brats18_CBICA_AVJ_1,-0.5401302316581782,614.0,448.0,2,2
0,0,edad,Brats18_CBICA_AWG_1,-0.19415131464279292,180.0,382.0,0,1
0,0,edad,Brats18_CBICA_AYW_1,-0.38442626725486995,734.0,424.0,2,2
0,0,edad,Brats18_CBICA_BHM_1,0.024372305377228065,436.0,346.0,1,1
0,0,edad,Brats18_TCIA01_390_1,0.07632967578826724,634.0,333.0,2,1
0,0,edad,Brats18_TCIA01_425_1,-0.17141786325259062,558.0,376.0,2,1
0,0,edad,Brats18_TCIA01_460_1,-1.4235400461096903,630.0,1155.0,2,2
0,0,edad,Brats18_TCIA01_499_1,-0.37743135913480774,600.0,424.0,2,2
0,0,edad,Brats18_TCIA02_179_1,-0.49193935023486485,405.0,439.0,1,2
0,0,edad,Brats18_TCIA02_314_1,-0.7046114605775259,362.0,476.0,1,2
0,0,edad,Brats18_TCIA02_377_1,0.08261836722313079,812.0,333.0,2,1
0,0,edad,Brats18_TCIA03_199_1,-0.41970347214883763,1282.0,430.0,2,2
0,0,edad,Brats18_TCIA03_375_1,-0.04389530752530233,946.0,357.0,2,1
0,0,edad,Brats18_TCIA04_192_1,0.4928966319575498,121.0,239.0,0,0
0,0,edad,Brats18_TCIA04_479_1,-0.1649610249879178,372.0,376.0,1,1
0,0,edad,Brats18_TCIA06_372_1,0.44443671560654174,213.0,262.0,0,0
0,0,edad,Brats18_TCIA08_280_1,-0.1326095749326299,508.0,370.0,2,1
0,0,edad,Brats18_TCIA08_319_1,0.11954341104922846,254.0,332.0,0,0
0,0,coxnet,Brats18_2013_27_1,0.22577914705223306,120.0,317.0,0,0
0,0,coxnet,Brats18_CBICA_AAL_1,-0.23551457816365967,464.0,387.0,2,2
0,0,coxnet,Brats18_CBICA_AAP_1,-0.7477157091654602,788.0,488.0,2,2
0,0,coxnet,Brats18_CBICA_ABM_1,0.28939659206342006,503.0,291.0,2,0
0,0,coxnet,Brats18_CBICA_ABY_1,-0.43504201933510883,515.0,434.0,2,2
0,0,coxnet,Brats18_CBICA_ALU_1,0.15446170473261014,495.0,327.0,2,0
0,0,coxnet,Brats18_CBICA_AMH_1,0.0440054114653013,169.0,345.0,0,1
0,0,coxnet,Brats18_CBICA_AOZ_1,-0.49223719584886594,331.0,439.0,1,2
0,0,coxnet,Brats18_CBICA_APY_1,-0.5298293224463853,203.0,448.0,0,2
0,0,coxnet,Brats18_CBICA_ASH_1,-0.4954651423187781,660.0,439.0,2,2
0,0,coxnet,Brats18_CBICA_ASO_1,-0.30118311416093646,265.0,394.0,0,2
0,0,coxnet,Brats18_CBICA_ASU_1,0.6718073754208328,85.0,208.0,0,0
0,0,coxnet,Brats18_CBICA_ATD_1,0.26471625134554927,355.0,296.0,1,0
0,0,coxnet,Brats18_CBICA_AVG_1,0.06905562104951607,579.0,336.0,2,1
0,0,coxnet,Brats18_CBICA_AVJ_1,-0.5400511529344407,614.0,448.0,2,2
0,0,coxnet,Brats18_CBICA_AWG_1,-0.19412288957551466,180.0,382.0,0,1
0,0,coxnet,Brats18_CBICA_AYW_1,-0.38436998464596583,734.0,424.0,2,2
0,0,coxnet,Brats18_CBICA_BHM_1,0.024368737106668772,436.0,346.0,1,1
0,0,coxnet,Brats18_TCIA01_390_1,0.07631850060681859,634.0,333.0,2,1
0,0,coxnet,Brats18_TCIA01_425_1,-0.1713927665165494,558.0,376.0,2,1
0,0,coxnet,Brats18_TCIA01_460_1,-1.4233316302065662,630.0,1155.0,2,2
0,0,coxnet,Brats18_TCIA01_499_1,-0.37737610062782273,600.0,424.0,2,2
0,0,coxnet,Brats18_TCIA02_179_1,-0.4918673269825217,405.0,439.0,1,2
0,0,coxnet,Brats18_TCIA02_314_1,-0.7045083006879891,362.0,476.0,1,2
0,0,coxnet,Brats18_TCIA02_377_1,0.08260627133466836,812.0,333.0,2,1
0,0,coxnet,Brats18_TCIA03_199_1,-0.4196420247182358,1282.0,430.0,2,2
0,0,coxnet,Brats18_TCIA03_375_1,-0.04388888095501672,946.0,357.0,2,1
0,0,coxnet,Brats18_TCIA04_192_1,0.49282446855267953,121.0,239.0,0,0
0,0,coxnet,Brats18_TCIA04_479_1,-0.16493687357672496,372.0,376.0,1,1
0,0,coxnet,Brats18_TCIA06_372_1,0.4443716470616013,213.0,262.0,0,0
0,0,coxnet,Brats18_TCIA08_280_1,-0.13259015999281282,508.0,370.0,2,1
0,0,coxnet,Brats18_TCIA08_319_1,0.11952590908428931,254.0,332.0,0,0
0,0,genetico,Brats18_2013_27_1,0.21398308148268488,120.0,322.0,0,0
0,0,genetico,Brats18_CBICA_AAL_1,-1.2311060481986367,464.0,726.0,2,2
0,0,genetico,Brats18_CBICA_AAP_1,-1.1939365483600606,788.0,698.0,2,2
0,0,genetico,Brats18_CBICA_ABM_1,-0.10346016726506402,503.0,368.0,2,1
0,0,genetico,Brats18_CBICA_ABY_1,-0.5071645400902466,515.0,438.0,2,2
0,0,genetico,Brats18_CBICA_ALU_1,0.23405071521316842,495.0,322.0,2,0
0,0,genetico,Brats18_CBICA_AMH_1,-0.3003570043112611,169.0,394.0,0,2
0,0,genetico,Brats18_CBICA_AOZ_1,-0.7088727501071019,331.0,467.0,1,2
0,0,genetico,Brats18_CBICA_APY_1,-4.635862496868731,203.0,1767.0,0,2
0,0,genetico,Brats18_CBICA_ASH_1,-1.4780796685932878,660.0,828.0,2,2
0,0,genetico,Brats18_CBICA_ASO_1,-0.7850189460434956,265.0,476.0,0,2
0,0,genetico,Brats18_CBICA_ASU_1,0.8217249623238719,85.0,199.0,0,0
0,0,genetico,Brats18_CBICA_ATD_1,-0.687075619455595,355.0,466.0,1,2
0,0,genetico,Brats18_CBICA_AVG_1,-0.32693866675222766,579.0,394.0,2,2
0,0,genetico,Brats18_CBICA_AVJ_1,-0.9604379724198551,614.0,576.0,2,2
0,0,genetico,Brats18_CBICA_AWG_1,0.3909153428205888,180.0,287.0,0,0
0,0,genetico,Brats18_CBICA_AYW_1,-0.14626045764764087,734.0,375.0,2,1
0,0,genetico,Brats18_CBICA_BHM_1,-0.012160487647060188,436.0,355.0,1,1
0,0,genetico,Brats18_TCIA01_390_1,0.11509903880422595,634.0,333.0,2,1
0,0,genetico,Brats18_TCIA01_425_1,-0.4411590614264323,558.0,425.0,2,2
0,0,genetico,Brats18_TCIA01_460_1,-1.2491667876786392,630.0,726.0,2,2
0,0,genetico,Brats18_TCIA01_499_1,-0.6725476552712701,600.0,466.0,2,2
0,0,genetico,Brats18_TCIA02_179_1,0.0043308437399482425,405.0,350.0,1,1
0,0,genetico,Brats18_TCIA02_314_1,0.41251530788109925,362.0,287.0,1,0
0,0,genetico,Brats18_TCIA02_377_1,0.14497584700281552,812.0,332.0,2,1
0,0,genetico,Brats18_TCIA03_199_1,-2.0311763851004994,1282.0,1489.0,2,2
0,0,genetico,Brats18_TCIA03_375_1,-0.3428717759603621,946.0,401.0,2,2
0,0,genetico,Brats18_TCIA04_192_1,-0.5781483962079177,121.0,448.0,0,2
0,0,genetico,Brats18_TCIA04_479_1,-0.053574260567303356,372.0,357.0,1,1
0,0,genetico,Brats18_TCIA06_372_1,-0.28507458587702406,213.0,394.0,0,1
0,0,genetico,Brats18_TCIA08_280_1,-0.8919964426980116,508.0,510.0,2,2
0,0,genetico,Brats18_TCIA08_319_1,0.2900963769865299,254.0,317.0,0,0
0,1,edad,Brats18_CBICA_ABO_1,-0.08134786919655762,1155.0,376.0,2,1
0,1,edad,Brats18_CBICA_AOD_1,0.06337077976040656,55.0,357.0,0,1
0,1,edad,Brats18_CBICA_AQA_1,0.6122724117725723,106.0,265.0,0,0
0,1,edad,Brats18_CBICA_AQT_1,0.5987463294937975,172.0,265.0,0,0
0,1,edad,Brats18_CBICA_AQY_1,-0.036179794954583296,229.0,372.0,0,1
0,1,edad,Brats18_CBICA_ASG_1,-0.03645796631250162,208.0,372.0,0,1
0,1,edad,Brats18_CBICA_ASK_1,0.6460006889201587,522.0,262.0,2,0
0,1,edad,Brats18_CBICA_ASV_1,-0.13934659732251048,597.0,401.0,2,2
0,1,edad,Brats18_CBICA_ASY_1,0.2695305273975617,610.0,332.0,2,0
0,1,edad,Brats18_CBICA_ATP_1,-0.2492938265396945,385.0,425.0,1,2
0,1,edad,Brats18_CBICA_AUR_1,0.3996451800638178,12.0,317.0,0,0
0,1,edad,Brats18_CBICA_AVV_1,0.4706136477527089,387.0,289.0,1,0
0,1,edad,Brats18_CBICA_AWH_1,-0.20843740834545296,139.0,421.0,0,2
0,1,edad,Brats18_CBICA_AXM_1,0.2842736093672281,438.0,332.0,1,0
0,1,edad,Brats18_CBICA_AXO_1,-0.08545089672585147,394.0,376.0,1,1
0,1,edad,Brats18_CBICA_AXW_1,0.711162329512506,191.0,239.0,0,0
0,1,edad,Brats18_TCIA01_150_1,-0.26577547949635005,1489.0,430.0,2,2
0,1,edad,Brats18_TCIA01_235_1,-0.027313082920939574,804.0,370.0,2,1
0,1,edad,Brats18_TCIA01_378_1,0.535010317110781,110.0,269.0,0,0
0,1,edad,Brats18_TCIA01_412_1,0.34773145039232656,291.0,322.0,0,0
0,1,edad,Brats18_TCIA02_198_1,-0.1557587074396864,394.0,405.0,1,2
0,1,edad,Brats18_TCIA02_321_1,0.7807051689920659,67.0,213.0,0,0
0,1,edad,Brats18_TCIA02_491_1,0.7772627984378275,82.0,213.0,0,0
0,1,edad,Brats18_TCIA03_133_1,0.17397866595264636,382.0,346.0,1,0
0,1,edad,Brats18_TCIA03_338_1,0.6142891541174792,468.0,265.0,2,0
0,1,edad,Brats18_TCIA03_419_1,0.4114674627753431,327.0,317.0,1,0
0,1,edad,Brats18_TCIA04_111_1,0.5738847643798553,626.0,268.0,2,0
0,1,edad,Brats18_TCIA04_361_1,0.5985724723950987,476.0,265.0,2,0
0,1,edad,Brats18_TCIA06_165_1,-0.24348699944315122,5.0,425.0,0,2
0,1,edad,Brats18_TCIA06_247_1,0.6238165231261789,244.0,262.0,0,0
0,1,edad,Brats18_TCIA08_242_1,0.2684526133856283,147.0,332.0,0,0
0,1,edad,Brats18_TCIA08_406_1,0.6949588479137688,82.0,239.0,0,0
0,1,coxnet,Brats18_CBICA_ABO_1,-0.08134468933815979,1155.0,376.0,2,1
0,1,coxnet,Brats18_CBICA_AOD_1,0.0633683026198471,55.0,357.0,0,1
0,1,coxnet,Brats18_CBICA_AQA_1,0.6122484782683559,106.0,265.0,0,0
0,1,coxnet,Brats18_CBICA_AQT_1,0.5987229247191811,172.0,265.0,0,0
0,1,coxnet,Brats18_CBICA_AQY_1,-0.03617838069965628,229.0,372.0,0,1
0,1,coxnet,Brats18_CBICA_ASG_1,-0.03645654118395816,208.0,372.0,0,1
0,1,coxnet,Brats18_CBICA_ASK_1,0.6459754369899481,522.0,262.0,2,0
0,1,coxnet,Brats18_CBICA_ASV_1,-0.13934115031508315,597.0,401.0,2,2
0,1,coxnet,Brats18_CBICA_ASY_1,0.26951999154801193,610.0,332.0,2,0
0,1,coxnet,Brats18_CBICA_ATP_1,-0.24928408173536595,385.0,425.0,1,2
0,1,coxnet,Brats18_CBICA_AUR_1,0.39962955808017425,12.0,317.0,0,0
0,1,coxnet,Brats18_CBICA_AVV_1,0.470595251637669,387.0,289.0,1,0
0,1,coxnet,Brats18_CBICA_AWH_1,-0.20842926060354028,139.0,421.0,0,2
0,1,coxnet,Brats18_CBICA_AXM_1,0.2842624972160066,438.0,332.0,1,0
0,1,coxnet,Brats18_CBICA_AXO_1,-0.08544755648161104,394.0,376.0,1,1
0,1,coxnet,Brats18_CBICA_AXW_1,0.7111345304376424,191.0,239.0,0,0
0,1,coxnet,Brats18_TCIA01_150_1,-0.265765090430247,1489.0,430.0,2,2
0,1,coxnet,Brats18_TCIA01_235_1,-0.02731201526253685,804.0,370.0,2,1
0,1,coxnet,Brats18_TCIA01_378_1,0.5349894037535332,110.0,269.0,0,0
0,1,coxnet,Brats18_TCIA01_412_1,0.3477178576973527,291.0,322.0,0,0
0,1,coxnet,Brats18_TCIA02_198_1,-0.1557526188888886,394.0,405.0,1,2
0,1,coxnet,Brats18_TCIA02_321_1,0.7806746515130901,67.0,213.0,0,0
0,1,coxnet,Brats18_TCIA02_491_1,0.7772324155198552,82.0,213.0,0,0
0,1,coxnet,Brats18_TCIA03_133_1,0.1739718651903466,382.0,346.0,1,0
0,1,coxnet,Brats18_TCIA03_338_1,0.6142651417795436,468.0,265.0,2,0
0,1,coxnet,Brats18_TCIA03_419_1,0.41145137866300047,327.0,317.0,1,0
0,1,coxnet,Brats18_TCIA04_111_1,0.5738623314347089,626.0,268.0,2,0
0,1,coxnet,Brats18_TCIA04_361_1,0.5985490744164925,476.0,265.0,2,0
0,1,coxnet,Brats18_TCIA06_165_1,-0.24347748162556604,5.0,425.0,0,2
0,1,coxnet,Brats18_TCIA06_247_1,0.6237921383668801,244.0,262.0,0,0
0,1,coxnet,Brats18_TCIA08_242_1,0.2684421196713423,147.0,332.0,0,0
0,1,coxnet,Brats18_TCIA08_406_1,0.6949316822270633,82.0,239.0,0,0
0,1,genetico,Brats18_CBICA_ABO_1,0.7268864260731385,1155.0,262.0,2,0
0,1,genetico,Brats18_CBICA_AOD_1,1.1896446715832634,55.0,170.0,0,0
0,1,genetico,Brats18_CBICA_AQA_1,0.46654096283226854,106.0,317.0,0,0
0,1,genetico,Brats18_CBICA_AQT_1,0.8467074574419111,172.0,213.0,0,0
0,1,genetico,Brats18_CBICA_AQY_1,0.5490317606341365,229.0,287.0,0,0
0,1,genetico,Brats18_CBICA_ASG_1,0.815866672438487,208.0,232.0,0,0
0,1,genetico,Brats18_CBICA_ASK_1,0.5214174436883628,522.0,289.0,2,0
0,1,genetico,Brats18_CBICA_ASV_1,-0.5168063805295524,597.0,465.0,2,2
0,1,genetico,Brats18_CBICA_ASY_1,-0.13852881963450692,610.0,401.0,2,1
0,1,genetico,Brats18_CBICA_ATP_1,-1.8376985873653129,385.0,1283.0,1,2
0,1,genetico,Brats18_CBICA_AUR_1,0.8224686610830739,12.0,232.0,0,0
0,1,genetico,Brats18_CBICA_AVV_1,1.0938677330872129,387.0,187.0,1,0
0,1,genetico,Brats18_CBICA_AWH_1,0.18841195835750546,139.0,350.0,0,1
0,1,genetico,Brats18_CBICA_AXM_1,-0.834180500368852,438.0,519.0,1,2
0,1,genetico,Brats18_CBICA_AXO_1,-0.33040685424960736,394.0,434.0,1,2
0,1,genetico,Brats18_CBICA_AXW_1,0.3724554439609927,191.0,329.0,0,0
0,1,genetico,Brats18_TCIA01_150_1,-0.20618756133783595,1489.0,421.0,2,2
0,1,genetico,Brats18_TCIA01_235_1,-0.5326809640965537,804.0,465.0,2,2
0,1,genetico,Brats18_TCIA01_378_1,0.7729113509061565,110.0,254.0,0,0
0,1,genetico,Brats18_TCIA01_412_1,0.7044227898464261,291.0,265.0,0,0
0,1,genetico,Brats18_TCIA02_198_1,-1.1888103612503287,394.0,660.0,1,2
0,1,genetico,Brats18_TCIA02_321_1,0.8812240849749954,67.0,210.0,0,0
0,1,genetico,Brats18_TCIA02_491_1,1.242377982736203,82.0,169.0,0,0
0,1,genetico,Brats18_TCIA03_133_1,-0.395234439581551,382.0,448.0,1,2
0,1,genetico,Brats18_TCIA03_338_1,0.297358194632395,468.0,333.0,2,0
0,1,genetico,Brats18_TCIA03_419_1,0.6515793891781263,327.0,268.0,1,0
0,1,genetico,Brats18_TCIA04_111_1,0.5184824480117259,626.0,289.0,2,0
0,1,genetico,Brats18_TCIA04_361_1,0.41726079030658986,476.0,322.0,2,0
0,1,genetico,Brats18_TCIA06_165_1,-0.6892194490091554,5.0,495.0,0,2
0,1,genetico,Brats18_TCIA06_247_1,1.129499809171018,244.0,180.0,0,0
0,1,genetico,Brats18_TCIA08_242_1,0.34166903582174324,147.0,331.0,0,0
0,1,genetico,Brats18_TCIA08_406_1,0.08776932667996795,82.0,357.0,0,1
0,2,edad,Brats18_CBICA_AAB_1,-0.007104793339184643,289.0,370.0,0,1
0,2,edad,Brats18_CBICA_AAG_1,-0.2955391638004062,616.0,436.0,2,2
0,2,edad,Brats18_CBICA_AME_1,-0.3141466981874776,359.0,438.0,1,2
0,2,edad,Brats18_CBICA_ANI_1,-0.08466549905467158,439.0,385.0,1,1
0,2,edad,Brats18_CBICA_ANP_1,0.033064968986024346,486.0,362.0,2,1
0,2,edad,Brats18_CBICA_AOP_1,0.25213439084364475,332.0,333.0,1,0
0,2,edad,Brats18_CBICA_APR_1,0.07172220961247355,23.0,357.0,0,1
0,2,edad,Brats18_CBICA_AQG_1,-0.24833441682980148,466.0,421.0,2,2
0,2,edad,Brats18_CBICA_AQJ_1,0.19026170088739008,170.0,345.0,0,1
0,2,edad,Brats18_CBICA_AQV_1,-0.25688192317395697,84.0,421.0,0,2
0,2,edad,Brats18_CBICA_AQZ_1,0.09426933540096653,286.0,355.0,0,1
0,2,edad,Brats18_CBICA_ARW_1,-0.5715567863625044,495.0,495.0,2,2
0,2,edad,Brats18_CBICA_ARZ_1,-0.20542101049288783,871.0,405.0,2,2
0,2,edad,Brats18_CBICA_ASA_1,0.10900762823307054,210.0,355.0,0,1
0,2,edad,Brats18_CBICA_ASW_1,0.27063640046103526,239.0,331.0,0,0
0,2,edad,Brats18_CBICA_AWI_1,-0.4964583252729057,375.0,468.0,1,2
0,2,edad,Brats18_CBICA_AXQ_1,0.19757808491860152,114.0,345.0,0,1
0,2,edad,Brats18_CBICA_AYI_1,0.1848799376336627,387.0,345.0,1,1
0,2,edad,Brats18_TCIA01_147_1,0.02641690849612546,209.0,368.0,0,1
0,2,edad,Brats18_TCIA01_201_1,0.0022517362391915033,430.0,370.0,1,1
0,2,edad,Brats18_TCIA01_203_1,-0.518442652289767,268.0,473.0,0,2
0,2,edad,Brats18_TCIA01_429_1,-0.19975784785334452,86.0,405.0,0,2
0,2,edad,Brats18_TCIA01_448_1,-0.5703960138960141,199.0,495.0,0,2
0,2,edad,Brats18_TCIA02_394_1,0.12599711615170092,616.0,355.0,2,1
0,2,edad,Brats18_TCIA02_455_1,-0.2047526869515753,424.0,405.0,1,2
0,2,edad,Brats18_TCIA02_473_1,0.012557988744696097,175.0,368.0,0,1
0,2,edad,Brats18_TCIA03_296_1,-0.008371090575355906,22.0,370.0,0,1
0,2,edad,Brats18_TCIA03_474_1,0.02613550911030979,635.0,368.0,2,1
0,2,edad,Brats18_TCIA06_184_1,0.017658352612608053,434.0,368.0,1,1
0,2,edad,Brats18_TCIA08_105_1,0.20971343343190896,77.0,336.0,0,1
0,2,edad,Brats18_TCIA08_167_1,0.5009617977512887,153.0,287.0,0,0
0,2,edad,Brats18_TCIA08_278_1,-0.35751737852634186,1458.0,448.0,2,2
0,2,edad,Brats18_TCIA08_469_1,0.11375624286871254,519.0,355.0,2,1
0,2,coxnet,Brats18_CBICA_AAB_1,0.04499038997961484,289.0,357.0,0,1
0,2,coxnet,Brats18_CBICA_AAG_1,-0.36136106788138617,616.0,448.0,2,2
0,2,coxnet,Brats18_CBICA_AME_1,-0.2557756564594271,359.0,407.0,1,2
0,2,coxnet,Brats18_CBICA_ANI_1,-0.10561235543061212,439.0,382.0,1,1
0,2,coxnet,Brats18_CBICA_ANP_1,-0.012835418889614085,486.0,370.0,2,1
0,2,coxnet,Brats18_CBICA_AOP_1,0.15215485152846184,332.0,346.0,1,1
0,2,coxnet,Brats18_CBICA_APR_1,0.14226528925719775,23.0,346.0,0,1
0,2,coxnet,Brats18_CBICA_AQG_1,-0.19778279031729057,466.0,401.0,2,2
0,2,coxnet,Brats18_CBICA_AQJ_1,0.32433169987826005,170.0,322.0,0,0
0,2,coxnet,Brats18_CBICA_AQV_1,-0.33401372117923045,84.0,438.0,0,2
0,2,coxnet,Brats18_CBICA_AQZ_1,0.21193742970220586,286.0,336.0,0,0
0,2,coxnet,Brats18_CBICA_ARW_1,-0.5421239471207471,495.0,473.0,2,2
0,2,coxnet,Brats18_CBICA_ARZ_1,-0.14642145282262606,871.0,387.0,2,1
0,2,coxnet,Brats18_CBICA_ASA_1,0.3975150518664599,210.0,317.0,0,0
0,2,coxnet,Brats18_CBICA_ASW_1,0.3236175941523681,239.0,322.0,0,0
0,2,coxnet,Brats18_CBICA_AWI_1,-0.4110498803117018,375.0,448.0,1,2
0,2,coxnet,Brats18_CBICA_AXQ_1,0.1929039505962876,114.0,336.0,0,0
0,2,coxnet,Brats18_CBICA_AYI_1,0.3426286740762304,387.0,322.0,1,0
0,2,coxnet,Brats18_TCIA01_147_1,0.031964788918830755,209.0,362.0,0,1
0,2,coxnet,Brats18_TCIA01_201_1,0.09698301344441182,430.0,355.0,1,1
0,2,coxnet,Brats18_TCIA01_203_1,-0.34652857110295704,268.0,438.0,0,2
0,2,coxnet,Brats18_TCIA01_429_1,-0.15690688125862265,86.0,394.0,0,1
0,2,coxnet,Brats18_TCIA01_448_1,-0.5558429736669183,199.0,476.0,0,2
0,2,coxnet,Brats18_TCIA02_394_1,0.2447933111404466,616.0,331.0,2,0
0,2,coxnet,Brats18_TCIA02_455_1,-0.3144998050167941,424.0,436.0,1,2
0,2,coxnet,Brats18_TCIA02_473_1,0.10262389496857686,175.0,355.0,0,1
0,2,coxnet,Brats18_TCIA03_296_1,0.07473731088475041,22.0,355.0,0,1
0,2,coxnet,Brats18_TCIA03_474_1,0.22728978069779643,635.0,333.0,2,0
0,2,coxnet,Brats18_TCIA06_184_1,0.2553914182837676,434.0,331.0,1,0
0,2,coxnet,Brats18_TCIA08_105_1,0.37662119964202856,77.0,317.0,0,0
0,2,coxnet,Brats18_TCIA08_167_1,0.764921305671763,153.0,208.0,0,0
0,2,coxnet,Brats18_TCIA08_278_1,-0.43981156435576985,1458.0,453.0,2,2
0,2,coxnet,Brats18_TCIA08_469_1,0.19696963276323504,519.0,336.0,2,0
0,2,genetico,Brats18_CBICA_AAB_1,-0.003500719063822516,289.0,368.0,0,1
0,2,genetico,Brats18_CBICA_AAG_1,-0.0978053116292334,616.0,382.0,2,1
0,2,genetico,Brats18_CBICA_AME_1,-0.30540587108668144,359.0,421.0,1,2
0,2,genetico,Brats18_CBICA_ANI_1,-0.10356353652862721,439.0,382.0,1,1
0,2,genetico,Brats18_CBICA_ANP_1,-0.20301284061497915,486.0,394.0,2,1
0,2,genetico,Brats18_CBICA_AOP_1,-0.12408891173573611,332.0,385.0,1,1
0,2,genetico,Brats18_CBICA_APR_1,0.8236164340317382,23.0,208.0,0,0
0,2,genetico,Brats18_CBICA_AQG_1,-0.4009858281699652,466.0,448.0,2,2
0,2,genetico,Brats18_CBICA_AQJ_1,0.4669202031918691,170.0,291.0,0,0
0,2,genetico,Brats18_CBICA_AQV_1,-0.2512404082689342,84.0,405.0,0,1
0,2,genetico,Brats18_CBICA_AQZ_1,0.6419682702590851,286.0,254.0,0,0
0,2,genetico,Brats18_CBICA_ARW_1,-0.34362717292345524,495.0,436.0,2,2
0,2,genetico,Brats18_CBICA_ARZ_1,-0.23776854582234125,871.0,401.0,2,1
0,2,genetico,Brats18_CBICA_ASA_1,0.9554516753682087,210.0,187.0,0,0
0,2,genetico,Brats18_CBICA_ASW_1,0.5256450082984729,239.0,269.0,0,0
0,2,genetico,Brats18_CBICA_AWI_1,-0.31546908729498185,375.0,425.0,1,2
0,2,genetico,Brats18_CBICA_AXQ_1,-0.137887136376098,114.0,385.0,0,1
0,2,genetico,Brats18_CBICA_AYI_1,0.3180749022994146,387.0,327.0,1,0
0,2,genetico,Brats18_TCIA01_147_1,-0.015102182514526996,209.0,368.0,0,1
0,2,genetico,Brats18_TCIA01_201_1,0.5410450560812152,430.0,269.0,1,0
0,2,genetico,Brats18_TCIA01_203_1,-0.5702876380862797,268.0,468.0,0,2
0,2,genetico,Brats18_TCIA01_429_1,-0.12929825748178436,86.0,385.0,0,1
0,2,genetico,Brats18_TCIA01_448_1,-0.7180428048082923,199.0,508.0,0,2
0,2,genetico,Brats18_TCIA02_394_1,0.5771236544154092,616.0,265.0,2,0
0,2,genetico,Brats18_TCIA02_455_1,-0.3693604524258391,424.0,438.0,1,2
0,2,genetico,Brats18_TCIA02_473_1,-0.4278297966892076,175.0,448.0,0,2
0,2,genetico,Brats18_TCIA03_296_1,0.10643853651391916,22.0,355.0,0,1
0,2,genetico,Brats18_TCIA03_474_1,0.8856912002653463,635.0,203.0,2,0
0,2,genetico,Brats18_TCIA06_184_1,1.769509618541277,434.0,99.0,1,0
0,2,genetico,Brats18_TCIA08_105_1,0.8339653345200465,77.0,208.0,0,0
0,2,genetico,Brats18_TCIA08_167_1,1.096919030902045,153.0,168.0,0,0
0,2,genetico,Brats18_TCIA08_278_1,-0.5352134739027361,1458.0,467.0,2,2
0,2,genetico,Brats18_TCIA08_469_1,0.6950958595487909,519.0,232.0,2,0
0,3,edad,Brats18_CBICA_ABB_1,0.26025141804664786,465.0,289.0,2,0
0,3,edad,Brats18_CBICA_ALX_1,-0.028176425247387612,698.0,372.0,2,1
0,3,edad,Brats18_CBICA_ANZ_1,0.2456989223168128,287.0,291.0,0,0
0,3,edad,Brats18_CBICA_AOH_1,-0.11903119588500877,576.0,385.0,2,1
0,3,edad,Brats18_CBICA_AOO_1,-0.5372187927700769,350.0,467.0,1,2
0,3,edad,Brats18_CBICA_AQN_1,0.08650641835327501,488.0,355.0,2,1
0,3,edad,Brats18_CBICA_AQP_1,-0.46216200173106087,1283.0,448.0,2,2
0,3,edad,Brats18_CBICA_AQU_1,0.40400647721569816,30.0,254.0,0,0
0,3,edad,Brats18_CBICA_ARF_1,0.48375022070824214,726.0,232.0,2,0
0,3,edad,Brats18_CBICA_ASE_1,-0.4502971290864653,318.0,448.0,1,2
0,3,edad,Brats18_CBICA_ASN_1,-0.6904133086287499,407.0,503.0,1,2
0,3,edad,Brats18_CBICA_ATV_1,0.052648922657509215,453.0,357.0,2,1
0,3,edad,Brats18_CBICA_ATX_1,-0.7790393186590991,1592.0,519.0,2,2
0,3,edad,Brats18_CBICA_AUQ_1,0.008630900663885489,1337.0,362.0,2,1
0,3,edad,Brats18_CBICA_AXJ_1,-1.073137391145165,1767.0,630.0,2,2
0,3,edad,Brats18_CBICA_AXN_1,0.8262582846199095,345.0,180.0,1,0
0,3,edad,Brats18_CBICA_AYA_1,0.4681488964573375,50.0,232.0,0,0
0,3,edad,Brats18_CBICA_AZH_1,-0.1847796337995355,401.0,394.0,1,2
0,3,edad,Brats18_CBICA_BHB_1,-0.1624920277268146,510.0,387.0,2,1
0,3,edad,Brats18_TCIA01_186_1,-0.8739582998158635,370.0,597.0,1,2
0,3,edad,Brats18_TCIA01_190_1,0.031901783475108844,322.0,359.0,1,1
0,3,edad,Brats18_TCIA01_335_1,-0.19923380185552078,355.0,394.0,1,2
0,3,edad,Brats18_TCIA02_135_1,0.288799219354501,828.0,286.0,2,0
0,3,edad,Brats18_TCIA02_226_1,0.4269168252228039,329.0,244.0,1,0
0,3,edad,Brats18_TCIA02_283_1,0.4681488964573375,262.0,232.0,0,0
0,3,edad,Brats18_TCIA02_300_1,0.12537862541540298,127.0,333.0,0,0
0,3,edad,Brats18_TCIA02_322_1,-0.10457702782902349,621.0,382.0,2,1
0,3,edad,Brats18_TCIA02_368_1,0.06585760684472466,317.0,357.0,1,1
0,3,edad,Brats18_TCIA03_138_1,0.37106670647586765,82.0,265.0,0,0
0,3,edad,Brats18_TCIA04_343_1,-0.2580665267092472,296.0,421.0,0,2
0,3,edad,Brats18_TCIA05_478_1,-0.04253226562952241,30.0,372.0,0,1
0,3,edad,Brats18_TCIA06_409_1,0.28558718200872657,99.0,286.0,0,0
0,3,edad,Brats18_TCIA08_218_1,-0.10513421798084162,346.0,382.0,1,1
0,3,coxnet,Brats18_CBICA_ABB_1,0.2602516446719469,465.0,289.0,2,0
0,3,coxnet,Brats18_CBICA_ALX_1,-0.02817630105438732,698.0,372.0,2,1
0,3,coxnet,Brats18_CBICA_ANZ_1,0.24569914914518798,287.0,291.0,0,0
0,3,coxnet,Brats18_CBICA_AOH_1,-0.11903111439856183,576.0,385.0,2,1
0,3,coxnet,Brats18_CBICA_AOO_1,-0.5372188347333869,350.0,467.0,1,2
0,3,coxnet,Brats18_CBICA_AQN_1,0.0865065850565833,488.0,355.0,2,1
0,3,coxnet,Brats18_CBICA_AQP_1,-0.4621620230384763,1283.0,448.0,2,2
0,3,coxnet,Brats18_CBICA_AQU_1,0.404006745939642,30.0,254.0,0,0
0,3,coxnet,Brats18_CBICA_ARF_1,0.4837505158242208,726.0,232.0,2,0
0,3,coxnet,Brats18_CBICA_ASE_1,-0.4502971377667475,318.0,448.0,1,2
0,3,coxnet,Brats18_CBICA_ASN_1,-0.6904134027585493,407.0,503.0,1,2
0,3,coxnet,Brats18_CBICA_ATV_1,0.05264906157475844,453.0,357.0,2,1
0,3,coxnet,Brats18_CBICA_ATX_1,-0.7790394423827784,1592.0,519.0,2,2
0,3,coxnet,Brats18_CBICA_AUQ_1,0.008631005279311071,1337.0,362.0,2,1
0,3,coxnet,Brats18_CBICA_AXJ_1,-1.0731379682017992,1767.0,630.0,2,2
0,3,coxnet,Brats18_CBICA_AXN_1,0.8262586707520444,345.0,180.0,1,0
0,3,coxnet,Brats18_CBICA_AYA_1,0.46814920276189403,50.0,232.0,0,0
0,3,coxnet,Brats18_CBICA_AZH_1,-0.18477959166919952,401.0,394.0,1,2
0,3,coxnet,Brats18_CBICA_BHB_1,-0.16249196883375328,510.0,387.0,2,1
0,3,coxnet,Brats18_TCIA01_186_1,-0.8739584657217002,370.0,597.0,1,2
0,3,coxnet,Brats18_TCIA01_190_1,0.03190179998936006,322.0,359.0,1,1
0,3,coxnet,Brats18_TCIA01_335_1,-0.1992337638154001,355.0,394.0,1,2
0,3,coxnet,Brats18_TCIA02_135_1,0.2887993860938726,828.0,286.0,2,0
0,3,coxnet,Brats18_TCIA02_226_1,0.42691706444214533,329.0,244.0,1,0
0,3,coxnet,Brats18_TCIA02_283_1,0.46814906349676505,262.0,232.0,0,0
0,3,coxnet,Brats18_TCIA02_300_1,0.12537875426618977,127.0,333.0,0,0
0,3,coxnet,Brats18_TCIA02_322_1,-0.10457692490748363,621.0,382.0,2,1
0,3,coxnet,Brats18_TCIA02_368_1,0.06585773938913753,317.0,357.0,1,1
0,3,coxnet,Brats18_TCIA03_138_1,0.3710669422761177,82.0,265.0,0,0
0,3,coxnet,Brats18_TCIA04_343_1,-0.2580664796339495,296.0,421.0,0,2
0,3,coxnet,Brats18_TCIA05_478_1,-0.04253225089574001,30.0,372.0,0,1
0,3,coxnet,Brats18_TCIA06_409_1,0.28558735086281445,99.0,286.0,0,0
0,3,coxnet,Brats18_TCIA08_218_1,-0.10513415173054254,346.0,382.0,1,1
0,3,genetico,Brats18_CBICA_ABB_1,0.5141562164160961,465.0,232.0,2,0
0,3,genetico,Brats18_CBICA_ALX_1,-0.3442677393172728,698.0,424.0,2,2
0,3,genetico,Brats18_CBICA_ANZ_1,0.15450738093338312,287.0,332.0,0,0
0,3,genetico,Brats18_CBICA_AOH_1,-0.4937470319534524,576.0,439.0,2,2
0,3,genetico,Brats18_CBICA_AOO_1,-0.5580242842387807,350.0,448.0,1,2
0,3,genetico,Brats18_CBICA_AQN_1,-0.29716060245856357,488.0,405.0,2,2
0,3,genetico,Brats18_CBICA_AQP_1,-0.3888779880092243,1283.0,430.0,2,2
0,3,genetico,Brats18_CBICA_AQU_1,1.5693726851021372,30.0,110.0,0,0
0,3,genetico,Brats18_CBICA_ARF_1,0.3863531440334981,726.0,268.0,2,0
0,3,genetico,Brats18_CBICA_ASE_1,-1.2299862818324032,318.0,630.0,1,2
0,3,genetico,Brats18_CBICA_ASN_1,-0.12653778035708424,407.0,382.0,1,1
0,3,genetico,Brats18_CBICA_ATV_1,-0.8189975535914888,453.0,503.0,2,2
0,3,genetico,Brats18_CBICA_ATX_1,-1.3946152755707963,1592.0,734.0,2,2
0,3,genetico,Brats18_CBICA_AUQ_1,-0.4769434454152078,1337.0,438.0,2,2
0,3,genetico,Brats18_CBICA_AXJ_1,-1.8430059912558217,1767.0,1278.0,2,2
0,3,genetico,Brats18_CBICA_AXN_1,1.9943451976404842,345.0,85.0,1,0
0,3,genetico,Brats18_CBICA_AYA_1,0.28089707845576595,50.0,289.0,0,0
0,3,genetico,Brats18_CBICA_AZH_1,-0.45584533805711425,401.0,438.0,1,2
0,3,genetico,Brats18_CBICA_BHB_1,-1.1216600175714737,510.0,614.0,2,2
0,3,genetico,Brats18_TCIA01_186_1,-0.8827835614609421,370.0,515.0,1,2
0,3,genetico,Brats18_TCIA01_190_1,-0.9297153264976334,322.0,522.0,1,2
0,3,genetico,Brats18_TCIA01_335_1,-0.21045154556836393,355.0,387.0,1,1
0,3,genetico,Brats18_TCIA02_135_1,0.6266982295127135,828.0,210.0,2,0
0,3,genetico,Brats18_TCIA02_226_1,0.4482916826091544,329.0,254.0,1,0
0,3,genetico,Brats18_TCIA02_283_1,-0.11761039495433673,262.0,376.0,0,1
0,3,genetico,Brats18_TCIA02_300_1,-0.9545917427493897,127.0,558.0,0,2
0,3,genetico,Brats18_TCIA02_322_1,-0.6738685696577245,621.0,468.0,2,2
0,3,genetico,Brats18_TCIA02_368_1,-0.3842891168339887,317.0,430.0,1,2
0,3,genetico,Brats18_TCIA03_138_1,1.3431363699441599,82.0,139.0,0,0
0,3,genetico,Brats18_TCIA04_343_1,-0.8866903646926345,296.0,515.0,0,2
0,3,genetico,Brats18_TCIA05_478_1,-1.6110077168025283,30.0,822.0,0,2
0,3,genetico,Brats18_TCIA06_409_1,0.1327544221957785,99.0,333.0,0,1
0,3,genetico,Brats18_TCIA08_218_1,-1.233113650332475,346.0,630.0,1,2
0,4,edad,Brats18_2013_11_1,-1.2267453845511875,150.0,734.0,0,2
0,4,edad,Brats18_CBICA_ABE_1,0.26421465009462547,269.0,329.0,0,0
0,4,edad,Brats18_CBICA_ABN_1,0.3096817521352108,1278.0,322.0,2,0
0,4,edad,Brats18_CBICA_ALN_1,0.021618826954865642,421.0,370.0,1,1
0,4,edad,Brats18_CBICA_ANG_1,-0.1817081703500138,368.0,401.0,1,2
0,4,edad,Brats18_CBICA_APZ_1,-0.012863988138900242,336.0,372.0,1,1
0,4,edad,Brats18_CBICA_AQD_1,0.4960615638649972,32.0,287.0,0,0
0,4,edad,Brats18_CBICA_AQO_1,0.29300917373378826,473.0,327.0,2,0
0,4,edad,Brats18_CBICA_AQQ_1,0.3766466729145723,33.0,317.0,0,0
0,4,edad,Brats18_CBICA_AQR_1,0.43070505653142044,89.0,291.0,0,0
0,4,edad,Brats18_CBICA_ATB_1,0.421133035049192,208.0,291.0,0,0
0,4,edad,Brats18_CBICA_ATF_1,0.32698200407645184,152.0,322.0,0,0
0,4,edad,Brats18_CBICA_AUN_1,0.31827303371147364,376.0,322.0,1,0
0,4,edad,Brats18_CBICA_AXL_1,0.5585935402693918,168.0,265.0,0,0
0,4,edad,Brats18_CBICA_AYU_1,0.1329916506763691,58.0,350.0,0,0
0,4,edad,Brats18_CBICA_AZD_1,-0.5544285642133475,448.0,495.0,1,2
0,4,edad,Brats18_TCIA01_231_1,0.13393316098609653,1561.0,350.0,2,0
0,4,edad,Brats18_TCIA01_401_1,0.7218671198146184,448.0,229.0,1,0
0,4,edad,Brats18_TCIA01_411_1,-0.6860046299977515,822.0,519.0,2,2
0,4,edad,Brats18_TCIA02_118_1,-0.5127275034116717,104.0,486.0,0,2
0,4,edad,Brats18_TCIA02_151_1,-0.4871498066640774,1731.0,476.0,2,2
0,4,edad,Brats18_TCIA02_274_1,-0.212778010571018,357.0,405.0,1,2
0,4,edad,Brats18_TCIA02_290_1,-0.6778448739801141,737.0,519.0,2,2
0,4,edad,Brats18_TCIA02_331_1,0.959284636250877,187.0,191.0,0,0
0,4,edad,Brats18_TCIA02_430_1,-0.2559697960297624,71.0,424.0,0,2
0,4,edad,Brats18_TCIA02_471_1,0.6364250592068571,111.0,254.0,0,0
0,4,edad,Brats18_TCIA03_121_1,-1.1762176645958171,747.0,726.0,2,2
0,4,edad,Brats18_TCIA03_257_1,0.35051976181963657,425.0,318.0,1,0
0,4,edad,Brats18_TCIA03_265_1,-0.03165496473720954,103.0,375.0,0,1
0,4,edad,Brats18_TCIA03_498_1,-0.04350230280127956,467.0,382.0,2,1
0,4,edad,Brats18_TCIA04_149_1,-0.9234221464340108,448.0,616.0,1,2
0,4,edad,Brats18_TCIA04_437_1,-0.5271639948274917,333.0,488.0,1,2
0,4,edad,Brats18_TCIA05_277_1,0.391357771504063,232.0,296.0,0,0
0,4,coxnet,Brats18_2013_11_1,-1.2069106060671824,150.0,698.0,0,2
0,4,coxnet,Brats18_CBICA_ABE_1,0.29086541186768955,269.0,322.0,0,0
0,4,coxnet,Brats18_CBICA_ABN_1,0.4007811684494486,1278.0,296.0,2,0
0,4,coxnet,Brats18_CBICA_ALN_1,0.05537530729137669,421.0,359.0,1,1
0,4,coxnet,Brats18_CBICA_ANG_1,-0.28814232670516526,368.0,424.0,1,2
0,4,coxnet,Brats18_CBICA_APZ_1,0.026639915105580128,336.0,362.0,1,1
0,4,coxnet,Brats18_CBICA_AQD_1,0.5224169789313767,32.0,268.0,0,0
0,4,coxnet,Brats18_CBICA_AQO_1,0.19064628161108638,473.0,332.0,2,0
0,4,coxnet,Brats18_CBICA_AQQ_1,0.43588698212446697,33.0,289.0,0,0
0,4,coxnet,Brats18_CBICA_AQR_1,0.2921370468978212,89.0,322.0,0,0
0,4,coxnet,Brats18_CBICA_ATB_1,0.42770360484382736,208.0,291.0,0,0
0,4,coxnet,Brats18_CBICA_ATF_1,0.12122949373303046,152.0,350.0,0,1
0,4,coxnet,Brats18_CBICA_AUN_1,0.4644443095887524,376.0,287.0,1,0
0,4,coxnet,Brats18_CBICA_AXL_1,0.7062784771731914,168.0,239.0,0,0
0,4,coxnet,Brats18_CBICA_AYU_1,-0.025904140548433076,58.0,372.0,0,1
0,4,coxnet,Brats18_CBICA_AZD_1,-0.7435498306303895,448.0,519.0,1,2
0,4,coxnet,Brats18_TCIA01_231_1,0.07098634948991267,1561.0,355.0,2,1
0,4,coxnet,Brats18_TCIA01_401_1,0.6359729325602509,448.0,254.0,1,0
0,4,coxnet,Brats18_TCIA01_411_1,-0.6933291089090073,822.0,510.0,2,2
0,4,coxnet,Brats18_TCIA02_118_1,-0.23504066473129212,104.0,405.0,0,2
0,4,coxnet,Brats18_TCIA02_151_1,-0.5348417173912535,1731.0,476.0,2,2
0,4,coxnet,Brats18_TCIA02_274_1,-0.1544953269431781,357.0,387.0,1,1
0,4,coxnet,Brats18_TCIA02_290_1,-0.3933839143805844,737.0,439.0,2,2
0,4,coxnet,Brats18_TCIA02_331_1,1.08510945242124,187.0,172.0,0,0
0,4,coxnet,Brats18_TCIA02_430_1,-0.34310365482227984,71.0,436.0,0,2
0,4,coxnet,Brats18_TCIA02_471_1,0.6385869593971265,111.0,254.0,0,0
0,4,coxnet,Brats18_TCIA03_121_1,-1.1031903858886964,747.0,634.0,2,2
0,4,coxnet,Brats18_TCIA03_257_1,0.32487147298761604,425.0,318.0,1,0
0,4,coxnet,Brats18_TCIA03_265_1,0.002886290818238946,103.0,370.0,0,1
0,4,coxnet,Brats18_TCIA03_498_1,-0.12499019294211003,467.0,387.0,2,1
0,4,coxnet,Brats18_TCIA04_149_1,-0.8471756095662089,448.0,579.0,1,2
0,4,coxnet,Brats18_TCIA04_437_1,-0.4382206853802539,333.0,464.0,1,2
0,4,coxnet,Brats18_TCIA05_277_1,0.14315207098734792,232.0,346.0,0,1
0,4,genetico,Brats18_2013_11_1,-1.063847122446171,150.0,616.0,0,2
0,4,genetico,Brats18_CBICA_ABE_1,-0.2897940266834235,269.0,430.0,0,2
0,4,genetico,Brats18_CBICA_ABN_1,-0.05097402168154819,1278.0,382.0,2,1
0,4,genetico,Brats18_CBICA_ALN_1,0.6494408486684524,421.0,265.0,1,0
0,4,genetico,Brats18_CBICA_ANG_1,-1.0095540781597605,368.0,614.0,1,2
0,4,genetico,Brats18_CBICA_APZ_1,0.5079030454698442,336.0,291.0,1,0
0,4,genetico,Brats18_CBICA_AQD_1,0.03937889646623327,32.0,370.0,0,1
0,4,genetico,Brats18_CBICA_AQO_1,-0.2845059219842526,473.0,424.0,2,2
0,4,genetico,Brats18_CBICA_AQQ_1,0.7232346513077531,33.0,254.0,0,0
0,4,genetico,Brats18_CBICA_AQR_1,-0.40543033617907615,89.0,439.0,0,2
0,4,genetico,Brats18_CBICA_ATB_1,1.5251567773091965,208.0,121.0,0,0
0,4,genetico,Brats18_CBICA_ATF_1,-0.2214624738138244,152.0,405.0,0,1
0,4,genetico,Brats18_CBICA_AUN_1,0.213878036447073,376.0,345.0,1,1
0,4,genetico,Brats18_CBICA_AXL_1,1.0651036903954765,168.0,191.0,0,0
0,4,genetico,Brats18_CBICA_AYU_1,0.14646562448620615,58.0,355.0,0,1
0,4,genetico,Brats18_CBICA_AZD_1,-0.970085305608497,448.0,610.0,1,2
0,4,genetico,Brats18_TCIA01_231_1,-0.21947090918990914,1561.0,405.0,2,1
0,4,genetico,Brats18_TCIA01_401_1,0.5288579621375227,448.0,289.0,1,0
0,4,genetico,Brats18_TCIA01_411_1,-1.0559542878932957,822.0,616.0,2,2
0,4,genetico,Brats18_TCIA02_118_1,-0.20342655135291982,104.0,401.0,0,1
0,4,genetico,Brats18_TCIA02_151_1,-1.3880160716176784,1731.0,734.0,2,2
0,4,genetico,Brats18_TCIA02_274_1,0.3399728786340128,357.0,327.0,1,0
0,4,genetico,Brats18_TCIA02_290_1,0.13498812813111769,737.0,355.0,2,1
0,4,genetico,Brats18_TCIA02_331_1,0.7395723266169915,187.0,244.0,0,0
0,4,genetico,Brats18_TCIA02_430_1,-1.3724013842154767,71.0,734.0,0,2
0,4,genetico,Brats18_TCIA02_471_1,0.2364417062314075,111.0,345.0,0,1
0,4,genetico,Brats18_TCIA03_121_1,-1.225384000246766,747.0,635.0,2,2
0,4,genetico,Brats18_TCIA03_257_1,0.41684075376897706,425.0,317.0,1,0
0,4,genetico,Brats18_TCIA03_265_1,0.6861007015974505,103.0,262.0,0,0
0,4,genetico,Brats18_TCIA03_498_1,-0.06708424976963691,467.0,385.0,2,1
0,4,genetico,Brats18_TCIA04_149_1,-0.26462040168186063,448.0,407.0,1,2
0,4,genetico,Brats18_TCIA04_437_1,-0.840014160047568,333.0,558.0,1,2
0,4,genetico,Brats18_TCIA05_277_1,-0.15628572822776093,232.0,394.0,0,1
1,0,edad,Brats18_2013_27_1,0.23756686572407174,120.0,331.0,0,0
1,0,edad,Brats18_CBICA_AAL_1,-0.18631132317920027,464.0,394.0,2,2
1,0,edad,Brats18_CBICA_ABO_1,-0.12087113044670313,1155.0,376.0,2,1
1,0,edad,Brats18_CBICA_AQO_1,0.23262331953087093,473.0,331.0,2,0
1,0,edad,Brats18_CBICA_AQR_1,0.34107236414421643,89.0,317.0,0,0
1,0,edad,Brats18_CBICA_AQT_1,0.48344649450840294,172.0,269.0,0,0
1,0,edad,Brats18_CBICA_ASE_1,-0.4176383878572963,318.0,448.0,1,2
1,0,edad,Brats18_CBICA_ASY_1,0.19091214852573823,610.0,333.0,2,0
1,0,edad,Brats18_CBICA_AXJ_1,-1.0047771897910291,1767.0,630.0,2,2
1,0,edad,Brats18_CBICA_AYI_1,0.17271371910201735,387.0,333.0,1,0
1,0,edad,Brats18_CBICA_AZD_1,-0.4348172108786694,448.0,453.0,1,2
1,0,edad,Brats18_CBICA_BHB_1,-0.14633039334168785,510.0,385.0,2,2
1,0,edad,Brats18_CBICA_BHM_1,0.0524928551161121,436.0,355.0,1,1
1,0,edad,Brats18_TCIA01_147_1,0.0335219965997034,209.0,355.0,0,1
1,0,edad,Brats18_TCIA01_186_1,-0.8170151259405165,370.0,579.0,1,2
1,0,edad,Brats18_TCIA01_203_1,-0.4450750692295614,268.0,453.0,0,2
1,0,edad,Brats18_TCIA01_231_1,0.10733532069693487,1561.0,346.0,2,0
1,0,edad,Brats18_TCIA01_412_1,0.26039986970391865,291.0,329.0,0,0
1,0,edad,Brats18_TCIA02_151_1,-0.38182857512029716,1731.0,439.0,2,2
1,0,edad,Brats18_TCIA02_179_1,-0.4218712992852246,405.0,448.0,1,2
1,0,edad,Brats18_TCIA02_283_1,0.4481619335544314,262.0,286.0,0,0
1,0,edad,Brats18_TCIA02_394_1,0.12099186705565244,616.0,346.0,2,0
1,0,edad,Brats18_TCIA02_491_1,0.6420725329827377,82.0,213.0,0,0
1,0,edad,Brats18_TCIA03_133_1,0.10600674265751213,382.0,346.0,1,0
1,0,edad,Brats18_TCIA03_138_1,0.3566445346527991,82.0,296.0,0,0
1,0,edad,Brats18_TCIA03_257_1,0.27791856152607425,425.0,327.0,1,0
1,0,edad,Brats18_TCIA03_296_1,0.0029647016929802423,22.0,359.0,0,1
1,0,edad,Brats18_TCIA05_277_1,0.31008250894558814,232.0,322.0,0,0
1,0,edad,Brats18_TCIA06_165_1,-0.2649446048148026,5.0,421.0,0,2
1,0,edad,Brats18_TCIA06_409_1,0.2760647317036243,99.0,327.0,0,0
1,0,edad,Brats18_TCIA08_105_1,0.1945271166795161,77.0,333.0,0,0
1,0,edad,Brats18_TCIA08_278_1,-0.30372054526772246,1458.0,424.0,2,2
1,0,edad,Brats18_TCIA08_469_1,0.11023965408544045,519.0,346.0,2,0
1,0,coxnet,Brats18_2013_27_1,0.26890770850757645,120.0,327.0,0,0
1,0,coxnet,Brats18_CBICA_AAL_1,-0.3831869481531698,464.0,438.0,2,2
1,0,coxnet,Brats18_CBICA_ABO_1,0.19772600142950097,1155.0,332.0,2,0
1,0,coxnet,Brats18_CBICA_AQO_1,0.19773882374954735,473.0,332.0,2,0
1,0,coxnet,Brats18_CBICA_AQR_1,0.19206257732355875,89.0,332.0,0,0
1,0,coxnet,Brats18_CBICA_AQT_1,0.5466703224811366,172.0,254.0,0,0
1,0,coxnet,Brats18_CBICA_ASE_1,-0.6786737273684754,318.0,495.0,1,2
1,0,coxnet,Brats18_CBICA_ASY_1,0.2638388792990739,610.0,329.0,2,0
1,0,coxnet,Brats18_CBICA_AXJ_1,-0.850142918406928,1767.0,576.0,2,2
1,0,coxnet,Brats18_CBICA_AYI_1,-0.09108879114070935,387.0,372.0,1,1
1,0,coxnet,Brats18_CBICA_AZD_1,-0.7356440630750091,448.0,508.0,1,2
1,0,coxnet,Brats18_CBICA_BHB_1,-0.2665561882491239,510.0,401.0,2,2
1,0,coxnet,Brats18_CBICA_BHM_1,-0.009736328948248734,436.0,357.0,1,1
1,0,coxnet,Brats18_TCIA01_147_1,0.11683600039058027,209.0,345.0,0,1
1,0,coxnet,Brats18_TCIA01_186_1,-0.8700544381194675,370.0,579.0,1,2
1,0,coxnet,Brats18_TCIA01_203_1,-0.27604022186990596,268.0,407.0,0,2
1,0,coxnet,Brats18_TCIA01_231_1,0.09702052548941484,1561.0,346.0,2,1
1,0,coxnet,Brats18_TCIA01_412_1,0.43319301899934193,291.0,286.0,0,0
1,0,coxnet,Brats18_TCIA02_151_1,-0.5052870463910046,1731.0,465.0,2,2
1,0,coxnet,Brats18_TCIA02_179_1,-0.4160593153611247,405.0,439.0,1,2
1,0,coxnet,Brats18_TCIA02_283_1,0.4321967485750456,262.0,286.0,0,0
1,0,coxnet,Brats18_TCIA02_394_1,0.1920870931234443,616.0,332.0,2,0
1,0,coxnet,Brats18_TCIA02_491_1,0.8299736901066278,82.0,199.0,0,0
1,0,coxnet,Brats18_TCIA03_133_1,-0.11578819813111742,382.0,375.0,1,1
1,0,coxnet,Brats18_TCIA03_138_1,0.5547845827858574,82.0,244.0,0,0
1,0,coxnet,Brats18_TCIA03_257_1,0.41890977280172836,425.0,287.0,1,0
1,0,coxnet,Brats18_TCIA03_296_1,0.28846495887197593,22.0,327.0,0,0
1,0,coxnet,Brats18_TCIA05_277_1,0.29668718659567606,232.0,322.0,0,0
1,0,coxnet,Brats18_TCIA06_165_1,-0.22157785986259212,5.0,394.0,0,2
1,0,coxnet,Brats18_TCIA06_409_1,0.1702302369650229,99.0,333.0,0,0
1,0,coxnet,Brats18_TCIA08_105_1,0.37313420201609876,77.0,296.0,0,0
1,0,coxnet,Brats18_TCIA08_278_1,-0.3729445603148358,1458.0,434.0,2,2
1,0,coxnet,Brats18_TCIA08_469_1,0.24532904809380357,519.0,329.0,2,0
1,0,genetico,Brats18_2013_27_1,0.25428768603886925,120.0,332.0,0,0
1,0,genetico,Brats18_CBICA_AAL_1,-0.6469442978585583,464.0,467.0,2,2
1,0,genetico,Brats18_CBICA_ABO_1,0.7647877293371389,1155.0,213.0,2,0
1,0,genetico,Brats18_CBICA_AQO_1,0.049891675195354986,473.0,355.0,2,1
1,0,genetico,Brats18_CBICA_AQR_1,0.6260436800262983,89.0,254.0,0,0
1,0,genetico,Brats18_CBICA_AQT_1,0.8101035718216946,172.0,208.0,0,0
1,0,genetico,Brats18_CBICA_ASE_1,-1.229664306166301,318.0,634.0,1,2
1,0,genetico,Brats18_CBICA_ASY_1,0.2843548780085951,610.0,331.0,2,0
1,0,genetico,Brats18_CBICA_AXJ_1,-0.6260566051295554,1767.0,466.0,2,2
1,0,genetico,Brats18_CBICA_AYI_1,-0.5035503373128948,387.0,448.0,1,2
1,0,genetico,Brats18_CBICA_AZD_1,-0.93352123581172,448.0,558.0,1,2
1,0,genetico,Brats18_CBICA_BHB_1,-0.4690182230236914,510.0,439.0,2,2
1,0,genetico,Brats18_CBICA_BHM_1,-0.01663183885306178,436.0,359.0,1,1
1,0,genetico,Brats18_TCIA01_147_1,0.16031818284741164,209.0,345.0,0,0
1,0,genetico,Brats18_TCIA01_186_1,-1.0816949628694215,370.0,614.0,1,2
1,0,genetico,Brats18_TCIA01_203_1,-0.5036017560289658,268.0,448.0,0,2
1,0,genetico,Brats18_TCIA01_231_1,-0.07342545705457909,1561.0,368.0,2,1
1,0,genetico,Brats18_TCIA01_412_1,0.22835957079118446,291.0,332.0,0,0
1,0,genetico,Brats18_TCIA02_151_1,-0.461228124653893,1731.0,438.0,2,2
1,0,genetico,Brats18_TCIA02_179_1,-0.7068423152421808,405.0,476.0,1,2
1,0,genetico,Brats18_TCIA02_283_1,1.439658010698562,262.0,139.0,0,0
1,0,genetico,Brats18_TCIA02_394_1,0.325761775260922,616.0,327.0,2,0
1,0,genetico,Brats18_TCIA02_491_1,1.9011830891358494,82.0,104.0,0,0
1,0,genetico,Brats18_TCIA03_133_1,-0.6593215692477252,382.0,468.0,1,2
1,0,genetico,Brats18_TCIA03_138_1,0.8194182682253285,82.0,208.0,0,0
1,0,genetico,Brats18_TCIA03_257_1,0.9235562890604909,425.0,199.0,1,0
1,0,genetico,Brats18_TCIA03_296_1,0.2450512580563711,22.0,332.0,0,0
1,0,genetico,Brats18_TCIA05_277_1,0.273023762968917,232.0,331.0,0,0
1,0,genetico,Brats18_TCIA06_165_1,-0.3538736553651659,5.0,421.0,0,2
1,0,genetico,Brats18_TCIA06_409_1,-0.2633186464351418,99.0,394.0,0,1
1,0,genetico,Brats18_TCIA08_105_1,0.8193570848811726,77.0,208.0,0,0
1,0,genetico,Brats18_TCIA08_278_1,-0.6250842968418254,1458.0,466.0,2,2
1,0,genetico,Brats18_TCIA08_469_1,0.15206050234410734,519.0,345.0,2,0
1,1,edad,Brats18_CBICA_ABB_1,0.3317828873354119,465.0,318.0,2,0
1,1,edad,Brats18_CBICA_ABM_1,0.38266016323999485,503.0,296.0,2,0
1,1,edad,Brats18_CBICA_ALN_1,0.0610469392342822,421.0,357.0,1,1
1,1,edad,Brats18_CBICA_ANZ_1,0.31586357056188535,287.0,318.0,0,0
1,1,edad,Brats18_CBICA_AOP_1,0.3081190380774666,332.0,318.0,1,0
1,1,edad,Brats18_CBICA_AQG_1,-0.20201618501654425,466.0,394.0,2,2
1,1,edad,Brats18_CBICA_AQN_1,0.14171915261364149,488.0,350.0,2,1
1,1,edad,Brats18_CBICA_AQQ_1,0.38552850860459426,33.0,296.0,0,0
1,1,edad,Brats18_CBICA_AQU_1,0.48903992194957663,30.0,269.0,0,0
1,1,edad,Brats18_CBICA_ASN_1,-0.7081715789171732,407.0,558.0,1,2
1,1,edad,Brats18_CBICA_ASO_1,-0.2470850615578129,265.0,405.0,0,2
1,1,edad,Brats18_CBICA_ATV_1,0.10468164309325116,453.0,355.0,2,1
1,1,edad,Brats18_CBICA_AUQ_1,0.05652929528503816,1337.0,359.0,2,1
1,1,edad,Brats18_CBICA_AUR_1,0.3948506310395421,12.0,291.0,0,0
1,1,edad,Brats18_CBICA_AXQ_1,0.25250899232129487,114.0,333.0,0,0
1,1,edad,Brats18_TCIA01_190_1,0.08198586039585824,322.0,357.0,1,1
1,1,edad,Brats18_TCIA01_429_1,-0.1525013731601464,86.0,387.0,0,1
1,1,edad,Brats18_TCIA01_499_1,-0.32833094401009205,600.0,434.0,2,2
1,1,edad,Brats18_TCIA02_331_1,0.9180368255424803,187.0,180.0,0,0
1,1,edad,Brats18_TCIA02_377_1,0.16215611333641253,812.0,346.0,2,0
1,1,edad,Brats18_TCIA02_471_1,0.622955796159313,111.0,232.0,0,0
1,1,edad,Brats18_TCIA03_419_1,0.40704109883908984,327.0,291.0,1,0
1,1,edad,Brats18_TCIA03_474_1,0.07775505098307399,635.0,357.0,2,1
1,1,edad,Brats18_TCIA04_111_1,0.57451661381464,626.0,254.0,2,0
1,1,edad,Brats18_TCIA04_149_1,-0.8026835586807249,448.0,597.0,1,2
1,1,edad,Brats18_TCIA04_192_1,0.5995787814378275,121.0,239.0,0,0
1,1,edad,Brats18_TCIA04_361_1,0.5999731789254599,476.0,239.0,2,0
1,1,edad,Brats18_TCIA04_479_1,-0.10180336884085119,372.0,385.0,1,1
1,1,edad,Brats18_TCIA05_478_1,0.0005607063582915438,30.0,368.0,0,1
1,1,edad,Brats18_TCIA06_247_1,0.6260034131091997,244.0,232.0,0,0
1,1,edad,Brats18_TCIA06_372_1,0.54791271055798,213.0,262.0,0,0
1,1,edad,Brats18_TCIA08_167_1,0.5617524769421721,153.0,254.0,0,0
1,1,edad,Brats18_TCIA08_280_1,-0.06731151583154277,508.0,376.0,2,1
1,1,coxnet,Brats18_CBICA_ABB_1,0.37253078314205545,465.0,296.0,2,0
1,1,coxnet,Brats18_CBICA_ABM_1,0.35805258326938133,503.0,296.0,2,0
1,1,coxnet,Brats18_CBICA_ALN_1,0.02595580255286747,421.0,359.0,1,1
1,1,coxnet,Brats18_CBICA_ANZ_1,0.3435305734662428,287.0,317.0,0,0
1,1,coxnet,Brats18_CBICA_AOP_1,0.18655200785166018,332.0,345.0,1,0
1,1,coxnet,Brats18_CBICA_AQG_1,-0.17540229436700938,466.0,387.0,2,1
1,1,coxnet,Brats18_CBICA_AQN_1,0.1174936145999369,488.0,355.0,2,1
1,1,coxnet,Brats18_CBICA_AQQ_1,0.5513228573414997,33.0,262.0,0,0
1,1,coxnet,Brats18_CBICA_AQU_1,0.6969798878452772,30.0,210.0,0,0
1,1,coxnet,Brats18_CBICA_ASN_1,-0.529664245474882,407.0,468.0,1,2
1,1,coxnet,Brats18_CBICA_ASO_1,-0.20333420153561593,265.0,394.0,0,2
1,1,coxnet,Brats18_CBICA_ATV_1,0.050855815796465115,453.0,357.0,2,1
1,1,coxnet,Brats18_CBICA_AUQ_1,-0.002597317143327784,1337.0,368.0,2,1
1,1,coxnet,Brats18_CBICA_AUR_1,0.5669037675206839,12.0,254.0,0,0
1,1,coxnet,Brats18_CBICA_AXQ_1,0.24545322335950673,114.0,333.0,0,0
1,1,coxnet,Brats18_TCIA01_190_1,0.09851570448075682,322.0,355.0,1,1
1,1,coxnet,Brats18_TCIA01_429_1,-0.1391051796842209,86.0,387.0,0,1
1,1,coxnet,Brats18_TCIA01_499_1,-0.44524996086299456,600.0,448.0,2,2
1,1,coxnet,Brats18_TCIA02_331_1,0.950980629231853,187.0,180.0,0,0
1,1,coxnet,Brats18_TCIA02_377_1,0.25901900204826883,812.0,331.0,2,0
1,1,coxnet,Brats18_TCIA02_471_1,0.6721552224599939,111.0,229.0,0,0
1,1,coxnet,Brats18_TCIA03_419_1,0.5118189182465287,327.0,268.0,1,0
1,1,coxnet,Brats18_TCIA03_474_1,0.4694326390372892,635.0,269.0,2,0
1,1,coxnet,Brats18_TCIA04_111_1,0.5143651986635049,626.0,268.0,2,0
1,1,coxnet,Brats18_TCIA04_149_1,-0.9876704722134617,448.0,630.0,1,2
1,1,coxnet,Brats18_TCIA04_192_1,0.48920254668761987,121.0,269.0,0,0
1,1,coxnet,Brats18_TCIA04_361_1,0.5816340515169479,476.0,254.0,2,0
1,1,coxnet,Brats18_TCIA04_479_1,-0.16926671134737306,372.0,387.0,1,1
1,1,coxnet,Brats18_TCIA05_478_1,0.01646235389475902,30.0,362.0,0,1
1,1,coxnet,Brats18_TCIA06_247_1,0.6536606766000215,244.0,229.0,0,0
1,1,coxnet,Brats18_TCIA06_372_1,0.5044649981109905,213.0,268.0,0,0
1,1,coxnet,Brats18_TCIA08_167_1,0.742358656716413,153.0,209.0,0,0
1,1,coxnet,Brats18_TCIA08_280_1,-0.5934205801956878,508.0,495.0,2,2
1,1,genetico,Brats18_CBICA_ABB_1,0.05594191617553293,465.0,359.0,2,1
1,1,genetico,Brats18_CBICA_ABM_1,-0.19237163204611918,503.0,394.0,2,1
1,1,genetico,Brats18_CBICA_ALN_1,1.1522139964077602,421.0,170.0,1,0
1,1,genetico,Brats18_CBICA_ANZ_1,0.44611142360392153,287.0,291.0,0,0
1,1,genetico,Brats18_CBICA_AOP_1,0.13683367173063132,332.0,355.0,1,1
1,1,genetico,Brats18_CBICA_AQG_1,1.4278724873272328,466.0,139.0,2,0
1,1,genetico,Brats18_CBICA_AQN_1,0.3541429164366141,488.0,318.0,2,0
1,1,genetico,Brats18_CBICA_AQQ_1,1.2031716421312681,33.0,169.0,0,0
1,1,genetico,Brats18_CBICA_AQU_1,1.0830597778623263,30.0,175.0,0,0
1,1,genetico,Brats18_CBICA_ASN_1,-0.5881198853991587,407.0,473.0,1,2
1,1,genetico,Brats18_CBICA_ASO_1,-0.48786979461237434,265.0,448.0,0,2
1,1,genetico,Brats18_CBICA_ATV_1,-0.15087707163328934,453.0,387.0,2,1
1,1,genetico,Brats18_CBICA_AUQ_1,0.035518093157919914,1337.0,362.0,2,1
1,1,genetico,Brats18_CBICA_AUR_1,0.5635156143045053,12.0,268.0,0,0
1,1,genetico,Brats18_CBICA_AXQ_1,0.21092448846606965,114.0,345.0,0,0
1,1,genetico,Brats18_TCIA01_190_1,-0.568032435819035,322.0,468.0,1,2
1,1,genetico,Brats18_TCIA01_429_1,-0.04553699719386499,86.0,375.0,0,1
1,1,genetico,Brats18_TCIA01_499_1,-0.18681417548548085,600.0,394.0,2,1
1,1,genetico,Brats18_TCIA02_331_1,0.6146430082036649,187.0,262.0,0,0
1,1,genetico,Brats18_TCIA02_377_1,0.3031594984654217,812.0,331.0,2,0
1,1,genetico,Brats18_TCIA02_471_1,0.7810327433959585,111.0,210.0,0,0
1,1,genetico,Brats18_TCIA03_419_1,0.4858255890867781,327.0,289.0,1,0
1,1,genetico,Brats18_TCIA03_474_1,0.7936133147931055,635.0,210.0,2,0
1,1,genetico,Brats18_TCIA04_111_1,0.17043528225157367,626.0,350.0,2,1
1,1,genetico,Brats18_TCIA04_149_1,-0.3288719587088723,448.0,425.0,1,2
1,1,genetico,Brats18_TCIA04_192_1,-0.17290896117472804,121.0,387.0,0,1
1,1,genetico,Brats18_TCIA04_361_1,0.5742795180002437,476.0,268.0,2,0
1,1,genetico,Brats18_TCIA04_479_1,-0.28629076540909604,372.0,424.0,1,2
1,1,genetico,Brats18_TCIA05_478_1,0.10570493620494703,30.0,355.0,0,1
1,1,genetico,Brats18_TCIA06_247_1,1.0657880514099682,244.0,175.0,0,0
1,1,genetico,Brats18_TCIA06_372_1,0.972675811454617,213.0,199.0,0,0
1,1,genetico,Brats18_TCIA08_167_1,0.578437480194494,153.0,268.0,0,0
1,1,genetico,Brats18_TCIA08_280_1,-0.757350412937068,508.0,522.0,2,2
1,2,edad,Brats18_2013_11_1,-1.2892454978033796,150.0,747.0,0,2
1,2,edad,Brats18_CBICA_ABE_1,0.23587405293546337,269.0,322.0,0,0
1,2,edad,Brats18_CBICA_ABY_1,-0.5168943955281994,515.0,466.0,2,2
1,2,edad,Brats18_CBICA_ANG_1,-0.22026534435045028,368.0,405.0,1,2
1,2,edad,Brats18_CBICA_AOD_1,-0.02676625279483525,55.0,370.0,0,1
1,2,edad,Brats18_CBICA_AOO_1,-0.6856342710967105,350.0,495.0,1,2
1,2,edad,Brats18_CBICA_APR_1,0.05842631696305982,23.0,345.0,0,1
1,2,edad,Brats18_CBICA_AQP_1,-0.5937402603828246,1283.0,473.0,2,2
1,2,edad,Brats18_CBICA_ARF_1,0.5643650449458869,726.0,254.0,2,0
1,2,edad,Brats18_CBICA_ARW_1,-0.6754416603013712,495.0,495.0,2,2
1,2,edad,Brats18_CBICA_ASG_1,-0.14197485749333608,208.0,387.0,0,1
1,2,edad,Brats18_CBICA_ASH_1,-0.589005110485777,660.0,473.0,2,2
1,2,edad,Brats18_CBICA_ATD_1,0.3182175070773382,355.0,296.0,1,0
1,2,edad,Brats18_CBICA_ATF_1,0.30007947526830925,152.0,317.0,0,0
1,2,edad,Brats18_CBICA_ATX_1,-0.981701524829047,1592.0,614.0,2,2
1,2,edad,Brats18_CBICA_AUN_1,0.29117097291962707,376.0,317.0,1,0
1,2,edad,Brats18_CBICA_AVV_1,0.44321743868159835,387.0,286.0,1,0
1,2,edad,Brats18_CBICA_AWG_1,-0.22937448864392299,180.0,407.0,0,2
1,2,edad,Brats18_CBICA_AXL_1,0.5369974836765112,168.0,254.0,0,0
1,2,edad,Brats18_CBICA_AYU_1,0.10164459187085678,58.0,336.0,0,1
1,2,edad,Brats18_TCIA01_335_1,-0.2718303241615174,355.0,425.0,1,2
1,2,edad,Brats18_TCIA01_390_1,0.09337814374550299,634.0,336.0,2,1
1,2,edad,Brats18_TCIA01_425_1,-0.20224769770829543,558.0,401.0,2,2
1,2,edad,Brats18_TCIA01_448_1,-0.6741174234657563,199.0,495.0,0,2
1,2,edad,Brats18_TCIA02_118_1,-0.5588686903782975,104.0,468.0,0,2
1,2,edad,Brats18_TCIA02_135_1,0.3256813874235318,828.0,296.0,2,0
1,2,edad,Brats18_TCIA02_198_1,-0.2796553600083328,394.0,425.0,1,2
1,2,edad,Brats18_TCIA02_314_1,-0.8384833046378422,362.0,576.0,1,2
1,2,edad,Brats18_TCIA02_322_1,-0.15593953685073003,621.0,387.0,2,1
1,2,edad,Brats18_TCIA02_455_1,-0.2569828202470466,424.0,421.0,1,2
1,2,edad,Brats18_TCIA02_473_1,-0.009069633264344729,175.0,359.0,0,1
1,2,edad,Brats18_TCIA03_375_1,-0.05008084677945011,946.0,372.0,2,1
1,2,edad,Brats18_TCIA06_184_1,-0.0032510168654304255,434.0,359.0,1,1
1,2,coxnet,Brats18_2013_11_1,-1.2892290298515683,150.0,747.0,0,2
1,2,coxnet,Brats18_CBICA_ABE_1,0.23587104003951465,269.0,322.0,0,0
1,2,coxnet,Brats18_CBICA_ABY_1,-0.5168877930680693,515.0,466.0,2,2
1,2,coxnet,Brats18_CBICA_ANG_1,-0.22026253082960986,368.0,405.0,1,2
1,2,coxnet,Brats18_CBICA_AOD_1,-0.026765910900787927,55.0,370.0,0,1
1,2,coxnet,Brats18_CBICA_AOO_1,-0.685625513267301,350.0,495.0,1,2
1,2,coxnet,Brats18_CBICA_APR_1,0.058425570664721864,23.0,345.0,0,1
1,2,coxnet,Brats18_CBICA_AQP_1,-0.593732676345484,1283.0,473.0,2,2
1,2,coxnet,Brats18_CBICA_ARF_1,0.5643578361277215,726.0,254.0,2,0
1,2,coxnet,Brats18_CBICA_ARW_1,-0.6754330326654926,495.0,495.0,2,2
1,2,coxnet,Brats18_CBICA_ASG_1,-0.1419730440023325,208.0,387.0,0,1
1,2,coxnet,Brats18_CBICA_ASH_1,-0.5889975869320453,660.0,473.0,2,2
1,2,coxnet,Brats18_CBICA_ATD_1,0.31821344238168414,355.0,296.0,1,0
1,2,coxnet,Brats18_CBICA_ATF_1,0.3000756422556312,152.0,317.0,0,0
1,2,coxnet,Brats18_CBICA_ATX_1,-0.9816889852363694,1592.0,614.0,2,2
1,2,coxnet,Brats18_CBICA_AUN_1,0.2911672536981452,376.0,317.0,1,0
1,2,coxnet,Brats18_CBICA_AVV_1,0.4432117773211868,387.0,286.0,1,0
1,2,coxnet,Brats18_CBICA_AWG_1,-0.22937155876902157,180.0,407.0,0,2
1,2,coxnet,Brats18_CBICA_AXL_1,0.5369906244331017,168.0,254.0,0,0
1,2,coxnet,Brats18_CBICA_AYU_1,0.10164329353144537,58.0,336.0,0,1
1,2,coxnet,Brats18_TCIA01_335_1,-0.27182685198442874,355.0,425.0,1,2
1,2,coxnet,Brats18_TCIA01_390_1,0.09337695099612049,634.0,336.0,2,1
1,2,coxnet,Brats18_TCIA01_425_1,-0.20224511433271217,558.0,401.0,2,2
1,2,coxnet,Brats18_TCIA01_448_1,-0.6741088127447852,199.0,495.0,0,2
1,2,coxnet,Brats18_TCIA02_118_1,-0.5588615517668556,104.0,468.0,0,2
1,2,coxnet,Brats18_TCIA02_135_1,0.32567722738930793,828.0,296.0,2,0
1,2,coxnet,Brats18_TCIA02_198_1,-0.2796517878795177,394.0,425.0,1,2
1,2,coxnet,Brats18_TCIA02_314_1,-0.8384725944180439,362.0,576.0,1,2
1,2,coxnet,Brats18_TCIA02_322_1,-0.15593754498433784,621.0,387.0,2,1
1,2,coxnet,Brats18_TCIA02_455_1,-0.25697953772195153,424.0,421.0,1,2
1,2,coxnet,Brats18_TCIA02_473_1,-0.009069517414970937,175.0,359.0,0,1
1,2,coxnet,Brats18_TCIA03_375_1,-0.05008020708051544,946.0,372.0,2,1
1,2,coxnet,Brats18_TCIA06_184_1,-0.003250975339135232,434.0,359.0,1,1
1,2,genetico,Brats18_2013_11_1,-2.164149069560482,150.0,1561.0,0,2
1,2,genetico,Brats18_CBICA_ABE_1,0.4374085745574786,269.0,289.0,0,0
1,2,genetico,Brats18_CBICA_ABY_1,-0.6051726745820678,515.0,468.0,2,2
1,2,genetico,Brats18_CBICA_ANG_1,-0.4135447300130277,368.0,448.0,1,2
1,2,genetico,Brats18_CBICA_AOD_1,0.537476632062206,55.0,265.0,0,0
1,2,genetico,Brats18_CBICA_AOO_1,0.0952184421608927,350.0,345.0,1,1
1,2,genetico,Brats18_CBICA_APR_1,0.47604082258598834,23.0,286.0,0,0
1,2,genetico,Brats18_CBICA_AQP_1,-0.3922775933481297,1283.0,439.0,2,2
1,2,genetico,Brats18_CBICA_ARF_1,1.210136100790296,726.0,147.0,2,0
1,2,genetico,Brats18_CBICA_ARW_1,-1.0633429403037542,495.0,614.0,2,2
1,2,genetico,Brats18_CBICA_ASG_1,0.4323926134455838,208.0,289.0,0,0
1,2,genetico,Brats18_CBICA_ASH_1,-2.5830870286870633,660.0,1767.0,2,2
1,2,genetico,Brats18_CBICA_ATD_1,-0.897183478222187,355.0,576.0,1,2
1,2,genetico,Brats18_CBICA_ATF_1,0.07438801176652932,152.0,345.0,0,1
1,2,genetico,Brats18_CBICA_ATX_1,-1.989982987275708,1592.0,1458.0,2,2
1,2,genetico,Brats18_CBICA_AUN_1,0.9575600044175426,376.0,191.0,1,0
1,2,genetico,Brats18_CBICA_AVV_1,0.992756796993731,387.0,187.0,1,0
1,2,genetico,Brats18_CBICA_AWG_1,-0.25534590203220814,180.0,407.0,0,2
1,2,genetico,Brats18_CBICA_AXL_1,1.0921024631494785,168.0,170.0,0,0
1,2,genetico,Brats18_CBICA_AYU_1,-0.1853271212621185,58.0,401.0,0,1
1,2,genetico,Brats18_TCIA01_335_1,-0.12200755812827967,355.0,385.0,1,1
1,2,genetico,Brats18_TCIA01_390_1,-0.1705680638312031,634.0,394.0,2,1
1,2,genetico,Brats18_TCIA01_425_1,-1.0989670343293976,558.0,616.0,2,2
1,2,genetico,Brats18_TCIA01_448_1,-0.38656007425971534,199.0,439.0,0,2
1,2,genetico,Brats18_TCIA02_118_1,-0.5667422269489142,104.0,466.0,0,2
1,2,genetico,Brats18_TCIA02_135_1,0.2822326062404793,828.0,322.0,2,0
1,2,genetico,Brats18_TCIA02_198_1,-0.5659292520793694,394.0,466.0,1,2
1,2,genetico,Brats18_TCIA02_314_1,-0.15623396778598528,362.0,387.0,1,1
1,2,genetico,Brats18_TCIA02_322_1,-0.13895724822324468,621.0,387.0,2,1
1,2,genetico,Brats18_TCIA02_455_1,-0.7875199263878625,424.0,508.0,1,2
1,2,genetico,Brats18_TCIA02_473_1,1.0830494986323422,175.0,170.0,0,0
1,2,genetico,Brats18_TCIA03_375_1,-0.32294859603791615,946.0,430.0,2,2
1,2,genetico,Brats18_TCIA06_184_1,-0.25702559410186826,434.0,421.0,1,2
1,3,edad,Brats18_CBICA_ABN_1,0.27933846514330657,1278.0,322.0,2,0
1,3,edad,Brats18_CBICA_ALU_1,0.20320571135049184,495.0,332.0,2,0
1,3,edad,Brats18_CBICA_ALX_1,0.005183972021820697,698.0,357.0,2,1
1,3,edad,Brats18_CBICA_AME_1,-0.2487726865854774,359.0,407.0,1,2
1,3,edad,Brats18_CBICA_AOH_1,-0.08326531277016704,576.0,372.0,2,1
1,3,edad,Brats18_CBICA_AQA_1,0.5372198214524141,106.0,262.0,0,0
1,3,edad,Brats18_CBICA_AQD_1,0.4309339023896032,32.0,269.0,0,0
1,3,edad,Brats18_CBICA_AQY_1,-0.057834547986900575,229.0,370.0,0,1
1,3,edad,Brats18_CBICA_ARZ_1,-0.1501447142579037,871.0,387.0,2,2
1,3,edad,Brats18_CBICA_ASA_1,0.1350818935182791,210.0,345.0,0,0
1,3,edad,Brats18_CBICA_ASW_1,0.28169966538667124,239.0,322.0,0,0
1,3,edad,Brats18_CBICA_ATB_1,0.36998940962167526,208.0,289.0,0,0
1,3,edad,Brats18_CBICA_ATP_1,-0.25339936273801655,385.0,407.0,1,2
1,3,edad,Brats18_CBICA_AVG_1,0.12215910840256655,579.0,345.0,2,1
1,3,edad,Brats18_CBICA_AVJ_1,-0.4558563295508457,614.0,453.0,2,2
1,3,edad,Brats18_CBICA_AWI_1,-0.4141524279552006,375.0,448.0,1,2
1,3,edad,Brats18_CBICA_AXM_1,0.23623060664620146,438.0,331.0,1,0
1,3,edad,Brats18_CBICA_AXO_1,-0.10304834183619595,394.0,376.0,1,1
1,3,edad,Brats18_CBICA_AYA_1,0.48836850290388095,50.0,265.0,0,0
1,3,edad,Brats18_CBICA_AYW_1,-0.3081217737835644,734.0,424.0,2,2
1,3,edad,Brats18_TCIA01_201_1,0.03824077542892728,430.0,355.0,1,1
1,3,edad,Brats18_TCIA01_378_1,0.46631999792867757,110.0,268.0,0,0
1,3,edad,Brats18_TCIA01_401_1,0.6145969915897048,448.0,232.0,1,0
1,3,edad,Brats18_TCIA02_226_1,0.44822809876668024,329.0,269.0,1,0
1,3,edad,Brats18_TCIA02_321_1,0.6917827130586147,67.0,208.0,0,0
1,3,edad,Brats18_TCIA02_368_1,0.0967283436193001,317.0,346.0,1,1
1,3,edad,Brats18_TCIA03_199_1,-0.34159338263882966,1282.0,434.0,2,2
1,3,edad,Brats18_TCIA03_338_1,0.5390704919134294,468.0,262.0,2,0
1,3,edad,Brats18_TCIA03_498_1,-0.00793026176227277,467.0,362.0,2,1
1,3,edad,Brats18_TCIA04_343_1,-0.21861952131548157,296.0,401.0,0,2
1,3,edad,Brats18_TCIA08_242_1,0.22171241596064797,147.0,331.0,0,0
1,3,edad,Brats18_TCIA08_406_1,0.6130973103540543,82.0,232.0,0,0
1,3,coxnet,Brats18_CBICA_ABN_1,0.2793372379889161,1278.0,322.0,2,0
1,3,coxnet,Brats18_CBICA_ALU_1,0.2032048186528796,495.0,332.0,2,0
1,3,coxnet,Brats18_CBICA_ALX_1,0.005183949248251078,698.0,357.0,2,1
1,3,coxnet,Brats18_CBICA_AME_1,-0.24877159370879637,359.0,407.0,1,2
1,3,coxnet,Brats18_CBICA_AOH_1,-0.08326494697953327,576.0,372.0,2,1
1,3,coxnet,Brats18_CBICA_AQA_1,0.5372174614062877,106.0,262.0,0,0
1,3,coxnet,Brats18_CBICA_AQD_1,0.43093200926532443,32.0,269.0,0,0
1,3,coxnet,Brats18_CBICA_AQY_1,-0.05783429391548401,229.0,370.0,0,1
1,3,coxnet,Brats18_CBICA_ARZ_1,-0.15014405466114789,871.0,387.0,2,2
1,3,coxnet,Brats18_CBICA_ASA_1,0.13508130009360125,210.0,345.0,0,0
1,3,coxnet,Brats18_CBICA_ASW_1,0.28169842785935467,239.0,322.0,0,0
1,3,coxnet,Brats18_CBICA_ATB_1,0.3699877842310287,208.0,289.0,0,0
1,3,coxnet,Brats18_CBICA_ATP_1,-0.2533982495360074,385.0,407.0,1,2
1,3,coxnet,Brats18_CBICA_AVG_1,0.1221585717486327,579.0,345.0,2,1
1,3,coxnet,Brats18_CBICA_AVJ_1,-0.4558543269405139,614.0,453.0,2,2
1,3,coxnet,Brats18_CBICA_AWI_1,-0.414150608553171,375.0,448.0,1,2
1,3,coxnet,Brats18_CBICA_AXM_1,0.23622956886779897,438.0,331.0,1,0
1,3,coxnet,Brats18_CBICA_AXO_1,-0.10304788913726273,394.0,376.0,1,1
1,3,coxnet,Brats18_CBICA_AYA_1,0.4883663574651844,50.0,265.0,0,0
1,3,coxnet,Brats18_CBICA_AYW_1,-0.308120420181985,734.0,424.0,2,2
1,3,coxnet,Brats18_TCIA01_201_1,0.03824060743439276,430.0,355.0,1,1
1,3,coxnet,Brats18_TCIA01_378_1,0.4663179493506825,110.0,268.0,0,0
1,3,coxnet,Brats18_TCIA01_401_1,0.6145942916199878,448.0,232.0,1,0
1,3,coxnet,Brats18_TCIA02_226_1,0.4482261296677268,329.0,269.0,1,0
1,3,coxnet,Brats18_TCIA02_321_1,0.6917796740063551,67.0,208.0,0,0
1,3,coxnet,Brats18_TCIA02_368_1,0.09672791868458346,317.0,346.0,1,1
1,3,coxnet,Brats18_TCIA03_199_1,-0.3415918819940145,1282.0,434.0,2,2
1,3,coxnet,Brats18_TCIA03_338_1,0.5390681237371717,468.0,262.0,2,0
1,3,coxnet,Brats18_TCIA03_498_1,-0.00793022692405033,467.0,362.0,2,1
1,3,coxnet,Brats18_TCIA04_343_1,-0.21861856090386989,296.0,401.0,0,2
1,3,coxnet,Brats18_TCIA08_242_1,0.22171144196172332,147.0,331.0,0,0
1,3,coxnet,Brats18_TCIA08_406_1,0.6130946169725471,82.0,232.0,0,0
1,3,genetico,Brats18_CBICA_ABN_1,-0.48717512581507927,1278.0,453.0,2,2
1,3,genetico,Brats18_CBICA_ALU_1,-0.277999472541425,495.0,407.0,2,2
1,3,genetico,Brats18_CBICA_ALX_1,0.4234187126232164,698.0,287.0,2,0
1,3,genetico,Brats18_CBICA_AME_1,-0.17589737868667088,359.0,387.0,1,1
1,3,genetico,Brats18_CBICA_AOH_1,-0.599076502078163,576.0,473.0,2,2
1,3,genetico,Brats18_CBICA_AQA_1,0.408160247325366,106.0,287.0,0,0
1,3,genetico,Brats18_CBICA_AQD_1,0.457598970706823,32.0,286.0,0,0
1,3,genetico,Brats18_CBICA_AQY_1,0.8854998744664864,229.0,187.0,0,0
1,3,genetico,Brats18_CBICA_ARZ_1,-0.3252221025372888,871.0,424.0,2,2
1,3,genetico,Brats18_CBICA_ASA_1,0.9962875689386845,210.0,172.0,0,0
1,3,genetico,Brats18_CBICA_ASW_1,0.7040033873210871,239.0,213.0,0,0
1,3,genetico,Brats18_CBICA_ATB_1,0.8347912648212956,208.0,199.0,0,0
1,3,genetico,Brats18_CBICA_ATP_1,-0.8225144523920697,385.0,519.0,1,2
1,3,genetico,Brats18_CBICA_AVG_1,-0.6046961756941329,579.0,476.0,2,2
1,3,genetico,Brats18_CBICA_AVJ_1,-0.6953869300496073,614.0,495.0,2,2
1,3,genetico,Brats18_CBICA_AWI_1,-0.5751123375127292,375.0,466.0,1,2
1,3,genetico,Brats18_CBICA_AXM_1,-0.29319733800572884,438.0,421.0,1,2
1,3,genetico,Brats18_CBICA_AXO_1,-0.0017963302400952896,394.0,362.0,1,1
1,3,genetico,Brats18_CBICA_AYA_1,0.9876828024107221,50.0,175.0,0,0
1,3,genetico,Brats18_CBICA_AYW_1,0.26629503522844067,734.0,331.0,2,0
1,3,genetico,Brats18_TCIA01_201_1,0.350008655168885,430.0,318.0,1,0
1,3,genetico,Brats18_TCIA01_378_1,0.739612102952991,110.0,209.0,0,0
1,3,genetico,Brats18_TCIA01_401_1,0.4358623884370305,448.0,287.0,1,0
1,3,genetico,Brats18_TCIA02_226_1,1.0357120233303525,329.0,170.0,1,0
1,3,genetico,Brats18_TCIA02_321_1,0.5580166711667622,67.0,262.0,0,0
1,3,genetico,Brats18_TCIA02_368_1,0.5324650358150637,317.0,265.0,1,0
1,3,genetico,Brats18_TCIA03_199_1,-0.7288789642425346,1282.0,508.0,2,2
1,3,genetico,Brats18_TCIA03_338_1,0.3420881719843323,468.0,318.0,2,0
1,3,genetico,Brats18_TCIA03_498_1,-0.8005122440824636,467.0,515.0,2,2
1,3,genetico,Brats18_TCIA04_343_1,-0.5167430033665721,296.0,464.0,0,2
1,3,genetico,Brats18_TCIA08_242_1,0.18653058945503334,147.0,336.0,0,0
1,3,genetico,Brats18_TCIA08_406_1,-0.31415934477811275,82.0,424.0,0,2
1,4,edad,Brats18_CBICA_AAB_1,-0.032076248418832096,289.0,376.0,0,1
1,4,edad,Brats18_CBICA_AAG_1,-0.3399417420885002,616.0,436.0,2,2
1,4,edad,Brats18_CBICA_AAP_1,-0.8353423748898744,788.0,576.0,2,2
1,4,edad,Brats18_CBICA_AMH_1,0.0486821268108575,169.0,368.0,0,1
1,4,edad,Brats18_CBICA_ANI_1,-0.11486203055805373,439.0,387.0,1,1
1,4,edad,Brats18_CBICA_ANP_1,0.010799653260528825,486.0,372.0,2,1
1,4,edad,Brats18_CBICA_AOZ_1,-0.550078713804248,331.0,468.0,1,2
1,4,edad,Brats18_CBICA_APY_1,-0.5920535457460392,203.0,476.0,0,2
1,4,edad,Brats18_CBICA_APZ_1,-0.04709407737832804,336.0,376.0,1,1
1,4,edad,Brats18_CBICA_AQJ_1,0.1785863473104979,170.0,350.0,0,0
1,4,edad,Brats18_CBICA_AQV_1,-0.2986802570222848,84.0,430.0,0,2
1,4,edad,Brats18_CBICA_AQZ_1,0.0761272092343365,286.0,362.0,0,1
1,4,edad,Brats18_CBICA_ASK_1,0.6014508662375067,522.0,232.0,2,0
1,4,edad,Brats18_CBICA_ASU_1,0.749676838067732,85.0,209.0,0,0
1,4,edad,Brats18_CBICA_ASV_1,-0.24653084596043512,597.0,421.0,2,2
1,4,edad,Brats18_CBICA_AWH_1,-0.32113191131673124,139.0,434.0,0,2
1,4,edad,Brats18_CBICA_AXN_1,0.917763888696891,345.0,180.0,1,0
1,4,edad,Brats18_CBICA_AXW_1,0.6718093949127453,191.0,213.0,0,0
1,4,edad,Brats18_CBICA_AZH_1,-0.24037353608704168,401.0,421.0,1,2
1,4,edad,Brats18_TCIA01_150_1,-0.3830429112022536,1489.0,448.0,2,2
1,4,edad,Brats18_TCIA01_235_1,-0.12556223369169478,804.0,387.0,2,1
1,4,edad,Brats18_TCIA01_411_1,-0.6913213951683076,822.0,503.0,2,2
1,4,edad,Brats18_TCIA01_460_1,-1.589725468097757,630.0,1283.0,2,2
1,4,edad,Brats18_TCIA02_274_1,-0.23842121832230723,357.0,421.0,1,2
1,4,edad,Brats18_TCIA02_290_1,-0.6835121241093698,737.0,503.0,2,2
1,4,edad,Brats18_TCIA02_300_1,0.11491075252223497,127.0,355.0,0,1
1,4,edad,Brats18_TCIA02_430_1,-0.2797577925333199,71.0,425.0,0,2
1,4,edad,Brats18_TCIA03_121_1,-1.1604783718629628,747.0,726.0,2,2
1,4,edad,Brats18_TCIA03_265_1,-0.06507792755732447,103.0,382.0,0,1
1,4,edad,Brats18_TCIA04_437_1,-0.5393034215258093,333.0,467.0,1,2
1,4,edad,Brats18_TCIA08_218_1,-0.1491402251581035,346.0,394.0,1,1
1,4,edad,Brats18_TCIA08_319_1,0.13300723641842763,254.0,355.0,0,1
1,4,coxnet,Brats18_CBICA_AAB_1,0.033619333806256084,289.0,368.0,0,1
1,4,coxnet,Brats18_CBICA_AAG_1,-0.6066327160042176,616.0,467.0,2,2
1,4,coxnet,Brats18_CBICA_AAP_1,-1.0692330926743887,788.0,616.0,2,2
1,4,coxnet,Brats18_CBICA_AMH_1,-0.12461394919227853,169.0,385.0,0,1
1,4,coxnet,Brats18_CBICA_ANI_1,-0.055459164355533726,439.0,375.0,1,1
1,4,coxnet,Brats18_CBICA_ANP_1,-0.32509480485764825,486.0,425.0,2,2
1,4,coxnet,Brats18_CBICA_AOZ_1,-0.8742801507929132,331.0,519.0,1,2
1,4,coxnet,Brats18_CBICA_APY_1,-1.2323101817858573,203.0,660.0,0,2
1,4,coxnet,Brats18_CBICA_APZ_1,-0.2237748382261114,336.0,394.0,1,2
1,4,coxnet,Brats18_CBICA_AQJ_1,0.5631353549595318,170.0,244.0,0,0
1,4,coxnet,Brats18_CBICA_AQV_1,-0.38233911668193044,84.0,434.0,0,2
1,4,coxnet,Brats18_CBICA_AQZ_1,0.2376436453687408,286.0,327.0,0,0
1,4,coxnet,Brats18_CBICA_ASK_1,0.6730034003377741,522.0,213.0,2,0
1,4,coxnet,Brats18_CBICA_ASU_1,0.6513454860114029,85.0,229.0,0,0
1,4,coxnet,Brats18_CBICA_ASV_1,-0.4126239994252926,597.0,436.0,2,2
1,4,coxnet,Brats18_CBICA_AWH_1,-0.5057730792794809,139.0,448.0,0,2
1,4,coxnet,Brats18_CBICA_AXN_1,0.8765331998125576,345.0,199.0,1,0
1,4,coxnet,Brats18_CBICA_AXW_1,0.2816091328387187,191.0,318.0,0,0
1,4,coxnet,Brats18_CBICA_AZH_1,-0.8111776655794758,401.0,508.0,1,2
1,4,coxnet,Brats18_TCIA01_150_1,-0.4185689529195232,1489.0,438.0,2,2
1,4,coxnet,Brats18_TCIA01_235_1,-0.28032304557429094,804.0,421.0,2,2
1,4,coxnet,Brats18_TCIA01_411_1,-0.7240543699138839,822.0,495.0,2,2
1,4,coxnet,Brats18_TCIA01_460_1,-1.2840705791137261,630.0,698.0,2,2
1,4,coxnet,Brats18_TCIA02_274_1,-0.19581647203744149,357.0,394.0,1,1
1,4,coxnet,Brats18_TCIA02_290_1,-0.2798962954613795,737.0,421.0,2,2
1,4,coxnet,Brats18_TCIA02_300_1,0.44717814599981814,127.0,269.0,0,0
1,4,coxnet,Brats18_TCIA02_430_1,-0.32239886463574435,71.0,424.0,0,2
1,4,coxnet,Brats18_TCIA03_121_1,-1.1513464085964131,747.0,626.0,2,2
1,4,coxnet,Brats18_TCIA03_265_1,-0.1357782372405577,103.0,387.0,0,1
1,4,coxnet,Brats18_TCIA04_437_1,-0.933107985996431,333.0,576.0,1,2
1,4,coxnet,Brats18_TCIA08_218_1,-0.7037744797312745,346.0,488.0,1,2
1,4,coxnet,Brats18_TCIA08_319_1,0.15354271407417452,254.0,350.0,0,1
1,4,genetico,Brats18_CBICA_AAB_1,0.5383933100102465,289.0,265.0,0,0
1,4,genetico,Brats18_CBICA_AAG_1,0.2917091944150886,616.0,322.0,2,0
1,4,genetico,Brats18_CBICA_AAP_1,-1.3215730646234758,788.0,698.0,2,2
1,4,genetico,Brats18_CBICA_AMH_1,-0.42010795173029825,169.0,436.0,0,2
1,4,genetico,Brats18_CBICA_ANI_1,0.7015076016188133,439.0,229.0,1,0
1,4,genetico,Brats18_CBICA_ANP_1,-0.8464912045352607,486.0,508.0,2,2
1,4,genetico,Brats18_CBICA_AOZ_1,-1.031961097818097,331.0,600.0,1,2
1,4,genetico,Brats18_CBICA_APY_1,-1.0686573838918194,203.0,610.0,0,2
1,4,genetico,Brats18_CBICA_APZ_1,0.07342776857372404,336.0,362.0,1,1
1,4,genetico,Brats18_CBICA_AQJ_1,0.9874566566397807,170.0,187.0,0,0
1,4,genetico,Brats18_CBICA_AQV_1,-0.5765699368924517,84.0,464.0,0,2
1,4,genetico,Brats18_CBICA_AQZ_1,0.03901080144941986,286.0,368.0,0,1
1,4,genetico,Brats18_CBICA_ASK_1,0.4512238450920005,522.0,287.0,2,0
1,4,genetico,Brats18_CBICA_ASU_1,0.4807925259394432,85.0,269.0,0,0
1,4,genetico,Brats18_CBICA_ASV_1,-0.0056292931772491395,597.0,372.0,2,1
1,4,genetico,Brats18_CBICA_AWH_1,-0.6427912380610828,139.0,467.0,0,2
1,4,genetico,Brats18_CBICA_AXN_1,0.5831749316397099,345.0,262.0,1,0
1,4,genetico,Brats18_CBICA_AXW_1,-0.31286019340284377,191.0,424.0,0,2
1,4,genetico,Brats18_CBICA_AZH_1,-0.8721987349303807,401.0,510.0,1,2
1,4,genetico,Brats18_TCIA01_150_1,0.22641442991225208,1489.0,332.0,2,0
1,4,genetico,Brats18_TCIA01_235_1,0.43736075645440964,804.0,287.0,2,0
1,4,genetico,Brats18_TCIA01_411_1,-0.5752588677282214,822.0,464.0,2,2
1,4,genetico,Brats18_TCIA01_460_1,-1.0084876667936746,630.0,579.0,2,2
1,4,genetico,Brats18_TCIA02_274_1,-0.30700625236113444,357.0,424.0,1,2
1,4,genetico,Brats18_TCIA02_290_1,-0.1640348254436744,737.0,387.0,2,1
1,4,genetico,Brats18_TCIA02_300_1,0.8510240626371002,127.0,208.0,0,0
1,4,genetico,Brats18_TCIA02_430_1,-0.6601611539603816,71.0,468.0,0,2
1,4,genetico,Brats18_TCIA03_121_1,-1.260037181695349,747.0,635.0,2,2
1,4,genetico,Brats18_TCIA03_265_1,0.3381717259516911,103.0,318.0,0,0
1,4,genetico,Brats18_TCIA04_437_1,-0.8012286961250097,333.0,495.0,1,2
1,4,genetico,Brats18_TCIA08_218_1,-1.069215662790166,346.0,610.0,1,2
1,4,genetico,Brats18_TCIA08_319_1,0.12414334026713936,254.0,355.0,0,1
2,0,edad,Brats18_CBICA_AAG_1,-0.2629807528685343,616.0,425.0,2,2
2,0,edad,Brats18_CBICA_AAL_1,-0.1958207663007111,464.0,407.0,2,2
2,0,edad,Brats18_CBICA_AAP_1,-0.6978070643319417,788.0,510.0,2,2
2,0,edad,Brats18_CBICA_ANZ_1,0.2572290351391471,287.0,329.0,0,0
2,0,edad,Brats18_CBICA_APY_1,-0.4842659882968617,203.0,467.0,0,2
2,0,edad,Brats18_CBICA_AQD_1,0.4215699836247864,32.0,289.0,0,0
2,0,edad,Brats18_CBICA_AQG_1,-0.2187566596526273,466.0,421.0,2,2
2,0,edad,Brats18_CBICA_AQR_1,0.36666883660712557,89.0,296.0,0,0
2,0,edad,Brats18_CBICA_AQT_1,0.5185202684542932,172.0,262.0,0,0
2,0,edad,Brats18_CBICA_AQZ_1,0.10221403179516282,286.0,350.0,0,1
2,0,edad,Brats18_CBICA_ARZ_1,-0.1785529385472571,871.0,405.0,2,2
2,0,edad,Brats18_CBICA_ASO_1,-0.2601796739390617,265.0,425.0,0,2
2,0,edad,Brats18_CBICA_ATP_1,-0.2851916610857632,385.0,430.0,1,2
2,0,edad,Brats18_CBICA_ATX_1,-0.7730737028603558,1592.0,558.0,2,2
2,0,edad,Brats18_CBICA_AVG_1,0.10267538597178191,579.0,350.0,2,1
2,0,edad,Brats18_CBICA_AXQ_1,0.19899954727587724,114.0,333.0,0,0
2,0,edad,Brats18_CBICA_AYU_1,0.11658191900986882,58.0,346.0,0,0
2,0,edad,Brats18_CBICA_AZH_1,-0.1755870902689922,401.0,405.0,1,2
2,0,edad,Brats18_TCIA01_335_1,-0.1901197468324908,355.0,405.0,1,2
2,0,edad,Brats18_TCIA01_401_1,0.6112524579547125,448.0,239.0,1,0
2,0,edad,Brats18_TCIA01_448_1,-0.5204822911614533,199.0,476.0,0,2
2,0,edad,Brats18_TCIA02_135_1,0.3005633738715745,828.0,322.0,2,0
2,0,edad,Brats18_TCIA02_274_1,-0.17387348904155023,357.0,405.0,1,2
2,0,edad,Brats18_TCIA02_290_1,-0.5645416150285677,737.0,488.0,2,2
2,0,edad,Brats18_TCIA02_314_1,-0.6554613416922692,362.0,508.0,1,2
2,0,edad,Brats18_TCIA02_321_1,0.6909678689005239,67.0,213.0,0,0
2,0,edad,Brats18_TCIA02_322_1,-0.0949489709699426,621.0,387.0,2,1
2,0,edad,Brats18_TCIA02_331_1,0.8106892777331542,187.0,208.0,0,0
2,0,edad,Brats18_TCIA03_133_1,0.11595579548445736,382.0,346.0,1,1
2,0,edad,Brats18_TCIA03_338_1,0.5332506482363428,468.0,254.0,2,0
2,0,edad,Brats18_TCIA03_419_1,0.3410307259350124,327.0,317.0,1,0
2,0,edad,Brats18_TCIA04_192_1,0.5179930065381575,121.0,262.0,0,0
2,0,edad,Brats18_TCIA08_105_1,0.21036863234255973,77.0,332.0,0,0
2,0,coxnet,Brats18_CBICA_AAG_1,-0.3055664415525411,616.0,430.0,2,2
2,0,coxnet,Brats18_CBICA_AAL_1,-0.35123037613503183,464.0,436.0,2,2
2,0,coxnet,Brats18_CBICA_AAP_1,-0.713084999075116,788.0,510.0,2,2
2,0,coxnet,Brats18_CBICA_ANZ_1,0.2741063421324002,287.0,322.0,0,0
2,0,coxnet,Brats18_CBICA_APY_1,-0.4737596017722208,203.0,453.0,0,2
2,0,coxnet,Brats18_CBICA_AQD_1,0.3209685271923685,32.0,317.0,0,0
2,0,coxnet,Brats18_CBICA_AQG_1,-0.22508714236311694,466.0,407.0,2,2
2,0,coxnet,Brats18_CBICA_AQR_1,0.3017877916611028,89.0,318.0,0,0
2,0,coxnet,Brats18_CBICA_AQT_1,0.44591926537008064,172.0,269.0,0,0
2,0,coxnet,Brats18_CBICA_AQZ_1,0.11335475467853526,286.0,346.0,0,1
2,0,coxnet,Brats18_CBICA_ARZ_1,-0.30843469379929755,871.0,430.0,2,2
2,0,coxnet,Brats18_CBICA_ASO_1,-0.3480346967606002,265.0,436.0,0,2
2,0,coxnet,Brats18_CBICA_ATP_1,-0.37146900415463896,385.0,438.0,1,2
2,0,coxnet,Brats18_CBICA_ATX_1,-0.9354144226440751,1592.0,614.0,2,2
2,0,coxnet,Brats18_CBICA_AVG_1,0.017137675434644097,579.0,368.0,2,1
2,0,coxnet,Brats18_CBICA_AXQ_1,0.1776238970802033,114.0,333.0,0,0
2,0,coxnet,Brats18_CBICA_AYU_1,0.003931886190022773,58.0,368.0,0,1
2,0,coxnet,Brats18_CBICA_AZH_1,-0.28426055009372764,401.0,425.0,1,2
2,0,coxnet,Brats18_TCIA01_335_1,-0.14656889867292755,355.0,394.0,1,1
2,0,coxnet,Brats18_TCIA01_401_1,0.616515124658798,448.0,232.0,1,0
2,0,coxnet,Brats18_TCIA01_448_1,-0.508293594847212,199.0,467.0,0,2
2,0,coxnet,Brats18_TCIA02_135_1,0.3243043744785595,828.0,317.0,2,0
2,0,coxnet,Brats18_TCIA02_274_1,-0.08999471762332055,357.0,376.0,1,1
2,0,coxnet,Brats18_TCIA02_290_1,-0.5024952840862735,737.0,467.0,2,2
2,0,coxnet,Brats18_TCIA02_314_1,-0.43794823785263004,362.0,448.0,1,2
2,0,coxnet,Brats18_TCIA02_321_1,0.7688086751932348,67.0,209.0,0,0
2,0,coxnet,Brats18_TCIA02_322_1,-0.15952236264013084,621.0,394.0,2,2
2,0,coxnet,Brats18_TCIA02_331_1,0.8077013077353156,187.0,208.0,0,0
2,0,coxnet,Brats18_TCIA03_133_1,-0.003698433532166209,382.0,368.0,1,1
2,0,coxnet,Brats18_TCIA03_338_1,0.5427571342893449,468.0,254.0,2,0
2,0,coxnet,Brats18_TCIA03_419_1,0.44580834293869487,327.0,269.0,1,0
2,0,coxnet,Brats18_TCIA04_192_1,0.41219127525586363,121.0,289.0,0,0
2,0,coxnet,Brats18_TCIA08_105_1,0.35965071302221574,77.0,296.0,0,0
2,0,genetico,Brats18_CBICA_AAG_1,-0.6991715299822342,616.0,495.0,2,2
2,0,genetico,Brats18_CBICA_AAL_1,-0.8194374360502864,464.0,515.0,2,2
2,0,genetico,Brats18_CBICA_AAP_1,-0.7734782784139689,788.0,508.0,2,2
2,0,genetico,Brats18_CBICA_ANZ_1,0.05623015500795778,287.0,355.0,0,1
2,0,genetico,Brats18_CBICA_APY_1,-0.44829452854186547,203.0,439.0,0,2
2,0,genetico,Brats18_CBICA_AQD_1,0.4293865004623719,32.0,291.0,0,0
2,0,genetico,Brats18_CBICA_AQG_1,0.2597011037812523,466.0,331.0,2,0
2,0,genetico,Brats18_CBICA_AQR_1,0.21343264145364102,89.0,333.0,0,0
2,0,genetico,Brats18_CBICA_AQT_1,0.27306202783300715,172.0,329.0,0,0
2,0,genetico,Brats18_CBICA_AQZ_1,0.019782314671962453,286.0,368.0,0,1
2,0,genetico,Brats18_CBICA_ARZ_1,-0.13437925114209542,871.0,387.0,2,1
2,0,genetico,Brats18_CBICA_ASO_1,0.01678734840359425,265.0,368.0,0,1
2,0,genetico,Brats18_CBICA_ATP_1,-0.34407246530691293,385.0,430.0,1,2
2,0,genetico,Brats18_CBICA_ATX_1,-1.4189467477533826,1592.0,804.0,2,2
2,0,genetico,Brats18_CBICA_AVG_1,-0.5388092246736804,579.0,465.0,2,2
2,0,genetico,Brats18_CBICA_AXQ_1,0.4842716503051128,114.0,269.0,0,0
2,0,genetico,Brats18_CBICA_AYU_1,-0.03950661953002343,58.0,372.0,0,1
2,0,genetico,Brats18_CBICA_AZH_1,-0.34643471291796335,401.0,430.0,1,2
2,0,genetico,Brats18_TCIA01_335_1,-0.006338110543929687,355.0,370.0,1,1
2,0,genetico,Brats18_TCIA01_401_1,-0.05952175396051301,448.0,375.0,1,1
2,0,genetico,Brats18_TCIA01_448_1,-0.44122240331052615,199.0,439.0,0,2
2,0,genetico,Brats18_TCIA02_135_1,0.6762147099194585,828.0,232.0,2,0
2,0,genetico,Brats18_TCIA02_274_1,-0.2844059902277458,357.0,424.0,1,2
2,0,genetico,Brats18_TCIA02_290_1,0.002814486895625634,737.0,368.0,2,1
2,0,genetico,Brats18_TCIA02_314_1,0.9982399731822185,362.0,175.0,1,0
2,0,genetico,Brats18_TCIA02_321_1,0.8933399309589014,67.0,208.0,0,0
2,0,genetico,Brats18_TCIA02_322_1,-0.7439331961365275,621.0,503.0,2,2
2,0,genetico,Brats18_TCIA02_331_1,0.4396680083984953,187.0,291.0,0,0
2,0,genetico,Brats18_TCIA03_133_1,-0.5363814470356505,382.0,465.0,1,2
2,0,genetico,Brats18_TCIA03_338_1,0.3215350321128252,468.0,322.0,2,0
2,0,genetico,Brats18_TCIA03_419_1,0.37289328107630026,327.0,317.0,1,0
2,0,genetico,Brats18_TCIA04_192_1,-0.6271803070060131,121.0,476.0,0,2
2,0,genetico,Brats18_TCIA08_105_1,0.9271398549883835,77.0,191.0,0,0
2,1,edad,Brats18_CBICA_ABY_1,-0.35308330842144076,515.0,439.0,2,2
2,1,edad,Brats18_CBICA_ALN_1,0.021325073848058134,421.0,355.0,1,1
2,1,edad,Brats18_CBICA_ANG_1,-0.1329937051024637,368.0,375.0,1,2
2,1,edad,Brats18_CBICA_AOH_1,-0.09839628639891243,576.0,372.0,2,1
2,1,edad,Brats18_CBICA_AOZ_1,-0.4037289273670008,331.0,448.0,1,2
2,1,edad,Brats18_CBICA_AQQ_1,0.29078001297640527,33.0,317.0,0,0
2,1,edad,Brats18_CBICA_ASN_1,-0.617446889031451,407.0,486.0,1,2
2,1,edad,Brats18_CBICA_ASU_1,0.6270180933715899,85.0,232.0,0,0
2,1,edad,Brats18_CBICA_ASV_1,-0.16300592373686973,597.0,382.0,2,2
2,1,edad,Brats18_CBICA_ASY_1,0.1871068529714435,610.0,329.0,2,0
2,1,edad,Brats18_CBICA_ATD_1,0.26654395546806536,355.0,318.0,1,0
2,1,edad,Brats18_CBICA_AUR_1,0.29852125984639066,12.0,296.0,0,0
2,1,edad,Brats18_CBICA_AXJ_1,-0.9651181955730762,1767.0,621.0,2,2
2,1,edad,Brats18_CBICA_AXL_1,0.42887194752638,168.0,269.0,0,0
2,1,edad,Brats18_CBICA_AXM_1,0.1997310401748045,438.0,327.0,1,0
2,1,edad,Brats18_CBICA_AXO_1,-0.11685618278118584,394.0,375.0,1,1
2,1,edad,Brats18_CBICA_AYA_1,0.4350053969695225,50.0,268.0,0,0
2,1,edad,Brats18_CBICA_AYW_1,-0.3082138506019468,734.0,424.0,2,2
2,1,edad,Brats18_TCIA01_147_1,0.035437962372570346,209.0,350.0,0,1
2,1,edad,Brats18_TCIA01_201_1,0.014983206219954465,430.0,355.0,1,1
2,1,edad,Brats18_TCIA01_390_1,0.09972008541987452,634.0,336.0,2,1
2,1,edad,Brats18_TCIA01_412_1,0.2540686383968193,291.0,318.0,0,0
2,1,edad,Brats18_TCIA01_499_1,-0.3020208531059583,600.0,405.0,2,2
2,1,edad,Brats18_TCIA02_151_1,-0.36481427483211126,1731.0,439.0,2,2
2,1,edad,Brats18_TCIA02_377_1,0.10528782836097954,812.0,336.0,2,1
2,1,edad,Brats18_TCIA02_430_1,-0.18935593712124393,71.0,385.0,0,2
2,1,edad,Brats18_TCIA02_491_1,0.6218671868004071,82.0,232.0,0,0
2,1,edad,Brats18_TCIA03_257_1,0.27095051137867243,425.0,317.0,1,0
2,1,edad,Brats18_TCIA04_111_1,0.44771890625215305,626.0,268.0,2,0
2,1,edad,Brats18_TCIA05_478_1,-0.028903708727579528,30.0,359.0,0,1
2,1,edad,Brats18_TCIA06_165_1,-0.2521791328738198,5.0,394.0,0,2
2,1,edad,Brats18_TCIA06_184_1,0.028024229793238074,434.0,350.0,1,1
2,1,edad,Brats18_TCIA08_242_1,0.18618385815232966,147.0,329.0,0,0
2,1,coxnet,Brats18_CBICA_ABY_1,-0.353083609328466,515.0,439.0,2,2
2,1,coxnet,Brats18_CBICA_ALN_1,0.021325092021855598,421.0,355.0,1,1
2,1,coxnet,Brats18_CBICA_ANG_1,-0.13299381844325106,368.0,375.0,1,2
2,1,coxnet,Brats18_CBICA_AOH_1,-0.09839637025485558,576.0,372.0,2,1
2,1,coxnet,Brats18_CBICA_AOZ_1,-0.4037292714355751,331.0,448.0,1,2
2,1,coxnet,Brats18_CBICA_AQQ_1,0.2907802607868982,33.0,317.0,0,0
2,1,coxnet,Brats18_CBICA_ASN_1,-0.61744741523618,407.0,486.0,1,2
2,1,coxnet,Brats18_CBICA_ASU_1,0.6270186277331549,85.0,232.0,0,0
2,1,coxnet,Brats18_CBICA_ASV_1,-0.16300606265487133,597.0,382.0,2,2
2,1,coxnet,Brats18_CBICA_ASY_1,0.18710701242890068,610.0,329.0,2,0
2,1,coxnet,Brats18_CBICA_ATD_1,0.2665441826239428,355.0,318.0,1,0
2,1,coxnet,Brats18_CBICA_AUR_1,0.29852151425418094,12.0,296.0,0,0
2,1,coxnet,Brats18_CBICA_AXJ_1,-0.9651190180725779,1767.0,621.0,2,2
2,1,coxnet,Brats18_CBICA_AXL_1,0.4288723130225076,168.0,269.0,0,0
2,1,coxnet,Brats18_CBICA_AXM_1,0.19973121039093117,438.0,327.0,1,0
2,1,coxnet,Brats18_CBICA_AXO_1,-0.11685628236914569,394.0,375.0,1,1
2,1,coxnet,Brats18_CBICA_AYA_1,0.4350057676927395,50.0,268.0,0,0
2,1,coxnet,Brats18_CBICA_AYW_1,-0.30821411327002174,734.0,424.0,2,2
2,1,coxnet,Brats18_TCIA01_147_1,0.03543799257374833,209.0,350.0,0,1
2,1,coxnet,Brats18_TCIA01_201_1,0.014983218989042965,430.0,355.0,1,1
2,1,coxnet,Brats18_TCIA01_390_1,0.09972017040399456,634.0,336.0,2,1
2,1,coxnet,Brats18_TCIA01_412_1,0.25406885492089837,291.0,318.0,0,0
2,1,coxnet,Brats18_TCIA01_499_1,-0.3020211104961954,600.0,405.0,2,2
2,1,coxnet,Brats18_TCIA02_151_1,-0.36481458573657943,1731.0,439.0,2,2
2,1,coxnet,Brats18_TCIA02_377_1,0.1052879180900788,812.0,336.0,2,1
2,1,coxnet,Brats18_TCIA02_430_1,-0.1893560984954307,71.0,385.0,0,2
2,1,coxnet,Brats18_TCIA02_491_1,0.621867716772232,82.0,232.0,0,0
2,1,coxnet,Brats18_TCIA03_257_1,0.27095074228993454,425.0,317.0,1,0
2,1,coxnet,Brats18_TCIA04_111_1,0.44771928781016224,626.0,268.0,2,0
2,1,coxnet,Brats18_TCIA05_478_1,-0.028903733360092037,30.0,359.0,0,1
2,1,coxnet,Brats18_TCIA06_165_1,-0.25217934778761186,5.0,394.0,0,2
2,1,coxnet,Brats18_TCIA06_184_1,0.028024253676235147,434.0,350.0,1,1
2,1,coxnet,Brats18_TCIA08_242_1,0.186184016823186,147.0,329.0,0,0
2,1,genetico,Brats18_CBICA_ABY_1,0.02458552493497851,515.0,350.0,2,1
2,1,genetico,Brats18_CBICA_ALN_1,-0.27035233302982586,421.0,387.0,1,2
2,1,genetico,Brats18_CBICA_ANG_1,0.23373317017331696,368.0,322.0,1,0
2,1,genetico,Brats18_CBICA_AOH_1,-0.1618817520402969,576.0,376.0,2,2
2,1,genetico,Brats18_CBICA_AOZ_1,-1.0264568403173517,331.0,616.0,1,2
2,1,genetico,Brats18_CBICA_AQQ_1,0.6212368917588906,33.0,239.0,0,0
2,1,genetico,Brats18_CBICA_ASN_1,-0.6405992487170428,407.0,473.0,1,2
2,1,genetico,Brats18_CBICA_ASU_1,0.9389542654329863,85.0,191.0,0,0
2,1,genetico,Brats18_CBICA_ASV_1,0.0015539174120998145,597.0,355.0,2,1
2,1,genetico,Brats18_CBICA_ASY_1,0.09321281090854394,610.0,345.0,2,1
2,1,genetico,Brats18_CBICA_ATD_1,0.7213352842550855,355.0,213.0,1,0
2,1,genetico,Brats18_CBICA_AUR_1,0.49828961972615016,12.0,265.0,0,0
2,1,genetico,Brats18_CBICA_AXJ_1,-1.7482174353407531,1767.0,1283.0,2,2
2,1,genetico,Brats18_CBICA_AXL_1,0.9621607904474831,168.0,191.0,0,0
2,1,genetico,Brats18_CBICA_AXM_1,-0.9478071874194411,438.0,579.0,1,2
2,1,genetico,Brats18_CBICA_AXO_1,-0.22001188415498607,394.0,385.0,1,2
2,1,genetico,Brats18_CBICA_AYA_1,0.5916020424129658,50.0,244.0,0,0
2,1,genetico,Brats18_CBICA_AYW_1,-0.19038798446743455,734.0,382.0,2,2
2,1,genetico,Brats18_TCIA01_147_1,-0.32293580774843444,209.0,401.0,0,2
2,1,genetico,Brats18_TCIA01_201_1,0.38550576359640776,430.0,287.0,1,0
2,1,genetico,Brats18_TCIA01_390_1,0.18344487614730492,634.0,329.0,2,1
2,1,genetico,Brats18_TCIA01_412_1,0.5683774559195814,291.0,254.0,0,0
2,1,genetico,Brats18_TCIA01_499_1,0.5432377318288663,600.0,262.0,2,0
2,1,genetico,Brats18_TCIA02_151_1,-1.3114299359872263,1731.0,747.0,2,2
2,1,genetico,Brats18_TCIA02_377_1,0.32408357665790755,812.0,296.0,2,0
2,1,genetico,Brats18_TCIA02_430_1,-0.24061050246120635,71.0,387.0,0,2
2,1,genetico,Brats18_TCIA02_491_1,1.3826592495180086,82.0,139.0,0,0
2,1,genetico,Brats18_TCIA03_257_1,-0.4362535655370431,425.0,448.0,1,2
2,1,genetico,Brats18_TCIA04_111_1,0.20519360017994331,626.0,327.0,2,0
2,1,genetico,Brats18_TCIA05_478_1,0.332584737598959,30.0,296.0,0,0
2,1,genetico,Brats18_TCIA06_165_1,-1.1802871944228992,5.0,660.0,0,2
2,1,genetico,Brats18_TCIA06_184_1,3.1971280077356528,434.0,55.0,1,0
2,1,genetico,Brats18_TCIA08_242_1,0.03320397712985483,147.0,350.0,0,1
2,2,edad,Brats18_2013_11_1,-1.1769068819066604,150.0,734.0,0,2
2,2,edad,Brats18_2013_27_1,0.3032755318910521,120.0,317.0,0,0
2,2,edad,Brats18_CBICA_ABB_1,0.3212736368197492,465.0,296.0,2,0
2,2,edad,Brats18_CBICA_ABN_1,0.3133590367665378,1278.0,296.0,2,0
2,2,edad,Brats18_CBICA_ALU_1,0.22256944192537237,495.0,331.0,2,0
2,2,edad,Brats18_CBICA_AME_1,-0.31642243189068414,359.0,425.0,1,2
2,2,edad,Brats18_CBICA_ANI_1,-0.06817795714476439,439.0,382.0,1,1
2,2,edad,Brats18_CBICA_AOO_1,-0.6045443145970154,350.0,488.0,1,2
2,2,edad,Brats18_CBICA_AOP_1,0.29616000203552073,332.0,317.0,1,0
2,2,edad,Brats18_CBICA_AQA_1,0.6208869099879549,106.0,239.0,0,0
2,2,edad,Brats18_CBICA_ASA_1,0.14133063849457256,210.0,345.0,0,0
2,2,edad,Brats18_CBICA_ASK_1,0.657796342928412,522.0,229.0,2,0
2,2,edad,Brats18_CBICA_ATB_1,0.42146181922410375,208.0,286.0,0,0
2,2,edad,Brats18_CBICA_ATV_1,0.08025884481474388,453.0,355.0,2,1
2,2,edad,Brats18_CBICA_AWG_1,-0.1719048789959874,180.0,394.0,0,1
2,2,edad,Brats18_CBICA_AWI_1,-0.5136405668704668,375.0,468.0,1,2
2,2,edad,Brats18_CBICA_AXW_1,0.7291038453309032,191.0,209.0,0,0
2,2,edad,Brats18_CBICA_BHB_1,-0.16950766840294726,510.0,394.0,2,1
2,2,edad,Brats18_CBICA_BHM_1,0.07535027074328111,436.0,355.0,1,1
2,2,edad,Brats18_TCIA01_190_1,0.056172585998961216,322.0,357.0,1,1
2,2,edad,Brats18_TCIA01_235_1,-0.07902248125613595,804.0,382.0,2,1
2,2,edad,Brats18_TCIA01_425_1,-0.1461824288230502,558.0,387.0,2,1
2,2,edad,Brats18_TCIA01_429_1,-0.19268070413566732,86.0,394.0,0,1
2,2,edad,Brats18_TCIA02_226_1,0.5147627775436922,329.0,265.0,1,0
2,2,edad,Brats18_TCIA02_471_1,0.6302854975511435,111.0,232.0,0,0
2,2,edad,Brats18_TCIA03_121_1,-1.1278972431156205,747.0,726.0,2,2
2,2,edad,Brats18_TCIA03_265_1,-0.017722381805541566,103.0,370.0,0,1
2,2,edad,Brats18_TCIA03_375_1,-0.0018931816991188473,946.0,368.0,2,1
2,2,edad,Brats18_TCIA03_498_1,-0.029213772267416095,467.0,370.0,2,1
2,2,edad,Brats18_TCIA04_479_1,-0.13887664415854734,372.0,387.0,1,1
2,2,edad,Brats18_TCIA06_247_1,0.6335198293036576,244.0,232.0,0,0
2,2,edad,Brats18_TCIA06_409_1,0.35068703028673237,99.0,291.0,0,0
2,2,edad,Brats18_TCIA08_469_1,0.14646751833680102,519.0,345.0,2,0
2,2,coxnet,Brats18_2013_11_1,-1.2232499517685276,150.0,737.0,0,2
2,2,coxnet,Brats18_2013_27_1,0.26765067485136523,120.0,318.0,0,0
2,2,coxnet,Brats18_CBICA_ABB_1,0.2822056824512597,465.0,317.0,2,0
2,2,coxnet,Brats18_CBICA_ABN_1,0.3855308036167611,1278.0,287.0,2,0
2,2,coxnet,Brats18_CBICA_ALU_1,0.2117809403445786,495.0,331.0,2,0
2,2,coxnet,Brats18_CBICA_AME_1,-0.2755657223307348,359.0,421.0,1,2
2,2,coxnet,Brats18_CBICA_ANI_1,-0.018981648225140944,439.0,368.0,1,1
2,2,coxnet,Brats18_CBICA_AOO_1,-0.5820477330406488,350.0,476.0,1,2
2,2,coxnet,Brats18_CBICA_AOP_1,0.23424144286454043,332.0,327.0,1,0
2,2,coxnet,Brats18_CBICA_AQA_1,0.5754955430440337,106.0,254.0,0,0
2,2,coxnet,Brats18_CBICA_ASA_1,0.2379874340789543,210.0,327.0,0,0
2,2,coxnet,Brats18_CBICA_ASK_1,0.7022190055079814,522.0,213.0,2,0
2,2,coxnet,Brats18_CBICA_ATB_1,0.38157633811135133,208.0,289.0,0,0
2,2,coxnet,Brats18_CBICA_ATV_1,0.0885424852838125,453.0,355.0,2,1
2,2,coxnet,Brats18_CBICA_AWG_1,-0.14455229017498145,180.0,387.0,0,1
2,2,coxnet,Brats18_CBICA_AWI_1,-0.5086527093094863,375.0,466.0,1,2
2,2,coxnet,Brats18_CBICA_AXW_1,0.7140874423090997,191.0,213.0,0,0
2,2,coxnet,Brats18_CBICA_BHB_1,-0.2343199202440293,510.0,405.0,2,2
2,2,coxnet,Brats18_CBICA_BHM_1,0.0523876214010071,436.0,355.0,1,1
2,2,coxnet,Brats18_TCIA01_190_1,0.08092269872748316,322.0,355.0,1,1
2,2,coxnet,Brats18_TCIA01_235_1,-0.12082989173421205,804.0,387.0,2,1
2,2,coxnet,Brats18_TCIA01_425_1,-0.26797571871713377,558.0,407.0,2,2
2,2,coxnet,Brats18_TCIA01_429_1,-0.20649267110732872,86.0,401.0,0,2
2,2,coxnet,Brats18_TCIA02_226_1,0.47481507778218657,329.0,268.0,1,0
2,2,coxnet,Brats18_TCIA02_471_1,0.6130133572760029,111.0,239.0,0,0
2,2,coxnet,Brats18_TCIA03_121_1,-1.1550839610765518,747.0,726.0,2,2
2,2,coxnet,Brats18_TCIA03_265_1,-0.03722252256435862,103.0,370.0,0,1
2,2,coxnet,Brats18_TCIA03_375_1,-0.03276378356680885,946.0,370.0,2,1
2,2,coxnet,Brats18_TCIA03_498_1,-0.06859089746637625,467.0,376.0,2,1
2,2,coxnet,Brats18_TCIA04_479_1,-0.18154842407193536,372.0,394.0,1,1
2,2,coxnet,Brats18_TCIA06_247_1,0.6256769985913093,244.0,232.0,0,0
2,2,coxnet,Brats18_TCIA06_409_1,0.3101730710275973,99.0,296.0,0,0
2,2,coxnet,Brats18_TCIA08_469_1,0.19167593257643012,519.0,333.0,2,0
2,2,genetico,Brats18_2013_11_1,-0.867209990404687,150.0,597.0,0,2
2,2,genetico,Brats18_2013_27_1,0.6059833055138545,120.0,254.0,0,0
2,2,genetico,Brats18_CBICA_ABB_1,0.26526699114195235,465.0,327.0,2,0
2,2,genetico,Brats18_CBICA_ABN_1,-0.034814750953794354,1278.0,370.0,2,1
2,2,genetico,Brats18_CBICA_ALU_1,-0.10830425493206192,495.0,385.0,2,1
2,2,genetico,Brats18_CBICA_AME_1,-0.3557512979327013,359.0,425.0,1,2
2,2,genetico,Brats18_CBICA_ANI_1,-0.013050453809391682,439.0,368.0,1,1
2,2,genetico,Brats18_CBICA_AOO_1,-0.7967298876218419,350.0,576.0,1,2
2,2,genetico,Brats18_CBICA_AOP_1,-0.11838078685923871,332.0,385.0,1,1
2,2,genetico,Brats18_CBICA_AQA_1,0.32354479300596467,106.0,317.0,0,0
2,2,genetico,Brats18_CBICA_ASA_1,0.6767765808325106,210.0,232.0,0,0
2,2,genetico,Brats18_CBICA_ASK_1,0.7331726537732455,522.0,229.0,2,0
2,2,genetico,Brats18_CBICA_ATB_1,0.6039090324348817,208.0,254.0,0,0
2,2,genetico,Brats18_CBICA_ATV_1,-0.16001234036588063,453.0,387.0,2,1
2,2,genetico,Brats18_CBICA_AWG_1,-0.20382871341068398,180.0,394.0,0,1
2,2,genetico,Brats18_CBICA_AWI_1,-0.1879961823208287,375.0,394.0,1,1
2,2,genetico,Brats18_CBICA_AXW_1,0.09175829432239747,191.0,355.0,0,1
2,2,genetico,Brats18_CBICA_BHB_1,0.2789719421423776,510.0,318.0,2,0
2,2,genetico,Brats18_CBICA_BHM_1,-0.35922474943815896,436.0,425.0,1,2
2,2,genetico,Brats18_TCIA01_190_1,-0.04979858569054885,322.0,370.0,1,1
2,2,genetico,Brats18_TCIA01_235_1,-0.014547893837552506,804.0,368.0,2,1
2,2,genetico,Brats18_TCIA01_425_1,-0.44304446974713724,558.0,438.0,2,2
2,2,genetico,Brats18_TCIA01_429_1,-0.3845887416660567,86.0,430.0,0,2
2,2,genetico,Brats18_TCIA02_226_1,0.6439628147377804,329.0,239.0,1,0
2,2,genetico,Brats18_TCIA02_471_1,1.115565614619168,111.0,169.0,0,0
2,2,genetico,Brats18_TCIA03_121_1,-1.481788793714248,747.0,828.0,2,2
2,2,genetico,Brats18_TCIA03_265_1,-0.37908574272891915,103.0,430.0,0,2
2,2,genetico,Brats18_TCIA03_375_1,-0.29129077062352504,946.0,407.0,2,1
2,2,genetico,Brats18_TCIA03_498_1,-0.30671356649159875,467.0,421.0,2,1
2,2,genetico,Brats18_TCIA04_479_1,-0.3498069404242682,372.0,424.0,1,2
2,2,genetico,Brats18_TCIA06_247_1,0.9751296952818971,244.0,175.0,0,0
2,2,genetico,Brats18_TCIA06_409_1,0.20758938220081824,99.0,333.0,0,0
2,2,genetico,Brats18_TCIA08_469_1,1.478166428543116,519.0,114.0,2,0
2,3,edad,Brats18_CBICA_AAB_1,0.0014647959683452302,289.0,368.0,0,1
2,3,edad,Brats18_CBICA_ABM_1,0.3471563652230273,503.0,322.0,2,0
2,3,edad,Brats18_CBICA_ALX_1,-0.026705646229358875,698.0,375.0,2,1
2,3,edad,Brats18_CBICA_AOD_1,0.005781824772668777,55.0,368.0,0,1
2,3,edad,Brats18_CBICA_AQJ_1,0.2067431741129128,170.0,336.0,0,0
2,3,edad,Brats18_CBICA_AQU_1,0.45570403015885547,30.0,286.0,0,0
2,3,edad,Brats18_CBICA_ARF_1,0.5447153105056264,726.0,265.0,2,0
2,3,edad,Brats18_CBICA_ASE_1,-0.49788373072835845,318.0,465.0,1,2
2,3,edad,Brats18_CBICA_ASH_1,-0.5068104682559426,660.0,466.0,2,2
2,3,edad,Brats18_CBICA_AVJ_1,-0.5553221648197809,614.0,468.0,2,2
2,3,edad,Brats18_CBICA_AWH_1,-0.2802030410188275,139.0,425.0,0,2
2,3,edad,Brats18_CBICA_AXN_1,0.9270284546173235,345.0,191.0,1,0
2,3,edad,Brats18_CBICA_AZD_1,-0.5182249850944927,448.0,466.0,1,2
2,3,edad,Brats18_TCIA01_186_1,-0.970781309751114,370.0,616.0,1,2
2,3,edad,Brats18_TCIA01_231_1,0.12373183210435393,1561.0,355.0,2,1
2,3,edad,Brats18_TCIA01_378_1,0.5020206273306645,110.0,269.0,0,0
2,3,edad,Brats18_TCIA01_411_1,-0.6409310411089072,822.0,488.0,2,2
2,3,edad,Brats18_TCIA02_118_1,-0.4793351408657145,104.0,465.0,0,2
2,3,edad,Brats18_TCIA02_198_1,-0.22477678137009818,394.0,407.0,1,2
2,3,edad,Brats18_TCIA02_283_1,0.527300855328864,262.0,268.0,0,0
2,3,edad,Brats18_TCIA02_300_1,0.14469503129822978,127.0,350.0,0,0
2,3,edad,Brats18_TCIA02_368_1,0.07825668969948885,317.0,357.0,1,1
2,3,edad,Brats18_TCIA02_455_1,-0.2041062620951596,424.0,405.0,1,2
2,3,edad,Brats18_TCIA02_473_1,0.021915805304080892,175.0,362.0,0,1
2,3,edad,Brats18_TCIA03_199_1,-0.42431131610552364,1282.0,448.0,2,2
2,3,edad,Brats18_TCIA03_296_1,0.00014773633312785097,22.0,368.0,0,1
2,3,edad,Brats18_TCIA03_474_1,0.03603761139280014,635.0,362.0,2,1
2,3,edad,Brats18_TCIA06_372_1,0.5157765835207123,213.0,268.0,0,0
2,3,edad,Brats18_TCIA08_278_1,-0.3629948730881837,1458.0,438.0,2,2
2,3,edad,Brats18_TCIA08_280_1,-0.11198525760968081,508.0,385.0,2,1
2,3,edad,Brats18_TCIA08_319_1,0.16232899641419513,254.0,346.0,0,0
2,3,edad,Brats18_TCIA08_406_1,0.6703115807195459,82.0,229.0,0,0
2,3,coxnet,Brats18_CBICA_AAB_1,0.05681466777156835,289.0,357.0,0,1
2,3,coxnet,Brats18_CBICA_ABM_1,0.14576066272732258,503.0,350.0,2,1
2,3,coxnet,Brats18_CBICA_ALX_1,-0.47668861815537844,698.0,453.0,2,2
2,3,coxnet,Brats18_CBICA_AOD_1,0.3257391466911694,55.0,327.0,0,0
2,3,coxnet,Brats18_CBICA_AQJ_1,0.35510648519559845,170.0,322.0,0,0
2,3,coxnet,Brats18_CBICA_AQU_1,0.6634552527293012,30.0,229.0,0,0
2,3,coxnet,Brats18_CBICA_ARF_1,0.6576020617423362,726.0,232.0,2,0
2,3,coxnet,Brats18_CBICA_ASE_1,-0.7303554709079554,318.0,495.0,1,2
2,3,coxnet,Brats18_CBICA_ASH_1,-0.9959610077300747,660.0,610.0,2,2
2,3,coxnet,Brats18_CBICA_AVJ_1,-0.5438724461965857,614.0,466.0,2,2
2,3,coxnet,Brats18_CBICA_AWH_1,-0.34567368850268493,139.0,434.0,0,2
2,3,coxnet,Brats18_CBICA_AXN_1,1.0512305098632082,345.0,169.0,1,0
2,3,coxnet,Brats18_CBICA_AZD_1,-0.789573001023656,448.0,515.0,1,2
2,3,coxnet,Brats18_TCIA01_186_1,-1.0828787736486083,370.0,621.0,1,2
2,3,coxnet,Brats18_TCIA01_231_1,0.12556679164366036,1561.0,350.0,2,1
2,3,coxnet,Brats18_TCIA01_378_1,0.6062262693443242,110.0,239.0,0,0
2,3,coxnet,Brats18_TCIA01_411_1,-0.7848393979602076,822.0,515.0,2,2
2,3,coxnet,Brats18_TCIA02_118_1,-0.04395996792460401,104.0,375.0,0,1
2,3,coxnet,Brats18_TCIA02_198_1,-0.336422141688221,394.0,434.0,1,2
2,3,coxnet,Brats18_TCIA02_283_1,0.5209671876833813,262.0,268.0,0,0
2,3,coxnet,Brats18_TCIA02_300_1,0.13413246926279876,127.0,350.0,0,1
2,3,coxnet,Brats18_TCIA02_368_1,0.05965778742153155,317.0,357.0,1,1
2,3,coxnet,Brats18_TCIA02_455_1,-0.2600441508874831,424.0,407.0,1,2
2,3,coxnet,Brats18_TCIA02_473_1,0.05010130688355442,175.0,359.0,0,1
2,3,coxnet,Brats18_TCIA03_199_1,-0.5051847423908145,1282.0,464.0,2,2
2,3,coxnet,Brats18_TCIA03_296_1,0.204475620288998,22.0,333.0,0,0
2,3,coxnet,Brats18_TCIA03_474_1,0.28577754937091476,635.0,329.0,2,0
2,3,coxnet,Brats18_TCIA06_372_1,0.573835968917004,213.0,244.0,0,0
2,3,coxnet,Brats18_TCIA08_278_1,-0.4514103783975027,1458.0,448.0,2,2
2,3,coxnet,Brats18_TCIA08_280_1,-1.3140479879974538,508.0,747.0,2,2
2,3,coxnet,Brats18_TCIA08_319_1,0.16992445020496974,254.0,346.0,0,1
2,3,coxnet,Brats18_TCIA08_406_1,0.4624715522448802,82.0,286.0,0,0
2,3,genetico,Brats18_CBICA_AAB_1,-0.15431319872999055,289.0,387.0,0,1
2,3,genetico,Brats18_CBICA_ABM_1,-0.02464530631814775,503.0,375.0,2,1
2,3,genetico,Brats18_CBICA_ALX_1,-0.47768185040123856,698.0,448.0,2,2
2,3,genetico,Brats18_CBICA_AOD_1,0.4056430163753362,55.0,322.0,0,0
2,3,genetico,Brats18_CBICA_AQJ_1,0.4440007799956094,170.0,296.0,0,0
2,3,genetico,Brats18_CBICA_AQU_1,0.7520934623567977,30.0,232.0,0,0
2,3,genetico,Brats18_CBICA_ARF_1,1.1603780156087502,726.0,172.0,2,0
2,3,genetico,Brats18_CBICA_ASE_1,-1.9840808846662665,318.0,1337.0,1,2
2,3,genetico,Brats18_CBICA_ASH_1,-0.9621906157854958,660.0,558.0,2,2
2,3,genetico,Brats18_CBICA_AVJ_1,-1.016565332985773,614.0,579.0,2,2
2,3,genetico,Brats18_CBICA_AWH_1,-0.5230712391434377,139.0,453.0,0,2
2,3,genetico,Brats18_CBICA_AXN_1,1.5393919534459959,345.0,120.0,1,0
2,3,genetico,Brats18_CBICA_AZD_1,-0.7613818065715552,448.0,488.0,1,2
2,3,genetico,Brats18_TCIA01_186_1,-1.2557578071529316,370.0,626.0,1,2
2,3,genetico,Brats18_TCIA01_231_1,0.39461997026662343,1561.0,327.0,2,0
2,3,genetico,Brats18_TCIA01_378_1,0.7492696804000281,110.0,232.0,0,0
2,3,genetico,Brats18_TCIA01_411_1,-1.5713947502224213,822.0,812.0,2,2
2,3,genetico,Brats18_TCIA02_118_1,0.5749173596054671,104.0,269.0,0,0
2,3,genetico,Brats18_TCIA02_198_1,-1.063772440464129,394.0,597.0,1,2
2,3,genetico,Brats18_TCIA02_283_1,1.5209122392911503,262.0,120.0,0,0
2,3,genetico,Brats18_TCIA02_300_1,1.012232994301787,127.0,191.0,0,0
2,3,genetico,Brats18_TCIA02_368_1,0.7335629491007115,317.0,232.0,1,0
2,3,genetico,Brats18_TCIA02_455_1,-0.231541317285205,424.0,405.0,1,1
2,3,genetico,Brats18_TCIA02_473_1,0.7296091872511041,175.0,232.0,0,0
2,3,genetico,Brats18_TCIA03_199_1,0.19638172489379818,1282.0,346.0,2,1
2,3,genetico,Brats18_TCIA03_296_1,-0.09267342811303232,22.0,382.0,0,1
2,3,genetico,Brats18_TCIA03_474_1,0.4955755904746776,635.0,287.0,2,0
2,3,genetico,Brats18_TCIA06_372_1,0.9038641534512304,213.0,208.0,0,0
2,3,genetico,Brats18_TCIA08_278_1,-0.5307723309331143,1458.0,464.0,2,2
2,3,genetico,Brats18_TCIA08_280_1,-0.58386264683732,508.0,466.0,2,2
2,3,genetico,Brats18_TCIA08_319_1,0.03237411061129586,254.0,362.0,0,1
2,3,genetico,Brats18_TCIA08_406_1,-0.22408824355641205,82.0,405.0,0,1
2,4,edad,Brats18_CBICA_ABE_1,0.23217019615139914,269.0,329.0,0,0
2,4,edad,Brats18_CBICA_ABO_1,-0.15601687510032425,1155.0,394.0,2,1
2,4,edad,Brats18_CBICA_AMH_1,0.06858561919354188,169.0,355.0,0,1
2,4,edad,Brats18_CBICA_ANP_1,0.03200387314955302,486.0,359.0,2,1
2,4,edad,Brats18_CBICA_APR_1,0.07184860942541416,23.0,355.0,0,1
2,4,edad,Brats18_CBICA_APZ_1,-0.023902026156522895,336.0,368.0,1,1
2,4,edad,Brats18_CBICA_AQN_1,0.08954126757156534,488.0,355.0,2,1
2,4,edad,Brats18_CBICA_AQO_1,0.25878169426466735,473.0,327.0,2,0
2,4,edad,Brats18_CBICA_AQP_1,-0.517374915556654,1283.0,466.0,2,2
2,4,edad,Brats18_CBICA_AQV_1,-0.26684977664291465,84.0,424.0,0,2
2,4,edad,Brats18_CBICA_AQY_1,-0.10892104942030269,229.0,382.0,0,1
2,4,edad,Brats18_CBICA_ARW_1,-0.5911910056910062,495.0,495.0,2,2
2,4,edad,Brats18_CBICA_ASG_1,-0.10921109299646918,208.0,382.0,0,1
2,4,edad,Brats18_CBICA_ASW_1,0.2768731623280472,239.0,322.0,0,0
2,4,edad,Brats18_CBICA_ATF_1,0.2901789113846815,152.0,322.0,0,0
2,4,edad,Brats18_CBICA_AUN_1,0.28213020214606377,376.0,322.0,1,0
2,4,edad,Brats18_CBICA_AUQ_1,0.0033983254501407387,1337.0,362.0,2,1
2,4,edad,Brats18_CBICA_AVV_1,0.4195020909078812,387.0,287.0,1,0
2,4,edad,Brats18_CBICA_AYI_1,0.18848238249133323,387.0,332.0,1,0
2,4,edad,Brats18_TCIA01_150_1,-0.3483157660986559,1489.0,436.0,2,2
2,4,edad,Brats18_TCIA01_203_1,-0.5364452806895955,268.0,467.0,0,2
2,4,edad,Brats18_TCIA01_460_1,-1.5135658333472204,630.0,946.0,2,2
2,4,edad,Brats18_TCIA02_179_1,-0.5092174399769737,405.0,466.0,1,2
2,4,edad,Brats18_TCIA02_394_1,0.12779076417851104,616.0,350.0,2,0
2,4,edad,Brats18_TCIA03_138_1,0.4043110586061649,82.0,287.0,0,0
2,4,edad,Brats18_TCIA04_149_1,-0.8654272069563498,448.0,610.0,1,2
2,4,edad,Brats18_TCIA04_343_1,-0.29161224695812216,296.0,425.0,0,2
2,4,edad,Brats18_TCIA04_361_1,0.552922135944431,476.0,244.0,2,0
2,4,edad,Brats18_TCIA04_437_1,-0.49921093659923227,333.0,465.0,1,2
2,4,edad,Brats18_TCIA05_277_1,0.3496740999458172,232.0,291.0,0,0
2,4,edad,Brats18_TCIA08_167_1,0.5142738294202563,153.0,254.0,0,0
2,4,edad,Brats18_TCIA08_218_1,-0.12244433115906186,346.0,385.0,1,1
2,4,coxnet,Brats18_CBICA_ABE_1,0.3737238477651331,269.0,289.0,0,0
2,4,coxnet,Brats18_CBICA_ABO_1,0.13895224844707033,1155.0,345.0,2,1
2,4,coxnet,Brats18_CBICA_AMH_1,0.012035761291231028,169.0,359.0,0,1
2,4,coxnet,Brats18_CBICA_ANP_1,-0.13301003477740778,486.0,382.0,2,1
2,4,coxnet,Brats18_CBICA_APR_1,0.17154817270078354,23.0,331.0,0,0
2,4,coxnet,Brats18_CBICA_APZ_1,-0.08584275728932998,336.0,372.0,1,1
2,4,coxnet,Brats18_CBICA_AQN_1,0.17205561619277931,488.0,331.0,2,0
2,4,coxnet,Brats18_CBICA_AQO_1,0.13375631383165548,473.0,345.0,2,1
2,4,coxnet,Brats18_CBICA_AQP_1,-0.44766271837247906,1283.0,448.0,2,2
2,4,coxnet,Brats18_CBICA_AQV_1,-0.34797546085556896,84.0,430.0,0,2
2,4,coxnet,Brats18_CBICA_AQY_1,0.11586551703761862,229.0,350.0,0,1
2,4,coxnet,Brats18_CBICA_ARW_1,-0.5665786561190942,495.0,466.0,2,2
2,4,coxnet,Brats18_CBICA_ASG_1,0.336186456398627,208.0,291.0,0,0
2,4,coxnet,Brats18_CBICA_ASW_1,0.4194119625535441,239.0,286.0,0,0
2,4,coxnet,Brats18_CBICA_ATF_1,0.19141245478797703,152.0,331.0,0,0
2,4,coxnet,Brats18_CBICA_AUN_1,0.41076093632096816,376.0,287.0,1,0
2,4,coxnet,Brats18_CBICA_AUQ_1,-0.27708884237299425,1337.0,421.0,2,2
2,4,coxnet,Brats18_CBICA_AVV_1,0.6073776562216221,387.0,210.0,1,0
2,4,coxnet,Brats18_CBICA_AYI_1,0.5643418719323479,387.0,244.0,1,0
2,4,coxnet,Brats18_TCIA01_150_1,-0.3083074540990493,1489.0,424.0,2,2
2,4,coxnet,Brats18_TCIA01_203_1,-0.3035395394913723,268.0,424.0,0,2
2,4,coxnet,Brats18_TCIA01_460_1,-1.3984323169934996,630.0,804.0,2,2
2,4,coxnet,Brats18_TCIA02_179_1,-0.4694838979254368,405.0,448.0,1,2
2,4,coxnet,Brats18_TCIA02_394_1,0.2667373302585675,616.0,322.0,2,0
2,4,coxnet,Brats18_TCIA03_138_1,0.6764378161251963,82.0,208.0,0,0
2,4,coxnet,Brats18_TCIA04_149_1,-0.8359770137514266,448.0,576.0,1,2
2,4,coxnet,Brats18_TCIA04_343_1,-0.2946470370779324,296.0,424.0,0,2
2,4,coxnet,Brats18_TCIA04_361_1,0.4715868900885584,476.0,265.0,2,0
2,4,coxnet,Brats18_TCIA04_437_1,-0.7954548609220713,333.0,522.0,1,2
2,4,coxnet,Brats18_TCIA05_277_1,0.16587662251562504,232.0,332.0,0,0
2,4,coxnet,Brats18_TCIA08_167_1,0.691193858493778,153.0,203.0,0,0
2,4,coxnet,Brats18_TCIA08_218_1,-0.36834751064616883,346.0,434.0,1,2
2,4,genetico,Brats18_CBICA_ABE_1,0.3137999133928949,269.0,322.0,0,0
2,4,genetico,Brats18_CBICA_ABO_1,0.8053857176698462,1155.0,191.0,2,0
2,4,genetico,Brats18_CBICA_AMH_1,0.030270443633557118,169.0,359.0,0,1
2,4,genetico,Brats18_CBICA_ANP_1,-0.1352721827373181,486.0,385.0,2,1
2,4,genetico,Brats18_CBICA_APR_1,-0.09866870880269915,23.0,375.0,0,1
2,4,genetico,Brats18_CBICA_APZ_1,0.015932403323612374,336.0,362.0,1,1
2,4,genetico,Brats18_CBICA_AQN_1,0.05866858142628182,488.0,357.0,2,1
2,4,genetico,Brats18_CBICA_AQO_1,-0.031595573942810554,473.0,370.0,2,1
2,4,genetico,Brats18_CBICA_AQP_1,-0.6386369802111455,1283.0,495.0,2,2
2,4,genetico,Brats18_CBICA_AQV_1,-0.6299352154390467,84.0,468.0,0,2
2,4,genetico,Brats18_CBICA_AQY_1,0.026132450388184875,229.0,359.0,0,1
2,4,genetico,Brats18_CBICA_ARW_1,-0.877606248909139,495.0,579.0,2,2
2,4,genetico,Brats18_CBICA_ASG_1,0.43150257784653784,208.0,287.0,0,0
2,4,genetico,Brats18_CBICA_ASW_1,0.13357790435987052,239.0,350.0,0,1
2,4,genetico,Brats18_CBICA_ATF_1,0.3490404012573649,152.0,317.0,0,0
2,4,genetico,Brats18_CBICA_AUN_1,0.3197566386141182,376.0,318.0,1,0
2,4,genetico,Brats18_CBICA_AUQ_1,-0.21983832858342817,1337.0,401.0,2,1
2,4,genetico,Brats18_CBICA_AVV_1,0.5026936893856033,387.0,265.0,1,0
2,4,genetico,Brats18_CBICA_AYI_1,0.4230601201415256,387.0,289.0,1,0
2,4,genetico,Brats18_TCIA01_150_1,-0.5618583938042422,1489.0,466.0,2,2
2,4,genetico,Brats18_TCIA01_203_1,-0.15061903632048385,268.0,385.0,0,1
2,4,genetico,Brats18_TCIA01_460_1,-1.4241563906882022,630.0,804.0,2,2
2,4,genetico,Brats18_TCIA02_179_1,-0.5624419530575119,405.0,466.0,1,2
2,4,genetico,Brats18_TCIA02_394_1,0.13509249487948194,616.0,350.0,2,1
2,4,genetico,Brats18_TCIA03_138_1,1.0627506598377445,82.0,150.0,0,0
2,4,genetico,Brats18_TCIA04_149_1,-0.23316280461399258,448.0,407.0,1,2
2,4,genetico,Brats18_TCIA04_343_1,-0.5434460822359515,296.0,465.0,0,2
2,4,genetico,Brats18_TCIA04_361_1,0.45194808984521634,476.0,287.0,2,0
2,4,genetico,Brats18_TCIA04_437_1,-1.015604223822375,333.0,616.0,1,2
2,4,genetico,Brats18_TCIA05_277_1,0.08141409240375751,232.0,355.0,0,1
2,4,genetico,Brats18_TCIA08_167_1,0.9829234819795052,153.0,170.0,0,0
2,4,genetico,Brats18_TCIA08_218_1,-0.7923464971662649,346.0,522.0,1,2
3,0,edad,Brats18_CBICA_AAP_1,-0.7258018142718693,788.0,515.0,2,2
3,0,edad,Brats18_CBICA_ABE_1,0.20571036559820063,269.0,336.0,0,0
3,0,edad,Brats18_CBICA_ABO_1,-0.14975691324807647,1155.0,385.0,2,1
3,0,edad,Brats18_CBICA_ALN_1,0.0004045234028725651,421.0,362.0,1,1
3,0,edad,Brats18_CBICA_AMH_1,0.055914123685955955,169.0,357.0,0,1
3,0,edad,Brats18_CBICA_ANZ_1,0.23635352412767802,287.0,331.0,0,0
3,0,edad,Brats18_CBICA_AQG_1,-0.24318036731302678,466.0,405.0,2,2
3,0,edad,Brats18_CBICA_AQP_1,-0.48065654603605074,1283.0,465.0,2,2
3,0,edad,Brats18_CBICA_AQQ_1,0.3008601947915722,33.0,327.0,0,0
3,0,edad,Brats18_CBICA_AQZ_1,0.08018297404895483,286.0,355.0,0,1
3,0,edad,Brats18_CBICA_ARW_1,-0.548250772218083,495.0,473.0,2,2
3,0,edad,Brats18_CBICA_ASA_1,0.09409357364142625,210.0,355.0,0,1
3,0,edad,Brats18_CBICA_ASH_1,-0.47673900247540246,660.0,465.0,2,2
3,0,edad,Brats18_CBICA_ASN_1,-0.7118580151576975,407.0,510.0,1,2
3,0,edad,Brats18_CBICA_AUR_1,0.3094920704336782,12.0,322.0,0,0
3,0,edad,Brats18_CBICA_AVJ_1,-0.5207615682501445,614.0,468.0,2,2
3,0,edad,Brats18_CBICA_AXO_1,-0.15367445680872455,394.0,385.0,1,1
3,0,edad,Brats18_CBICA_AXW_1,0.6069265853476405,191.0,239.0,0,0
3,0,edad,Brats18_CBICA_AYI_1,0.16570494194920812,387.0,345.0,1,0
3,0,edad,Brats18_CBICA_AZD_1,-0.48709725324592995,448.0,467.0,1,2
3,0,edad,Brats18_TCIA01_147_1,0.016141096688866218,209.0,359.0,0,1
3,0,edad,Brats18_TCIA01_425_1,-0.15676201232686268,558.0,385.0,2,1
3,0,edad,Brats18_TCIA01_448_1,-0.5471551880019696,199.0,473.0,0,2
3,0,edad,Brats18_TCIA02_377_1,0.09402717459802534,812.0,355.0,2,1
3,0,edad,Brats18_TCIA03_375_1,-0.030869426038912514,946.0,370.0,2,1
3,0,edad,Brats18_TCIA04_149_1,-0.7993719543599752,448.0,579.0,1,2
3,0,edad,Brats18_TCIA04_437_1,-0.46402358566414587,333.0,465.0,1,2
3,0,edad,Brats18_TCIA05_478_1,-0.055603069705716976,30.0,372.0,0,1
3,0,edad,Brats18_TCIA06_409_1,0.27675734203707547,99.0,329.0,0,0
3,0,edad,Brats18_TCIA08_105_1,0.18914380426969635,77.0,336.0,0,0
3,0,edad,Brats18_TCIA08_167_1,0.46403584394908115,153.0,289.0,0,0
3,0,edad,Brats18_TCIA08_319_1,0.13048024942507416,254.0,350.0,0,1
3,0,edad,Brats18_TCIA08_469_1,0.09857550907098137,519.0,355.0,2,1
3,0,coxnet,Brats18_CBICA_AAP_1,-0.8079790028331287,788.0,515.0,2,2
3,0,coxnet,Brats18_CBICA_ABE_1,0.3896411142871231,269.0,296.0,0,0
3,0,coxnet,Brats18_CBICA_ABO_1,0.38497265490359783,1155.0,296.0,2,0
3,0,coxnet,Brats18_CBICA_ALN_1,-8.017648563054493e-06,421.0,359.0,1,1
3,0,coxnet,Brats18_CBICA_AMH_1,0.03064514261639642,169.0,357.0,0,1
3,0,coxnet,Brats18_CBICA_ANZ_1,0.3763094334651545,287.0,317.0,0,0
3,0,coxnet,Brats18_CBICA_AQG_1,0.1612732187901725,466.0,345.0,2,0
3,0,coxnet,Brats18_CBICA_AQP_1,-0.39127424348770606,1283.0,436.0,2,2
3,0,coxnet,Brats18_CBICA_AQQ_1,0.6834253356615986,33.0,213.0,0,0
3,0,coxnet,Brats18_CBICA_AQZ_1,0.16415031732569452,286.0,336.0,0,0
3,0,coxnet,Brats18_CBICA_ARW_1,-0.6078204252252808,495.0,473.0,2,2
3,0,coxnet,Brats18_CBICA_ASA_1,0.5657584914008952,210.0,244.0,0,0
3,0,coxnet,Brats18_CBICA_ASH_1,-0.9068426436657333,660.0,597.0,2,2
3,0,coxnet,Brats18_CBICA_ASN_1,-0.39098486772323654,407.0,436.0,1,2
3,0,coxnet,Brats18_CBICA_AUR_1,0.5171690242539162,12.0,265.0,0,0
3,0,coxnet,Brats18_CBICA_AVJ_1,-0.5025238665936055,614.0,464.0,2,2
3,0,coxnet,Brats18_CBICA_AXO_1,0.20141924504069902,394.0,332.0,1,0
3,0,coxnet,Brats18_CBICA_AXW_1,0.42013420143018176,191.0,291.0,0,0
3,0,coxnet,Brats18_CBICA_AYI_1,0.2604913048947319,387.0,329.0,1,0
3,0,coxnet,Brats18_CBICA_AZD_1,-0.6030142463304721,448.0,473.0,1,2
3,0,coxnet,Brats18_TCIA01_147_1,0.14055527962545028,209.0,345.0,0,1
3,0,coxnet,Brats18_TCIA01_425_1,-0.46896034551154914,558.0,448.0,2,2
3,0,coxnet,Brats18_TCIA01_448_1,-0.5333071526775329,199.0,465.0,0,2
3,0,coxnet,Brats18_TCIA02_377_1,0.15022574069616432,812.0,345.0,2,0
3,0,coxnet,Brats18_TCIA03_375_1,-0.020878028895663314,946.0,362.0,2,1
3,0,coxnet,Brats18_TCIA04_149_1,-0.6349651818726866,448.0,486.0,1,2
3,0,coxnet,Brats18_TCIA04_437_1,-0.8110520619688604,333.0,522.0,1,2
3,0,coxnet,Brats18_TCIA05_478_1,0.20646801700507417,30.0,332.0,0,0
3,0,coxnet,Brats18_TCIA06_409_1,0.31050852148259844,99.0,322.0,0,0
3,0,coxnet,Brats18_TCIA08_105_1,0.48548088325695793,77.0,268.0,0,0
3,0,coxnet,Brats18_TCIA08_167_1,0.7716442223007266,153.0,208.0,0,0
3,0,coxnet,Brats18_TCIA08_319_1,0.03792607150737661,254.0,355.0,0,1
3,0,coxnet,Brats18_TCIA08_469_1,0.39334170434317206,519.0,296.0,2,0
3,0,genetico,Brats18_CBICA_AAP_1,0.19008541304510407,788.0,345.0,2,1
3,0,genetico,Brats18_CBICA_ABE_1,1.1901594018513548,269.0,170.0,0,0
3,0,genetico,Brats18_CBICA_ABO_1,1.588245231743321,1155.0,114.0,2,0
3,0,genetico,Brats18_CBICA_ALN_1,1.3115679138267202,421.0,150.0,1,0
3,0,genetico,Brats18_CBICA_AMH_1,-0.021125814430993484,169.0,368.0,0,1
3,0,genetico,Brats18_CBICA_ANZ_1,0.431206781949677,287.0,317.0,0,0
3,0,genetico,Brats18_CBICA_AQG_1,2.361232189146434,466.0,82.0,2,0
3,0,genetico,Brats18_CBICA_AQP_1,0.6147331975867951,1283.0,265.0,2,0
3,0,genetico,Brats18_CBICA_AQQ_1,1.5498977070984767,33.0,120.0,0,0
3,0,genetico,Brats18_CBICA_AQZ_1,-0.18704667372184827,286.0,382.0,0,1
3,0,genetico,Brats18_CBICA_ARW_1,-0.3628679473035422,495.0,425.0,2,1
3,0,genetico,Brats18_CBICA_ASA_1,1.603044703079657,210.0,114.0,0,0
3,0,genetico,Brats18_CBICA_ASH_1,-1.6689144863312895,660.0,804.0,2,2
3,0,genetico,Brats18_CBICA_ASN_1,-0.3842456352747221,407.0,430.0,1,1
3,0,genetico,Brats18_CBICA_AUR_1,0.6500086375537606,12.0,262.0,0,0
3,0,genetico,Brats18_CBICA_AVJ_1,-0.9394980447906243,614.0,522.0,2,2
3,0,genetico,Brats18_CBICA_AXO_1,0.7078724276698081,394.0,244.0,1,0
3,0,genetico,Brats18_CBICA_AXW_1,0.9671266128319911,191.0,203.0,0,0
3,0,genetico,Brats18_CBICA_AYI_1,1.221685484986889,387.0,168.0,1,0
3,0,genetico,Brats18_CBICA_AZD_1,0.5480788800995684,448.0,289.0,1,0
3,0,genetico,Brats18_TCIA01_147_1,0.835497804034044,209.0,213.0,0,0
3,0,genetico,Brats18_TCIA01_425_1,-0.7373032006200317,558.0,488.0,2,2
3,0,genetico,Brats18_TCIA01_448_1,-0.29606345194388994,199.0,405.0,0,1
3,0,genetico,Brats18_TCIA02_377_1,0.7623809235786627,812.0,232.0,2,0
3,0,genetico,Brats18_TCIA03_375_1,-0.008051495646103302,946.0,362.0,2,1
3,0,genetico,Brats18_TCIA04_149_1,0.24377886324722625,448.0,336.0,1,1
3,0,genetico,Brats18_TCIA04_437_1,-3.6304873898935384,333.0,1767.0,1,2
3,0,genetico,Brats18_TCIA05_478_1,0.1512052326580995,30.0,350.0,0,1
3,0,genetico,Brats18_TCIA06_409_1,-0.3590497519242432,99.0,425.0,0,1
3,0,genetico,Brats18_TCIA08_105_1,0.5229988296802105,77.0,291.0,0,0
3,0,genetico,Brats18_TCIA08_167_1,0.6258426657891195,153.0,265.0,0,0
3,0,genetico,Brats18_TCIA08_319_1,0.1086176234120601,254.0,355.0,0,1
3,0,genetico,Brats18_TCIA08_469_1,0.5286577467660329,519.0,291.0,2,0
3,1,edad,Brats18_2013_11_1,-1.0659540085660257,150.0,635.0,0,2
3,1,edad,Brats18_CBICA_ABY_1,-0.40472609936584103,515.0,439.0,2,2
3,1,edad,Brats18_CBICA_ALU_1,0.19758323217141902,495.0,336.0,2,0
3,1,edad,Brats18_CBICA_AOP_1,0.26402552325019263,332.0,322.0,1,0
3,1,edad,Brats18_CBICA_AOZ_1,-0.4631637090478442,331.0,453.0,1,2
3,1,edad,Brats18_CBICA_AQA_1,0.5572098624778324,106.0,244.0,0,0
3,1,edad,Brats18_CBICA_AQT_1,0.5438458235793611,172.0,244.0,0,0
3,1,edad,Brats18_CBICA_ASE_1,-0.45807919039238465,318.0,453.0,1,2
3,1,edad,Brats18_CBICA_ASU_1,0.7261670432045173,85.0,208.0,0,0
3,1,edad,Brats18_CBICA_ASW_1,0.2820961773905415,239.0,322.0,0,0
3,1,edad,Brats18_CBICA_ASY_1,0.2185740490530793,610.0,333.0,2,0
3,1,edad,Brats18_CBICA_ATF_1,0.29470440946184984,152.0,291.0,0,0
3,1,edad,Brats18_CBICA_ATX_1,-0.8026583938671005,1592.0,558.0,2,2
3,1,edad,Brats18_CBICA_AXJ_1,-1.1109245147822175,1767.0,660.0,2,2
3,1,edad,Brats18_CBICA_AXN_1,0.8799737325321648,345.0,187.0,1,0
3,1,edad,Brats18_CBICA_AYW_1,-0.35295333170518317,734.0,434.0,2,2
3,1,edad,Brats18_CBICA_BHM_1,0.06466429515809147,436.0,357.0,1,1
3,1,edad,Brats18_TCIA01_186_1,-0.9021500562063604,370.0,600.0,1,2
3,1,edad,Brats18_TCIA01_401_1,0.6405203877446504,448.0,210.0,1,0
3,1,edad,Brats18_TCIA02_135_1,0.31662280744957366,828.0,289.0,2,0
3,1,edad,Brats18_TCIA02_151_1,-0.41826191254321266,1731.0,448.0,2,2
3,1,edad,Brats18_TCIA02_198_1,-0.20162019199370526,394.0,401.0,1,2
3,1,edad,Brats18_TCIA02_226_1,0.4613941697070464,329.0,265.0,1,0
3,1,edad,Brats18_TCIA02_321_1,0.7236247838767876,67.0,208.0,0,0
3,1,edad,Brats18_TCIA02_368_1,0.08294107843312114,317.0,355.0,1,1
3,1,edad,Brats18_TCIA02_394_1,0.14082901042264226,616.0,350.0,2,0
3,1,edad,Brats18_TCIA02_430_1,-0.21580874743089956,71.0,405.0,0,2
3,1,edad,Brats18_TCIA02_473_1,0.030034600531719146,175.0,362.0,0,1
3,1,edad,Brats18_TCIA04_111_1,0.5192821016965675,626.0,254.0,2,0
3,1,edad,Brats18_TCIA04_343_1,-0.2565879612419152,296.0,407.0,0,2
3,1,edad,Brats18_TCIA04_361_1,0.5436740493004605,476.0,244.0,2,0
3,1,edad,Brats18_TCIA06_165_1,-0.28829749312697633,5.0,424.0,0,2
3,1,edad,Brats18_TCIA06_372_1,0.4937907987077101,213.0,262.0,0,0
3,1,coxnet,Brats18_2013_11_1,-1.0516157319517228,150.0,630.0,0,2
3,1,coxnet,Brats18_CBICA_ABY_1,-0.648195046770304,515.0,486.0,2,2
3,1,coxnet,Brats18_CBICA_ALU_1,0.2306953686171354,495.0,327.0,2,0
3,1,coxnet,Brats18_CBICA_AOP_1,0.20491933113546149,332.0,333.0,1,0
3,1,coxnet,Brats18_CBICA_AOZ_1,-0.587221822635246,331.0,468.0,1,2
3,1,coxnet,Brats18_CBICA_AQA_1,0.49181211170273637,106.0,262.0,0,0
3,1,coxnet,Brats18_CBICA_AQT_1,0.5767226326282041,172.0,232.0,0,0
3,1,coxnet,Brats18_CBICA_ASE_1,-0.5111130083716973,318.0,464.0,1,2
3,1,coxnet,Brats18_CBICA_ASU_1,0.7626227149469363,85.0,203.0,0,0
3,1,coxnet,Brats18_CBICA_ASW_1,0.30641131927608367,239.0,291.0,0,0
3,1,coxnet,Brats18_CBICA_ASY_1,0.23930077815740686,610.0,327.0,2,0
3,1,coxnet,Brats18_CBICA_ATF_1,0.332197004791736,152.0,289.0,0,0
3,1,coxnet,Brats18_CBICA_ATX_1,-0.8398805274670772,1592.0,558.0,2,2
3,1,coxnet,Brats18_CBICA_AXJ_1,-1.0586583976187736,1767.0,630.0,2,2
3,1,coxnet,Brats18_CBICA_AXN_1,1.0064687132551418,345.0,169.0,1,0
3,1,coxnet,Brats18_CBICA_AYW_1,-0.3922066158638493,734.0,438.0,2,2
3,1,coxnet,Brats18_CBICA_BHM_1,-0.16449837746375578,436.0,387.0,1,2
3,1,coxnet,Brats18_TCIA01_186_1,-0.999088720542805,370.0,616.0,1,2
3,1,coxnet,Brats18_TCIA01_401_1,0.7401010919150547,448.0,208.0,1,0
3,1,coxnet,Brats18_TCIA02_135_1,0.3805409316422157,828.0,286.0,2,0
3,1,coxnet,Brats18_TCIA02_151_1,-0.35021053268712293,1731.0,430.0,2,2
3,1,coxnet,Brats18_TCIA02_198_1,-0.2004309760804707,394.0,394.0,1,2
3,1,coxnet,Brats18_TCIA02_226_1,0.3810517856109164,329.0,286.0,1,0
3,1,coxnet,Brats18_TCIA02_321_1,0.7894522478641185,67.0,203.0,0,0
3,1,coxnet,Brats18_TCIA02_368_1,0.12709724881239637,317.0,350.0,1,0
3,1,coxnet,Brats18_TCIA02_394_1,0.1350650723630906,616.0,350.0,2,0
3,1,coxnet,Brats18_TCIA02_430_1,-0.27655397881409766,71.0,421.0,0,2
3,1,coxnet,Brats18_TCIA02_473_1,-0.06794411135455164,175.0,375.0,0,1
3,1,coxnet,Brats18_TCIA04_111_1,0.5081938390118249,626.0,254.0,2,0
3,1,coxnet,Brats18_TCIA04_343_1,-0.2923342817534687,296.0,421.0,0,2
3,1,coxnet,Brats18_TCIA04_361_1,0.6388051639148696,476.0,210.0,2,0
3,1,coxnet,Brats18_TCIA06_165_1,-0.1880487350242675,5.0,394.0,0,2
3,1,coxnet,Brats18_TCIA06_372_1,0.509772793662635,213.0,254.0,0,0
3,1,genetico,Brats18_2013_11_1,-0.8963331016641036,150.0,522.0,0,2
3,1,genetico,Brats18_CBICA_ABY_1,-0.4981504834721094,515.0,448.0,2,2
3,1,genetico,Brats18_CBICA_ALU_1,-0.047662620515552395,495.0,372.0,2,1
3,1,genetico,Brats18_CBICA_AOP_1,-0.3749242885085039,332.0,430.0,1,2
3,1,genetico,Brats18_CBICA_AOZ_1,0.07444062286430503,331.0,357.0,1,1
3,1,genetico,Brats18_CBICA_AQA_1,0.22664917528986336,106.0,333.0,0,0
3,1,genetico,Brats18_CBICA_AQT_1,0.7786682013805922,172.0,208.0,0,0
3,1,genetico,Brats18_CBICA_ASE_1,-0.5270889246079485,318.0,453.0,1,2
3,1,genetico,Brats18_CBICA_ASU_1,0.8082477637774771,85.0,208.0,0,0
3,1,genetico,Brats18_CBICA_ASW_1,0.49858634008909997,239.0,265.0,0,0
3,1,genetico,Brats18_CBICA_ASY_1,0.2646864085429475,610.0,327.0,2,0
3,1,genetico,Brats18_CBICA_ATF_1,0.09632352679110076,152.0,355.0,0,1
3,1,genetico,Brats18_CBICA_ATX_1,-1.69601155495664,1592.0,1278.0,2,2
3,1,genetico,Brats18_CBICA_AXJ_1,-1.2735171239943204,1767.0,698.0,2,2
3,1,genetico,Brats18_CBICA_AXN_1,1.5083450313847018,345.0,111.0,1,0
3,1,genetico,Brats18_CBICA_AYW_1,0.04914599741925642,734.0,359.0,2,1
3,1,genetico,Brats18_CBICA_BHM_1,0.31111894279561364,436.0,291.0,1,0
3,1,genetico,Brats18_TCIA01_186_1,-1.0318927947162555,370.0,600.0,1,2
3,1,genetico,Brats18_TCIA01_401_1,0.48757778345871927,448.0,265.0,1,0
3,1,genetico,Brats18_TCIA02_135_1,0.18630928633680494,828.0,346.0,2,0
3,1,genetico,Brats18_TCIA02_151_1,-0.6386447077028481,1731.0,467.0,2,2
3,1,genetico,Brats18_TCIA02_198_1,-0.42258938392502593,394.0,434.0,1,2
3,1,genetico,Brats18_TCIA02_226_1,0.9631844547278449,329.0,187.0,1,0
3,1,genetico,Brats18_TCIA02_321_1,0.7076792131074758,67.0,210.0,0,0
3,1,genetico,Brats18_TCIA02_368_1,0.7517075468181024,317.0,209.0,1,0
3,1,genetico,Brats18_TCIA02_394_1,0.16354362578451614,616.0,346.0,2,0
3,1,genetico,Brats18_TCIA02_430_1,-0.014549565757770899,71.0,368.0,0,1
3,1,genetico,Brats18_TCIA02_473_1,0.33473425487156705,175.0,289.0,0,0
3,1,genetico,Brats18_TCIA04_111_1,0.4603612031157841,626.0,268.0,2,0
3,1,genetico,Brats18_TCIA04_343_1,-0.5286337347094459,296.0,453.0,0,2
3,1,genetico,Brats18_TCIA04_361_1,0.23397968652942258,476.0,333.0,2,0
3,1,genetico,Brats18_TCIA06_165_1,-0.7110135633471208,5.0,486.0,0,2
3,1,genetico,Brats18_TCIA06_372_1,0.4892527588217302,213.0,265.0,0,0
3,2,edad,Brats18_CBICA_AAB_1,0.015116502069547738,289.0,362.0,0,1
3,2,edad,Brats18_CBICA_ABN_1,0.3132365209683279,1278.0,322.0,2,0
3,2,edad,Brats18_CBICA_ALX_1,-0.014230521013047729,698.0,370.0,2,1
3,2,edad,Brats18_CBICA_AME_1,-0.3175720232395104,359.0,436.0,1,2
3,2,edad,Brats18_CBICA_ANG_1,-0.1641671298532166,368.0,394.0,1,2
3,2,edad,Brats18_CBICA_ANI_1,-0.06892270039424797,439.0,375.0,1,1
3,2,edad,Brats18_CBICA_ANP_1,0.05864156747256562,486.0,355.0,2,1
3,2,edad,Brats18_CBICA_APY_1,-0.5533391463420232,203.0,468.0,0,2
3,2,edad,Brats18_CBICA_AQD_1,0.4943114646896404,32.0,268.0,0,0
3,2,edad,Brats18_CBICA_AQN_1,0.11912692543630446,488.0,345.0,2,1
3,2,edad,Brats18_CBICA_AQV_1,-0.2555240315791659,84.0,421.0,0,2
3,2,edad,Brats18_CBICA_ARF_1,0.5810566913597532,726.0,244.0,2,0
3,2,edad,Brats18_CBICA_ASG_1,-0.08980863370497824,208.0,382.0,0,1
3,2,edad,Brats18_CBICA_ATB_1,0.42151560223800794,208.0,287.0,0,0
3,2,edad,Brats18_CBICA_ATP_1,-0.3230984107031161,385.0,436.0,1,2
3,2,edad,Brats18_CBICA_AUN_1,0.3215832716892222,376.0,318.0,1,0
3,2,edad,Brats18_CBICA_AUQ_1,0.028570397067153194,1337.0,357.0,2,1
3,2,edad,Brats18_CBICA_BHB_1,-0.17041766463963956,510.0,394.0,2,2
3,2,edad,Brats18_TCIA01_201_1,0.0252545645889897,430.0,357.0,1,1
3,2,edad,Brats18_TCIA01_335_1,-0.21314235668585965,355.0,405.0,1,2
3,2,edad,Brats18_TCIA01_378_1,0.5365788005319755,110.0,265.0,0,0
3,2,edad,Brats18_TCIA01_390_1,0.1337242109436215,634.0,345.0,2,1
3,2,edad,Brats18_TCIA01_412_1,0.33130209102176983,291.0,318.0,0,0
3,2,edad,Brats18_TCIA01_460_1,-1.566116346827486,630.0,1282.0,2,2
3,2,edad,Brats18_TCIA01_499_1,-0.3805347273076241,600.0,448.0,2,2
3,2,edad,Brats18_TCIA02_118_1,-0.48576476721807327,104.0,465.0,0,2
3,2,edad,Brats18_TCIA02_283_1,0.5629148952723307,262.0,254.0,0,0
3,2,edad,Brats18_TCIA02_322_1,-0.10307196361763167,621.0,387.0,2,1
3,2,edad,Brats18_TCIA02_331_1,0.9443499693120894,187.0,172.0,0,0
3,2,edad,Brats18_TCIA02_455_1,-0.19904054039941754,424.0,401.0,1,2
3,2,edad,Brats18_TCIA02_471_1,0.630679839481233,111.0,232.0,0,0
3,2,edad,Brats18_TCIA02_491_1,0.8021121899039778,82.0,199.0,0,0
3,2,edad,Brats18_TCIA08_242_1,0.24440441228369525,147.0,329.0,0,0
3,2,coxnet,Brats18_CBICA_AAB_1,0.015116474139012364,289.0,362.0,0,1
3,2,coxnet,Brats18_CBICA_ABN_1,0.313235942205886,1278.0,322.0,2,0
3,2,coxnet,Brats18_CBICA_ALX_1,-0.014230494719526856,698.0,370.0,2,1
3,2,coxnet,Brats18_CBICA_AME_1,-0.3175714364664263,359.0,436.0,1,2
3,2,coxnet,Brats18_CBICA_ANG_1,-0.16416682652406292,368.0,394.0,1,2
3,2,coxnet,Brats18_CBICA_ANI_1,-0.06892257304680409,439.0,375.0,1,1
3,2,coxnet,Brats18_CBICA_ANP_1,0.058641459121416946,486.0,355.0,2,1
3,2,coxnet,Brats18_CBICA_APY_1,-0.5533381239455469,203.0,468.0,0,2
3,2,coxnet,Brats18_CBICA_AQD_1,0.49431055135772944,32.0,268.0,0,0
3,2,coxnet,Brats18_CBICA_AQN_1,0.11912670532726324,488.0,345.0,2,1
3,2,coxnet,Brats18_CBICA_AQV_1,-0.25552355945122934,84.0,421.0,0,2
3,2,coxnet,Brats18_CBICA_ARF_1,0.5810556177499826,726.0,244.0,2,0
3,2,coxnet,Brats18_CBICA_ASG_1,-0.0898084677669073,208.0,382.0,0,1
3,2,coxnet,Brats18_CBICA_ATB_1,0.4215148234099248,208.0,287.0,0,0
3,2,coxnet,Brats18_CBICA_ATP_1,-0.3230978137190085,385.0,436.0,1,2
3,2,coxnet,Brats18_CBICA_AUN_1,0.32158267750461367,376.0,318.0,1,0
3,2,coxnet,Brats18_CBICA_AUQ_1,0.02857034427805697,1337.0,357.0,2,1
3,2,coxnet,Brats18_CBICA_BHB_1,-0.1704173497614661,510.0,394.0,2,2
3,2,coxnet,Brats18_TCIA01_201_1,0.025254517926507625,430.0,357.0,1,1
3,2,coxnet,Brats18_TCIA01_335_1,-0.21314196286591078,355.0,405.0,1,2
3,2,coxnet,Brats18_TCIA01_378_1,0.5365778091033394,110.0,265.0,0,0
3,2,coxnet,Brats18_TCIA01_390_1,0.13372396386339383,634.0,345.0,2,1
3,2,coxnet,Brats18_TCIA01_412_1,0.331301478879844,291.0,318.0,0,0
3,2,coxnet,Brats18_TCIA01_460_1,-1.5661134531377021,630.0,1282.0,2,2
3,2,coxnet,Brats18_TCIA01_499_1,-0.38053402419929205,600.0,448.0,2,2
3,2,coxnet,Brats18_TCIA02_118_1,-0.48576386967776813,104.0,465.0,0,2
3,2,coxnet,Brats18_TCIA02_283_1,0.5629138551828857,262.0,254.0,0,0
3,2,coxnet,Brats18_TCIA02_322_1,-0.10307177317310416,621.0,387.0,2,1
3,2,coxnet,Brats18_TCIA02_331_1,0.9443482244507548,187.0,172.0,0,0
3,2,coxnet,Brats18_TCIA02_455_1,-0.199040172635184,424.0,401.0,1,2
3,2,coxnet,Brats18_TCIA02_471_1,0.6306786741835126,111.0,232.0,0,0
3,2,coxnet,Brats18_TCIA02_491_1,0.802110707853264,82.0,199.0,0,0
3,2,coxnet,Brats18_TCIA08_242_1,0.24440396070131262,147.0,329.0,0,0
3,2,genetico,Brats18_CBICA_AAB_1,0.18432522824945757,289.0,333.0,0,1
3,2,genetico,Brats18_CBICA_ABN_1,-0.09035535717621777,1278.0,382.0,2,1
3,2,genetico,Brats18_CBICA_ALX_1,-0.2551362896961579,698.0,407.0,2,2
3,2,genetico,Brats18_CBICA_AME_1,-0.05416799150691539,359.0,372.0,1,1
3,2,genetico,Brats18_CBICA_ANG_1,-0.29825975973803476,368.0,425.0,1,2
3,2,genetico,Brats18_CBICA_ANI_1,-0.2598247706800619,439.0,407.0,1,2
3,2,genetico,Brats18_CBICA_ANP_1,-0.07118343771947509,486.0,375.0,2,1
3,2,genetico,Brats18_CBICA_APY_1,-0.8138628655694865,203.0,522.0,0,2
3,2,genetico,Brats18_CBICA_AQD_1,-0.08580986315242771,32.0,382.0,0,1
3,2,genetico,Brats18_CBICA_AQN_1,0.4758441158769693,488.0,286.0,2,0
3,2,genetico,Brats18_CBICA_AQV_1,-0.06529245293479138,84.0,375.0,0,1
3,2,genetico,Brats18_CBICA_ARF_1,0.6312893771691755,726.0,244.0,2,0
3,2,genetico,Brats18_CBICA_ASG_1,0.751965096489582,208.0,213.0,0,0
3,2,genetico,Brats18_CBICA_ATB_1,1.075888423585385,208.0,169.0,0,0
3,2,genetico,Brats18_CBICA_ATP_1,-0.7439896780904909,385.0,508.0,1,2
3,2,genetico,Brats18_CBICA_AUN_1,0.6466292083829298,376.0,239.0,1,0
3,2,genetico,Brats18_CBICA_AUQ_1,-0.22417527470082646,1337.0,405.0,2,1
3,2,genetico,Brats18_CBICA_BHB_1,0.026784760575805533,510.0,357.0,2,1
3,2,genetico,Brats18_TCIA01_201_1,-0.2818918669033585,430.0,421.0,1,2
3,2,genetico,Brats18_TCIA01_335_1,-0.08584133438120714,355.0,382.0,1,1
3,2,genetico,Brats18_TCIA01_378_1,0.7597461085815085,110.0,213.0,0,0
3,2,genetico,Brats18_TCIA01_390_1,-0.3375236363287872,634.0,434.0,2,2
3,2,genetico,Brats18_TCIA01_412_1,0.663028118158642,291.0,239.0,0,0
3,2,genetico,Brats18_TCIA01_460_1,-1.5593558223511872,630.0,871.0,2,2
3,2,genetico,Brats18_TCIA01_499_1,-0.23837351029952955,600.0,405.0,2,2
3,2,genetico,Brats18_TCIA02_118_1,0.06641714429665468,104.0,355.0,0,1
3,2,genetico,Brats18_TCIA02_283_1,0.7359549643399657,262.0,229.0,0,0
3,2,genetico,Brats18_TCIA02_322_1,-0.6959110323546983,621.0,495.0,2,2
3,2,genetico,Brats18_TCIA02_331_1,1.1013182438501872,187.0,169.0,0,0
3,2,genetico,Brats18_TCIA02_455_1,-0.6600158760216812,424.0,495.0,1,2
3,2,genetico,Brats18_TCIA02_471_1,0.45241327497159345,111.0,287.0,0,0
3,2,genetico,Brats18_TCIA02_491_1,0.87916638206089,82.0,199.0,0,0
3,2,genetico,Brats18_TCIA08_242_1,0.3745384291983015,147.0,317.0,0,0
3,3,edad,Brats18_2013_27_1,0.26792756682650676,120.0,318.0,0,0
3,3,edad,Brats18_CBICA_AAG_1,-0.2494433300697859,616.0,401.0,2,2
3,3,edad,Brats18_CBICA_AAL_1,-0.18252691908580124,464.0,387.0,2,2
3,3,edad,Brats18_CBICA_ABB_1,0.2834582156957043,465.0,318.0,2,0
3,3,edad,Brats18_CBICA_ABM_1,0.3300501623032974,503.0,296.0,2,0
3,3,edad,Brats18_CBICA_AOH_1,-0.09650091477861804,576.0,375.0,2,1
3,3,edad,Brats18_CBICA_APR_1,0.09338014740017622,23.0,345.0,0,1
3,3,edad,Brats18_CBICA_AQU_1,0.4274696870282641,30.0,286.0,0,0
3,3,edad,Brats18_CBICA_ARZ_1,-0.16532171822436456,871.0,387.0,2,2
3,3,edad,Brats18_CBICA_ATV_1,0.07548542513017048,453.0,345.0,2,1
3,3,edad,Brats18_CBICA_AXL_1,0.48496263876180495,168.0,265.0,0,0
3,3,edad,Brats18_CBICA_AXM_1,0.2322694596976514,438.0,327.0,1,0
3,3,edad,Brats18_CBICA_AYA_1,0.4917265154363393,50.0,265.0,0,0
3,3,edad,Brats18_TCIA01_203_1,-0.4575146236936867,268.0,448.0,0,2
3,3,edad,Brats18_TCIA01_235_1,-0.06195917564458874,804.0,370.0,2,1
3,3,edad,Brats18_TCIA01_411_1,-0.5567400378220485,822.0,488.0,2,2
3,3,edad,Brats18_TCIA01_429_1,-0.16003538742533555,86.0,387.0,0,2
3,3,edad,Brats18_TCIA02_179_1,-0.4328560247491468,405.0,448.0,1,2
3,3,edad,Brats18_TCIA02_274_1,-0.16065924012832652,357.0,387.0,1,2
3,3,edad,Brats18_TCIA02_300_1,0.1483448539689643,127.0,332.0,0,0
3,3,edad,Brats18_TCIA02_314_1,-0.6405004717867906,362.0,510.0,1,2
3,3,edad,Brats18_TCIA03_133_1,0.12811889265093954,382.0,333.0,1,0
3,3,edad,Brats18_TCIA03_138_1,0.3944711624753175,82.0,289.0,0,0
3,3,edad,Brats18_TCIA03_257_1,0.31080923156894225,425.0,317.0,1,0
3,3,edad,Brats18_TCIA03_338_1,0.5439003020180623,468.0,254.0,2,0
3,3,edad,Brats18_TCIA03_474_1,0.05082682618563063,635.0,350.0,2,1
3,3,edad,Brats18_TCIA03_498_1,-0.018979007843786186,467.0,359.0,2,1
3,3,edad,Brats18_TCIA04_192_1,0.5286979966767549,121.0,262.0,0,0
3,3,edad,Brats18_TCIA05_277_1,0.3449897928222929,232.0,296.0,0,0
3,3,edad,Brats18_TCIA06_184_1,0.042913747163481335,434.0,355.0,1,1
3,3,edad,Brats18_TCIA08_218_1,-0.08257914919608153,346.0,372.0,1,1
3,3,edad,Brats18_TCIA08_406_1,0.6200760004885454,82.0,239.0,0,0
3,3,coxnet,Brats18_2013_27_1,-0.09247518384252718,120.0,370.0,0,1
3,3,coxnet,Brats18_CBICA_AAG_1,-0.5001946718165696,616.0,448.0,2,2
3,3,coxnet,Brats18_CBICA_AAL_1,-0.3784704354805134,464.0,424.0,2,2
3,3,coxnet,Brats18_CBICA_ABB_1,0.4514667290928558,465.0,269.0,2,0
3,3,coxnet,Brats18_CBICA_ABM_1,0.18462758034665472,503.0,329.0,2,0
3,3,coxnet,Brats18_CBICA_AOH_1,-0.09774198822659437,576.0,370.0,2,1
3,3,coxnet,Brats18_CBICA_APR_1,0.21098003101290924,23.0,327.0,0,0
3,3,coxnet,Brats18_CBICA_AQU_1,0.8429499309225847,30.0,203.0,0,0
3,3,coxnet,Brats18_CBICA_ARZ_1,0.030976400814175777,871.0,350.0,2,1
3,3,coxnet,Brats18_CBICA_ATV_1,0.009990388216340617,453.0,355.0,2,1
3,3,coxnet,Brats18_CBICA_AXL_1,0.8322496275778101,168.0,203.0,0,0
3,3,coxnet,Brats18_CBICA_AXM_1,-0.1561079520658858,438.0,376.0,1,1
3,3,coxnet,Brats18_CBICA_AYA_1,0.6597231031865423,50.0,229.0,0,0
3,3,coxnet,Brats18_TCIA01_203_1,0.0007112913361072761,268.0,355.0,0,1
3,3,coxnet,Brats18_TCIA01_235_1,-0.17381776083101877,804.0,385.0,2,1
3,3,coxnet,Brats18_TCIA01_411_1,-0.5683721595974702,822.0,476.0,2,2
3,3,coxnet,Brats18_TCIA01_429_1,-0.039929937682552874,86.0,359.0,0,1
3,3,coxnet,Brats18_TCIA02_179_1,-0.35808758436712956,405.0,421.0,1,2
3,3,coxnet,Brats18_TCIA02_274_1,-0.17683663139973196,357.0,385.0,1,1
3,3,coxnet,Brats18_TCIA02_300_1,0.5272462450935496,127.0,262.0,0,0
3,3,coxnet,Brats18_TCIA02_314_1,-0.030451248030041022,362.0,359.0,1,1
3,3,coxnet,Brats18_TCIA03_133_1,-0.059920779731111866,382.0,368.0,1,1
3,3,coxnet,Brats18_TCIA03_138_1,0.6026182123987928,82.0,239.0,0,0
3,3,coxnet,Brats18_TCIA03_257_1,0.2512217495979978,425.0,322.0,1,0
3,3,coxnet,Brats18_TCIA03_338_1,0.5439709674834456,468.0,254.0,2,0
3,3,coxnet,Brats18_TCIA03_474_1,0.4703357702458533,635.0,269.0,2,0
3,3,coxnet,Brats18_TCIA03_498_1,-0.41291182615138466,467.0,436.0,2,2
3,3,coxnet,Brats18_TCIA04_192_1,0.08874170384295223,121.0,336.0,0,1
3,3,coxnet,Brats18_TCIA05_277_1,0.08049901784080607,232.0,336.0,0,1
3,3,coxnet,Brats18_TCIA06_184_1,-0.09852801684514904,434.0,370.0,1,1
3,3,coxnet,Brats18_TCIA08_218_1,-0.5469759070789848,346.0,473.0,1,2
3,3,coxnet,Brats18_TCIA08_406_1,0.3662644007514407,82.0,289.0,0,0
3,3,genetico,Brats18_2013_27_1,0.228745463823596,120.0,329.0,0,1
3,3,genetico,Brats18_CBICA_AAG_1,-0.4155847075632126,616.0,436.0,2,2
3,3,genetico,Brats18_CBICA_AAL_1,-1.0880319521656965,464.0,630.0,2,2
3,3,genetico,Brats18_CBICA_ABB_1,1.4012750855111094,465.0,150.0,2,0
3,3,genetico,Brats18_CBICA_ABM_1,-0.17032885625433974,503.0,387.0,2,1
3,3,genetico,Brats18_CBICA_AOH_1,0.05532941786671089,576.0,355.0,2,1
3,3,genetico,Brats18_CBICA_APR_1,0.34514298566715707,23.0,317.0,0,0
3,3,genetico,Brats18_CBICA_AQU_1,1.2632887108841238,30.0,169.0,0,0
3,3,genetico,Brats18_CBICA_ARZ_1,-0.18576743788273603,871.0,387.0,2,1
3,3,genetico,Brats18_CBICA_ATV_1,-0.3178106868706789,453.0,421.0,2,2
3,3,genetico,Brats18_CBICA_AXL_1,1.185717427748624,168.0,172.0,0,0
3,3,genetico,Brats18_CBICA_AXM_1,-0.9487124717684815,438.0,610.0,1,2
3,3,genetico,Brats18_CBICA_AYA_1,0.7460184192903437,50.0,229.0,0,0
3,3,genetico,Brats18_TCIA01_203_1,0.02095578489602684,268.0,355.0,0,1
3,3,genetico,Brats18_TCIA01_235_1,-0.2242512633527724,804.0,394.0,2,1
3,3,genetico,Brats18_TCIA01_411_1,-0.7874027062878103,822.0,519.0,2,2
3,3,genetico,Brats18_TCIA01_429_1,0.23072766636436776,86.0,329.0,0,1
3,3,genetico,Brats18_TCIA02_179_1,-0.32622315360483,405.0,421.0,1,2
3,3,genetico,Brats18_TCIA02_274_1,-0.13823606557233192,357.0,376.0,1,1
3,3,genetico,Brats18_TCIA02_300_1,0.27053355674823365,127.0,327.0,0,0
3,3,genetico,Brats18_TCIA02_314_1,0.021794165518436548,362.0,355.0,1,1
3,3,genetico,Brats18_TCIA03_133_1,-0.33401947346898087,382.0,421.0,1,2
3,3,genetico,Brats18_TCIA03_138_1,1.789358079539135,82.0,104.0,0,0
3,3,genetico,Brats18_TCIA03_257_1,0.33464805455859314,425.0,317.0,1,0
3,3,genetico,Brats18_TCIA03_338_1,1.3373696149337597,468.0,153.0,2,0
3,3,genetico,Brats18_TCIA03_474_1,0.5935852261770398,635.0,262.0,2,0
3,3,genetico,Brats18_TCIA03_498_1,-0.38993581426392887,467.0,430.0,2,2
3,3,genetico,Brats18_TCIA04_192_1,-0.6362982803113775,121.0,488.0,0,2
3,3,genetico,Brats18_TCIA05_277_1,-0.45767497271080626,232.0,448.0,0,2
3,3,genetico,Brats18_TCIA06_184_1,1.6256843987339682,434.0,111.0,1,0
3,3,genetico,Brats18_TCIA08_218_1,-1.002630771837813,346.0,616.0,1,2
3,3,genetico,Brats18_TCIA08_406_1,0.3675963761321635,82.0,296.0,0,0
3,4,edad,Brats18_CBICA_AOD_1,-0.0029240201915373466,55.0,368.0,0,1
3,4,edad,Brats18_CBICA_AOO_1,-0.5756626474345768,350.0,476.0,1,2
3,4,edad,Brats18_CBICA_APZ_1,-0.0209932454130426,336.0,370.0,1,1
3,4,edad,Brats18_CBICA_AQJ_1,0.18868650903959805,170.0,332.0,0,0
3,4,edad,Brats18_CBICA_AQO_1,0.2509869651122011,473.0,329.0,2,0
3,4,edad,Brats18_CBICA_AQR_1,0.3734251514586942,89.0,289.0,0,0
3,4,edad,Brats18_CBICA_AQY_1,-0.10279311634823515,229.0,387.0,0,1
3,4,edad,Brats18_CBICA_ASK_1,0.5815700682477323,522.0,239.0,2,0
3,4,edad,Brats18_CBICA_ASO_1,-0.29011307665611774,265.0,430.0,0,2
3,4,edad,Brats18_CBICA_ASV_1,-0.20629001061890334,597.0,407.0,2,2
3,4,edad,Brats18_CBICA_ATD_1,0.29696232967193825,355.0,317.0,1,0
3,4,edad,Brats18_CBICA_AVG_1,0.09398004866047328,579.0,355.0,2,1
3,4,edad,Brats18_CBICA_AVV_1,0.4056218597201795,387.0,287.0,1,0
3,4,edad,Brats18_CBICA_AWG_1,-0.1790466420899544,180.0,405.0,0,2
3,4,edad,Brats18_CBICA_AWH_1,-0.27560188420023696,139.0,430.0,0,2
3,4,edad,Brats18_CBICA_AWI_1,-0.4923279388357814,375.0,465.0,1,2
3,4,edad,Brats18_CBICA_AXQ_1,0.19594210526753833,114.0,332.0,0,0
3,4,edad,Brats18_CBICA_AYU_1,0.10870053716139057,58.0,355.0,0,1
3,4,edad,Brats18_CBICA_AZH_1,-0.20056925205456574,401.0,407.0,1,2
3,4,edad,Brats18_TCIA01_150_1,-0.33312341391116773,1489.0,436.0,2,2
3,4,edad,Brats18_TCIA01_190_1,0.030040106901749235,322.0,362.0,1,1
3,4,edad,Brats18_TCIA01_231_1,0.10953772134153757,1561.0,346.0,2,1
3,4,edad,Brats18_TCIA02_290_1,-0.6122894553160062,737.0,486.0,2,2
3,4,edad,Brats18_TCIA03_121_1,-1.0554389480071307,747.0,634.0,2,2
3,4,edad,Brats18_TCIA03_199_1,-0.4130047377668568,1282.0,448.0,2,2
3,4,edad,Brats18_TCIA03_265_1,-0.037702046341808994,103.0,376.0,0,1
3,4,edad,Brats18_TCIA03_296_1,-0.008295952014147132,22.0,368.0,0,1
3,4,edad,Brats18_TCIA03_419_1,0.3462864309522634,327.0,291.0,1,0
3,4,edad,Brats18_TCIA04_479_1,-0.14876848090797257,372.0,394.0,1,1
3,4,edad,Brats18_TCIA06_247_1,0.559314922125492,244.0,254.0,0,0
3,4,edad,Brats18_TCIA08_278_1,-0.35454137585326095,1458.0,438.0,2,2
3,4,edad,Brats18_TCIA08_280_1,-0.11521134835374845,508.0,387.0,2,1
3,4,coxnet,Brats18_CBICA_AOD_1,0.022152637659301755,55.0,362.0,0,1
3,4,coxnet,Brats18_CBICA_AOO_1,-0.5662236531822489,350.0,467.0,1,2
3,4,coxnet,Brats18_CBICA_APZ_1,-0.08467464650365364,336.0,382.0,1,1
3,4,coxnet,Brats18_CBICA_AQJ_1,0.32882781399981403,170.0,296.0,0,0
3,4,coxnet,Brats18_CBICA_AQO_1,0.24842478722418065,473.0,329.0,2,0
3,4,coxnet,Brats18_CBICA_AQR_1,0.30505073245134695,89.0,296.0,0,0
3,4,coxnet,Brats18_CBICA_AQY_1,-0.028512868674406174,229.0,370.0,0,1
3,4,coxnet,Brats18_CBICA_ASK_1,0.6063421445475682,522.0,232.0,2,0
3,4,coxnet,Brats18_CBICA_ASO_1,-0.38693149130352805,265.0,439.0,0,2
3,4,coxnet,Brats18_CBICA_ASV_1,-0.19058594248971877,597.0,405.0,2,2
3,4,coxnet,Brats18_CBICA_ATD_1,0.08737792899418428,355.0,355.0,1,1
3,4,coxnet,Brats18_CBICA_AVG_1,0.0946966440981119,579.0,355.0,2,1
3,4,coxnet,Brats18_CBICA_AVV_1,0.47890149570324325,387.0,268.0,1,0
3,4,coxnet,Brats18_CBICA_AWG_1,-0.17092909502099268,180.0,394.0,0,2
3,4,coxnet,Brats18_CBICA_AWH_1,-0.3978395051967873,139.0,439.0,0,2
3,4,coxnet,Brats18_CBICA_AWI_1,-0.42097483602622665,375.0,448.0,1,2
3,4,coxnet,Brats18_CBICA_AXQ_1,0.12431906578572663,114.0,345.0,0,1
3,4,coxnet,Brats18_CBICA_AYU_1,-0.1300871410869567,58.0,387.0,0,1
3,4,coxnet,Brats18_CBICA_AZH_1,-0.477616881098032,401.0,453.0,1,2
3,4,coxnet,Brats18_TCIA01_150_1,-0.14390687504495814,1489.0,394.0,2,1
3,4,coxnet,Brats18_TCIA01_190_1,0.15951823150345548,322.0,333.0,1,0
3,4,coxnet,Brats18_TCIA01_231_1,0.17940131739805854,1561.0,332.0,2,0
3,4,coxnet,Brats18_TCIA02_290_1,-0.573271614951651,737.0,467.0,2,2
3,4,coxnet,Brats18_TCIA03_121_1,-0.9219270547338022,747.0,610.0,2,2
3,4,coxnet,Brats18_TCIA03_199_1,-0.5282409757685528,1282.0,465.0,2,2
3,4,coxnet,Brats18_TCIA03_265_1,-0.042223207801867724,103.0,370.0,0,1
3,4,coxnet,Brats18_TCIA03_296_1,0.05411808934136827,22.0,357.0,0,1
3,4,coxnet,Brats18_TCIA03_419_1,0.3392847440752377,327.0,291.0,1,0
3,4,coxnet,Brats18_TCIA04_479_1,-0.029443795786817,372.0,370.0,1,1
3,4,coxnet,Brats18_TCIA06_247_1,0.6965829515972035,244.0,209.0,0,0
3,4,coxnet,Brats18_TCIA08_278_1,-0.3041032607020661,1458.0,430.0,2,2
3,4,coxnet,Brats18_TCIA08_280_1,-0.000858221898366148,508.0,362.0,2,1
3,4,genetico,Brats18_CBICA_AOD_1,0.6320543702883947,55.0,239.0,0,0
3,4,genetico,Brats18_CBICA_AOO_1,-0.1918028951829352,350.0,405.0,1,1
3,4,genetico,Brats18_CBICA_APZ_1,-0.07776279346553484,336.0,385.0,1,1
3,4,genetico,Brats18_CBICA_AQJ_1,0.8585906357267539,170.0,208.0,0,0
3,4,genetico,Brats18_CBICA_AQO_1,-0.5349904672672308,473.0,464.0,2,2
3,4,genetico,Brats18_CBICA_AQR_1,0.28070590324344696,89.0,329.0,0,0
3,4,genetico,Brats18_CBICA_AQY_1,0.5645026953171067,229.0,268.0,0,0
3,4,genetico,Brats18_CBICA_ASK_1,0.3624677809804284,522.0,296.0,2,0
3,4,genetico,Brats18_CBICA_ASO_1,-0.5098621966474768,265.0,453.0,0,2
3,4,genetico,Brats18_CBICA_ASV_1,-0.030378472094292674,597.0,376.0,2,1
3,4,genetico,Brats18_CBICA_ATD_1,-0.4486171381456847,355.0,448.0,1,2
3,4,genetico,Brats18_CBICA_AVG_1,-0.7496550126154499,579.0,495.0,2,2
3,4,genetico,Brats18_CBICA_AVV_1,0.5879524300100111,387.0,262.0,1,0
3,4,genetico,Brats18_CBICA_AWG_1,0.13181015864300027,180.0,355.0,0,1
3,4,genetico,Brats18_CBICA_AWH_1,-0.0881230793001162,139.0,385.0,0,1
3,4,genetico,Brats18_CBICA_AWI_1,-0.20448328345081102,375.0,407.0,1,1
3,4,genetico,Brats18_CBICA_AXQ_1,0.44622071701664334,114.0,289.0,0,0
3,4,genetico,Brats18_CBICA_AYU_1,-0.3839263892781904,58.0,438.0,0,2
3,4,genetico,Brats18_CBICA_AZH_1,-0.6472356127435315,401.0,468.0,1,2
3,4,genetico,Brats18_TCIA01_150_1,0.916811117854567,1489.0,199.0,2,0
3,4,genetico,Brats18_TCIA01_190_1,0.8488705973758177,322.0,208.0,1,0
3,4,genetico,Brats18_TCIA01_231_1,0.2923633143171937,1561.0,329.0,2,0
3,4,genetico,Brats18_TCIA02_290_1,-0.5407602457790822,737.0,464.0,2,2
3,4,genetico,Brats18_TCIA03_121_1,-1.195735728855754,747.0,635.0,2,2
3,4,genetico,Brats18_TCIA03_199_1,-0.6143459006028907,1282.0,467.0,2,2
3,4,genetico,Brats18_TCIA03_265_1,0.2934723664844749,103.0,329.0,0,0
3,4,genetico,Brats18_TCIA03_296_1,-0.5304988810898605,22.0,464.0,0,2
3,4,genetico,Brats18_TCIA03_419_1,0.39531932900652544,327.0,291.0,1,0
3,4,genetico,Brats18_TCIA04_479_1,0.21011103492499061,372.0,333.0,1,0
3,4,genetico,Brats18_TCIA06_247_1,0.4179445062136313,244.0,291.0,0,0
3,4,genetico,Brats18_TCIA08_278_1,0.13195715201429692,1458.0,355.0,2,1
3,4,genetico,Brats18_TCIA08_280_1,0.07421384557581374,508.0,359.0,2,1
4,0,edad,Brats18_2013_11_1,-1.1561561939240845,150.0,698.0,0,2
4,0,edad,Brats18_CBICA_AAL_1,-0.22430287966020043,464.0,394.0,2,2
4,0,edad,Brats18_CBICA_ABE_1,0.2503017331603514,269.0,331.0,0,0
4,0,edad,Brats18_CBICA_ANZ_1,0.28445846280038023,287.0,329.0,0,0
4,0,edad,Brats18_CBICA_AQG_1,-0.2500592001688247,466.0,405.0,2,2
4,0,edad,Brats18_CBICA_AQJ_1,0.21137120273639637,170.0,332.0,0,0
4,0,edad,Brats18_CBICA_AQR_1,0.4073560783307546,89.0,296.0,0,0
4,0,edad,Brats18_CBICA_ARF_1,0.553234548797703,726.0,262.0,2,0
4,0,edad,Brats18_CBICA_ARW_1,-0.5901092420563919,495.0,488.0,2,2
4,0,edad,Brats18_CBICA_ASN_1,-0.7724758332438912,407.0,558.0,1,2
4,0,edad,Brats18_CBICA_ASO_1,-0.29657600315638283,265.0,425.0,0,2
4,0,edad,Brats18_CBICA_AVG_1,0.11089934902818611,579.0,350.0,2,1
4,0,edad,Brats18_CBICA_AVJ_1,-0.5594681021409598,614.0,486.0,2,2
4,0,edad,Brats18_CBICA_AVV_1,0.4415128079707835,387.0,291.0,1,0
4,0,edad,Brats18_CBICA_AXM_1,0.24319654129590312,438.0,331.0,1,0
4,0,edad,Brats18_CBICA_AXW_1,0.6975217523366761,191.0,210.0,0,0
4,0,edad,Brats18_CBICA_AZD_1,-0.5219438076068434,448.0,473.0,1,2
4,0,edad,Brats18_TCIA01_231_1,0.12740411762997678,1561.0,346.0,2,0
4,0,edad,Brats18_TCIA02_151_1,-0.45847816152596677,1731.0,465.0,2,2
4,0,edad,Brats18_TCIA02_198_1,-0.22511701622800173,394.0,394.0,1,2
4,0,edad,Brats18_TCIA02_321_1,0.7715341675913431,67.0,208.0,0,0
4,0,edad,Brats18_TCIA02_377_1,0.12581285070200146,812.0,346.0,2,1
4,0,edad,Brats18_TCIA02_455_1,-0.20420850891855838,424.0,387.0,1,2
4,0,edad,Brats18_TCIA02_473_1,0.02441584180310768,175.0,357.0,0,1
4,0,edad,Brats18_TCIA02_491_1,0.7678705530362369,82.0,208.0,0,0
4,0,edad,Brats18_TCIA03_121_1,-1.108492198500079,747.0,635.0,2,2
4,0,edad,Brats18_TCIA03_199_1,-0.42694887262747844,1282.0,453.0,2,2
4,0,edad,Brats18_TCIA06_165_1,-0.31848367807176414,5.0,430.0,0,2
4,0,edad,Brats18_TCIA06_184_1,0.029781741909071152,434.0,357.0,1,1
4,0,edad,Brats18_TCIA06_247_1,0.6045621587768144,244.0,239.0,0,0
4,0,edad,Brats18_TCIA06_372_1,0.5239626385644822,213.0,268.0,0,0
4,0,edad,Brats18_TCIA08_167_1,0.5382470347086329,153.0,262.0,0,0
4,0,edad,Brats18_TCIA08_242_1,0.22635871682546646,147.0,332.0,0,0
4,0,coxnet,Brats18_2013_11_1,-1.3444415969409225,150.0,788.0,0,2
4,0,coxnet,Brats18_CBICA_AAL_1,-0.3960453517973309,464.0,439.0,2,2
4,0,coxnet,Brats18_CBICA_ABE_1,0.3332712894327295,269.0,318.0,0,0
4,0,coxnet,Brats18_CBICA_ANZ_1,0.2598203266800734,287.0,329.0,0,0
4,0,coxnet,Brats18_CBICA_AQG_1,-0.33636751534739656,466.0,425.0,2,2
4,0,coxnet,Brats18_CBICA_AQJ_1,0.2945135002115085,170.0,327.0,0,0
4,0,coxnet,Brats18_CBICA_AQR_1,0.2995170475255113,89.0,327.0,0,0
4,0,coxnet,Brats18_CBICA_ARF_1,0.6114039377158815,726.0,239.0,2,0
4,0,coxnet,Brats18_CBICA_ARW_1,-0.6956924077840706,495.0,508.0,2,2
4,0,coxnet,Brats18_CBICA_ASN_1,-0.6311841164054518,407.0,488.0,1,2
4,0,coxnet,Brats18_CBICA_ASO_1,-0.2585938681177938,265.0,401.0,0,2
4,0,coxnet,Brats18_CBICA_AVG_1,0.024830560690027238,579.0,357.0,2,1
4,0,coxnet,Brats18_CBICA_AVJ_1,-0.6417927392004426,614.0,495.0,2,2
4,0,coxnet,Brats18_CBICA_AVV_1,0.5277233542570134,387.0,262.0,1,0
4,0,coxnet,Brats18_CBICA_AXM_1,0.07971533573171147,438.0,350.0,1,1
4,0,coxnet,Brats18_CBICA_AXW_1,0.6675626386609995,191.0,229.0,0,0
4,0,coxnet,Brats18_CBICA_AZD_1,-0.7325508421039297,448.0,510.0,1,2
4,0,coxnet,Brats18_TCIA01_231_1,0.17100941502847047,1561.0,336.0,2,1
4,0,coxnet,Brats18_TCIA02_151_1,-0.3940601403131337,1731.0,439.0,2,2
4,0,coxnet,Brats18_TCIA02_198_1,-0.24814447080519814,394.0,394.0,1,2
4,0,coxnet,Brats18_TCIA02_321_1,0.9322013207204793,67.0,180.0,0,0
4,0,coxnet,Brats18_TCIA02_377_1,0.24206062942024403,812.0,331.0,2,0
4,0,coxnet,Brats18_TCIA02_455_1,-0.13693023263270784,424.0,375.0,1,1
4,0,coxnet,Brats18_TCIA02_473_1,-0.012948287276855546,175.0,359.0,0,1
4,0,coxnet,Brats18_TCIA02_491_1,1.0141813398261366,82.0,169.0,0,0
4,0,coxnet,Brats18_TCIA03_121_1,-1.0352496650924052,747.0,621.0,2,2
4,0,coxnet,Brats18_TCIA03_199_1,-0.3607356706639414,1282.0,436.0,2,2
4,0,coxnet,Brats18_TCIA06_165_1,-0.30815473300599056,5.0,421.0,0,2
4,0,coxnet,Brats18_TCIA06_184_1,0.003866029959215726,434.0,357.0,1,1
4,0,coxnet,Brats18_TCIA06_247_1,0.670616216944921,244.0,229.0,0,0
4,0,coxnet,Brats18_TCIA06_372_1,0.48845118492315887,213.0,286.0,0,0
4,0,coxnet,Brats18_TCIA08_167_1,0.6192059216176412,153.0,232.0,0,0
4,0,coxnet,Brats18_TCIA08_242_1,0.22507279800990534,147.0,332.0,0,0
4,0,genetico,Brats18_2013_11_1,-1.5242919748822323,150.0,822.0,0,2
4,0,genetico,Brats18_CBICA_AAL_1,-1.38989967871485,464.0,734.0,2,2
4,0,genetico,Brats18_CBICA_ABE_1,0.10168993796398051,269.0,355.0,0,1
4,0,genetico,Brats18_CBICA_ANZ_1,0.29080328700440766,287.0,331.0,0,0
4,0,genetico,Brats18_CBICA_AQG_1,0.07541957283662015,466.0,355.0,2,1
4,0,genetico,Brats18_CBICA_AQJ_1,1.2878441568904508,170.0,127.0,0,0
4,0,genetico,Brats18_CBICA_AQR_1,0.45084762157770664,89.0,317.0,0,0
4,0,genetico,Brats18_CBICA_ARF_1,0.42071973961261816,726.0,318.0,2,0
4,0,genetico,Brats18_CBICA_ARW_1,-0.29163612305140063,495.0,405.0,2,1
4,0,genetico,Brats18_CBICA_ASN_1,-0.3098151483732323,407.0,405.0,1,1
4,0,genetico,Brats18_CBICA_ASO_1,-0.05850395313075496,265.0,370.0,0,1
4,0,genetico,Brats18_CBICA_AVG_1,-0.7048684632925644,579.0,488.0,2,2
4,0,genetico,Brats18_CBICA_AVJ_1,-0.6338729034019092,614.0,476.0,2,2
4,0,genetico,Brats18_CBICA_AVV_1,1.0740709600652978,387.0,172.0,1,0
4,0,genetico,Brats18_CBICA_AXM_1,-1.0767311950904457,438.0,616.0,1,2
4,0,genetico,Brats18_CBICA_AXW_1,0.5586393142232887,191.0,286.0,0,0
4,0,genetico,Brats18_CBICA_AZD_1,-1.2248053051314631,448.0,634.0,1,2
4,0,genetico,Brats18_TCIA01_231_1,0.17026711175059506,1561.0,345.0,2,1
4,0,genetico,Brats18_TCIA02_151_1,-1.2383797651147634,1731.0,634.0,2,2
4,0,genetico,Brats18_TCIA02_198_1,-0.4592128590606195,394.0,448.0,1,2
4,0,genetico,Brats18_TCIA02_321_1,0.6746177084248572,67.0,254.0,0,0
4,0,genetico,Brats18_TCIA02_377_1,-0.1256428886590958,812.0,375.0,2,1
4,0,genetico,Brats18_TCIA02_455_1,-0.618820547569791,424.0,473.0,1,2
4,0,genetico,Brats18_TCIA02_473_1,-0.03525556928095552,175.0,368.0,0,1
4,0,genetico,Brats18_TCIA02_491_1,1.6613124787828168,82.0,104.0,0,0
4,0,genetico,Brats18_TCIA03_121_1,-1.4427913897064077,747.0,788.0,2,2
4,0,genetico,Brats18_TCIA03_199_1,-1.0334933094962875,1282.0,610.0,2,2
4,0,genetico,Brats18_TCIA06_165_1,-1.0146775132365244,5.0,600.0,0,2
4,0,genetico,Brats18_TCIA06_184_1,-0.9714258032373322,434.0,597.0,1,2
4,0,genetico,Brats18_TCIA06_247_1,0.73126220500358,244.0,232.0,0,0
4,0,genetico,Brats18_TCIA06_372_1,0.1922344375483539,213.0,345.0,0,1
4,0,genetico,Brats18_TCIA08_167_1,0.7574464087400865,153.0,229.0,0,0
4,0,genetico,Brats18_TCIA08_242_1,-0.19712811146218,147.0,385.0,0,1
4,1,edad,Brats18_2013_27_1,0.21298527968026013,120.0,345.0,0,0
4,1,edad,Brats18_CBICA_AAB_1,-0.012383454612490803,289.0,375.0,0,1
4,1,edad,Brats18_CBICA_ABB_1,0.22709132855156766,465.0,336.0,2,0
4,1,edad,Brats18_CBICA_ABO_1,-0.1329856990851501,1155.0,394.0,2,1
4,1,edad,Brats18_CBICA_ALU_1,0.14973172861040118,495.0,350.0,2,0
4,1,edad,Brats18_CBICA_ALX_1,-0.03534678998438693,698.0,376.0,2,1
4,1,edad,Brats18_CBICA_ANP_1,0.021673855770243194,486.0,370.0,2,1
4,1,edad,Brats18_CBICA_AOP_1,0.2074084696613712,332.0,345.0,1,0
4,1,edad,Brats18_CBICA_AOZ_1,-0.42384467295800987,331.0,448.0,1,2
4,1,edad,Brats18_CBICA_APR_1,0.054448798073767644,23.0,362.0,0,1
4,1,edad,Brats18_CBICA_AQQ_1,0.27179527624309024,33.0,333.0,0,0
4,1,edad,Brats18_CBICA_AQU_1,0.35789287263096536,30.0,317.0,0,0
4,1,edad,Brats18_CBICA_AQV_1,-0.2241531227629242,84.0,424.0,0,2
4,1,edad,Brats18_CBICA_AQZ_1,0.07356502920803429,286.0,362.0,0,1
4,1,edad,Brats18_CBICA_ARZ_1,-0.18052278555632173,871.0,407.0,2,2
4,1,edad,Brats18_CBICA_ASG_1,-0.09448483419538663,208.0,387.0,0,1
4,1,edad,Brats18_CBICA_ASW_1,0.22309511174658833,239.0,336.0,0,0
4,1,edad,Brats18_CBICA_ATF_1,0.2340399741900766,152.0,336.0,0,0
4,1,edad,Brats18_CBICA_ATP_1,-0.2770284391452252,385.0,430.0,1,2
4,1,edad,Brats18_CBICA_AXJ_1,-0.9861481644347626,1767.0,616.0,2,2
4,1,edad,Brats18_CBICA_AXQ_1,0.1611537512694091,114.0,350.0,0,0
4,1,edad,Brats18_CBICA_AYA_1,0.41625553149174516,50.0,287.0,0,0
4,1,edad,Brats18_CBICA_AYW_1,-0.32817404974626624,734.0,438.0,2,2
4,1,edad,Brats18_TCIA01_203_1,-0.44591333292580587,268.0,453.0,0,2
4,1,edad,Brats18_TCIA01_335_1,-0.1909904877842901,355.0,407.0,1,2
4,1,edad,Brats18_TCIA01_460_1,-1.249659893455637,630.0,804.0,2,2
4,1,edad,Brats18_TCIA02_179_1,-0.4235166253098398,405.0,448.0,1,2
4,1,edad,Brats18_TCIA02_290_1,-0.5298338858303714,737.0,468.0,2,2
4,1,edad,Brats18_TCIA02_322_1,-0.10486306888294482,621.0,387.0,2,1
4,1,edad,Brats18_TCIA02_471_1,0.46927996044139614,111.0,265.0,0,0
4,1,edad,Brats18_TCIA03_419_1,0.28968878432508693,327.0,329.0,1,0
4,1,edad,Brats18_TCIA04_343_1,-0.2445218994629307,296.0,425.0,0,2
4,1,edad,Brats18_TCIA04_479_1,-0.13355232684107995,372.0,394.0,1,1
4,1,coxnet,Brats18_2013_27_1,0.14911911617046444,120.0,350.0,0,0
4,1,coxnet,Brats18_CBICA_AAB_1,0.055927049847878614,289.0,362.0,0,1
4,1,coxnet,Brats18_CBICA_ABB_1,0.30846702498225614,465.0,322.0,2,0
4,1,coxnet,Brats18_CBICA_ABO_1,0.22207773823309365,1155.0,336.0,2,0
4,1,coxnet,Brats18_CBICA_ALU_1,0.11919000399713045,495.0,355.0,2,1
4,1,coxnet,Brats18_CBICA_ALX_1,-0.2627664607638428,698.0,424.0,2,2
4,1,coxnet,Brats18_CBICA_ANP_1,-0.005513006814280886,486.0,370.0,2,1
4,1,coxnet,Brats18_CBICA_AOP_1,0.07055668557418228,332.0,359.0,1,1
4,1,coxnet,Brats18_CBICA_AOZ_1,-0.4333122991638488,331.0,448.0,1,2
4,1,coxnet,Brats18_CBICA_APR_1,0.14882848441807614,23.0,350.0,0,0
4,1,coxnet,Brats18_CBICA_AQQ_1,0.5112850254342173,33.0,254.0,0,0
4,1,coxnet,Brats18_CBICA_AQU_1,0.5924008411821464,30.0,232.0,0,0
4,1,coxnet,Brats18_CBICA_AQV_1,-0.31042588080936334,84.0,430.0,0,2
4,1,coxnet,Brats18_CBICA_AQZ_1,0.2408198931815506,286.0,333.0,0,0
4,1,coxnet,Brats18_CBICA_ARZ_1,-0.05371729698275603,871.0,376.0,2,1
4,1,coxnet,Brats18_CBICA_ASG_1,0.2541918202004962,208.0,333.0,0,0
4,1,coxnet,Brats18_CBICA_ASW_1,0.28436479958160177,239.0,329.0,0,0
4,1,coxnet,Brats18_CBICA_ATF_1,0.25501639341944027,152.0,333.0,0,0
4,1,coxnet,Brats18_CBICA_ATP_1,-0.22324889562473973,385.0,421.0,1,2
4,1,coxnet,Brats18_CBICA_AXJ_1,-0.8726664967102635,1767.0,579.0,2,2
4,1,coxnet,Brats18_CBICA_AXQ_1,0.20363730659992096,114.0,345.0,0,0
4,1,coxnet,Brats18_CBICA_AYA_1,0.5491199161092318,50.0,244.0,0,0
4,1,coxnet,Brats18_CBICA_AYW_1,-0.18137399508656263,734.0,401.0,2,2
4,1,coxnet,Brats18_TCIA01_203_1,-0.2297057521987298,268.0,421.0,0,2
4,1,coxnet,Brats18_TCIA01_335_1,-0.21923802210899904,355.0,407.0,1,2
4,1,coxnet,Brats18_TCIA01_460_1,-1.0818540646499106,630.0,626.0,2,2
4,1,coxnet,Brats18_TCIA02_179_1,-0.3143580537182707,405.0,434.0,1,2
4,1,coxnet,Brats18_TCIA02_290_1,-0.2575884911926064,737.0,424.0,2,2
4,1,coxnet,Brats18_TCIA02_322_1,-0.3602644166174679,621.0,438.0,2,2
4,1,coxnet,Brats18_TCIA02_471_1,0.4551603334119215,111.0,265.0,0,0
4,1,coxnet,Brats18_TCIA03_419_1,0.30726535426089757,327.0,322.0,1,0
4,1,coxnet,Brats18_TCIA04_343_1,-0.19083335012973401,296.0,401.0,0,2
4,1,coxnet,Brats18_TCIA04_479_1,-0.2533235591416064,372.0,424.0,1,2
4,1,genetico,Brats18_2013_27_1,-0.30088768264552535,120.0,430.0,0,2
4,1,genetico,Brats18_CBICA_AAB_1,0.4852302270897217,289.0,287.0,0,0
4,1,genetico,Brats18_CBICA_ABB_1,-0.09013670945887078,465.0,387.0,2,1
4,1,genetico,Brats18_CBICA_ABO_1,0.5835469407053688,1155.0,254.0,2,0
4,1,genetico,Brats18_CBICA_ALU_1,-0.15772282330918044,495.0,401.0,2,1
4,1,genetico,Brats18_CBICA_ALX_1,-0.19727981304157446,698.0,407.0,2,1
4,1,genetico,Brats18_CBICA_ANP_1,-0.056293460812537055,486.0,387.0,2,1
4,1,genetico,Brats18_CBICA_AOP_1,-0.21352129787714702,332.0,421.0,1,1
4,1,genetico,Brats18_CBICA_AOZ_1,0.041748605518622806,331.0,370.0,1,1
4,1,genetico,Brats18_CBICA_APR_1,0.18838619995180206,23.0,350.0,0,0
4,1,genetico,Brats18_CBICA_AQQ_1,0.7169369881438123,33.0,213.0,0,0
4,1,genetico,Brats18_CBICA_AQU_1,1.237787572607426,30.0,153.0,0,0
4,1,genetico,Brats18_CBICA_AQV_1,-0.7376916218690197,84.0,508.0,0,2
4,1,genetico,Brats18_CBICA_AQZ_1,-0.1604261217358417,286.0,401.0,0,1
4,1,genetico,Brats18_CBICA_ARZ_1,-0.3859141471466654,871.0,439.0,2,2
4,1,genetico,Brats18_CBICA_ASG_1,0.08115717483438031,208.0,362.0,0,1
4,1,genetico,Brats18_CBICA_ASW_1,0.25591855031829064,239.0,345.0,0,0
4,1,genetico,Brats18_CBICA_ATF_1,-0.0008387130548568322,152.0,376.0,0,1
4,1,genetico,Brats18_CBICA_ATP_1,-0.4093561430877134,385.0,448.0,1,2
4,1,genetico,Brats18_CBICA_AXJ_1,-0.774965333601173,1767.0,515.0,2,2
4,1,genetico,Brats18_CBICA_AXQ_1,0.49359886382907936,114.0,269.0,0,0
4,1,genetico,Brats18_CBICA_AYA_1,0.47866141326962114,50.0,287.0,0,0
4,1,genetico,Brats18_CBICA_AYW_1,-0.48562054076999717,734.0,453.0,2,2
4,1,genetico,Brats18_TCIA01_203_1,0.16218633444822073,268.0,355.0,0,0
4,1,genetico,Brats18_TCIA01_335_1,-0.34995510260104723,355.0,436.0,1,2
4,1,genetico,Brats18_TCIA01_460_1,-1.093094393166368,630.0,616.0,2,2
4,1,genetico,Brats18_TCIA02_179_1,-0.17363089389978234,405.0,401.0,1,1
4,1,genetico,Brats18_TCIA02_290_1,-0.0726646414641883,737.0,387.0,2,1
4,1,genetico,Brats18_TCIA02_322_1,-0.5997119013585708,621.0,473.0,2,2
4,1,genetico,Brats18_TCIA02_471_1,0.26364720143622294,111.0,345.0,0,0
4,1,genetico,Brats18_TCIA03_419_1,0.46417590930325475,327.0,287.0,1,0
4,1,genetico,Brats18_TCIA04_343_1,-0.4125739231638254,296.0,448.0,0,2
4,1,genetico,Brats18_TCIA04_479_1,-0.5145406216396724,372.0,464.0,1,2
4,2,edad,Brats18_CBICA_ABM_1,0.3722503197526326,503.0,287.0,2,0
4,2,edad,Brats18_CBICA_ABY_1,-0.42712628118148754,515.0,448.0,2,2
4,2,edad,Brats18_CBICA_ALN_1,0.039439546469780005,421.0,355.0,1,1
4,2,edad,Brats18_CBICA_ANG_1,-0.1528634900881937,368.0,387.0,1,2
4,2,edad,Brats18_CBICA_AOD_1,0.02604548970778349,55.0,355.0,0,1
4,2,edad,Brats18_CBICA_AOO_1,-0.5831429257360465,350.0,486.0,1,2
4,2,edad,Brats18_CBICA_APY_1,-0.5317186524060539,203.0,466.0,0,2
4,2,edad,Brats18_CBICA_APZ_1,0.006826316847079165,336.0,359.0,1,1
4,2,edad,Brats18_CBICA_AQA_1,0.6117479275052315,106.0,239.0,0,0
4,2,edad,Brats18_CBICA_AQO_1,0.29611568131601995,473.0,296.0,2,0
4,2,edad,Brats18_CBICA_ASA_1,0.14414322564527726,210.0,332.0,0,0
4,2,edad,Brats18_CBICA_ASU_1,0.7942187617309914,85.0,199.0,0,0
4,2,edad,Brats18_CBICA_ASY_1,0.24602710339719625,610.0,318.0,2,0
4,2,edad,Brats18_CBICA_ATB_1,0.4172929372292639,208.0,269.0,0,0
4,2,edad,Brats18_CBICA_ATX_1,-0.8568862797249969,1592.0,614.0,2,2
4,2,edad,Brats18_CBICA_AUN_1,0.3200097881158147,376.0,291.0,1,0
4,2,edad,Brats18_CBICA_AUQ_1,0.03476461253068986,1337.0,355.0,2,1
4,2,edad,Brats18_CBICA_AWG_1,-0.16128579170861831,180.0,387.0,0,2
4,2,edad,Brats18_CBICA_AWH_1,-0.2639859277673623,139.0,407.0,0,2
4,2,edad,Brats18_CBICA_AXN_1,0.9603273271699357,345.0,172.0,1,0
4,2,edad,Brats18_CBICA_BHB_1,-0.15894832473907308,510.0,387.0,2,2
4,2,edad,Brats18_TCIA01_190_1,0.06110749425096025,322.0,355.0,1,1
4,2,edad,Brats18_TCIA01_401_1,0.7017218545075633,448.0,213.0,1,0
4,2,edad,Brats18_TCIA01_429_1,-0.1815438387780093,86.0,394.0,0,2
4,2,edad,Brats18_TCIA02_274_1,-0.1822487891339038,357.0,394.0,1,2
4,2,edad,Brats18_TCIA02_394_1,0.16206380574512305,616.0,331.0,2,0
4,2,edad,Brats18_TCIA03_133_1,0.14406902034465668,382.0,332.0,1,0
4,2,edad,Brats18_TCIA03_338_1,0.6138998812232251,468.0,239.0,2,0
4,2,edad,Brats18_TCIA03_474_1,0.05672938151435187,635.0,355.0,2,1
4,2,edad,Brats18_TCIA04_149_1,-0.8543632995039007,448.0,614.0,1,2
4,2,edad,Brats18_TCIA04_192_1,0.5967213541295843,121.0,239.0,0,0
4,2,edad,Brats18_TCIA06_409_1,0.3482820076522176,99.0,289.0,0,0
4,2,edad,Brats18_TCIA08_469_1,0.1491520834371596,519.0,331.0,2,0
4,2,coxnet,Brats18_CBICA_ABM_1,0.37225030871690223,503.0,287.0,2,0
4,2,coxnet,Brats18_CBICA_ABY_1,-0.4271255837782662,515.0,448.0,2,2
4,2,coxnet,Brats18_CBICA_ALN_1,0.039439836609474026,421.0,355.0,1,1
4,2,coxnet,Brats18_CBICA_ANG_1,-0.15286318496804735,368.0,387.0,1,2
4,2,coxnet,Brats18_CBICA_AOD_1,0.026045735537718648,55.0,355.0,0,1
4,2,coxnet,Brats18_CBICA_AOO_1,-0.583142106799777,350.0,486.0,1,2
4,2,coxnet,Brats18_CBICA_APY_1,-0.5317179294202712,203.0,466.0,0,2
4,2,coxnet,Brats18_CBICA_APZ_1,0.006826604157922178,336.0,359.0,1,1
4,2,coxnet,Brats18_CBICA_AQA_1,0.6117476901495473,106.0,239.0,0,0
4,2,coxnet,Brats18_CBICA_AQO_1,0.29611562916235007,473.0,296.0,2,0
4,2,coxnet,Brats18_CBICA_ASA_1,0.1441433909285954,210.0,332.0,0,0
4,2,coxnet,Brats18_CBICA_ASU_1,0.7942183536180938,85.0,199.0,0,0
4,2,coxnet,Brats18_CBICA_ASY_1,0.24602712259131215,610.0,318.0,2,0
4,2,coxnet,Brats18_CBICA_ATB_1,0.417292682796817,208.0,269.0,0,0
4,2,coxnet,Brats18_CBICA_ATX_1,-0.8568852206465901,1592.0,614.0,2,2
4,2,coxnet,Brats18_CBICA_AUN_1,0.32000972550482826,376.0,291.0,1,0
4,2,coxnet,Brats18_CBICA_AUQ_1,0.03476479977978304,1337.0,355.0,2,1
4,2,coxnet,Brats18_CBICA_AWG_1,-0.16128533918072446,180.0,387.0,0,2
4,2,coxnet,Brats18_CBICA_AWH_1,-0.26398539912331487,139.0,407.0,0,2
4,2,coxnet,Brats18_CBICA_AXN_1,0.9603267144418669,345.0,172.0,1,0
4,2,coxnet,Brats18_CBICA_BHB_1,-0.15894793891475795,510.0,387.0,2,2
4,2,coxnet,Brats18_TCIA01_190_1,0.06110743189058812,322.0,355.0,1,1
4,2,coxnet,Brats18_TCIA01_401_1,0.7017206433584431,448.0,213.0,1,0
4,2,coxnet,Brats18_TCIA01_429_1,-0.18154349115286053,86.0,394.0,0,2
4,2,coxnet,Brats18_TCIA02_274_1,-0.18224857232068928,357.0,394.0,1,2
4,2,coxnet,Brats18_TCIA02_394_1,0.16206377882591244,616.0,331.0,2,0
4,2,coxnet,Brats18_TCIA03_133_1,0.14406907854467188,382.0,332.0,1,0
4,2,coxnet,Brats18_TCIA03_338_1,0.6138993529313178,468.0,239.0,2,0
4,2,coxnet,Brats18_TCIA03_474_1,0.056729589246675934,635.0,355.0,2,1
4,2,coxnet,Brats18_TCIA04_149_1,-0.8543624940960893,448.0,614.0,1,2
4,2,coxnet,Brats18_TCIA04_192_1,0.5967192892476567,121.0,239.0,0,0
4,2,coxnet,Brats18_TCIA06_409_1,0.3482818504764219,99.0,289.0,0,0
4,2,coxnet,Brats18_TCIA08_469_1,0.14915175163064134,519.0,331.0,2,0
4,2,genetico,Brats18_CBICA_ABM_1,0.11046364863437233,503.0,333.0,2,1
4,2,genetico,Brats18_CBICA_ABY_1,-0.7827764930187768,515.0,522.0,2,2
4,2,genetico,Brats18_CBICA_ALN_1,0.04007105065635373,421.0,355.0,1,1
4,2,genetico,Brats18_CBICA_ANG_1,-0.5799568190026143,368.0,466.0,1,2
4,2,genetico,Brats18_CBICA_AOD_1,1.3097661832605056,55.0,147.0,0,0
4,2,genetico,Brats18_CBICA_AOO_1,-0.4233500512327183,350.0,436.0,1,2
4,2,genetico,Brats18_CBICA_APY_1,-0.5904483012075041,203.0,466.0,0,2
4,2,genetico,Brats18_CBICA_APZ_1,0.1681336622254094,336.0,331.0,1,1
4,2,genetico,Brats18_CBICA_AQA_1,0.8820492536819962,106.0,191.0,0,0
4,2,genetico,Brats18_CBICA_AQO_1,0.20506867797338998,473.0,329.0,2,1
4,2,genetico,Brats18_CBICA_ASA_1,1.3189529093991423,210.0,147.0,0,0
4,2,genetico,Brats18_CBICA_ASU_1,1.0247929395661988,85.0,172.0,0,0
4,2,genetico,Brats18_CBICA_ASY_1,0.2043337427450165,610.0,329.0,2,1
4,2,genetico,Brats18_CBICA_ATB_1,1.2770518494070489,208.0,150.0,0,0
4,2,genetico,Brats18_CBICA_ATX_1,-2.7422298424738654,1592.0,1767.0,2,2
4,2,genetico,Brats18_CBICA_AUN_1,0.9330262042280848,376.0,187.0,1,0
4,2,genetico,Brats18_CBICA_AUQ_1,-0.1413643517335167,1337.0,387.0,2,1
4,2,genetico,Brats18_CBICA_AWG_1,-0.028644875636969463,180.0,370.0,0,1
4,2,genetico,Brats18_CBICA_AWH_1,-0.12071839909192622,139.0,385.0,0,1
4,2,genetico,Brats18_CBICA_AXN_1,1.567627386966728,345.0,110.0,1,0
4,2,genetico,Brats18_CBICA_BHB_1,-0.18949768754281038,510.0,394.0,2,1
4,2,genetico,Brats18_TCIA01_190_1,-0.6993689970176009,322.0,488.0,1,2
4,2,genetico,Brats18_TCIA01_401_1,0.6204477097065886,448.0,244.0,1,0
4,2,genetico,Brats18_TCIA01_429_1,-0.22769342689919048,86.0,394.0,0,1
4,2,genetico,Brats18_TCIA02_274_1,0.07285871020855245,357.0,355.0,1,1
4,2,genetico,Brats18_TCIA02_394_1,0.5044486248823348,616.0,268.0,2,0
4,2,genetico,Brats18_TCIA03_133_1,-0.4377143755021433,382.0,438.0,1,2
4,2,genetico,Brats18_TCIA03_338_1,0.6587548063267618,468.0,239.0,2,0
4,2,genetico,Brats18_TCIA03_474_1,1.0757312012725149,635.0,169.0,2,0
4,2,genetico,Brats18_TCIA04_149_1,-0.7308487927533509,448.0,495.0,1,2
4,2,genetico,Brats18_TCIA04_192_1,-0.3454266519036753,121.0,425.0,0,2
4,2,genetico,Brats18_TCIA06_409_1,-0.18510800564577368,99.0,394.0,0,1
4,2,genetico,Brats18_TCIA08_469_1,0.4514826889606337,519.0,269.0,2,0
4,3,edad,Brats18_CBICA_AAG_1,-0.27921680508010205,616.0,421.0,2,2
4,3,edad,Brats18_CBICA_ABN_1,0.2749306991514712,1278.0,329.0,2,0
4,3,edad,Brats18_CBICA_ANI_1,-0.07186976426944888,439.0,376.0,1,1
4,3,edad,Brats18_CBICA_AQD_1,0.4392519319940756,32.0,286.0,0,0
4,3,edad,Brats18_CBICA_AQN_1,0.0987808277838891,488.0,355.0,2,1
4,3,edad,Brats18_CBICA_AQT_1,0.5410058926387694,172.0,254.0,0,0
4,3,edad,Brats18_CBICA_AQY_1,-0.0905465619404668,229.0,382.0,0,1
4,3,edad,Brats18_CBICA_ASE_1,-0.4676795282456146,318.0,464.0,1,2
4,3,edad,Brats18_CBICA_ASH_1,-0.47611867385992634,660.0,464.0,2,2
4,3,edad,Brats18_CBICA_ATD_1,0.30581658863335837,355.0,327.0,1,0
4,3,edad,Brats18_CBICA_ATV_1,0.0630528055724788,453.0,359.0,2,1
4,3,edad,Brats18_CBICA_AUR_1,0.34296266400127173,12.0,296.0,0,0
4,3,edad,Brats18_CBICA_AWI_1,-0.4767758204446472,375.0,464.0,1,2
4,3,edad,Brats18_CBICA_AYU_1,0.11915237191024011,58.0,350.0,0,1
4,3,edad,Brats18_TCIA01_150_1,-0.3189222934621919,1489.0,430.0,2,2
4,3,edad,Brats18_TCIA01_235_1,-0.08172696304026404,804.0,382.0,2,1
4,3,edad,Brats18_TCIA01_411_1,-0.6029133780487258,822.0,476.0,2,2
4,3,edad,Brats18_TCIA01_412_1,0.29132477710714266,291.0,327.0,0,0
4,3,edad,Brats18_TCIA01_448_1,-0.5494769847122025,199.0,468.0,0,2
4,3,edad,Brats18_TCIA01_499_1,-0.35465031567360217,600.0,434.0,2,2
4,3,edad,Brats18_TCIA02_283_1,0.5015079242308019,262.0,268.0,0,0
4,3,edad,Brats18_TCIA02_368_1,0.07699123050103474,317.0,357.0,1,1
4,3,edad,Brats18_TCIA02_430_1,-0.22377438532706165,71.0,401.0,0,2
4,3,edad,Brats18_TCIA03_138_1,0.39906223033903304,82.0,287.0,0,0
4,3,edad,Brats18_TCIA03_257_1,0.31093541466171126,425.0,327.0,1,0
4,3,edad,Brats18_TCIA03_265_1,-0.026007849988393682,103.0,370.0,0,1
4,3,edad,Brats18_TCIA03_375_1,-0.011619798449239225,946.0,370.0,2,1
4,3,edad,Brats18_TCIA04_111_1,0.5162764290558479,626.0,265.0,2,0
4,3,edad,Brats18_TCIA05_478_1,-0.03738686190277316,30.0,372.0,0,1
4,3,edad,Brats18_TCIA08_105_1,0.21758601296897534,77.0,332.0,0,0
4,3,edad,Brats18_TCIA08_218_1,-0.10344738699841084,346.0,385.0,1,1
4,3,edad,Brats18_TCIA08_278_1,-0.3401585041473865,1458.0,434.0,2,2
4,3,coxnet,Brats18_CBICA_AAG_1,-0.2687389113066549,616.0,407.0,2,2
4,3,coxnet,Brats18_CBICA_ABN_1,0.21954201814426438,1278.0,332.0,2,0
4,3,coxnet,Brats18_CBICA_ANI_1,-0.05115163682460138,439.0,372.0,1,1
4,3,coxnet,Brats18_CBICA_AQD_1,0.43101926456015865,32.0,286.0,0,0
4,3,coxnet,Brats18_CBICA_AQN_1,0.12229749680090735,488.0,350.0,2,1
4,3,coxnet,Brats18_CBICA_AQT_1,0.5286433816493415,172.0,265.0,0,0
4,3,coxnet,Brats18_CBICA_AQY_1,-0.07461044920152307,229.0,376.0,0,1
4,3,coxnet,Brats18_CBICA_ASE_1,-0.5108413030562878,318.0,466.0,1,2
4,3,coxnet,Brats18_CBICA_ASH_1,-0.6008555864645656,660.0,476.0,2,2
4,3,coxnet,Brats18_CBICA_ATD_1,0.2644854390241617,355.0,329.0,1,0
4,3,coxnet,Brats18_CBICA_ATV_1,0.048621190070211186,453.0,359.0,2,1
4,3,coxnet,Brats18_CBICA_AUR_1,0.34031676257565996,12.0,296.0,0,0
4,3,coxnet,Brats18_CBICA_AWI_1,-0.45755860669205883,375.0,448.0,1,2
4,3,coxnet,Brats18_CBICA_AYU_1,0.0667600398969915,58.0,357.0,0,1
4,3,coxnet,Brats18_TCIA01_150_1,-0.28534886882896493,1489.0,421.0,2,2
4,3,coxnet,Brats18_TCIA01_235_1,-0.06094479572025792,804.0,376.0,2,1
4,3,coxnet,Brats18_TCIA01_411_1,-0.6011660965109518,822.0,476.0,2,2
4,3,coxnet,Brats18_TCIA01_412_1,0.302947616069639,291.0,327.0,0,0
4,3,coxnet,Brats18_TCIA01_448_1,-0.5157344217315835,199.0,466.0,0,2
4,3,coxnet,Brats18_TCIA01_499_1,-0.33036546607697537,600.0,430.0,2,2
4,3,coxnet,Brats18_TCIA02_283_1,0.5058302656845652,262.0,265.0,0,0
4,3,coxnet,Brats18_TCIA02_368_1,0.08335997071206465,317.0,357.0,1,1
4,3,coxnet,Brats18_TCIA02_430_1,-0.2035811061397444,71.0,394.0,0,2
4,3,coxnet,Brats18_TCIA03_138_1,0.4143817096980817,82.0,287.0,0,0
4,3,coxnet,Brats18_TCIA03_257_1,0.2883218678435054,425.0,327.0,1,0
4,3,coxnet,Brats18_TCIA03_265_1,-0.019740773616686375,103.0,370.0,0,1
4,3,coxnet,Brats18_TCIA03_375_1,-0.011700805448278142,946.0,370.0,2,1
4,3,coxnet,Brats18_TCIA04_111_1,0.5245216672963242,626.0,265.0,2,0
4,3,coxnet,Brats18_TCIA05_478_1,-0.024993986393170138,30.0,370.0,0,1
4,3,coxnet,Brats18_TCIA08_105_1,0.2406850657183583,77.0,331.0,0,0
4,3,coxnet,Brats18_TCIA08_218_1,-0.10077188338030481,346.0,385.0,1,1
4,3,coxnet,Brats18_TCIA08_278_1,-0.3214166853193553,1458.0,430.0,2,2
4,3,genetico,Brats18_CBICA_AAG_1,-0.5312653246468413,616.0,464.0,2,2
4,3,genetico,Brats18_CBICA_ABN_1,0.47660456170503357,1278.0,286.0,2,0
4,3,genetico,Brats18_CBICA_ANI_1,0.6208508660082808,439.0,244.0,1,0
4,3,genetico,Brats18_CBICA_AQD_1,0.6477919271398022,32.0,239.0,0,0
4,3,genetico,Brats18_CBICA_AQN_1,0.5556640713549078,488.0,265.0,2,0
4,3,genetico,Brats18_CBICA_AQT_1,1.0072808583681074,172.0,180.0,0,0
4,3,genetico,Brats18_CBICA_AQY_1,0.45019861605856604,229.0,287.0,0,0
4,3,genetico,Brats18_CBICA_ASE_1,-0.5933578494443361,318.0,466.0,1,2
4,3,genetico,Brats18_CBICA_ASH_1,-2.5984715085557615,660.0,1767.0,2,2
4,3,genetico,Brats18_CBICA_ATD_1,-0.41657681742362546,355.0,436.0,1,2
4,3,genetico,Brats18_CBICA_ATV_1,-0.2450261307469369,453.0,401.0,2,2
4,3,genetico,Brats18_CBICA_AUR_1,0.6081957108328319,12.0,254.0,0,0
4,3,genetico,Brats18_CBICA_AWI_1,0.00589632715921147,375.0,368.0,1,1
4,3,genetico,Brats18_CBICA_AYU_1,-0.3184903662893282,58.0,421.0,0,2
4,3,genetico,Brats18_TCIA01_150_1,-0.25234327766516984,1489.0,401.0,2,2
4,3,genetico,Brats18_TCIA01_235_1,-0.21782007020922486,804.0,394.0,2,2
4,3,genetico,Brats18_TCIA01_411_1,-0.41750671283498725,822.0,436.0,2,2
4,3,genetico,Brats18_TCIA01_412_1,0.022886213032602465,291.0,362.0,0,1
4,3,genetico,Brats18_TCIA01_448_1,-0.33304525134225405,199.0,424.0,0,2
4,3,genetico,Brats18_TCIA01_499_1,-0.8227615543296259,600.0,508.0,2,2
4,3,genetico,Brats18_TCIA02_283_1,1.3841107304833395,262.0,139.0,0,0
4,3,genetico,Brats18_TCIA02_368_1,0.17830332619019065,317.0,336.0,1,1
4,3,genetico,Brats18_TCIA02_430_1,-0.9118143607186491,71.0,522.0,0,2
4,3,genetico,Brats18_TCIA03_138_1,0.9055772855438596,82.0,203.0,0,0
4,3,genetico,Brats18_TCIA03_257_1,0.758911340658331,425.0,210.0,1,0
4,3,genetico,Brats18_TCIA03_265_1,-0.18608442050397261,103.0,394.0,0,2
4,3,genetico,Brats18_TCIA03_375_1,0.07430787647912798,946.0,357.0,2,1
4,3,genetico,Brats18_TCIA04_111_1,0.5415611970543375,626.0,268.0,2,0
4,3,genetico,Brats18_TCIA05_478_1,-0.5074808196110686,30.0,448.0,0,2
4,3,genetico,Brats18_TCIA08_105_1,0.720507413134564,77.0,213.0,0,0
4,3,genetico,Brats18_TCIA08_218_1,-0.223865814714497,346.0,394.0,1,2
4,3,genetico,Brats18_TCIA08_278_1,-1.0419962511482654,1458.0,597.0,2,2
4,4,edad,Brats18_CBICA_AAP_1,-0.7916338106496646,788.0,600.0,2,2
4,4,edad,Brats18_CBICA_AME_1,-0.31744349564971575,359.0,434.0,1,2
4,4,edad,Brats18_CBICA_AMH_1,0.08988246575873539,169.0,346.0,0,1
4,4,edad,Brats18_CBICA_AOH_1,-0.1232523410701536,576.0,382.0,2,1
4,4,edad,Brats18_CBICA_AQP_1,-0.5151912647820173,1283.0,466.0,2,2
4,4,edad,Brats18_CBICA_ASK_1,0.6410828453374698,522.0,213.0,2,0
4,4,edad,Brats18_CBICA_ASV_1,-0.20449290506430248,597.0,405.0,2,2
4,4,edad,Brats18_CBICA_AXL_1,0.539738049608363,168.0,262.0,0,0
4,4,edad,Brats18_CBICA_AXO_1,-0.14646393078276745,394.0,385.0,1,1
4,4,edad,Brats18_CBICA_AYI_1,0.21369009024198465,387.0,327.0,1,0
4,4,edad,Brats18_CBICA_AZH_1,-0.19835306520483678,401.0,394.0,1,2
4,4,edad,Brats18_CBICA_BHM_1,0.06801864577137014,436.0,350.0,1,1
4,4,edad,Brats18_TCIA01_147_1,0.04503168434629744,209.0,355.0,0,1
4,4,edad,Brats18_TCIA01_186_1,-0.9855628988937619,370.0,630.0,1,2
4,4,edad,Brats18_TCIA01_201_1,0.019311745422804335,430.0,355.0,1,1
4,4,edad,Brats18_TCIA01_378_1,0.5215805963654312,110.0,262.0,0,0
4,4,edad,Brats18_TCIA01_390_1,0.1258604298132872,634.0,336.0,2,1
4,4,edad,Brats18_TCIA01_425_1,-0.14994566923965966,558.0,385.0,2,1
4,4,edad,Brats18_TCIA02_118_1,-0.4826576011364342,104.0,464.0,0,2
4,4,edad,Brats18_TCIA02_135_1,0.34258928924283916,828.0,291.0,2,0
4,4,edad,Brats18_TCIA02_226_1,0.5003532231927668,329.0,265.0,1,0
4,4,edad,Brats18_TCIA02_300_1,0.1559231822959145,127.0,332.0,0,0
4,4,edad,Brats18_TCIA02_314_1,-0.7435259190678759,362.0,519.0,1,2
4,4,edad,Brats18_TCIA02_331_1,0.922130271099716,187.0,175.0,0,0
4,4,edad,Brats18_TCIA03_296_1,0.00800545494988594,22.0,355.0,0,1
4,4,edad,Brats18_TCIA03_498_1,-0.03486110992260284,467.0,368.0,2,1
4,4,edad,Brats18_TCIA04_361_1,0.5900173479697189,476.0,239.0,2,0
4,4,edad,Brats18_TCIA04_437_1,-0.49643480277230806,333.0,465.0,1,2
4,4,edad,Brats18_TCIA05_277_1,0.38013965131018074,232.0,287.0,0,0
4,4,edad,Brats18_TCIA08_280_1,-0.10674216193585874,508.0,376.0,2,1
4,4,edad,Brats18_TCIA08_319_1,0.17396832139507568,254.0,331.0,0,0
4,4,edad,Brats18_TCIA08_406_1,0.6937956168138576,82.0,210.0,0,0
4,4,coxnet,Brats18_CBICA_AAP_1,-0.8473894321578826,788.0,600.0,2,2
4,4,coxnet,Brats18_CBICA_AME_1,-0.22244070564913124,359.0,394.0,1,2
4,4,coxnet,Brats18_CBICA_AMH_1,0.07878383808461051,169.0,346.0,0,1
4,4,coxnet,Brats18_CBICA_AOH_1,-0.22364971227079347,576.0,394.0,2,2
4,4,coxnet,Brats18_CBICA_AQP_1,-0.49619792679143104,1283.0,464.0,2,2
4,4,coxnet,Brats18_CBICA_ASK_1,0.7099686553773159,522.0,208.0,2,0
4,4,coxnet,Brats18_CBICA_ASV_1,-0.19046143058675383,597.0,387.0,2,2
4,4,coxnet,Brats18_CBICA_AXL_1,0.7226302217108358,168.0,208.0,0,0
4,4,coxnet,Brats18_CBICA_AXO_1,-0.1958439173133588,394.0,387.0,1,2
4,4,coxnet,Brats18_CBICA_AYI_1,0.4561240804442498,387.0,268.0,1,0
4,4,coxnet,Brats18_CBICA_AZH_1,-0.3374641368028186,401.0,425.0,1,2
4,4,coxnet,Brats18_CBICA_BHM_1,0.04092915534095556,436.0,350.0,1,1
4,4,coxnet,Brats18_TCIA01_147_1,0.07916969207745037,209.0,346.0,0,1
4,4,coxnet,Brats18_TCIA01_186_1,-1.0666645900219598,370.0,635.0,1,2
4,4,coxnet,Brats18_TCIA01_201_1,0.07160190838278932,430.0,346.0,1,1
4,4,coxnet,Brats18_TCIA01_378_1,0.5510882244058052,110.0,244.0,0,0
4,4,coxnet,Brats18_TCIA01_390_1,0.07441988680684926,634.0,346.0,2,1
4,4,coxnet,Brats18_TCIA01_425_1,-0.40439266643901384,558.0,439.0,2,2
4,4,coxnet,Brats18_TCIA02_118_1,-0.24764660295296648,104.0,405.0,0,2
4,4,coxnet,Brats18_TCIA02_135_1,0.37355049053338685,828.0,287.0,2,0
4,4,coxnet,Brats18_TCIA02_226_1,0.5046403892691896,329.0,265.0,1,0
4,4,coxnet,Brats18_TCIA02_300_1,0.1682122155208167,127.0,331.0,0,0
4,4,coxnet,Brats18_TCIA02_314_1,-0.466997557058944,362.0,448.0,1,2
4,4,coxnet,Brats18_TCIA02_331_1,1.0384207026463586,187.0,153.0,0,0
4,4,coxnet,Brats18_TCIA03_296_1,0.07376157336992567,22.0,346.0,0,1
4,4,coxnet,Brats18_TCIA03_498_1,-0.13015792096823714,467.0,376.0,2,1
4,4,coxnet,Brats18_TCIA04_361_1,0.6089185774284195,476.0,229.0,2,0
4,4,coxnet,Brats18_TCIA04_437_1,-0.639870921836354,333.0,488.0,1,2
4,4,coxnet,Brats18_TCIA05_277_1,0.18467511977642284,232.0,327.0,0,0
4,4,coxnet,Brats18_TCIA08_280_1,-0.8928688908436186,508.0,614.0,2,2
4,4,coxnet,Brats18_TCIA08_319_1,0.20951463829605252,254.0,322.0,0,0
4,4,coxnet,Brats18_TCIA08_406_1,0.6213016275978264,82.0,229.0,0,0
4,4,genetico,Brats18_CBICA_AAP_1,-1.177423957330738,788.0,660.0,2,2
4,4,genetico,Brats18_CBICA_AME_1,0.0466473647129948,359.0,346.0,1,1
4,4,genetico,Brats18_CBICA_AMH_1,0.17209431064204248,169.0,331.0,0,0
4,4,genetico,Brats18_CBICA_AOH_1,-0.620459674713279,576.0,466.0,2,2
4,4,genetico,Brats18_CBICA_AQP_1,-0.6262534510955674,1283.0,466.0,2,2
4,4,genetico,Brats18_CBICA_ASK_1,0.5639291168566799,522.0,262.0,2,0
4,4,genetico,Brats18_CBICA_ASV_1,-0.30849807042269456,597.0,407.0,2,1
4,4,genetico,Brats18_CBICA_AXL_1,0.867037039347826,168.0,199.0,0,0
4,4,genetico,Brats18_CBICA_AXO_1,-0.44205429199842283,394.0,439.0,1,2
4,4,genetico,Brats18_CBICA_AYI_1,0.9739576617740133,387.0,175.0,1,0
4,4,genetico,Brats18_CBICA_AZH_1,-0.5433206778276182,401.0,453.0,1,2
4,4,genetico,Brats18_CBICA_BHM_1,0.5865724821692783,436.0,244.0,1,0
4,4,genetico,Brats18_TCIA01_147_1,0.28704408898513345,209.0,317.0,0,0
4,4,genetico,Brats18_TCIA01_186_1,-1.1345399138553558,370.0,630.0,1,2
4,4,genetico,Brats18_TCIA01_201_1,0.5476999126496136,430.0,265.0,1,0
4,4,genetico,Brats18_TCIA01_378_1,0.8852223542176554,110.0,191.0,0,0
4,4,genetico,Brats18_TCIA01_390_1,-0.45480624641941997,634.0,439.0,2,2
4,4,genetico,Brats18_TCIA01_425_1,-0.5502734856388718,558.0,453.0,2,2
4,4,genetico,Brats18_TCIA02_118_1,0.5375275539391808,104.0,265.0,0,0
4,4,genetico,Brats18_TCIA02_135_1,0.32776401323867715,828.0,296.0,2,0
4,4,genetico,Brats18_TCIA02_226_1,0.7619030927851771,329.0,208.0,1,0
4,4,genetico,Brats18_TCIA02_300_1,1.1271357943059037,127.0,152.0,0,0
4,4,genetico,Brats18_TCIA02_314_1,0.8009071934499625,362.0,208.0,1,0
4,4,genetico,Brats18_TCIA02_331_1,1.5926849014145965,187.0,103.0,0,0
4,4,genetico,Brats18_TCIA03_296_1,0.11467185547416152,22.0,336.0,0,1
4,4,genetico,Brats18_TCIA03_498_1,-0.514659769925102,467.0,448.0,2,2
4,4,genetico,Brats18_TCIA04_361_1,0.4395669617336641,476.0,286.0,2,0
4,4,genetico,Brats18_TCIA04_437_1,-1.3803536267182417,333.0,804.0,1,2
4,4,genetico,Brats18_TCIA05_277_1,-0.21530236120153343,232.0,385.0,0,1
4,4,genetico,Brats18_TCIA08_280_1,-1.1900261081555032,508.0,660.0,2,2
4,4,genetico,Brats18_TCIA08_319_1,0.18450452417805013,254.0,331.0,0,0
4,4,genetico,Brats18_TCIA08_406_1,-0.6728064513330405,82.0,473.0,0,2
5,0,edad,Brats18_CBICA_ABB_1,0.28385184434099786,465.0,322.0,2,0
5,0,edad,Brats18_CBICA_ABN_1,0.2769855525035193,1278.0,327.0,2,0
5,0,edad,Brats18_CBICA_ANG_1,-0.13651046459387228,368.0,385.0,1,2
5,0,edad,Brats18_CBICA_ANP_1,0.05647194926141675,486.0,355.0,2,1
5,0,edad,Brats18_CBICA_ANZ_1,0.26919495214945727,287.0,327.0,0,0
5,0,edad,Brats18_CBICA_AQJ_1,0.20399819071185932,170.0,332.0,0,0
5,0,edad,Brats18_CBICA_AQN_1,0.10886043554064091,488.0,346.0,2,1
5,0,edad,Brats18_CBICA_AQR_1,0.3788245444199696,89.0,291.0,0,0
5,0,edad,Brats18_CBICA_AQT_1,0.5309393174348807,172.0,254.0,0,0
5,0,edad,Brats18_CBICA_ARZ_1,-0.16734275582562724,871.0,387.0,2,2
5,0,edad,Brats18_CBICA_ASA_1,0.1277427380937073,210.0,346.0,0,1
5,0,edad,Brats18_CBICA_ASH_1,-0.43984871312556095,660.0,453.0,2,2
5,0,edad,Brats18_CBICA_ASU_1,0.7061287923459344,85.0,208.0,0,0
5,0,edad,Brats18_CBICA_ASV_1,-0.16978557119088425,597.0,394.0,2,2
5,0,edad,Brats18_CBICA_ASW_1,0.27942836786877606,239.0,327.0,0,0
5,0,edad,Brats18_CBICA_AVG_1,0.11437327562169353,579.0,346.0,2,1
5,0,edad,Brats18_CBICA_AVV_1,0.4092937144487811,387.0,289.0,1,0
5,0,edad,Brats18_CBICA_AWI_1,-0.44047592247609985,375.0,453.0,1,2
5,0,edad,Brats18_CBICA_AXW_1,0.6376639400818446,191.0,229.0,0,0
5,0,edad,Brats18_CBICA_AZH_1,-0.16437176416517987,401.0,387.0,1,2
5,0,edad,Brats18_CBICA_BHM_1,0.07050163210241892,436.0,355.0,1,1
5,0,edad,Brats18_TCIA01_201_1,0.02755429709972793,430.0,357.0,1,1
5,0,edad,Brats18_TCIA01_203_1,-0.46110780900698517,268.0,464.0,0,2
5,0,edad,Brats18_TCIA02_151_1,-0.39353425424102956,1731.0,448.0,2,2
5,0,edad,Brats18_TCIA02_226_1,0.45171287315628134,329.0,269.0,1,0
5,0,edad,Brats18_TCIA02_300_1,0.14801150342164895,127.0,345.0,0,0
5,0,edad,Brats18_TCIA02_377_1,0.12767671605680836,812.0,346.0,2,1
5,0,edad,Brats18_TCIA03_138_1,0.39546209771847524,82.0,289.0,0,0
5,0,edad,Brats18_TCIA04_149_1,-0.7606497904169911,448.0,558.0,1,2
5,0,edad,Brats18_TCIA04_343_1,-0.2381844014180752,296.0,407.0,0,2
5,0,edad,Brats18_TCIA06_165_1,-0.26865357144688673,5.0,421.0,0,2
5,0,edad,Brats18_TCIA06_372_1,0.482842263554081,213.0,265.0,0,0
5,0,edad,Brats18_TCIA08_280_1,-0.0835938020194575,508.0,376.0,2,1
5,0,coxnet,Brats18_CBICA_ABB_1,0.2838506063721987,465.0,322.0,2,0
5,0,coxnet,Brats18_CBICA_ABN_1,0.2769843444808179,1278.0,327.0,2,0
5,0,coxnet,Brats18_CBICA_ANG_1,-0.1365098692280175,368.0,385.0,1,2
5,0,coxnet,Brats18_CBICA_ANP_1,0.056471702969160424,486.0,355.0,2,1
5,0,coxnet,Brats18_CBICA_ANZ_1,0.26919377810405903,287.0,327.0,0,0
5,0,coxnet,Brats18_CBICA_AQJ_1,0.2039973010104175,170.0,332.0,0,0
5,0,coxnet,Brats18_CBICA_AQN_1,0.10885996076541807,488.0,346.0,2,1
5,0,coxnet,Brats18_CBICA_AQR_1,0.3788228922448096,89.0,291.0,0,0
5,0,coxnet,Brats18_CBICA_AQT_1,0.5309370018384795,172.0,254.0,0,0
5,0,coxnet,Brats18_CBICA_ARZ_1,-0.16734202599027612,871.0,387.0,2,2
5,0,coxnet,Brats18_CBICA_ASA_1,0.12774218096671577,210.0,346.0,0,1
5,0,coxnet,Brats18_CBICA_ASH_1,-0.4398467948044576,660.0,453.0,2,2
5,0,coxnet,Brats18_CBICA_ASU_1,0.7061257126921271,85.0,208.0,0,0
5,0,coxnet,Brats18_CBICA_ASV_1,-0.16978483070163297,597.0,394.0,2,2
5,0,coxnet,Brats18_CBICA_ASW_1,0.2794271491921745,239.0,327.0,0,0
5,0,coxnet,Brats18_CBICA_AVG_1,0.11437277680320955,579.0,346.0,2,1
5,0,coxnet,Brats18_CBICA_AVV_1,0.4092919293878126,387.0,289.0,1,0
5,0,coxnet,Brats18_CBICA_AWI_1,-0.44047400141953563,375.0,453.0,1,2
5,0,coxnet,Brats18_CBICA_AXW_1,0.6376611590251845,191.0,229.0,0,0
5,0,coxnet,Brats18_CBICA_AZH_1,-0.16437104728727486,401.0,387.0,1,2
5,0,coxnet,Brats18_CBICA_BHM_1,0.07050132462222261,436.0,355.0,1,1
5,0,coxnet,Brats18_TCIA01_201_1,0.02755417692661381,430.0,357.0,1,1
5,0,coxnet,Brats18_TCIA01_203_1,-0.4611057979681563,268.0,464.0,0,2
5,0,coxnet,Brats18_TCIA02_151_1,-0.393532537912114,1731.0,448.0,2,2
5,0,coxnet,Brats18_TCIA02_226_1,0.4517109030917766,329.0,269.0,1,0
5,0,coxnet,Brats18_TCIA02_300_1,0.1480108578960806,127.0,345.0,0,0
5,0,coxnet,Brats18_TCIA02_377_1,0.1276761592177601,812.0,346.0,2,1
5,0,coxnet,Brats18_TCIA03_138_1,0.39546037298161696,82.0,289.0,0,0
5,0,coxnet,Brats18_TCIA04_149_1,-0.7606464729796504,448.0,558.0,1,2
5,0,coxnet,Brats18_TCIA04_343_1,-0.23818336261961998,296.0,407.0,0,2
5,0,coxnet,Brats18_TCIA06_165_1,-0.268652399762623,5.0,421.0,0,2
5,0,coxnet,Brats18_TCIA06_372_1,0.4828401577243353,213.0,265.0,0,0
5,0,coxnet,Brats18_TCIA08_280_1,-0.08359343744011521,508.0,376.0,2,1
5,0,genetico,Brats18_CBICA_ABB_1,1.1444590380580681,465.0,150.0,2,0
5,0,genetico,Brats18_CBICA_ABN_1,-0.3854643511770341,1278.0,434.0,2,2
5,0,genetico,Brats18_CBICA_ANG_1,-0.2027222556752314,368.0,394.0,1,1
5,0,genetico,Brats18_CBICA_ANP_1,0.2947950320653957,486.0,327.0,2,0
5,0,genetico,Brats18_CBICA_ANZ_1,-0.3534359664076438,287.0,425.0,0,2
5,0,genetico,Brats18_CBICA_AQJ_1,0.44147304052049174,170.0,286.0,0,0
5,0,genetico,Brats18_CBICA_AQN_1,0.07626866974072344,488.0,355.0,2,1
5,0,genetico,Brats18_CBICA_AQR_1,-0.005241024658476645,89.0,359.0,0,1
5,0,genetico,Brats18_CBICA_AQT_1,-0.1944067176208384,172.0,387.0,0,1
5,0,genetico,Brats18_CBICA_ARZ_1,0.430501901355432,871.0,289.0,2,0
5,0,genetico,Brats18_CBICA_ASA_1,0.7055926923319317,210.0,209.0,0,0
5,0,genetico,Brats18_CBICA_ASH_1,-0.7742961858910862,660.0,519.0,2,2
5,0,genetico,Brats18_CBICA_ASU_1,0.4748940887040527,85.0,269.0,0,0
5,0,genetico,Brats18_CBICA_ASV_1,-1.0285533105553086,597.0,621.0,2,2
5,0,genetico,Brats18_CBICA_ASW_1,0.5679299493994534,239.0,254.0,0,0
5,0,genetico,Brats18_CBICA_AVG_1,-0.7387242864978781,579.0,510.0,2,2
5,0,genetico,Brats18_CBICA_AVV_1,0.5938959556604185,387.0,244.0,1,0
5,0,genetico,Brats18_CBICA_AWI_1,1.2644499521004182,375.0,121.0,1,0
5,0,genetico,Brats18_CBICA_AXW_1,-0.026463826723621187,191.0,362.0,0,1
5,0,genetico,Brats18_CBICA_AZH_1,-0.6217724426480934,401.0,476.0,1,2
5,0,genetico,Brats18_CBICA_BHM_1,0.12919895015214067,436.0,346.0,1,0
5,0,genetico,Brats18_TCIA01_201_1,0.19663847903839876,430.0,333.0,1,0
5,0,genetico,Brats18_TCIA01_203_1,0.5364525473927744,268.0,262.0,0,0
5,0,genetico,Brats18_TCIA02_151_1,-0.12077438473181101,1731.0,376.0,2,1
5,0,genetico,Brats18_TCIA02_226_1,-0.14880548842464603,329.0,382.0,1,1
5,0,genetico,Brats18_TCIA02_300_1,-0.2644345906379109,127.0,405.0,0,2
5,0,genetico,Brats18_TCIA02_377_1,-0.1373432359206075,812.0,382.0,2,1
5,0,genetico,Brats18_TCIA03_138_1,0.766525252892077,82.0,208.0,0,0
5,0,genetico,Brats18_TCIA04_149_1,-1.0434131848233612,448.0,626.0,1,2
5,0,genetico,Brats18_TCIA04_343_1,-0.11607917035810461,296.0,376.0,0,1
5,0,genetico,Brats18_TCIA06_165_1,-0.7791562770176514,5.0,519.0,0,2
5,0,genetico,Brats18_TCIA06_372_1,0.3859675092272448,213.0,291.0,0,0
5,0,genetico,Brats18_TCIA08_280_1,-1.0326068192698497,508.0,621.0,2,2
5,1,edad,Brats18_2013_11_1,-1.1048654830252878,150.0,698.0,0,2
5,1,edad,Brats18_CBICA_AAP_1,-0.7606358514681261,788.0,522.0,2,2
5,1,edad,Brats18_CBICA_ABO_1,-0.16024096434022964,1155.0,394.0,2,1
5,1,edad,Brats18_CBICA_AOD_1,-0.016223701921561626,55.0,368.0,0,1
5,1,edad,Brats18_CBICA_AOO_1,-0.5843686879023658,350.0,486.0,1,2
5,1,edad,Brats18_CBICA_AOP_1,0.2347165160169723,332.0,327.0,1,0
5,1,edad,Brats18_CBICA_AQO_1,0.23565079426908767,473.0,327.0,2,0
5,1,edad,Brats18_CBICA_AQP_1,-0.5051280509636947,1283.0,466.0,2,2
5,1,edad,Brats18_CBICA_AQY_1,-0.11529179954401376,229.0,387.0,0,1
5,1,edad,Brats18_CBICA_ASE_1,-0.49260180180570384,318.0,465.0,1,2
5,1,edad,Brats18_CBICA_ATV_1,0.038379671479845674,453.0,355.0,2,1
5,1,edad,Brats18_CBICA_AUN_1,0.25793506072695,376.0,317.0,1,0
5,1,edad,Brats18_CBICA_AZD_1,-0.5118410132196344,448.0,466.0,1,2
5,1,edad,Brats18_TCIA01_147_1,0.012669718097560605,209.0,359.0,0,1
5,1,edad,Brats18_TCIA01_150_1,-0.34377473653355334,1489.0,434.0,2,2
5,1,edad,Brats18_TCIA01_190_1,0.016476036902475164,322.0,359.0,1,1
5,1,edad,Brats18_TCIA01_390_1,0.08737737536856124,634.0,346.0,2,1
5,1,edad,Brats18_TCIA01_448_1,-0.5744376561113621,199.0,486.0,0,2
5,1,edad,Brats18_TCIA01_460_1,-1.4559118855330688,630.0,946.0,2,2
5,1,edad,Brats18_TCIA02_198_1,-0.23429116654492646,394.0,407.0,1,2
5,1,edad,Brats18_TCIA02_274_1,-0.21048437256509878,357.0,405.0,1,2
5,1,edad,Brats18_TCIA02_290_1,-0.6207017310401843,737.0,495.0,2,2
5,1,edad,Brats18_TCIA02_321_1,0.6976340884910083,67.0,210.0,0,0
5,1,edad,Brats18_TCIA02_331_1,0.8233464177478607,187.0,191.0,0,0
5,1,edad,Brats18_TCIA02_394_1,0.11063052297676507,616.0,345.0,2,0
5,1,edad,Brats18_TCIA02_473_1,-0.0009638238036779532,175.0,362.0,0,1
5,1,edad,Brats18_TCIA02_491_1,0.6942084015665853,82.0,210.0,0,0
5,1,edad,Brats18_TCIA03_133_1,0.09384811733691552,382.0,346.0,1,1
5,1,edad,Brats18_TCIA03_498_1,-0.06117286671777749,467.0,370.0,2,1
5,1,edad,Brats18_TCIA04_479_1,-0.16089841940653296,372.0,394.0,1,1
5,1,edad,Brats18_TCIA06_409_1,0.28430246917553836,99.0,296.0,0,0
5,1,edad,Brats18_TCIA08_242_1,0.18786419181829953,147.0,331.0,0,0
5,1,edad,Brats18_TCIA08_469_1,0.0985887143939452,519.0,346.0,2,0
5,1,coxnet,Brats18_2013_11_1,-1.4179333745618306,150.0,812.0,0,2
5,1,coxnet,Brats18_CBICA_AAP_1,-0.7368193860143007,788.0,503.0,2,2
5,1,coxnet,Brats18_CBICA_ABO_1,0.22236846977934277,1155.0,327.0,2,0
5,1,coxnet,Brats18_CBICA_AOD_1,0.6681446036434687,55.0,213.0,0,0
5,1,coxnet,Brats18_CBICA_AOO_1,-0.5037929127384635,350.0,448.0,1,2
5,1,coxnet,Brats18_CBICA_AOP_1,0.12547854703260278,332.0,336.0,1,1
5,1,coxnet,Brats18_CBICA_AQO_1,0.09139185053698984,473.0,345.0,2,1
5,1,coxnet,Brats18_CBICA_AQP_1,-0.21859012989282975,1283.0,401.0,2,1
5,1,coxnet,Brats18_CBICA_AQY_1,0.12311243094672852,229.0,336.0,0,1
5,1,coxnet,Brats18_CBICA_ASE_1,-0.727800575508552,318.0,503.0,1,2
5,1,coxnet,Brats18_CBICA_ATV_1,-0.013392983464941664,453.0,359.0,2,1
5,1,coxnet,Brats18_CBICA_AUN_1,0.45252032365193934,376.0,268.0,1,0
5,1,coxnet,Brats18_CBICA_AZD_1,-0.5501935519956684,448.0,465.0,1,2
5,1,coxnet,Brats18_TCIA01_147_1,-0.0024296224694358064,209.0,359.0,0,1
5,1,coxnet,Brats18_TCIA01_150_1,-0.2822475385843282,1489.0,421.0,2,2
5,1,coxnet,Brats18_TCIA01_190_1,-0.04041892845160277,322.0,362.0,1,1
5,1,coxnet,Brats18_TCIA01_390_1,-0.08167445911419724,634.0,370.0,2,1
5,1,coxnet,Brats18_TCIA01_448_1,-0.5269299041790809,199.0,464.0,0,2
5,1,coxnet,Brats18_TCIA01_460_1,-1.1367989274597705,630.0,635.0,2,2
5,1,coxnet,Brats18_TCIA02_198_1,-0.3381862453117295,394.0,425.0,1,2
5,1,coxnet,Brats18_TCIA02_274_1,-0.03024198442625934,357.0,362.0,1,1
5,1,coxnet,Brats18_TCIA02_290_1,-0.37232442579183705,737.0,434.0,2,2
5,1,coxnet,Brats18_TCIA02_321_1,0.8442363347776061,67.0,191.0,0,0
5,1,coxnet,Brats18_TCIA02_331_1,0.8755740554415502,187.0,180.0,0,0
5,1,coxnet,Brats18_TCIA02_394_1,0.3277542955373498,616.0,289.0,2,0
5,1,coxnet,Brats18_TCIA02_473_1,0.05261355767634425,175.0,355.0,0,1
5,1,coxnet,Brats18_TCIA02_491_1,0.7501027860245629,82.0,208.0,0,0
5,1,coxnet,Brats18_TCIA03_133_1,-0.19828178263570123,382.0,394.0,1,1
5,1,coxnet,Brats18_TCIA03_498_1,-0.3025317289803575,467.0,424.0,2,2
5,1,coxnet,Brats18_TCIA04_479_1,-0.06772449449058146,372.0,370.0,1,1
5,1,coxnet,Brats18_TCIA06_409_1,0.019643752193469324,99.0,355.0,0,1
5,1,coxnet,Brats18_TCIA08_242_1,0.2606442218156026,147.0,317.0,0,0
5,1,coxnet,Brats18_TCIA08_469_1,0.46083224059312994,519.0,268.0,2,0
5,1,genetico,Brats18_2013_11_1,-2.3202501068069648,150.0,1337.0,0,2
5,1,genetico,Brats18_CBICA_AAP_1,-0.7804250189947133,788.0,495.0,2,2
5,1,genetico,Brats18_CBICA_ABO_1,1.2063519633955635,1155.0,169.0,2,0
5,1,genetico,Brats18_CBICA_AOD_1,1.5170761057777487,55.0,120.0,0,0
5,1,genetico,Brats18_CBICA_AOO_1,-0.3426700561480287,350.0,434.0,1,1
5,1,genetico,Brats18_CBICA_AOP_1,1.0592759053761955,332.0,191.0,1,0
5,1,genetico,Brats18_CBICA_AQO_1,-0.46023857428791437,473.0,439.0,2,2
5,1,genetico,Brats18_CBICA_AQP_1,1.0272690845811658,1283.0,203.0,2,0
5,1,genetico,Brats18_CBICA_AQY_1,0.9048782122465941,229.0,210.0,0,0
5,1,genetico,Brats18_CBICA_ASE_1,-1.8174692350094834,318.0,828.0,1,2
5,1,genetico,Brats18_CBICA_ATV_1,0.48745852382933635,453.0,289.0,2,0
5,1,genetico,Brats18_CBICA_AUN_1,1.4087775629424026,376.0,139.0,1,0
5,1,genetico,Brats18_CBICA_AZD_1,-1.4804767525463738,448.0,726.0,1,2
5,1,genetico,Brats18_TCIA01_147_1,-0.3761900540206493,209.0,436.0,0,2
5,1,genetico,Brats18_TCIA01_150_1,-1.3388081082871934,1489.0,635.0,2,2
5,1,genetico,Brats18_TCIA01_190_1,-0.6286168426308558,322.0,468.0,1,2
5,1,genetico,Brats18_TCIA01_390_1,0.5178388940305372,634.0,287.0,2,0
5,1,genetico,Brats18_TCIA01_448_1,-1.5580110115101788,199.0,734.0,0,2
5,1,genetico,Brats18_TCIA01_460_1,-0.7961116871231659,630.0,495.0,2,2
5,1,genetico,Brats18_TCIA02_198_1,-0.15088341414829742,394.0,401.0,1,1
5,1,genetico,Brats18_TCIA02_274_1,0.6794032667245131,357.0,262.0,1,0
5,1,genetico,Brats18_TCIA02_290_1,0.814488544559117,737.0,239.0,2,0
5,1,genetico,Brats18_TCIA02_321_1,0.795057882988432,67.0,239.0,0,0
5,1,genetico,Brats18_TCIA02_331_1,1.2639623090152456,187.0,168.0,0,0
5,1,genetico,Brats18_TCIA02_394_1,2.0555122017367986,616.0,85.0,2,0
5,1,genetico,Brats18_TCIA02_473_1,0.6836506293627407,175.0,262.0,0,0
5,1,genetico,Brats18_TCIA02_491_1,0.5735757922150304,82.0,286.0,0,0
5,1,genetico,Brats18_TCIA03_133_1,0.09581106888690544,382.0,359.0,1,1
5,1,genetico,Brats18_TCIA03_498_1,0.5286871540010007,467.0,287.0,2,0
5,1,genetico,Brats18_TCIA04_479_1,-0.7261358358934544,372.0,488.0,1,2
5,1,genetico,Brats18_TCIA06_409_1,-0.23361069958713004,99.0,421.0,0,1
5,1,genetico,Brats18_TCIA08_242_1,-0.9194979355128899,147.0,515.0,0,2
5,1,genetico,Brats18_TCIA08_469_1,2.335774756806184,519.0,82.0,2,0
5,2,edad,Brats18_CBICA_ABE_1,0.2862556777680859,269.0,322.0,0,0
5,2,edad,Brats18_CBICA_ALX_1,0.01052182507363462,698.0,362.0,2,1
5,2,edad,Brats18_CBICA_AME_1,-0.28472447300185777,359.0,407.0,1,2
5,2,edad,Brats18_CBICA_AMH_1,0.11887895997481737,169.0,336.0,0,1
5,2,edad,Brats18_CBICA_ANI_1,-0.042710796830917504,439.0,370.0,1,1
5,2,edad,Brats18_CBICA_AOH_1,-0.09230802016637855,576.0,375.0,2,1
5,2,edad,Brats18_CBICA_APR_1,0.12221759131377896,23.0,336.0,0,1
5,2,edad,Brats18_CBICA_AQD_1,0.5054924690265555,32.0,265.0,0,0
5,2,edad,Brats18_CBICA_AQU_1,0.4996684121352563,30.0,265.0,0,0
5,2,edad,Brats18_CBICA_ASG_1,-0.06303935209481629,208.0,372.0,0,1
5,2,edad,Brats18_CBICA_ASY_1,0.263404601048083,610.0,327.0,2,0
5,2,edad,Brats18_CBICA_AXJ_1,-1.1721697788015824,1767.0,734.0,2,2
5,2,edad,Brats18_CBICA_AXL_1,0.5646233396299396,168.0,244.0,0,0
5,2,edad,Brats18_CBICA_AXN_1,0.9775749403557072,345.0,180.0,1,0
5,2,edad,Brats18_CBICA_AYI_1,0.24155511372976857,387.0,329.0,1,0
5,2,edad,Brats18_CBICA_AYU_1,0.1621698796700178,58.0,333.0,0,0
5,2,edad,Brats18_TCIA01_231_1,0.16306018136040756,1561.0,333.0,2,0
5,2,edad,Brats18_TCIA01_335_1,-0.18308169668236435,355.0,387.0,1,2
5,2,edad,Brats18_TCIA01_378_1,0.5466318263033139,110.0,254.0,0,0
5,2,edad,Brats18_TCIA01_401_1,0.7190164911050246,448.0,210.0,1,0
5,2,edad,Brats18_TCIA01_429_1,-0.1640885939540502,86.0,385.0,0,1
5,2,edad,Brats18_TCIA02_135_1,0.36927631039692776,828.0,291.0,2,0
5,2,edad,Brats18_TCIA02_283_1,0.5722650958057849,262.0,244.0,0,0
5,2,edad,Brats18_TCIA02_368_1,0.11694997297897299,317.0,336.0,1,1
5,2,edad,Brats18_TCIA03_121_1,-1.075831716720661,747.0,630.0,2,2
5,2,edad,Brats18_TCIA03_257_1,0.3678666660538103,425.0,291.0,1,0
5,2,edad,Brats18_TCIA03_296_1,0.03775021843805377,22.0,357.0,0,1
5,2,edad,Brats18_TCIA03_338_1,0.6312104868903378,468.0,232.0,2,0
5,2,edad,Brats18_TCIA03_375_1,0.02191026752986993,946.0,357.0,2,1
5,2,edad,Brats18_TCIA03_474_1,0.07414130003273384,635.0,350.0,2,1
5,2,edad,Brats18_TCIA04_192_1,0.6140350834465695,121.0,232.0,0,0
5,2,edad,Brats18_TCIA04_361_1,0.614443138387998,476.0,232.0,2,0
5,2,edad,Brats18_TCIA06_184_1,0.06520118722507036,434.0,355.0,1,1
5,2,coxnet,Brats18_CBICA_ABE_1,0.39640157288765754,269.0,287.0,0,0
5,2,coxnet,Brats18_CBICA_ALX_1,-0.414942102679856,698.0,436.0,2,2
5,2,coxnet,Brats18_CBICA_AME_1,-0.1942594629480626,359.0,387.0,1,1
5,2,coxnet,Brats18_CBICA_AMH_1,0.06623889754402555,169.0,350.0,0,1
5,2,coxnet,Brats18_CBICA_ANI_1,-0.007619323525625273,439.0,362.0,1,1
5,2,coxnet,Brats18_CBICA_AOH_1,-0.21672754550972254,576.0,394.0,2,1
5,2,coxnet,Brats18_CBICA_APR_1,0.17958775516362838,23.0,331.0,0,0
5,2,coxnet,Brats18_CBICA_AQD_1,0.417349813575661,32.0,287.0,0,0
5,2,coxnet,Brats18_CBICA_AQU_1,0.7787991169008135,30.0,208.0,0,0
5,2,coxnet,Brats18_CBICA_ASG_1,0.033783157019548975,208.0,355.0,0,1
5,2,coxnet,Brats18_CBICA_ASY_1,0.290203852377121,610.0,318.0,2,0
5,2,coxnet,Brats18_CBICA_AXJ_1,-0.9952426510162709,1767.0,616.0,2,2
5,2,coxnet,Brats18_CBICA_AXL_1,0.6981202716740026,168.0,213.0,0,0
5,2,coxnet,Brats18_CBICA_AXN_1,1.2127033872177941,345.0,150.0,1,0
5,2,coxnet,Brats18_CBICA_AYI_1,0.1760250180211334,387.0,332.0,1,0
5,2,coxnet,Brats18_CBICA_AYU_1,0.06443719307592556,58.0,350.0,0,1
5,2,coxnet,Brats18_TCIA01_231_1,0.2152776713427784,1561.0,329.0,2,0
5,2,coxnet,Brats18_TCIA01_335_1,-0.14413224137448022,355.0,376.0,1,1
5,2,coxnet,Brats18_TCIA01_378_1,0.6015155421754356,110.0,239.0,0,0
5,2,coxnet,Brats18_TCIA01_401_1,0.7392449786107159,448.0,209.0,1,0
5,2,coxnet,Brats18_TCIA01_429_1,-0.07910478805035105,86.0,372.0,0,1
5,2,coxnet,Brats18_TCIA02_135_1,0.44608103874254684,828.0,286.0,2,0
5,2,coxnet,Brats18_TCIA02_283_1,0.5482562410541406,262.0,244.0,0,0
5,2,coxnet,Brats18_TCIA02_368_1,0.13686114683898448,317.0,333.0,1,1
5,2,coxnet,Brats18_TCIA03_121_1,-1.0370832228978633,747.0,616.0,2,2
5,2,coxnet,Brats18_TCIA03_257_1,0.49743601592989983,425.0,265.0,1,0
5,2,coxnet,Brats18_TCIA03_296_1,0.27844160256850037,22.0,322.0,0,0
5,2,coxnet,Brats18_TCIA03_338_1,0.6025362479950755,468.0,239.0,2,0
5,2,coxnet,Brats18_TCIA03_375_1,-0.06542741289382592,946.0,370.0,2,1
5,2,coxnet,Brats18_TCIA03_474_1,0.25918992722424317,635.0,322.0,2,0
5,2,coxnet,Brats18_TCIA04_192_1,0.5560719717330221,121.0,244.0,0,0
5,2,coxnet,Brats18_TCIA04_361_1,0.6592123506820818,476.0,229.0,2,0
5,2,coxnet,Brats18_TCIA06_184_1,0.28448491761998346,434.0,318.0,1,0
5,2,genetico,Brats18_CBICA_ABE_1,0.3730282243659206,269.0,296.0,0,0
5,2,genetico,Brats18_CBICA_ALX_1,0.44211196948629494,698.0,289.0,2,0
5,2,genetico,Brats18_CBICA_AME_1,-0.006715109038307673,359.0,362.0,1,1
5,2,genetico,Brats18_CBICA_AMH_1,-0.19079817451543044,169.0,385.0,0,1
5,2,genetico,Brats18_CBICA_ANI_1,0.567187444420951,439.0,265.0,1,0
5,2,genetico,Brats18_CBICA_AOH_1,-0.4694696015305686,576.0,438.0,2,2
5,2,genetico,Brats18_CBICA_APR_1,0.2752116157750376,23.0,327.0,0,0
5,2,genetico,Brats18_CBICA_AQD_1,0.843387823917748,32.0,209.0,0,0
5,2,genetico,Brats18_CBICA_AQU_1,0.9490786547136032,30.0,203.0,0,0
5,2,genetico,Brats18_CBICA_ASG_1,0.5028402374916328,208.0,286.0,0,0
5,2,genetico,Brats18_CBICA_ASY_1,-0.28927882079801204,610.0,394.0,2,1
5,2,genetico,Brats18_CBICA_AXJ_1,-2.68087204971031,1767.0,1731.0,2,2
5,2,genetico,Brats18_CBICA_AXL_1,0.8669456606390065,168.0,209.0,0,0
5,2,genetico,Brats18_CBICA_AXN_1,1.0943667470787837,345.0,180.0,1,0
5,2,genetico,Brats18_CBICA_AYI_1,-0.3303052989288152,387.0,405.0,1,1
5,2,genetico,Brats18_CBICA_AYU_1,0.07188051013153932,58.0,350.0,0,1
5,2,genetico,Brats18_TCIA01_231_1,0.20275807130364976,1561.0,331.0,2,0
5,2,genetico,Brats18_TCIA01_335_1,-0.24457194855771053,355.0,394.0,1,1
5,2,genetico,Brats18_TCIA01_378_1,1.7450234187433347,110.0,106.0,0,0
5,2,genetico,Brats18_TCIA01_401_1,-0.04977749087218328,448.0,368.0,1,1
5,2,genetico,Brats18_TCIA01_429_1,-0.04819076053926548,86.0,368.0,0,1
5,2,genetico,Brats18_TCIA02_135_1,1.1400754210651407,828.0,175.0,2,0
5,2,genetico,Brats18_TCIA02_283_1,1.660810581637338,262.0,114.0,0,0
5,2,genetico,Brats18_TCIA02_368_1,0.49077235550590614,317.0,286.0,1,0
5,2,genetico,Brats18_TCIA03_121_1,-1.393192389599268,747.0,734.0,2,2
5,2,genetico,Brats18_TCIA03_257_1,1.249133780511836,425.0,170.0,1,0
5,2,genetico,Brats18_TCIA03_296_1,0.3903570001366089,22.0,291.0,0,0
5,2,genetico,Brats18_TCIA03_338_1,0.4340255805904478,468.0,289.0,2,0
5,2,genetico,Brats18_TCIA03_375_1,0.11911624884680284,946.0,336.0,2,1
5,2,genetico,Brats18_TCIA03_474_1,0.3021531996061467,635.0,322.0,2,0
5,2,genetico,Brats18_TCIA04_192_1,-0.7275596672551082,121.0,488.0,0,2
5,2,genetico,Brats18_TCIA04_361_1,0.2642693648869897,476.0,327.0,2,0
5,2,genetico,Brats18_TCIA06_184_1,2.7554012636903167,434.0,71.0,1,0
5,3,edad,Brats18_2013_27_1,0.2671736851645764,120.0,329.0,0,0
5,3,edad,Brats18_CBICA_AAL_1,-0.23400432143125324,464.0,424.0,2,2
5,3,edad,Brats18_CBICA_ABM_1,0.33629160837175737,503.0,318.0,2,0
5,3,edad,Brats18_CBICA_ALU_1,0.18969000909563896,495.0,345.0,2,0
5,3,edad,Brats18_CBICA_AOZ_1,-0.5129236362762976,331.0,467.0,1,2
5,3,edad,Brats18_CBICA_APZ_1,-0.023508828027566965,336.0,375.0,1,1
5,3,edad,Brats18_CBICA_AQZ_1,0.09638811910032222,286.0,355.0,0,1
5,3,edad,Brats18_CBICA_ARF_1,0.5335626365529277,726.0,268.0,2,0
5,3,edad,Brats18_CBICA_ARW_1,-0.595119898018452,495.0,486.0,2,2
5,3,edad,Brats18_CBICA_ASN_1,-0.775147977069713,407.0,576.0,1,2
5,3,edad,Brats18_CBICA_ASO_1,-0.30535067662344345,265.0,434.0,0,2
5,3,edad,Brats18_CBICA_ATD_1,0.30947736120787195,355.0,322.0,1,0
5,3,edad,Brats18_CBICA_ATP_1,-0.33307821558446354,385.0,438.0,1,2
5,3,edad,Brats18_CBICA_AUQ_1,0.003999520902140735,1337.0,370.0,2,1
5,3,edad,Brats18_CBICA_AUR_1,0.3487123768127936,12.0,318.0,0,0
5,3,edad,Brats18_CBICA_AWG_1,-0.18903383334032356,180.0,405.0,0,2
5,3,edad,Brats18_CBICA_AWH_1,-0.29015350111911603,139.0,434.0,0,2
5,3,edad,Brats18_CBICA_AXO_1,-0.16094097766044924,394.0,401.0,1,2
5,3,edad,Brats18_CBICA_AXQ_1,0.20368163942774778,114.0,333.0,0,0
5,3,edad,Brats18_CBICA_BHB_1,-0.18673233801154315,510.0,405.0,2,2
5,3,edad,Brats18_TCIA01_411_1,-0.6503557859091796,822.0,508.0,2,2
5,3,edad,Brats18_TCIA02_118_1,-0.4889953911913592,104.0,466.0,0,2
5,3,edad,Brats18_TCIA02_314_1,-0.7435480808888402,362.0,558.0,1,2
5,3,edad,Brats18_TCIA02_322_1,-0.12218087379003777,621.0,387.0,2,1
5,3,edad,Brats18_TCIA02_471_1,0.5811268733477213,111.0,244.0,0,0
5,3,edad,Brats18_TCIA03_199_1,-0.43405175667571444,1282.0,448.0,2,2
5,3,edad,Brats18_TCIA05_277_1,0.3529135190796152,232.0,317.0,0,0
5,3,edad,Brats18_TCIA05_478_1,-0.05302641891097176,30.0,376.0,0,1
5,3,edad,Brats18_TCIA08_105_1,0.21628506622821142,77.0,333.0,0,0
5,3,edad,Brats18_TCIA08_278_1,-0.37282467459578095,1458.0,439.0,2,2
5,3,edad,Brats18_TCIA08_319_1,0.15173360200670624,254.0,346.0,0,0
5,3,edad,Brats18_TCIA08_406_1,0.6589758661355131,82.0,229.0,0,0
5,3,coxnet,Brats18_2013_27_1,0.26717296598100326,120.0,329.0,0,0
5,3,coxnet,Brats18_CBICA_AAL_1,-0.23400476366233575,464.0,424.0,2,2
5,3,coxnet,Brats18_CBICA_ABM_1,0.33629163642691023,503.0,318.0,2,0
5,3,coxnet,Brats18_CBICA_ALU_1,0.1896900520059928,495.0,345.0,2,0
5,3,coxnet,Brats18_CBICA_AOZ_1,-0.5129233794347455,331.0,467.0,1,2
5,3,coxnet,Brats18_CBICA_APZ_1,-0.02350871222929938,336.0,375.0,1,1
5,3,coxnet,Brats18_CBICA_AQZ_1,0.09638816156233608,286.0,355.0,0,1
5,3,coxnet,Brats18_CBICA_ARF_1,0.5335626014115485,726.0,268.0,2,0
5,3,coxnet,Brats18_CBICA_ARW_1,-0.5951196159637753,495.0,486.0,2,2
5,3,coxnet,Brats18_CBICA_ASN_1,-0.7751476551873647,407.0,576.0,1,2
5,3,coxnet,Brats18_CBICA_ASO_1,-0.3053504876243607,265.0,434.0,0,2
5,3,coxnet,Brats18_CBICA_ATD_1,0.3094772364172623,355.0,322.0,1,0
5,3,coxnet,Brats18_CBICA_ATP_1,-0.3330780267394584,385.0,438.0,1,2
5,3,coxnet,Brats18_CBICA_AUQ_1,0.003999600469962561,1337.0,370.0,2,1
5,3,coxnet,Brats18_CBICA_AUR_1,0.3487123878198756,12.0,318.0,0,0
5,3,coxnet,Brats18_CBICA_AWG_1,-0.18903366648968814,180.0,405.0,0,2
5,3,coxnet,Brats18_CBICA_AWH_1,-0.290153312563751,139.0,434.0,0,2
5,3,coxnet,Brats18_CBICA_AXO_1,-0.1609408562830092,394.0,401.0,1,2
5,3,coxnet,Brats18_CBICA_AXQ_1,0.2036816947326618,114.0,333.0,0,0
5,3,coxnet,Brats18_CBICA_BHB_1,-0.18673219648390094,510.0,405.0,2,2
5,3,coxnet,Brats18_TCIA01_411_1,-0.6503555094502689,822.0,508.0,2,2
5,3,coxnet,Brats18_TCIA02_118_1,-0.4889951980000679,104.0,466.0,0,2
5,3,coxnet,Brats18_TCIA02_314_1,-0.743547792524058,362.0,558.0,1,2
5,3,coxnet,Brats18_TCIA02_322_1,-0.12218072747814031,621.0,387.0,2,1
5,3,coxnet,Brats18_TCIA02_471_1,0.5811267583501691,111.0,244.0,0,0
5,3,coxnet,Brats18_TCIA03_199_1,-0.4340516349802304,1282.0,448.0,2,2
5,3,coxnet,Brats18_TCIA05_277_1,0.35291349207263817,232.0,317.0,0,0
5,3,coxnet,Brats18_TCIA05_478_1,-0.0530263895557757,30.0,376.0,0,1
5,3,coxnet,Brats18_TCIA08_105_1,0.21628505888560717,77.0,333.0,0,0
5,3,coxnet,Brats18_TCIA08_278_1,-0.3728245303450833,1458.0,439.0,2,2
5,3,coxnet,Brats18_TCIA08_319_1,0.1517335396091176,254.0,346.0,0,0
5,3,coxnet,Brats18_TCIA08_406_1,0.6589757437403154,82.0,229.0,0,0
5,3,genetico,Brats18_2013_27_1,0.405590998797927,120.0,318.0,0,0
5,3,genetico,Brats18_CBICA_AAL_1,-0.8874259311848336,464.0,558.0,2,2
5,3,genetico,Brats18_CBICA_ABM_1,0.5243961706889616,503.0,291.0,2,0
5,3,genetico,Brats18_CBICA_ALU_1,0.08638662850487933,495.0,357.0,2,1
5,3,genetico,Brats18_CBICA_AOZ_1,-0.5697460304453342,331.0,465.0,1,2
5,3,genetico,Brats18_CBICA_APZ_1,-0.3181228770491506,336.0,430.0,1,2
5,3,genetico,Brats18_CBICA_AQZ_1,0.7444589709513455,286.0,239.0,0,0
5,3,genetico,Brats18_CBICA_ARF_1,1.601408308841443,726.0,127.0,2,0
5,3,genetico,Brats18_CBICA_ARW_1,-0.4775673012147639,495.0,448.0,2,2
5,3,genetico,Brats18_CBICA_ASN_1,0.6094295115077195,407.0,269.0,1,0
5,3,genetico,Brats18_CBICA_ASO_1,-0.5542396816925116,265.0,465.0,0,2
5,3,genetico,Brats18_CBICA_ATD_1,-0.9684633942630524,355.0,579.0,1,2
5,3,genetico,Brats18_CBICA_ATP_1,-0.6331769799267822,385.0,468.0,1,2
5,3,genetico,Brats18_CBICA_AUQ_1,1.1499130051869786,1337.0,187.0,2,0
5,3,genetico,Brats18_CBICA_AUR_1,1.1775346263135384,12.0,175.0,0,0
5,3,genetico,Brats18_CBICA_AWG_1,0.24857648123601067,180.0,333.0,0,1
5,3,genetico,Brats18_CBICA_AWH_1,-0.5634394194966457,139.0,465.0,0,2
5,3,genetico,Brats18_CBICA_AXO_1,-0.2916434664257784,394.0,424.0,1,1
5,3,genetico,Brats18_CBICA_AXQ_1,1.3980457200628558,114.0,153.0,0,0
5,3,genetico,Brats18_CBICA_BHB_1,0.3721645791131467,510.0,322.0,2,0
5,3,genetico,Brats18_TCIA01_411_1,0.5736390642069459,822.0,287.0,2,0
5,3,genetico,Brats18_TCIA02_118_1,0.7138951614399922,104.0,244.0,0,0
5,3,genetico,Brats18_TCIA02_314_1,-0.015220623738707889,362.0,372.0,1,1
5,3,genetico,Brats18_TCIA02_322_1,-0.5298447477808561,621.0,453.0,2,2
5,3,genetico,Brats18_TCIA02_471_1,0.17132784748330848,111.0,350.0,0,1
5,3,genetico,Brats18_TCIA03_199_1,-1.4934082724693178,1282.0,747.0,2,2
5,3,genetico,Brats18_TCIA05_277_1,-0.08747519454597052,232.0,382.0,0,1
5,3,genetico,Brats18_TCIA05_478_1,0.17145712515184336,30.0,350.0,0,1
5,3,genetico,Brats18_TCIA08_105_1,1.2777531996150011,77.0,170.0,0,0
5,3,genetico,Brats18_TCIA08_278_1,-0.5129483814029894,1458.0,448.0,2,2
5,3,genetico,Brats18_TCIA08_319_1,0.12617081683588877,254.0,355.0,0,1
5,3,genetico,Brats18_TCIA08_406_1,-0.8940728328504202,82.0,558.0,0,2
5,4,edad,Brats18_CBICA_AAB_1,-0.004891559673849584,289.0,368.0,0,1
5,4,edad,Brats18_CBICA_AAG_1,-0.2919606921940142,616.0,430.0,2,2
5,4,edad,Brats18_CBICA_ABY_1,-0.42835353857188757,515.0,448.0,2,2
5,4,edad,Brats18_CBICA_ALN_1,0.011877478677023413,421.0,362.0,1,1
5,4,edad,Brats18_CBICA_APY_1,-0.5270423049833928,203.0,468.0,0,2
5,4,edad,Brats18_CBICA_AQA_1,0.5518825236920891,106.0,254.0,0,0
5,4,edad,Brats18_CBICA_AQG_1,-0.24497937806693368,466.0,401.0,2,2
5,4,edad,Brats18_CBICA_AQQ_1,0.32870377737305884,33.0,317.0,0,0
5,4,edad,Brats18_CBICA_AQV_1,-0.25348642675015304,84.0,407.0,0,2
5,4,edad,Brats18_CBICA_ASK_1,0.5858407015633769,522.0,239.0,2,0
5,4,edad,Brats18_CBICA_ATB_1,0.3684033378947498,208.0,287.0,0,0
5,4,edad,Brats18_CBICA_ATF_1,0.2843831039864088,152.0,322.0,0,0
5,4,edad,Brats18_CBICA_ATX_1,-0.8338561924720175,1592.0,597.0,2,2
5,4,edad,Brats18_CBICA_AVJ_1,-0.5376848679451159,614.0,468.0,2,2
5,4,edad,Brats18_CBICA_AXM_1,0.22164799600151427,438.0,331.0,1,0
5,4,edad,Brats18_CBICA_AYA_1,0.4982846161447265,50.0,265.0,0,0
5,4,edad,Brats18_CBICA_AYW_1,-0.37559583336360836,734.0,448.0,2,2
5,4,edad,Brats18_TCIA01_186_1,-0.9352406080547487,370.0,621.0,1,2
5,4,edad,Brats18_TCIA01_235_1,-0.09206255235375327,804.0,376.0,2,1
5,4,edad,Brats18_TCIA01_412_1,0.28553838220264854,291.0,322.0,0,0
5,4,edad,Brats18_TCIA01_425_1,-0.15385243270717894,558.0,387.0,2,2
5,4,edad,Brats18_TCIA01_499_1,-0.3683140797582189,600.0,439.0,2,2
5,4,edad,Brats18_TCIA02_179_1,-0.48751778661567746,405.0,465.0,1,2
5,4,edad,Brats18_TCIA02_430_1,-0.23584217762940152,71.0,401.0,0,2
5,4,edad,Brats18_TCIA02_455_1,-0.20160393231175255,424.0,394.0,1,2
5,4,edad,Brats18_TCIA03_265_1,-0.035663970342779336,103.0,372.0,0,1
5,4,edad,Brats18_TCIA03_419_1,0.34970883585014384,327.0,296.0,1,0
5,4,edad,Brats18_TCIA04_111_1,0.5132332160942524,626.0,262.0,2,0
5,4,edad,Brats18_TCIA04_437_1,-0.4778554597162181,333.0,464.0,1,2
5,4,edad,Brats18_TCIA06_247_1,0.5635053227160761,244.0,254.0,0,0
5,4,edad,Brats18_TCIA08_167_1,0.5007702147311816,153.0,265.0,0,0
5,4,edad,Brats18_TCIA08_218_1,-0.11404784689310246,346.0,382.0,1,1
5,4,coxnet,Brats18_CBICA_AAB_1,0.20186182243834966,289.0,331.0,0,0
5,4,coxnet,Brats18_CBICA_AAG_1,-0.4197262825515137,616.0,436.0,2,2
5,4,coxnet,Brats18_CBICA_ABY_1,-0.07703997110892996,515.0,372.0,2,1
5,4,coxnet,Brats18_CBICA_ALN_1,0.22204936789629628,421.0,329.0,1,0
5,4,coxnet,Brats18_CBICA_APY_1,-1.5826325891998008,203.0,946.0,0,2
5,4,coxnet,Brats18_CBICA_AQA_1,0.10529290409132,106.0,350.0,0,1
5,4,coxnet,Brats18_CBICA_AQG_1,0.43444465962699197,466.0,269.0,2,0
5,4,coxnet,Brats18_CBICA_AQQ_1,0.6660034341733796,33.0,229.0,0,0
5,4,coxnet,Brats18_CBICA_AQV_1,-0.5358539557301956,84.0,453.0,0,2
5,4,coxnet,Brats18_CBICA_ASK_1,0.8143532588192569,522.0,208.0,2,0
5,4,coxnet,Brats18_CBICA_ATB_1,0.49253365687064277,208.0,265.0,0,0
5,4,coxnet,Brats18_CBICA_ATF_1,-0.15214337080930224,152.0,382.0,0,1
5,4,coxnet,Brats18_CBICA_ATX_1,-2.48512705673972,1592.0,1731.0,2,2
5,4,coxnet,Brats18_CBICA_AVJ_1,-0.9268604415028985,614.0,576.0,2,2
5,4,coxnet,Brats18_CBICA_AXM_1,-0.8717615845916438,438.0,510.0,1,2
5,4,coxnet,Brats18_CBICA_AYA_1,0.7418005156593591,50.0,210.0,0,0
5,4,coxnet,Brats18_CBICA_AYW_1,-0.3874368445463475,734.0,434.0,2,2
5,4,coxnet,Brats18_TCIA01_186_1,-1.111228725960241,370.0,630.0,1,2
5,4,coxnet,Brats18_TCIA01_235_1,-0.232105665665104,804.0,387.0,2,2
5,4,coxnet,Brats18_TCIA01_412_1,0.6048231998195479,291.0,239.0,0,0
5,4,coxnet,Brats18_TCIA01_425_1,-0.4595752056947877,558.0,448.0,2,2
5,4,coxnet,Brats18_TCIA01_499_1,-0.6683532769594136,600.0,473.0,2,2
5,4,coxnet,Brats18_TCIA02_179_1,-0.34254750360826075,405.0,425.0,1,2
5,4,coxnet,Brats18_TCIA02_430_1,-0.3420303635553983,71.0,425.0,0,2
5,4,coxnet,Brats18_TCIA02_455_1,-0.8482967053927017,424.0,508.0,1,2
5,4,coxnet,Brats18_TCIA03_265_1,-0.3093809681615686,103.0,401.0,0,2
5,4,coxnet,Brats18_TCIA03_419_1,0.1781338279303331,327.0,332.0,1,0
5,4,coxnet,Brats18_TCIA04_111_1,0.6423192224612679,626.0,232.0,2,0
5,4,coxnet,Brats18_TCIA04_437_1,-1.2823069197409276,333.0,726.0,1,2
5,4,coxnet,Brats18_TCIA06_247_1,1.0302516856967827,244.0,172.0,0,0
5,4,coxnet,Brats18_TCIA08_167_1,1.2771962250824533,153.0,139.0,0,0
5,4,coxnet,Brats18_TCIA08_218_1,-1.0240905554991966,346.0,610.0,1,2
5,4,genetico,Brats18_CBICA_AAB_1,0.1585941547789366,289.0,332.0,0,0
5,4,genetico,Brats18_CBICA_AAG_1,-0.25175848573114334,616.0,394.0,2,2
5,4,genetico,Brats18_CBICA_ABY_1,0.08462489474774382,515.0,350.0,2,1
5,4,genetico,Brats18_CBICA_ALN_1,0.21487888206644112,421.0,329.0,1,0
5,4,genetico,Brats18_CBICA_APY_1,-0.40954912183099645,203.0,436.0,0,2
5,4,genetico,Brats18_CBICA_AQA_1,-0.06650715375942146,106.0,368.0,0,1
5,4,genetico,Brats18_CBICA_AQG_1,0.6978438272567007,466.0,209.0,2,0
5,4,genetico,Brats18_CBICA_AQQ_1,0.48158158462890127,33.0,262.0,0,0
5,4,genetico,Brats18_CBICA_AQV_1,-0.44758496176909157,84.0,448.0,0,2
5,4,genetico,Brats18_CBICA_ASK_1,0.4758113485215207,522.0,262.0,2,0
5,4,genetico,Brats18_CBICA_ATB_1,0.23071505291447433,208.0,322.0,0,0
5,4,genetico,Brats18_CBICA_ATF_1,-0.13931390430947477,152.0,376.0,0,2
5,4,genetico,Brats18_CBICA_ATX_1,-1.536812831703032,1592.0,1278.0,2,2
5,4,genetico,Brats18_CBICA_AVJ_1,-0.440406199250255,614.0,448.0,2,2
5,4,genetico,Brats18_CBICA_AXM_1,-0.7997318680150336,438.0,508.0,1,2
5,4,genetico,Brats18_CBICA_AYA_1,0.28130034551676975,50.0,317.0,0,0
5,4,genetico,Brats18_CBICA_AYW_1,-0.4744674954753655,734.0,448.0,2,2
5,4,genetico,Brats18_TCIA01_186_1,-0.7120031455613299,370.0,488.0,1,2
5,4,genetico,Brats18_TCIA01_235_1,-0.1998543111200251,804.0,387.0,2,2
5,4,genetico,Brats18_TCIA01_412_1,0.4107601644123454,291.0,268.0,0,0
5,4,genetico,Brats18_TCIA01_425_1,-0.1824468989955431,558.0,385.0,2,2
5,4,genetico,Brats18_TCIA01_499_1,-0.5388605937674177,600.0,464.0,2,2
5,4,genetico,Brats18_TCIA02_179_1,-0.3092275178021425,405.0,407.0,1,2
5,4,genetico,Brats18_TCIA02_430_1,-0.2057129609514455,71.0,387.0,0,2
5,4,genetico,Brats18_TCIA02_455_1,-0.5544459637615933,424.0,465.0,1,2
5,4,genetico,Brats18_TCIA03_265_1,-0.4091945116200846,103.0,436.0,0,2
5,4,genetico,Brats18_TCIA03_419_1,-0.055425574443472694,327.0,368.0,1,1
5,4,genetico,Brats18_TCIA04_111_1,0.1773312775132969,626.0,331.0,2,0
5,4,genetico,Brats18_TCIA04_437_1,-0.33996617465282164,333.0,425.0,1,2
5,4,genetico,Brats18_TCIA06_247_1,0.36552697381015176,244.0,286.0,0,0
5,4,genetico,Brats18_TCIA08_167_1,0.4742545872678675,153.0,262.0,0,0
5,4,genetico,Brats18_TCIA08_218_1,-0.5359615765401592,346.0,464.0,1,2
6,0,edad,Brats18_CBICA_AAB_1,0.030378461113733993,289.0,359.0,0,1
6,0,edad,Brats18_CBICA_AAG_1,-0.27490104592109127,616.0,425.0,2,2
6,0,edad,Brats18_CBICA_ABN_1,0.321585327458417,1278.0,318.0,2,0
6,0,edad,Brats18_CBICA_ABO_1,-0.12017645674587991,1155.0,387.0,2,1
6,0,edad,Brats18_CBICA_APR_1,0.11380911663386119,23.0,346.0,0,1
6,0,edad,Brats18_CBICA_APY_1,-0.5248951788160728,203.0,468.0,0,2
6,0,edad,Brats18_CBICA_AQA_1,0.622471787928595,106.0,239.0,0,0
6,0,edad,Brats18_CBICA_AQG_1,-0.22493944855026993,466.0,405.0,2,2
6,0,edad,Brats18_CBICA_AQN_1,0.13197697022325078,488.0,346.0,2,1
6,0,edad,Brats18_CBICA_AQO_1,0.3057629139840512,473.0,322.0,2,0
6,0,edad,Brats18_CBICA_AQV_1,-0.23398614613678956,84.0,407.0,0,2
6,0,edad,Brats18_CBICA_ARF_1,0.5831949733039923,726.0,254.0,2,0
6,0,edad,Brats18_CBICA_ASK_1,0.6585841198583242,522.0,229.0,2,0
6,0,edad,Brats18_CBICA_AWI_1,-0.4875542830165694,375.0,465.0,1,2
6,0,edad,Brats18_CBICA_AYW_1,-0.36384162425111516,734.0,439.0,2,2
6,0,edad,Brats18_CBICA_AZD_1,-0.49846244101183806,448.0,467.0,1,2
6,0,edad,Brats18_CBICA_AZH_1,-0.1761691858410478,401.0,394.0,1,2
6,0,edad,Brats18_TCIA01_147_1,0.06585789650448852,209.0,355.0,0,1
6,0,edad,Brats18_TCIA01_201_1,0.04028143048827825,430.0,359.0,1,1
6,0,edad,Brats18_TCIA01_335_1,-0.19258726664621345,355.0,394.0,1,2
6,0,edad,Brats18_TCIA01_412_1,0.3392319721333571,291.0,318.0,0,0
6,0,edad,Brats18_TCIA02_226_1,0.5186395263285795,329.0,265.0,1,0
6,0,edad,Brats18_TCIA02_290_1,-0.615585529930321,737.0,495.0,2,2
6,0,edad,Brats18_TCIA02_321_1,0.8028100723281915,67.0,208.0,0,0
6,0,edad,Brats18_TCIA02_331_1,0.938063785627889,187.0,175.0,0,0
6,0,edad,Brats18_TCIA02_394_1,0.17125378484785325,616.0,336.0,2,0
6,0,edad,Brats18_TCIA02_455_1,-0.1788124596214712,424.0,394.0,1,2
6,0,edad,Brats18_TCIA02_471_1,0.6316674023478148,111.0,232.0,0,0
6,0,edad,Brats18_TCIA03_133_1,0.15319761888298863,382.0,345.0,1,1
6,0,edad,Brats18_TCIA03_296_1,0.02903820961943471,22.0,359.0,0,1
6,0,edad,Brats18_TCIA06_247_1,0.6348318850426876,244.0,232.0,0,0
6,0,edad,Brats18_TCIA08_242_1,0.25434937749440567,147.0,331.0,0,0
6,0,edad,Brats18_TCIA08_406_1,0.7110028449686943,82.0,213.0,0,0
6,0,coxnet,Brats18_CBICA_AAB_1,0.22720263779825062,289.0,332.0,0,1
6,0,coxnet,Brats18_CBICA_AAG_1,-0.5377001532331758,616.0,453.0,2,2
6,0,coxnet,Brats18_CBICA_ABN_1,0.514185310759396,1278.0,268.0,2,0
6,0,coxnet,Brats18_CBICA_ABO_1,0.5524817941194736,1155.0,265.0,2,0
6,0,coxnet,Brats18_CBICA_APR_1,0.37551570833955705,23.0,317.0,0,0
6,0,coxnet,Brats18_CBICA_APY_1,-1.404954808486493,203.0,747.0,0,2
6,0,coxnet,Brats18_CBICA_AQA_1,0.6611387715244413,106.0,239.0,0,0
6,0,coxnet,Brats18_CBICA_AQG_1,0.5109381297749893,466.0,268.0,2,0
6,0,coxnet,Brats18_CBICA_AQN_1,0.5998837738746463,488.0,254.0,2,0
6,0,coxnet,Brats18_CBICA_AQO_1,0.03796552992953467,473.0,357.0,2,1
6,0,coxnet,Brats18_CBICA_AQV_1,-0.4612686176455812,84.0,439.0,0,2
6,0,coxnet,Brats18_CBICA_ARF_1,0.7688799410360454,726.0,210.0,2,0
6,0,coxnet,Brats18_CBICA_ASK_1,0.796351883736989,522.0,210.0,2,0
6,0,coxnet,Brats18_CBICA_AWI_1,-0.06494588959414244,375.0,368.0,1,1
6,0,coxnet,Brats18_CBICA_AYW_1,-0.32184274593171863,734.0,421.0,2,2
6,0,coxnet,Brats18_CBICA_AZD_1,-0.8495044319407494,448.0,510.0,1,2
6,0,coxnet,Brats18_CBICA_AZH_1,-0.4539780584241488,401.0,439.0,1,2
6,0,coxnet,Brats18_TCIA01_147_1,-0.052367987825552915,209.0,368.0,0,1
6,0,coxnet,Brats18_TCIA01_201_1,-0.19391748341427684,430.0,387.0,1,1
6,0,coxnet,Brats18_TCIA01_335_1,-0.09045744320906814,355.0,370.0,1,1
6,0,coxnet,Brats18_TCIA01_412_1,0.6305204785007635,291.0,254.0,0,0
6,0,coxnet,Brats18_TCIA02_226_1,0.4509535132061271,329.0,286.0,1,0
6,0,coxnet,Brats18_TCIA02_290_1,0.19166557517562058,737.0,333.0,2,1
6,0,coxnet,Brats18_TCIA02_321_1,0.893923906535589,67.0,199.0,0,0
6,0,coxnet,Brats18_TCIA02_331_1,1.4292222732934325,187.0,121.0,0,0
6,0,coxnet,Brats18_TCIA02_394_1,0.7864110226134522,616.0,210.0,2,0
6,0,coxnet,Brats18_TCIA02_455_1,-0.8722521656325655,424.0,515.0,1,2
6,0,coxnet,Brats18_TCIA02_471_1,0.43465549600592185,111.0,287.0,0,0
6,0,coxnet,Brats18_TCIA03_133_1,-0.2824763164346083,382.0,405.0,1,2
6,0,coxnet,Brats18_TCIA03_296_1,0.10179398269719198,22.0,346.0,0,1
6,0,coxnet,Brats18_TCIA06_247_1,0.988679938474429,244.0,175.0,0,0
6,0,coxnet,Brats18_TCIA08_242_1,0.25261453951872165,147.0,331.0,0,0
6,0,coxnet,Brats18_TCIA08_406_1,0.48265813983035943,82.0,269.0,0,0
6,0,genetico,Brats18_CBICA_AAB_1,-0.4286934361242347,289.0,438.0,0,2
6,0,genetico,Brats18_CBICA_AAG_1,-0.8386461660945628,616.0,508.0,2,2
6,0,genetico,Brats18_CBICA_ABN_1,0.20901815764020898,1278.0,345.0,2,1
6,0,genetico,Brats18_CBICA_ABO_1,0.9078376299230776,1155.0,210.0,2,0
6,0,genetico,Brats18_CBICA_APR_1,1.6751176474132625,23.0,120.0,0,0
6,0,genetico,Brats18_CBICA_APY_1,0.1049817157744442,203.0,355.0,0,1
6,0,genetico,Brats18_CBICA_AQA_1,0.4933594813896717,106.0,296.0,0,0
6,0,genetico,Brats18_CBICA_AQG_1,-0.0006764997588147859,466.0,368.0,2,1
6,0,genetico,Brats18_CBICA_AQN_1,0.7450641395164012,488.0,254.0,2,0
6,0,genetico,Brats18_CBICA_AQO_1,0.059273532776976556,473.0,359.0,2,1
6,0,genetico,Brats18_CBICA_AQV_1,0.051871926696068216,84.0,359.0,0,1
6,0,genetico,Brats18_CBICA_ARF_1,1.4242393171308336,726.0,152.0,2,0
6,0,genetico,Brats18_CBICA_ASK_1,1.1159076376489234,522.0,180.0,2,0
6,0,genetico,Brats18_CBICA_AWI_1,-0.1502143448814914,375.0,387.0,1,1
6,0,genetico,Brats18_CBICA_AYW_1,0.5166945846946983,734.0,287.0,2,0
6,0,genetico,Brats18_CBICA_AZD_1,-1.2264562939346448,448.0,621.0,1,2
6,0,genetico,Brats18_CBICA_AZH_1,-1.1530114281749573,401.0,610.0,1,2
6,0,genetico,Brats18_TCIA01_147_1,-0.35014110469334075,209.0,434.0,0,1
6,0,genetico,Brats18_TCIA01_201_1,-0.1730700655959193,430.0,387.0,1,1
6,0,genetico,Brats18_TCIA01_335_1,0.3372473917232617,355.0,331.0,1,0
6,0,genetico,Brats18_TCIA01_412_1,1.698117895972945,291.0,120.0,0,0
6,0,genetico,Brats18_TCIA02_226_1,0.8587991915788986,329.0,229.0,1,0
6,0,genetico,Brats18_TCIA02_290_1,0.671991627525278,737.0,265.0,2,0
6,0,genetico,Brats18_TCIA02_321_1,1.2756673494166937,67.0,169.0,0,0
6,0,genetico,Brats18_TCIA02_331_1,1.63298344362734,187.0,121.0,0,0
6,0,genetico,Brats18_TCIA02_394_1,1.2897234905544273,616.0,169.0,2,0
6,0,genetico,Brats18_TCIA02_455_1,-1.2804747681961226,424.0,626.0,1,2
6,0,genetico,Brats18_TCIA02_471_1,0.6080217644975524,111.0,268.0,0,0
6,0,genetico,Brats18_TCIA03_133_1,-1.1081485318507507,382.0,600.0,1,2
6,0,genetico,Brats18_TCIA03_296_1,-0.2191157855977039,22.0,394.0,0,1
6,0,genetico,Brats18_TCIA06_247_1,1.281848404046026,244.0,169.0,0,0
6,0,genetico,Brats18_TCIA08_242_1,0.21586515503904602,147.0,345.0,0,1
6,0,genetico,Brats18_TCIA08_406_1,-0.1780841208851895,82.0,387.0,0,1
6,1,edad,Brats18_CBICA_ANI_1,-0.07515290034080224,439.0,375.0,1,1
6,1,edad,Brats18_CBICA_ANZ_1,0.25469040047877634,287.0,327.0,0,0
6,1,edad,Brats18_CBICA_AOD_1,0.0031052947162788303,55.0,362.0,0,1
6,1,edad,Brats18_CBICA_AQJ_1,0.1881557748921488,170.0,332.0,0,0
6,1,edad,Brats18_CBICA_AQP_1,-0.47287836346774986,1283.0,464.0,2,2
6,1,edad,Brats18_CBICA_AQZ_1,0.0962200821195383,286.0,350.0,0,1
6,1,edad,Brats18_CBICA_ARW_1,-0.5414679825535085,495.0,467.0,2,2
6,1,edad,Brats18_CBICA_ASH_1,-0.46890313014156143,660.0,464.0,2,2
6,1,edad,Brats18_CBICA_ASW_1,0.265133810064525,239.0,327.0,0,0
6,1,edad,Brats18_CBICA_ATF_1,0.27749745947733134,152.0,322.0,0,0
6,1,edad,Brats18_CBICA_ATP_1,-0.29982096010648196,385.0,425.0,1,2
6,1,edad,Brats18_CBICA_AXL_1,0.4763938794588235,168.0,268.0,0,0
6,1,edad,Brats18_CBICA_AYI_1,0.18300144693531162,387.0,332.0,1,0
6,1,edad,Brats18_TCIA01_150_1,-0.3157892702472724,1489.0,430.0,2,2
6,1,edad,Brats18_TCIA01_186_1,-0.896139647452755,370.0,610.0,1,2
6,1,edad,Brats18_TCIA01_235_1,-0.08475409947608782,804.0,376.0,2,1
6,1,edad,Brats18_TCIA01_411_1,-0.592404870597549,822.0,488.0,2,2
6,1,edad,Brats18_TCIA01_425_1,-0.14421415727882056,558.0,387.0,2,1
6,1,edad,Brats18_TCIA02_179_1,-0.4652984694135771,405.0,464.0,1,2
6,1,edad,Brats18_TCIA02_274_1,-0.18602148403983543,357.0,394.0,1,2
6,1,edad,Brats18_TCIA02_300_1,0.1310202179326958,127.0,336.0,0,0
6,1,edad,Brats18_TCIA02_377_1,0.1102681524332718,812.0,345.0,2,1
6,1,edad,Brats18_TCIA03_138_1,0.38354859939971225,82.0,291.0,0,0
6,1,edad,Brats18_TCIA03_265_1,-0.030482058048210976,103.0,368.0,0,1
6,1,edad,Brats18_TCIA03_338_1,0.5368645898021127,468.0,262.0,2,0
6,1,edad,Brats18_TCIA03_375_1,-0.016467676152496176,946.0,368.0,2,1
6,1,edad,Brats18_TCIA04_361_1,0.5216374248577301,476.0,265.0,2,0
6,1,edad,Brats18_TCIA05_277_1,0.3327801534457646,232.0,317.0,0,0
6,1,edad,Brats18_TCIA06_165_1,-0.2941949942973848,5.0,425.0,0,2
6,1,edad,Brats18_TCIA06_184_1,0.022846707675146412,434.0,359.0,1,1
6,1,edad,Brats18_TCIA08_105_1,0.20678547005640432,77.0,331.0,0,0
6,1,edad,Brats18_TCIA08_218_1,-0.10591042599173438,346.0,376.0,1,1
6,1,edad,Brats18_TCIA08_319_1,0.14725803541763466,254.0,336.0,0,0
6,1,coxnet,Brats18_CBICA_ANI_1,-0.015752362707112735,439.0,362.0,1,1
6,1,coxnet,Brats18_CBICA_ANZ_1,0.3352649163029382,287.0,317.0,0,0
6,1,coxnet,Brats18_CBICA_AOD_1,0.05514782283865683,55.0,355.0,0,1
6,1,coxnet,Brats18_CBICA_AQJ_1,0.29718577326297163,170.0,318.0,0,0
6,1,coxnet,Brats18_CBICA_AQP_1,-0.42889317596274495,1283.0,448.0,2,2
6,1,coxnet,Brats18_CBICA_AQZ_1,0.12146892085517913,286.0,336.0,0,1
6,1,coxnet,Brats18_CBICA_ARW_1,-0.6194050865796928,495.0,488.0,2,2
6,1,coxnet,Brats18_CBICA_ASH_1,-0.8489573003369649,660.0,579.0,2,2
6,1,coxnet,Brats18_CBICA_ASW_1,0.3269711872686989,239.0,317.0,0,0
6,1,coxnet,Brats18_CBICA_ATF_1,0.13148721629630888,152.0,336.0,0,0
6,1,coxnet,Brats18_CBICA_ATP_1,-0.3202768500228107,385.0,425.0,1,2
6,1,coxnet,Brats18_CBICA_AXL_1,0.617607480449624,168.0,213.0,0,0
6,1,coxnet,Brats18_CBICA_AYI_1,0.24164901575046524,387.0,329.0,1,0
6,1,coxnet,Brats18_TCIA01_150_1,-0.20554541421230113,1489.0,394.0,2,2
6,1,coxnet,Brats18_TCIA01_186_1,-0.916338618534883,370.0,610.0,1,2
6,1,coxnet,Brats18_TCIA01_235_1,-0.04985140539208681,804.0,368.0,2,1
6,1,coxnet,Brats18_TCIA01_411_1,-0.6164911485665936,822.0,488.0,2,2
6,1,coxnet,Brats18_TCIA01_425_1,-0.3330993234726207,558.0,430.0,2,2
6,1,coxnet,Brats18_TCIA02_179_1,-0.48503500642457786,405.0,464.0,1,2
6,1,coxnet,Brats18_TCIA02_274_1,-0.11639670026726312,357.0,376.0,1,1
6,1,coxnet,Brats18_TCIA02_300_1,0.12177206350062414,127.0,336.0,0,1
6,1,coxnet,Brats18_TCIA02_377_1,0.1637290920462367,812.0,333.0,2,0
6,1,coxnet,Brats18_TCIA03_138_1,0.45375587666063855,82.0,269.0,0,0
6,1,coxnet,Brats18_TCIA03_265_1,-0.056721244768379184,103.0,372.0,0,1
6,1,coxnet,Brats18_TCIA03_338_1,0.4667184911597456,468.0,268.0,2,0
6,1,coxnet,Brats18_TCIA03_375_1,-0.010165211793283281,946.0,362.0,2,1
6,1,coxnet,Brats18_TCIA04_361_1,0.5391434506022024,476.0,262.0,2,0
6,1,coxnet,Brats18_TCIA05_277_1,0.1512423020659666,232.0,333.0,0,0
6,1,coxnet,Brats18_TCIA06_165_1,-0.2381804123474609,5.0,407.0,0,2
6,1,coxnet,Brats18_TCIA06_184_1,0.06887437691194633,434.0,350.0,1,1
6,1,coxnet,Brats18_TCIA08_105_1,0.3110872080905722,77.0,318.0,0,0
6,1,coxnet,Brats18_TCIA08_218_1,-0.1428432138419465,346.0,387.0,1,1
6,1,coxnet,Brats18_TCIA08_319_1,0.15160975049304992,254.0,333.0,0,0
6,1,genetico,Brats18_CBICA_ANI_1,0.07082116122019291,439.0,355.0,1,1
6,1,genetico,Brats18_CBICA_ANZ_1,0.5185550285291455,287.0,268.0,0,0
6,1,genetico,Brats18_CBICA_AOD_1,0.3736427430449864,55.0,317.0,0,0
6,1,genetico,Brats18_CBICA_AQJ_1,0.5880876537055165,170.0,262.0,0,0
6,1,genetico,Brats18_CBICA_AQP_1,-0.3883959787411586,1283.0,438.0,2,2
6,1,genetico,Brats18_CBICA_AQZ_1,0.2684796229178613,286.0,329.0,0,0
6,1,genetico,Brats18_CBICA_ARW_1,-0.27512244808044295,495.0,421.0,2,2
6,1,genetico,Brats18_CBICA_ASH_1,-1.8115849386341978,660.0,1337.0,2,2
6,1,genetico,Brats18_CBICA_ASW_1,0.45743274892706765,239.0,289.0,0,0
6,1,genetico,Brats18_CBICA_ATF_1,0.25459714618388307,152.0,331.0,0,0
6,1,genetico,Brats18_CBICA_ATP_1,-1.0884130112807322,385.0,621.0,1,2
6,1,genetico,Brats18_CBICA_AXL_1,1.419761616986464,168.0,114.0,0,0
6,1,genetico,Brats18_CBICA_AYI_1,-0.6267929231749703,387.0,486.0,1,2
6,1,genetico,Brats18_TCIA01_150_1,-0.4333489664814517,1489.0,448.0,2,2
6,1,genetico,Brats18_TCIA01_186_1,-0.6084582386607166,370.0,473.0,1,2
6,1,genetico,Brats18_TCIA01_235_1,-0.28132326929865514,804.0,424.0,2,2
6,1,genetico,Brats18_TCIA01_411_1,-1.189159362535043,822.0,634.0,2,2
6,1,genetico,Brats18_TCIA01_425_1,-1.2773286423804568,558.0,726.0,2,2
6,1,genetico,Brats18_TCIA02_179_1,0.2564572624490573,405.0,331.0,1,0
6,1,genetico,Brats18_TCIA02_274_1,-0.21812719533995062,357.0,401.0,1,2
6,1,genetico,Brats18_TCIA02_300_1,-0.8781770528748327,127.0,579.0,0,2
6,1,genetico,Brats18_TCIA02_377_1,-0.02082346378198796,812.0,368.0,2,1
6,1,genetico,Brats18_TCIA03_138_1,0.900254098062926,82.0,199.0,0,0
6,1,genetico,Brats18_TCIA03_265_1,0.08078552344546153,103.0,355.0,0,1
6,1,genetico,Brats18_TCIA03_338_1,0.36119583473750194,468.0,318.0,2,0
6,1,genetico,Brats18_TCIA03_375_1,0.14364943893788074,946.0,345.0,2,1
6,1,genetico,Brats18_TCIA04_361_1,0.717892484939251,476.0,210.0,2,0
6,1,genetico,Brats18_TCIA05_277_1,0.6450511693376257,232.0,229.0,0,0
6,1,genetico,Brats18_TCIA06_165_1,-0.36475143362117424,5.0,436.0,0,2
6,1,genetico,Brats18_TCIA06_184_1,-1.2630472087437619,434.0,698.0,1,2
6,1,genetico,Brats18_TCIA08_105_1,0.8540959634006975,77.0,203.0,0,0
6,1,genetico,Brats18_TCIA08_218_1,-0.4866213990389508,346.0,453.0,1,2
6,1,genetico,Brats18_TCIA08_319_1,0.4069946434392778,254.0,296.0,0,0
6,2,edad,Brats18_CBICA_ABM_1,0.33134354673136285,503.0,296.0,2,0
6,2,edad,Brats18_CBICA_ALN_1,0.013522324105447164,421.0,370.0,1,1
6,2,edad,Brats18_CBICA_ANP_1,0.03701345795171036,486.0,368.0,2,1
6,2,edad,Brats18_CBICA_AOO_1,-0.5810194948090301,350.0,476.0,1,2
6,2,edad,Brats18_CBICA_AOZ_1,-0.49229883243943245,331.0,465.0,1,2
6,2,edad,Brats18_CBICA_APZ_1,-0.01762202981742675,336.0,375.0,1,1
6,2,edad,Brats18_CBICA_AQT_1,0.5462714772161789,172.0,254.0,0,0
6,2,edad,Brats18_CBICA_AQU_1,0.43646902806147336,30.0,286.0,0,0
6,2,edad,Brats18_CBICA_ASA_1,0.11351022714338857,210.0,357.0,0,1
6,2,edad,Brats18_CBICA_ASG_1,-0.1009925244482829,208.0,387.0,0,1
6,2,edad,Brats18_CBICA_ASO_1,-0.2909766265352572,265.0,434.0,0,2
6,2,edad,Brats18_CBICA_ATX_1,-0.8424336509443707,1592.0,610.0,2,2
6,2,edad,Brats18_CBICA_AUN_1,0.28145588993567844,376.0,317.0,1,0
6,2,edad,Brats18_CBICA_AUQ_1,0.009057945727424353,1337.0,370.0,2,1
6,2,edad,Brats18_CBICA_AUR_1,0.34339028203713856,12.0,291.0,0,0
6,2,edad,Brats18_CBICA_AVG_1,0.0991604394997435,579.0,359.0,2,1
6,2,edad,Brats18_CBICA_AWG_1,-0.17816249355410735,180.0,405.0,0,2
6,2,edad,Brats18_CBICA_AXN_1,0.8929340014270996,345.0,175.0,1,0
6,2,edad,Brats18_CBICA_AXO_1,-0.150915612818396,394.0,401.0,1,2
6,2,edad,Brats18_CBICA_AXQ_1,0.2027269315549887,114.0,332.0,0,0
6,2,edad,Brats18_CBICA_BHB_1,-0.17593030436509582,510.0,405.0,2,2
6,2,edad,Brats18_TCIA01_190_1,0.034214363571839095,322.0,368.0,1,1
6,2,edad,Brats18_TCIA01_231_1,0.11496292169496732,1561.0,357.0,2,1
6,2,edad,Brats18_TCIA01_429_1,-0.1975081331922065,86.0,407.0,0,2
6,2,edad,Brats18_TCIA01_448_1,-0.5708506329479781,199.0,473.0,0,2
6,2,edad,Brats18_TCIA01_460_1,-1.473434559946035,630.0,871.0,2,2
6,2,edad,Brats18_TCIA01_499_1,-0.37126457419081166,600.0,448.0,2,2
6,2,edad,Brats18_TCIA02_491_1,0.7281771803333974,82.0,209.0,0,0
6,2,edad,Brats18_TCIA03_419_1,0.3554370173429147,327.0,291.0,1,0
6,2,edad,Brats18_TCIA04_192_1,0.5457045720253191,121.0,254.0,0,0
6,2,edad,Brats18_TCIA04_437_1,-0.4821299705783801,333.0,465.0,1,2
6,2,edad,Brats18_TCIA08_278_1,-0.35641874450516425,1458.0,439.0,2,2
6,2,edad,Brats18_TCIA08_280_1,-0.11332271234948893,508.0,387.0,2,1
6,2,coxnet,Brats18_CBICA_ABM_1,0.3313084598905974,503.0,296.0,2,0
6,2,coxnet,Brats18_CBICA_ALN_1,0.01352089219093643,421.0,370.0,1,1
6,2,coxnet,Brats18_CBICA_ANP_1,0.03700953849917211,486.0,368.0,2,1
6,2,coxnet,Brats18_CBICA_AOO_1,-0.5809579691245939,350.0,476.0,1,2
6,2,coxnet,Brats18_CBICA_AOZ_1,-0.4922467016195828,331.0,465.0,1,2
6,2,coxnet,Brats18_CBICA_APZ_1,-0.017620163774281085,336.0,375.0,1,1
6,2,coxnet,Brats18_CBICA_AQT_1,0.5462136310908358,172.0,254.0,0,0
6,2,coxnet,Brats18_CBICA_AQU_1,0.436422809206639,30.0,286.0,0,0
6,2,coxnet,Brats18_CBICA_ASA_1,0.11349820724650425,210.0,357.0,0,1
6,2,coxnet,Brats18_CBICA_ASG_1,-0.1009818300839023,208.0,387.0,0,1
6,2,coxnet,Brats18_CBICA_ASO_1,-0.29094581425397825,265.0,434.0,0,2
6,2,coxnet,Brats18_CBICA_ATX_1,-0.8423444434265,1592.0,610.0,2,2
6,2,coxnet,Brats18_CBICA_AUN_1,0.28142608583027157,376.0,317.0,1,0
6,2,coxnet,Brats18_CBICA_AUQ_1,0.00905698655769713,1337.0,370.0,2,1
6,2,coxnet,Brats18_CBICA_AUR_1,0.34335391953584615,12.0,291.0,0,0
6,2,coxnet,Brats18_CBICA_AVG_1,0.09914993913966334,579.0,359.0,2,1
6,2,coxnet,Brats18_CBICA_AWG_1,-0.1781436274584689,180.0,405.0,0,2
6,2,coxnet,Brats18_CBICA_AXN_1,0.8928394462941225,345.0,175.0,1,0
6,2,coxnet,Brats18_CBICA_AXO_1,-0.15089963196671408,394.0,401.0,1,2
6,2,coxnet,Brats18_CBICA_AXQ_1,0.2027054642663196,114.0,332.0,0,0
6,2,coxnet,Brats18_CBICA_BHB_1,-0.17591167464184912,510.0,405.0,2,2
6,2,coxnet,Brats18_TCIA01_190_1,0.034210740522776215,322.0,368.0,1,1
6,2,coxnet,Brats18_TCIA01_231_1,0.11495074796843123,1561.0,357.0,2,1
6,2,coxnet,Brats18_TCIA01_429_1,-0.19748721853583953,86.0,407.0,0,2
6,2,coxnet,Brats18_TCIA01_448_1,-0.5707901840711043,199.0,473.0,0,2
6,2,coxnet,Brats18_TCIA01_460_1,-1.4732785340801517,630.0,871.0,2,2
6,2,coxnet,Brats18_TCIA01_499_1,-0.371225260007315,600.0,448.0,2,2
6,2,coxnet,Brats18_TCIA02_491_1,0.7281000717340975,82.0,209.0,0,0
6,2,coxnet,Brats18_TCIA03_419_1,0.3553993791810954,327.0,291.0,1,0
6,2,coxnet,Brats18_TCIA04_192_1,0.5456467859310596,121.0,254.0,0,0
6,2,coxnet,Brats18_TCIA04_437_1,-0.48207891656609286,333.0,465.0,1,2
6,2,coxnet,Brats18_TCIA08_278_1,-0.35638100238566983,1458.0,439.0,2,2
6,2,coxnet,Brats18_TCIA08_280_1,-0.1133107123090396,508.0,387.0,2,1
6,2,genetico,Brats18_CBICA_ABM_1,0.5281564892907546,503.0,268.0,2,0
6,2,genetico,Brats18_CBICA_ALN_1,0.5041317335141352,421.0,269.0,1,0
6,2,genetico,Brats18_CBICA_ANP_1,0.7495093044289584,486.0,213.0,2,0
6,2,genetico,Brats18_CBICA_AOO_1,-0.879160693238424,350.0,597.0,1,2
6,2,genetico,Brats18_CBICA_AOZ_1,-0.6714732955771079,331.0,488.0,1,2
6,2,genetico,Brats18_CBICA_APZ_1,0.0007783504139006192,336.0,370.0,1,1
6,2,genetico,Brats18_CBICA_AQT_1,0.4946461657586034,172.0,269.0,0,0
6,2,genetico,Brats18_CBICA_AQU_1,0.7301540270239196,30.0,229.0,0,0
6,2,genetico,Brats18_CBICA_ASA_1,0.5376880825732062,210.0,268.0,0,0
6,2,genetico,Brats18_CBICA_ASG_1,0.21017299807443762,208.0,346.0,0,0
6,2,genetico,Brats18_CBICA_ASO_1,-0.21535196863158124,265.0,405.0,0,1
6,2,genetico,Brats18_CBICA_ATX_1,-3.3263861508349444,1592.0,1767.0,2,2
6,2,genetico,Brats18_CBICA_AUN_1,-0.023235610953259545,376.0,372.0,1,1
6,2,genetico,Brats18_CBICA_AUQ_1,-0.1570563934211844,1337.0,387.0,2,1
6,2,genetico,Brats18_CBICA_AUR_1,0.49067212799393456,12.0,269.0,0,0
6,2,genetico,Brats18_CBICA_AVG_1,0.056080002416097646,579.0,362.0,2,1
6,2,genetico,Brats18_CBICA_AWG_1,-0.035329572116953145,180.0,375.0,0,1
6,2,genetico,Brats18_CBICA_AXN_1,0.8937532648519462,345.0,191.0,1,0
6,2,genetico,Brats18_CBICA_AXO_1,-0.28736088365301315,394.0,425.0,1,1
6,2,genetico,Brats18_CBICA_AXQ_1,0.20592132323669807,114.0,346.0,0,0
6,2,genetico,Brats18_CBICA_BHB_1,0.35016979989352437,510.0,296.0,2,0
6,2,genetico,Brats18_TCIA01_190_1,-0.20630968331701016,322.0,401.0,1,1
6,2,genetico,Brats18_TCIA01_231_1,0.1314900400585192,1561.0,355.0,2,1
6,2,genetico,Brats18_TCIA01_429_1,-0.26164035524810436,86.0,424.0,0,1
6,2,genetico,Brats18_TCIA01_448_1,-0.8764994465999834,199.0,597.0,0,2
6,2,genetico,Brats18_TCIA01_460_1,-1.7772235191602264,630.0,1155.0,2,2
6,2,genetico,Brats18_TCIA01_499_1,-0.3507660400367373,600.0,436.0,2,2
6,2,genetico,Brats18_TCIA02_491_1,1.0286993681061287,82.0,170.0,0,0
6,2,genetico,Brats18_TCIA03_419_1,0.5920681110450714,327.0,254.0,1,0
6,2,genetico,Brats18_TCIA04_192_1,-0.6051414302571638,121.0,468.0,0,2
6,2,genetico,Brats18_TCIA04_437_1,-1.1349528768916375,333.0,635.0,1,2
6,2,genetico,Brats18_TCIA08_278_1,-0.6728706768622444,1458.0,488.0,2,2
6,2,genetico,Brats18_TCIA08_280_1,-0.8367300977348656,508.0,558.0,2,2
6,3,edad,Brats18_2013_27_1,0.24347688675782503,120.0,329.0,0,0
6,3,edad,Brats18_CBICA_AAL_1,-0.17232251291549167,464.0,387.0,2,2
6,3,edad,Brats18_CBICA_AAP_1,-0.6340086602457371,788.0,495.0,2,2
6,3,edad,Brats18_CBICA_ABB_1,0.25781270686464614,465.0,327.0,2,0
6,3,edad,Brats18_CBICA_ALU_1,0.17919300843527214,495.0,332.0,2,0
6,3,edad,Brats18_CBICA_ALX_1,-0.008900225355281526,698.0,359.0,2,1
6,3,edad,Brats18_CBICA_AMH_1,0.07963028316908309,169.0,350.0,0,1
6,3,edad,Brats18_CBICA_AOH_1,-0.0929147990045587,576.0,375.0,2,1
6,3,edad,Brats18_CBICA_AQD_1,0.39550325812318393,32.0,287.0,0,0
6,3,edad,Brats18_CBICA_AQQ_1,0.30324483020529086,33.0,322.0,0,0
6,3,edad,Brats18_CBICA_AQY_1,-0.06875909366600376,229.0,370.0,0,1
6,3,edad,Brats18_CBICA_ARZ_1,-0.15644097013330502,871.0,385.0,2,2
6,3,edad,Brats18_CBICA_ASV_1,-0.15868378342697276,597.0,385.0,2,2
6,3,edad,Brats18_CBICA_ATB_1,0.33761442851635887,208.0,291.0,0,0
6,3,edad,Brats18_CBICA_ATD_1,0.27857388397494737,355.0,327.0,1,0
6,3,edad,Brats18_CBICA_ATV_1,0.06584001224180279,453.0,350.0,2,1
6,3,edad,Brats18_CBICA_AVV_1,0.3729842003232516,387.0,289.0,1,0
6,3,edad,Brats18_CBICA_AXJ_1,-0.9751890554729787,1767.0,626.0,2,2
6,3,edad,Brats18_CBICA_AYU_1,0.11500005497597583,58.0,345.0,0,0
6,3,edad,Brats18_CBICA_BHM_1,0.061930243121760736,436.0,350.0,1,1
6,3,edad,Brats18_TCIA02_135_1,0.2842112254968688,828.0,322.0,2,0
6,3,edad,Brats18_TCIA02_198_1,-0.17298929524604142,394.0,387.0,1,2
6,3,edad,Brats18_TCIA02_283_1,0.45005817607726,262.0,269.0,0,0
6,3,edad,Brats18_TCIA02_368_1,0.07805425220596536,317.0,350.0,1,1
6,3,edad,Brats18_TCIA02_430_1,-0.1855066180877268,71.0,387.0,0,2
6,3,edad,Brats18_TCIA02_473_1,0.03137948906747803,175.0,357.0,0,1
6,3,edad,Brats18_TCIA03_257_1,0.2830595105622824,425.0,322.0,1,0
6,3,edad,Brats18_TCIA04_343_1,-0.22148255564966468,296.0,401.0,0,2
6,3,edad,Brats18_TCIA04_479_1,-0.10870541692348855,372.0,376.0,1,1
6,3,edad,Brats18_TCIA06_409_1,0.2812410132971469,99.0,322.0,0,0
6,3,edad,Brats18_TCIA08_167_1,0.45221006450767076,153.0,269.0,0,0
6,3,edad,Brats18_TCIA08_469_1,0.11857643293074312,519.0,345.0,2,0
6,3,coxnet,Brats18_2013_27_1,0.25174168214561427,120.0,327.0,0,0
6,3,coxnet,Brats18_CBICA_AAL_1,-0.33470396048565815,464.0,421.0,2,2
6,3,coxnet,Brats18_CBICA_AAP_1,-0.7587184887607848,788.0,510.0,2,2
6,3,coxnet,Brats18_CBICA_ABB_1,0.26994917481866715,465.0,322.0,2,0
6,3,coxnet,Brats18_CBICA_ALU_1,0.1318589395102907,495.0,336.0,2,1
6,3,coxnet,Brats18_CBICA_ALX_1,-0.5259168389750452,698.0,466.0,2,2
6,3,coxnet,Brats18_CBICA_AMH_1,-0.045739702681160246,169.0,362.0,0,1
6,3,coxnet,Brats18_CBICA_AOH_1,-0.22116765613232234,576.0,387.0,2,2
6,3,coxnet,Brats18_CBICA_AQD_1,0.4290393022264039,32.0,286.0,0,0
6,3,coxnet,Brats18_CBICA_AQQ_1,0.6032062515366695,33.0,239.0,0,0
6,3,coxnet,Brats18_CBICA_AQY_1,0.1470108984879912,229.0,333.0,0,1
6,3,coxnet,Brats18_CBICA_ARZ_1,0.0053603012998652425,871.0,357.0,2,1
6,3,coxnet,Brats18_CBICA_ASV_1,-0.21240543695462252,597.0,387.0,2,2
6,3,coxnet,Brats18_CBICA_ATB_1,0.5460824889334385,208.0,254.0,0,0
6,3,coxnet,Brats18_CBICA_ATD_1,0.1091030016579064,355.0,345.0,1,1
6,3,coxnet,Brats18_CBICA_ATV_1,-0.024828637735119837,453.0,359.0,2,1
6,3,coxnet,Brats18_CBICA_AVV_1,0.5052855061617317,387.0,265.0,1,0
6,3,coxnet,Brats18_CBICA_AXJ_1,-0.887738326490045,1767.0,600.0,2,2
6,3,coxnet,Brats18_CBICA_AYU_1,-0.0787252701043661,58.0,368.0,0,1
6,3,coxnet,Brats18_CBICA_BHM_1,-0.007406743187848951,436.0,357.0,1,1
6,3,coxnet,Brats18_TCIA02_135_1,0.34690040185004867,828.0,291.0,2,0
6,3,coxnet,Brats18_TCIA02_198_1,-0.35511531673407615,394.0,424.0,1,2
6,3,coxnet,Brats18_TCIA02_283_1,0.49151304286837666,262.0,268.0,0,0
6,3,coxnet,Brats18_TCIA02_368_1,0.054824588239418555,317.0,350.0,1,1
6,3,coxnet,Brats18_TCIA02_430_1,-0.27470791829087343,71.0,405.0,0,2
6,3,coxnet,Brats18_TCIA02_473_1,0.23717412260499063,175.0,329.0,0,0
6,3,coxnet,Brats18_TCIA03_257_1,0.2963436941348407,425.0,318.0,1,0
6,3,coxnet,Brats18_TCIA04_343_1,-0.2465117751338801,296.0,394.0,0,2
6,3,coxnet,Brats18_TCIA04_479_1,-0.18796609018322624,372.0,385.0,1,1
6,3,coxnet,Brats18_TCIA06_409_1,0.2225554769085803,99.0,329.0,0,0
6,3,coxnet,Brats18_TCIA08_167_1,0.8977427459482085,153.0,187.0,0,0
6,3,coxnet,Brats18_TCIA08_469_1,0.32745405219780493,519.0,291.0,2,0
6,3,genetico,Brats18_2013_27_1,0.4105620789702831,120.0,318.0,0,0
6,3,genetico,Brats18_CBICA_AAL_1,-0.4652711335104527,464.0,448.0,2,2
6,3,genetico,Brats18_CBICA_AAP_1,-0.6337974510551228,788.0,473.0,2,2
6,3,genetico,Brats18_CBICA_ABB_1,0.7536100944164346,465.0,232.0,2,0
6,3,genetico,Brats18_CBICA_ALU_1,0.10610607431040817,495.0,350.0,2,1
6,3,genetico,Brats18_CBICA_ALX_1,-1.4350241151355068,698.0,804.0,2,2
6,3,genetico,Brats18_CBICA_AMH_1,-1.0226874858682302,169.0,614.0,0,2
6,3,genetico,Brats18_CBICA_AOH_1,-0.8882405545555085,576.0,558.0,2,2
6,3,genetico,Brats18_CBICA_AQD_1,0.4406338054727195,32.0,291.0,0,0
6,3,genetico,Brats18_CBICA_AQQ_1,0.32044872382321815,33.0,329.0,0,0
6,3,genetico,Brats18_CBICA_AQY_1,0.13497604978070338,229.0,346.0,0,1
6,3,genetico,Brats18_CBICA_ARZ_1,-0.37288832994071597,871.0,430.0,2,2
6,3,genetico,Brats18_CBICA_ASV_1,-0.316622049089726,597.0,421.0,2,1
6,3,genetico,Brats18_CBICA_ATB_1,1.2354261786170273,208.0,152.0,0,0
6,3,genetico,Brats18_CBICA_ATD_1,0.354548975205052,355.0,327.0,1,0
6,3,genetico,Brats18_CBICA_ATV_1,0.22403074885656354,453.0,333.0,2,0
6,3,genetico,Brats18_CBICA_AVV_1,0.031033029497274697,387.0,359.0,1,1
6,3,genetico,Brats18_CBICA_AXJ_1,-1.4348326288220732,1767.0,804.0,2,2
6,3,genetico,Brats18_CBICA_AYU_1,-0.06316091726460513,58.0,375.0,0,1
6,3,genetico,Brats18_CBICA_BHM_1,0.752075638365728,436.0,232.0,1,0
6,3,genetico,Brats18_TCIA02_135_1,0.24668042928556375,828.0,332.0,2,0
6,3,genetico,Brats18_TCIA02_198_1,-1.3917007573795004,394.0,747.0,1,2
6,3,genetico,Brats18_TCIA02_283_1,0.9224017219170214,262.0,203.0,0,0
6,3,genetico,Brats18_TCIA02_368_1,-0.480493436200243,317.0,448.0,1,2
6,3,genetico,Brats18_TCIA02_430_1,-0.5194089469145062,71.0,448.0,0,2
6,3,genetico,Brats18_TCIA02_473_1,0.7903108774749397,175.0,213.0,0,0
6,3,genetico,Brats18_TCIA03_257_1,0.39519289255706996,425.0,318.0,1,0
6,3,genetico,Brats18_TCIA04_343_1,-0.6404897914284479,296.0,476.0,0,2
6,3,genetico,Brats18_TCIA04_479_1,-0.28351495698715845,372.0,407.0,1,1
6,3,genetico,Brats18_TCIA06_409_1,-0.17175403688439095,99.0,387.0,0,1
6,3,genetico,Brats18_TCIA08_167_1,2.5697182213042877,153.0,77.0,0,0
6,3,genetico,Brats18_TCIA08_469_1,1.0833388472128065,519.0,180.0,2,0
6,4,edad,Brats18_2013_11_1,-1.257484617983695,150.0,804.0,0,2
6,4,edad,Brats18_CBICA_ABE_1,0.24245795765496087,269.0,329.0,0,0
6,4,edad,Brats18_CBICA_ABY_1,-0.4978836404191735,515.0,465.0,2,2
6,4,edad,Brats18_CBICA_AME_1,-0.36500181512381596,359.0,434.0,1,2
6,4,edad,Brats18_CBICA_ANG_1,-0.20615140026969855,368.0,394.0,1,2
6,4,edad,Brats18_CBICA_AOP_1,0.2703603783510751,332.0,322.0,1,0
6,4,edad,Brats18_CBICA_AQR_1,0.4099514137148054,89.0,287.0,0,0
6,4,edad,Brats18_CBICA_ASE_1,-0.5591742476908366,318.0,473.0,1,2
6,4,edad,Brats18_CBICA_ASN_1,-0.8483017356961198,407.0,576.0,1,2
6,4,edad,Brats18_CBICA_ASU_1,0.8012562244672461,85.0,203.0,0,0
6,4,edad,Brats18_CBICA_ASY_1,0.21814693764250462,610.0,329.0,2,0
6,4,edad,Brats18_CBICA_AVJ_1,-0.6211357759693371,614.0,486.0,2,2
6,4,edad,Brats18_CBICA_AWH_1,-0.3243518952977933,139.0,425.0,0,2
6,4,edad,Brats18_CBICA_AXM_1,0.2348804968718573,438.0,329.0,1,0
6,4,edad,Brats18_CBICA_AXW_1,0.7194038616330997,191.0,209.0,0,0
6,4,edad,Brats18_CBICA_AYA_1,0.5467403672264503,50.0,244.0,0,0
6,4,edad,Brats18_TCIA01_203_1,-0.594220003812689,268.0,476.0,0,2
6,4,edad,Brats18_TCIA01_378_1,0.5194694015955942,110.0,254.0,0,0
6,4,edad,Brats18_TCIA01_390_1,0.10231439910912943,634.0,346.0,2,1
6,4,edad,Brats18_TCIA01_401_1,0.70286763211164,448.0,209.0,1,0
6,4,edad,Brats18_TCIA02_118_1,-0.5391650153104548,104.0,468.0,0,2
6,4,edad,Brats18_TCIA02_151_1,-0.5134332214011665,1731.0,466.0,2,2
6,4,edad,Brats18_TCIA02_314_1,-0.8141636962305765,362.0,522.0,1,2
6,4,edad,Brats18_TCIA02_322_1,-0.14288749591910213,621.0,387.0,2,1
6,4,edad,Brats18_TCIA03_121_1,-1.2066524852303773,747.0,788.0,2,2
6,4,edad,Brats18_TCIA03_199_1,-0.4798082391761458,1282.0,464.0,2,2
6,4,edad,Brats18_TCIA03_474_1,0.016791703708167238,635.0,357.0,2,1
6,4,edad,Brats18_TCIA03_498_1,-0.06711288808806991,467.0,375.0,2,1
6,4,edad,Brats18_TCIA04_111_1,0.5635923242805395,626.0,244.0,2,0
6,4,edad,Brats18_TCIA04_149_1,-0.9523339576974749,448.0,600.0,1,2
6,4,edad,Brats18_TCIA05_478_1,-0.06817846851069356,30.0,375.0,0,1
6,4,edad,Brats18_TCIA06_372_1,0.5343085956291715,213.0,254.0,0,0
6,4,coxnet,Brats18_2013_11_1,-1.257484949988546,150.0,804.0,0,2
6,4,coxnet,Brats18_CBICA_ABE_1,0.24245804279314895,269.0,329.0,0,0
6,4,coxnet,Brats18_CBICA_ABY_1,-0.49788377467228173,515.0,465.0,2,2
6,4,coxnet,Brats18_CBICA_AME_1,-0.3650019018984909,359.0,434.0,1,2
6,4,coxnet,Brats18_CBICA_ANG_1,-0.20615145180671465,368.0,394.0,1,2
6,4,coxnet,Brats18_CBICA_AOP_1,0.2703604445851049,332.0,322.0,1,0
6,4,coxnet,Brats18_CBICA_AQR_1,0.4099515088294044,89.0,287.0,0,0
6,4,coxnet,Brats18_CBICA_ASE_1,-0.5591744013314144,318.0,473.0,1,2
6,4,coxnet,Brats18_CBICA_ASN_1,-0.8483019314258675,407.0,576.0,1,2
6,4,coxnet,Brats18_CBICA_ASU_1,0.8012564299448186,85.0,203.0,0,0
6,4,coxnet,Brats18_CBICA_ASY_1,0.21814698902416166,610.0,329.0,2,0
6,4,coxnet,Brats18_CBICA_AVJ_1,-0.6211359349387017,614.0,486.0,2,2
6,4,coxnet,Brats18_CBICA_AWH_1,-0.3243519694558262,139.0,425.0,0,2
6,4,coxnet,Brats18_CBICA_AXM_1,0.23488055299123625,438.0,329.0,1,0
6,4,coxnet,Brats18_CBICA_AXW_1,0.7194040427026126,191.0,209.0,0,0
6,4,coxnet,Brats18_CBICA_AYA_1,0.5467405002981168,50.0,244.0,0,0
6,4,coxnet,Brats18_TCIA01_203_1,-0.5942201388120703,268.0,476.0,0,2
6,4,coxnet,Brats18_TCIA01_378_1,0.5194695305005612,110.0,254.0,0,0
6,4,coxnet,Brats18_TCIA01_390_1,0.1023144241736991,634.0,346.0,2,1
6,4,coxnet,Brats18_TCIA01_401_1,0.7028678129505997,448.0,209.0,1,0
6,4,coxnet,Brats18_TCIA02_118_1,-0.5391651411104301,104.0,468.0,0,2
6,4,coxnet,Brats18_TCIA02_151_1,-0.5134333595498279,1731.0,466.0,2,2
6,4,coxnet,Brats18_TCIA02_314_1,-0.8141638968801831,362.0,522.0,1,2
6,4,coxnet,Brats18_TCIA02_322_1,-0.14288754312010912,621.0,387.0,2,1
6,4,coxnet,Brats18_TCIA03_121_1,-1.2066527937167182,747.0,788.0,2,2
6,4,coxnet,Brats18_TCIA03_199_1,-0.4798083651176855,1282.0,464.0,2,2
6,4,coxnet,Brats18_TCIA03_474_1,0.01679175613387874,635.0,357.0,2,1
6,4,coxnet,Brats18_TCIA03_498_1,-0.06711291490743329,467.0,375.0,2,1
6,4,coxnet,Brats18_TCIA04_111_1,0.5635924577633917,626.0,244.0,2,0
6,4,coxnet,Brats18_TCIA04_149_1,-0.9523342079213548,448.0,600.0,1,2
6,4,coxnet,Brats18_TCIA05_478_1,-0.0681784718506084,30.0,375.0,0,1
6,4,coxnet,Brats18_TCIA06_372_1,0.5343087263318491,213.0,254.0,0,0
6,4,genetico,Brats18_2013_11_1,-0.7967513690258605,150.0,503.0,0,2
6,4,genetico,Brats18_CBICA_ABE_1,0.904324915145822,269.0,199.0,0,0
6,4,genetico,Brats18_CBICA_ABY_1,-0.21428917905746533,515.0,394.0,2,1
6,4,genetico,Brats18_CBICA_AME_1,-0.2391214472383488,359.0,394.0,1,1
6,4,genetico,Brats18_CBICA_ANG_1,0.1024037261464684,368.0,346.0,1,1
6,4,genetico,Brats18_CBICA_AOP_1,0.35167875891627887,332.0,317.0,1,0
6,4,genetico,Brats18_CBICA_AQR_1,0.013258751203611675,89.0,357.0,0,1
6,4,genetico,Brats18_CBICA_ASE_1,-1.1185046394573177,318.0,630.0,1,2
6,4,genetico,Brats18_CBICA_ASN_1,0.03976023058421191,407.0,355.0,1,1
6,4,genetico,Brats18_CBICA_ASU_1,0.6585255679094466,85.0,239.0,0,0
6,4,genetico,Brats18_CBICA_ASY_1,-0.24168434537168793,610.0,394.0,2,1
6,4,genetico,Brats18_CBICA_AVJ_1,-0.5884198281764362,614.0,466.0,2,2
6,4,genetico,Brats18_CBICA_AWH_1,-0.327592603762645,139.0,421.0,0,2
6,4,genetico,Brats18_CBICA_AXM_1,-0.2893925624798374,438.0,405.0,1,2
6,4,genetico,Brats18_CBICA_AXW_1,0.11694001263632563,191.0,346.0,0,1
6,4,genetico,Brats18_CBICA_AYA_1,0.2047301542989431,50.0,333.0,0,0
6,4,genetico,Brats18_TCIA01_203_1,0.22596848476564158,268.0,331.0,0,0
6,4,genetico,Brats18_TCIA01_378_1,0.7824809554123404,110.0,209.0,0,0
6,4,genetico,Brats18_TCIA01_390_1,0.05415370701228291,634.0,355.0,2,1
6,4,genetico,Brats18_TCIA01_401_1,0.6422364219368006,448.0,239.0,1,0
6,4,genetico,Brats18_TCIA02_118_1,0.9454970610470991,104.0,187.0,0,0
6,4,genetico,Brats18_TCIA02_151_1,-1.4693433024023665,1731.0,828.0,2,2
6,4,genetico,Brats18_TCIA02_314_1,0.10945855577604598,362.0,346.0,1,1
6,4,genetico,Brats18_TCIA02_322_1,-0.5060245331108043,621.0,453.0,2,2
6,4,genetico,Brats18_TCIA03_121_1,-1.245863076480078,747.0,734.0,2,2
6,4,genetico,Brats18_TCIA03_199_1,-1.257277857050533,1282.0,737.0,2,2
6,4,genetico,Brats18_TCIA03_474_1,0.9743280680884425,635.0,187.0,2,0
6,4,genetico,Brats18_TCIA03_498_1,-0.1730317927734557,467.0,387.0,2,1
6,4,genetico,Brats18_TCIA04_111_1,0.42351614035762974,626.0,289.0,2,0
6,4,genetico,Brats18_TCIA04_149_1,-0.7760665613551365,448.0,503.0,1,2
6,4,genetico,Brats18_TCIA05_478_1,-0.48870859843774406,30.0,448.0,0,2
6,4,genetico,Brats18_TCIA06_372_1,-0.2761250865326033,213.0,401.0,0,2
7,0,edad,Brats18_CBICA_ABE_1,0.25103683752178685,269.0,327.0,0,0
7,0,edad,Brats18_CBICA_ABM_1,0.3583668267246794,503.0,291.0,2,0
7,0,edad,Brats18_CBICA_ABY_1,-0.47164918812683515,515.0,465.0,2,2
7,0,edad,Brats18_CBICA_ALN_1,0.01279970427315526,421.0,359.0,1,1
7,0,edad,Brats18_CBICA_ANI_1,-0.09060075912259605,439.0,376.0,1,1
7,0,edad,Brats18_CBICA_AQJ_1,0.21050878704029236,170.0,331.0,0,0
7,0,edad,Brats18_CBICA_AQP_1,-0.545424108917768,1283.0,473.0,2,2
7,0,edad,Brats18_CBICA_AQQ_1,0.36144880774988797,33.0,291.0,0,0
7,0,edad,Brats18_CBICA_AUR_1,0.37146524608181586,12.0,291.0,0,0
7,0,edad,Brats18_CBICA_AVJ_1,-0.5919620223984191,614.0,486.0,2,2
7,0,edad,Brats18_CBICA_AWG_1,-0.19561926255658227,180.0,394.0,0,1
7,0,edad,Brats18_CBICA_BHM_1,0.05471464621599342,436.0,355.0,1,1
7,0,edad,Brats18_TCIA01_147_1,0.031060441847516593,209.0,357.0,0,1
7,0,edad,Brats18_TCIA01_190_1,0.035298165757178784,322.0,357.0,1,1
7,0,edad,Brats18_TCIA01_201_1,0.004593929793537098,430.0,359.0,1,1
7,0,edad,Brats18_TCIA01_231_1,0.12309610021281109,1561.0,345.0,2,0
7,0,edad,Brats18_TCIA01_390_1,0.11423540476533622,634.0,350.0,2,1
7,0,edad,Brats18_TCIA01_460_1,-1.6039690167885061,630.0,1282.0,2,2
7,0,edad,Brats18_TCIA02_118_1,-0.5119460900314386,104.0,468.0,0,2
7,0,edad,Brats18_TCIA02_135_1,0.3372552567019998,828.0,296.0,2,0
7,0,edad,Brats18_TCIA02_179_1,-0.5367560372843686,405.0,473.0,1,2
7,0,edad,Brats18_TCIA02_314_1,-0.780386637327115,362.0,558.0,1,2
7,0,edad,Brats18_TCIA02_321_1,0.7936581217725908,67.0,208.0,0,0
7,0,edad,Brats18_TCIA02_322_1,-0.12511894660493336,621.0,385.0,2,1
7,0,edad,Brats18_TCIA02_331_1,0.93361858507988,187.0,175.0,0,0
7,0,edad,Brats18_TCIA02_394_1,0.14012404537708908,616.0,345.0,2,0
7,0,edad,Brats18_TCIA03_296_1,-0.007040548576625676,22.0,368.0,0,1
7,0,edad,Brats18_TCIA03_498_1,-0.051151401999925114,467.0,375.0,2,1
7,0,edad,Brats18_TCIA04_437_1,-0.5261232027473984,333.0,468.0,1,2
7,0,edad,Brats18_TCIA04_479_1,-0.16217976843306792,372.0,387.0,1,1
7,0,edad,Brats18_TCIA08_105_1,0.2318129808770473,77.0,329.0,0,0
7,0,edad,Brats18_TCIA08_218_1,-0.1257738675727903,346.0,385.0,1,1
7,0,edad,Brats18_TCIA08_242_1,0.22611131598041137,147.0,329.0,0,0
7,0,coxnet,Brats18_CBICA_ABE_1,0.2679168280188025,269.0,327.0,0,0
7,0,coxnet,Brats18_CBICA_ABM_1,0.3497559029066399,503.0,291.0,2,0
7,0,coxnet,Brats18_CBICA_ABY_1,-0.46668793599966785,515.0,464.0,2,2
7,0,coxnet,Brats18_CBICA_ALN_1,0.02777861898850965,421.0,357.0,1,1
7,0,coxnet,Brats18_CBICA_ANI_1,-0.07624005376275288,439.0,376.0,1,1
7,0,coxnet,Brats18_CBICA_AQJ_1,0.23062073868907534,170.0,329.0,0,0
7,0,coxnet,Brats18_CBICA_AQP_1,-0.5389161384395698,1283.0,473.0,2,2
7,0,coxnet,Brats18_CBICA_AQQ_1,0.38054322042424266,33.0,289.0,0,0
7,0,coxnet,Brats18_CBICA_AUR_1,0.3808951952328707,12.0,289.0,0,0
7,0,coxnet,Brats18_CBICA_AVJ_1,-0.5960247726067126,614.0,486.0,2,2
7,0,coxnet,Brats18_CBICA_AWG_1,-0.1873005022319777,180.0,394.0,0,1
7,0,coxnet,Brats18_CBICA_BHM_1,0.05633616822252855,436.0,355.0,1,1
7,0,coxnet,Brats18_TCIA01_147_1,0.04763473319272309,209.0,355.0,0,1
7,0,coxnet,Brats18_TCIA01_190_1,0.05219160355725054,322.0,355.0,1,1
7,0,coxnet,Brats18_TCIA01_201_1,0.004136389494104219,430.0,359.0,1,1
7,0,coxnet,Brats18_TCIA01_231_1,0.13757724138985108,1561.0,345.0,2,0
7,0,coxnet,Brats18_TCIA01_390_1,0.12040738265623374,634.0,345.0,2,1
7,0,coxnet,Brats18_TCIA01_460_1,-1.6015771112054815,630.0,1282.0,2,2
7,0,coxnet,Brats18_TCIA02_118_1,-0.49466126143444883,104.0,466.0,0,2
7,0,coxnet,Brats18_TCIA02_135_1,0.3543312100136828,828.0,291.0,2,0
7,0,coxnet,Brats18_TCIA02_179_1,-0.5349165912878127,405.0,473.0,1,2
7,0,coxnet,Brats18_TCIA02_314_1,-0.7694876642444273,362.0,522.0,1,2
7,0,coxnet,Brats18_TCIA02_321_1,0.8190544313877909,67.0,208.0,0,0
7,0,coxnet,Brats18_TCIA02_322_1,-0.12107418974177972,621.0,385.0,2,1
7,0,coxnet,Brats18_TCIA02_331_1,0.937627878885249,187.0,175.0,0,0
7,0,coxnet,Brats18_TCIA02_394_1,0.15378835335757463,616.0,336.0,2,0
7,0,coxnet,Brats18_TCIA03_296_1,0.002057089949533848,22.0,359.0,0,1
7,0,coxnet,Brats18_TCIA03_498_1,-0.06466667116604588,467.0,375.0,2,1
7,0,coxnet,Brats18_TCIA04_437_1,-0.5386424557933169,333.0,473.0,1,2
7,0,coxnet,Brats18_TCIA04_479_1,-0.14793331496694168,372.0,387.0,1,1
7,0,coxnet,Brats18_TCIA08_105_1,0.22898418850039867,77.0,329.0,0,0
7,0,coxnet,Brats18_TCIA08_218_1,-0.12103808550713402,346.0,385.0,1,1
7,0,coxnet,Brats18_TCIA08_242_1,0.20380626806849625,147.0,331.0,0,0
7,0,genetico,Brats18_CBICA_ABE_1,0.7063077360009072,269.0,232.0,0,0
7,0,genetico,Brats18_CBICA_ABM_1,0.2699462932465222,503.0,327.0,2,0
7,0,genetico,Brats18_CBICA_ABY_1,-0.3414692044545973,515.0,425.0,2,2
7,0,genetico,Brats18_CBICA_ALN_1,-0.0031428249254918106,421.0,359.0,1,1
7,0,genetico,Brats18_CBICA_ANI_1,-0.23506473411425716,439.0,394.0,1,2
7,0,genetico,Brats18_CBICA_AQJ_1,0.5508613076958753,170.0,265.0,0,0
7,0,genetico,Brats18_CBICA_AQP_1,-0.03577734999867327,1283.0,370.0,2,1
7,0,genetico,Brats18_CBICA_AQQ_1,1.03453341741724,33.0,175.0,0,0
7,0,genetico,Brats18_CBICA_AUR_1,0.5173520914262425,12.0,268.0,0,0
7,0,genetico,Brats18_CBICA_AVJ_1,-0.4159868644614676,614.0,448.0,2,2
7,0,genetico,Brats18_CBICA_AWG_1,0.034144629433397106,180.0,357.0,0,1
7,0,genetico,Brats18_CBICA_BHM_1,0.25384844304570053,436.0,329.0,1,0
7,0,genetico,Brats18_TCIA01_147_1,0.08543554556138,209.0,355.0,0,1
7,0,genetico,Brats18_TCIA01_190_1,-0.4840746092884116,322.0,464.0,1,2
7,0,genetico,Brats18_TCIA01_201_1,0.9385214223020127,430.0,199.0,1,0
7,0,genetico,Brats18_TCIA01_231_1,0.23241597884772508,1561.0,331.0,2,1
7,0,genetico,Brats18_TCIA01_390_1,-0.2747172897538671,634.0,407.0,2,2
7,0,genetico,Brats18_TCIA01_460_1,-1.3956499452116586,630.0,788.0,2,2
7,0,genetico,Brats18_TCIA02_118_1,0.6139037034529348,104.0,254.0,0,0
7,0,genetico,Brats18_TCIA02_135_1,0.6233211895301183,828.0,244.0,2,0
7,0,genetico,Brats18_TCIA02_179_1,-0.05102464357388073,405.0,370.0,1,1
7,0,genetico,Brats18_TCIA02_314_1,-0.023099057967307768,362.0,368.0,1,1
7,0,genetico,Brats18_TCIA02_321_1,0.9867340103557474,67.0,191.0,0,0
7,0,genetico,Brats18_TCIA02_322_1,-0.08192392649698585,621.0,376.0,2,1
7,0,genetico,Brats18_TCIA02_331_1,1.1076493593694319,187.0,169.0,0,0
7,0,genetico,Brats18_TCIA02_394_1,0.5859456864342499,616.0,262.0,2,0
7,0,genetico,Brats18_TCIA03_296_1,-0.3318070467913631,22.0,425.0,0,2
7,0,genetico,Brats18_TCIA03_498_1,0.18120112303642996,467.0,332.0,2,1
7,0,genetico,Brats18_TCIA04_437_1,-1.2976392102818748,333.0,737.0,1,2
7,0,genetico,Brats18_TCIA04_479_1,-0.3154656753660071,372.0,424.0,1,2
7,0,genetico,Brats18_TCIA08_105_1,1.0860138196720295,77.0,169.0,0,0
7,0,genetico,Brats18_TCIA08_218_1,-0.895564891051869,346.0,576.0,1,2
7,0,genetico,Brats18_TCIA08_242_1,0.2664515634676257,147.0,327.0,0,0
7,1,edad,Brats18_CBICA_ALU_1,0.18433702063213686,495.0,333.0,2,0
7,1,edad,Brats18_CBICA_ANP_1,0.046889532664034624,486.0,355.0,2,1
7,1,edad,Brats18_CBICA_ANZ_1,0.2531567922044285,287.0,322.0,0,0
7,1,edad,Brats18_CBICA_AOD_1,0.014112115877976004,55.0,357.0,0,1
7,1,edad,Brats18_CBICA_AOH_1,-0.10304154177532027,576.0,382.0,2,1
7,1,edad,Brats18_CBICA_AOZ_1,-0.4312958475771105,331.0,453.0,1,2
7,1,edad,Brats18_CBICA_APR_1,0.08206763915610372,23.0,350.0,0,1
7,1,edad,Brats18_CBICA_AQN_1,0.09768812684320986,488.0,350.0,2,1
7,1,edad,Brats18_CBICA_AQT_1,0.506957707923823,172.0,262.0,0,0
7,1,edad,Brats18_CBICA_AQV_1,-0.21696227062452267,84.0,401.0,0,2
7,1,edad,Brats18_CBICA_ASE_1,-0.42655848655725037,318.0,448.0,1,2
7,1,edad,Brats18_CBICA_ASU_1,0.6768305115211024,85.0,210.0,0,0
7,1,edad,Brats18_CBICA_AUN_1,0.2677209764208901,376.0,322.0,1,0
7,1,edad,Brats18_CBICA_AUQ_1,0.021634276956807846,1337.0,357.0,2,1
7,1,edad,Brats18_CBICA_AVG_1,0.10303366258859255,579.0,346.0,2,1
7,1,edad,Brats18_CBICA_AVV_1,0.3890038203685238,387.0,286.0,1,0
7,1,edad,Brats18_CBICA_AWI_1,-0.434976905126326,375.0,453.0,1,2
7,1,edad,Brats18_CBICA_AXL_1,0.46380931160780026,168.0,268.0,0,0
7,1,edad,Brats18_CBICA_AXM_1,0.21746653857507706,438.0,332.0,1,0
7,1,edad,Brats18_CBICA_AXQ_1,0.19659654273082863,114.0,333.0,0,0
7,1,edad,Brats18_CBICA_AZD_1,-0.4443555995778056,448.0,453.0,1,2
7,1,edad,Brats18_TCIA01_186_1,-0.8403093550890827,370.0,610.0,1,2
7,1,edad,Brats18_TCIA01_378_1,0.44828485150893455,110.0,268.0,0,0
7,1,edad,Brats18_TCIA01_499_1,-0.3219524337673673,600.0,430.0,2,2
7,1,edad,Brats18_TCIA02_226_1,0.4301356373314979,329.0,269.0,1,0
7,1,edad,Brats18_TCIA02_290_1,-0.5450565304459122,737.0,468.0,2,2
7,1,edad,Brats18_TCIA02_300_1,0.13565103339425064,127.0,345.0,0,0
7,1,edad,Brats18_TCIA03_199_1,-0.3621879932400977,1282.0,436.0,2,2
7,1,edad,Brats18_TCIA03_257_1,0.2940325355987612,425.0,317.0,1,0
7,1,edad,Brats18_TCIA03_375_1,-0.004485227044582854,946.0,359.0,2,1
7,1,edad,Brats18_TCIA05_277_1,0.32735410871818266,232.0,296.0,0,0
7,1,edad,Brats18_TCIA06_409_1,0.2921119838339534,99.0,317.0,0,0
7,1,edad,Brats18_TCIA08_278_1,-0.3085405806097906,1458.0,430.0,2,2
7,1,coxnet,Brats18_CBICA_ALU_1,0.18432794306863404,495.0,333.0,2,0
7,1,coxnet,Brats18_CBICA_ANP_1,0.04688722361776225,486.0,355.0,2,1
7,1,coxnet,Brats18_CBICA_ANZ_1,0.25314432565349076,287.0,322.0,0,0
7,1,coxnet,Brats18_CBICA_AOD_1,0.014111420935486573,55.0,357.0,0,1
7,1,coxnet,Brats18_CBICA_AOH_1,-0.10303646755780425,576.0,382.0,2,1
7,1,coxnet,Brats18_CBICA_AOZ_1,-0.43127460867766665,331.0,453.0,1,2
7,1,coxnet,Brats18_CBICA_APR_1,0.08206359778555648,23.0,350.0,0,1
7,1,coxnet,Brats18_CBICA_AQN_1,0.09768331625132856,488.0,350.0,2,1
7,1,coxnet,Brats18_CBICA_AQT_1,0.50693274310248,172.0,262.0,0,0
7,1,coxnet,Brats18_CBICA_AQV_1,-0.21695158645059698,84.0,401.0,0,2
7,1,coxnet,Brats18_CBICA_ASE_1,-0.4265374809462439,318.0,448.0,1,2
7,1,coxnet,Brats18_CBICA_ASU_1,0.6767971814177517,85.0,210.0,0,0
7,1,coxnet,Brats18_CBICA_AUN_1,0.26770779266563477,376.0,322.0,1,0
7,1,coxnet,Brats18_CBICA_AUQ_1,0.02163321159011041,1337.0,357.0,2,1
7,1,coxnet,Brats18_CBICA_AVG_1,0.10302858875908259,579.0,346.0,2,1
7,1,coxnet,Brats18_CBICA_AVV_1,0.38898466411401694,387.0,286.0,1,0
7,1,coxnet,Brats18_CBICA_AWI_1,-0.4349554849554612,375.0,453.0,1,2
7,1,coxnet,Brats18_CBICA_AXL_1,0.4637864716027653,168.0,268.0,0,0
7,1,coxnet,Brats18_CBICA_AXM_1,0.2174558295687858,438.0,332.0,1,0
7,1,coxnet,Brats18_CBICA_AXQ_1,0.19658686145468046,114.0,333.0,0,0
7,1,coxnet,Brats18_CBICA_AZD_1,-0.44433371755888573,448.0,453.0,1,2
7,1,coxnet,Brats18_TCIA01_186_1,-0.840267974570363,370.0,610.0,1,2
7,1,coxnet,Brats18_TCIA01_378_1,0.44826277599641395,110.0,268.0,0,0
7,1,coxnet,Brats18_TCIA01_499_1,-0.3219365794172619,600.0,430.0,2,2
7,1,coxnet,Brats18_TCIA02_226_1,0.4301144555658962,329.0,269.0,1,0
7,1,coxnet,Brats18_TCIA02_290_1,-0.5450296894714247,737.0,468.0,2,2
7,1,coxnet,Brats18_TCIA02_300_1,0.13564435334232386,127.0,345.0,0,0
7,1,coxnet,Brats18_TCIA03_199_1,-0.36217015751454773,1282.0,436.0,2,2
7,1,coxnet,Brats18_TCIA03_257_1,0.29401805614691445,425.0,317.0,1,0
7,1,coxnet,Brats18_TCIA03_375_1,-0.004485006172328251,946.0,359.0,2,1
7,1,coxnet,Brats18_TCIA05_277_1,0.32733798836590816,232.0,296.0,0,0
7,1,coxnet,Brats18_TCIA06_409_1,0.2920975989585003,99.0,317.0,0,0
7,1,coxnet,Brats18_TCIA08_278_1,-0.3085253867181667,1458.0,430.0,2,2
7,1,genetico,Brats18_CBICA_ALU_1,-0.06960360752987485,495.0,372.0,2,1
7,1,genetico,Brats18_CBICA_ANP_1,-0.010475792554810515,486.0,359.0,2,1
7,1,genetico,Brats18_CBICA_ANZ_1,0.30451319193050413,287.0,317.0,0,0
7,1,genetico,Brats18_CBICA_AOD_1,0.9371626135788396,55.0,191.0,0,0
7,1,genetico,Brats18_CBICA_AOH_1,-0.42767870884860393,576.0,448.0,2,2
7,1,genetico,Brats18_CBICA_AOZ_1,-0.015109296643457365,331.0,359.0,1,1
7,1,genetico,Brats18_CBICA_APR_1,0.4372706848409701,23.0,269.0,0,0
7,1,genetico,Brats18_CBICA_AQN_1,0.056553287487595194,488.0,355.0,2,1
7,1,genetico,Brats18_CBICA_AQT_1,0.47862254985632613,172.0,268.0,0,0
7,1,genetico,Brats18_CBICA_AQV_1,-0.544816169914839,84.0,466.0,0,2
7,1,genetico,Brats18_CBICA_ASE_1,-0.30699502431148673,318.0,421.0,1,2
7,1,genetico,Brats18_CBICA_ASU_1,0.7029837572062322,85.0,213.0,0,0
7,1,genetico,Brats18_CBICA_AUN_1,0.21859955890997415,376.0,332.0,1,0
7,1,genetico,Brats18_CBICA_AUQ_1,-0.27214857660399006,1337.0,407.0,2,2
7,1,genetico,Brats18_CBICA_AVG_1,-0.3593929799603981,579.0,434.0,2,2
7,1,genetico,Brats18_CBICA_AVV_1,0.7275350296244951,387.0,210.0,1,0
7,1,genetico,Brats18_CBICA_AWI_1,-0.4911384619509539,375.0,453.0,1,2
7,1,genetico,Brats18_CBICA_AXL_1,0.7470210498904122,168.0,209.0,0,0
7,1,genetico,Brats18_CBICA_AXM_1,-0.32762354880683975,438.0,424.0,1,2
7,1,genetico,Brats18_CBICA_AXQ_1,0.6790842774933206,114.0,229.0,0,0
7,1,genetico,Brats18_CBICA_AZD_1,-0.6552471837852916,448.0,476.0,1,2
7,1,genetico,Brats18_TCIA01_186_1,-0.852838309869892,370.0,558.0,1,2
7,1,genetico,Brats18_TCIA01_378_1,0.5734593857063078,110.0,254.0,0,0
7,1,genetico,Brats18_TCIA01_499_1,-0.5211650085652305,600.0,465.0,2,2
7,1,genetico,Brats18_TCIA02_226_1,0.7757184715389691,329.0,209.0,1,0
7,1,genetico,Brats18_TCIA02_290_1,-0.2496224410983885,737.0,405.0,2,2
7,1,genetico,Brats18_TCIA02_300_1,0.8820546919876499,127.0,199.0,0,0
7,1,genetico,Brats18_TCIA03_199_1,-0.5315586952927024,1282.0,465.0,2,2
7,1,genetico,Brats18_TCIA03_257_1,0.5617937866040783,425.0,254.0,1,0
7,1,genetico,Brats18_TCIA03_375_1,-0.15384454449426127,946.0,387.0,2,1
7,1,genetico,Brats18_TCIA05_277_1,-0.06192932493189915,232.0,368.0,0,1
7,1,genetico,Brats18_TCIA06_409_1,0.03475471154192398,99.0,355.0,0,1
7,1,genetico,Brats18_TCIA08_278_1,-0.7278471591269029,1458.0,508.0,2,2
7,2,edad,Brats18_2013_11_1,-1.0511940910901951,150.0,634.0,0,2
7,2,edad,Brats18_2013_27_1,0.23827170779091433,120.0,332.0,0,0
7,2,edad,Brats18_CBICA_AAG_1,-0.2840448113085623,616.0,430.0,2,2
7,2,edad,Brats18_CBICA_APY_1,-0.5066351156655454,203.0,467.0,0,2
7,2,edad,Brats18_CBICA_AQA_1,0.5149599089030129,106.0,286.0,0,0
7,2,edad,Brats18_CBICA_AQD_1,0.4045431845823707,32.0,296.0,0,0
7,2,edad,Brats18_CBICA_AQG_1,-0.23955989865821659,466.0,424.0,2,2
7,2,edad,Brats18_CBICA_AQO_1,0.23296799242276595,473.0,332.0,2,0
7,2,edad,Brats18_CBICA_ARF_1,0.4799885356942833,726.0,287.0,2,0
7,2,edad,Brats18_CBICA_ARW_1,-0.5441589018951964,495.0,476.0,2,2
7,2,edad,Brats18_CBICA_ASN_1,-0.7075133352341708,407.0,519.0,1,2
7,2,edad,Brats18_CBICA_ASO_1,-0.2812272125192334,265.0,425.0,0,2
7,2,edad,Brats18_CBICA_ATD_1,0.2766573477678893,355.0,329.0,1,0
7,2,edad,Brats18_CBICA_ATP_1,-0.3063867122968879,385.0,434.0,1,2
7,2,edad,Brats18_CBICA_AXJ_1,-1.09458511244586,1767.0,660.0,2,2
7,2,edad,Brats18_CBICA_AYA_1,0.46420998247404144,50.0,287.0,0,0
7,2,edad,Brats18_CBICA_AYI_1,0.16869359180501625,387.0,345.0,1,0
7,2,edad,Brats18_CBICA_AYU_1,0.09775639875602951,58.0,350.0,0,0
7,2,edad,Brats18_TCIA01_203_1,-0.49410508810829457,268.0,465.0,0,2
7,2,edad,Brats18_TCIA01_235_1,-0.09476846910776185,804.0,382.0,2,1
7,2,edad,Brats18_TCIA01_335_1,-0.21075409456495994,355.0,405.0,1,2
7,2,edad,Brats18_TCIA01_411_1,-0.5942790121241998,822.0,488.0,2,2
7,2,edad,Brats18_TCIA02_151_1,-0.4262506796170445,1731.0,448.0,2,2
7,2,edad,Brats18_TCIA02_283_1,0.46420998247404144,262.0,287.0,0,0
7,2,edad,Brats18_TCIA03_138_1,0.3660249517211918,82.0,317.0,0,0
7,2,edad,Brats18_TCIA03_419_1,0.32352893233390195,327.0,318.0,1,0
7,2,edad,Brats18_TCIA03_474_1,0.019095670202176816,635.0,368.0,2,1
7,2,edad,Brats18_TCIA04_149_1,-0.7948920459244179,448.0,576.0,1,2
7,2,edad,Brats18_TCIA05_478_1,-0.0522724497204717,30.0,375.0,0,1
7,2,edad,Brats18_TCIA06_372_1,0.4537682928429992,213.0,289.0,0,0
7,2,edad,Brats18_TCIA08_167_1,0.46656350616865727,153.0,287.0,0,0
7,2,edad,Brats18_TCIA08_280_1,-0.11502203216987893,508.0,387.0,2,1
7,2,edad,Brats18_TCIA08_319_1,0.13352332926998114,254.0,346.0,0,0
7,2,coxnet,Brats18_2013_11_1,-1.569389334101415,150.0,871.0,0,2
7,2,coxnet,Brats18_2013_27_1,-0.014168378847769591,120.0,368.0,0,1
7,2,coxnet,Brats18_CBICA_AAG_1,-0.5440567810186729,616.0,464.0,2,2
7,2,coxnet,Brats18_CBICA_APY_1,-1.6677944587933586,203.0,1155.0,0,2
7,2,coxnet,Brats18_CBICA_AQA_1,0.2016461607491542,106.0,332.0,0,0
7,2,coxnet,Brats18_CBICA_AQD_1,0.36358923392331133,32.0,317.0,0,0
7,2,coxnet,Brats18_CBICA_AQG_1,-0.202332091310124,466.0,394.0,2,2
7,2,coxnet,Brats18_CBICA_AQO_1,0.17879349929007818,473.0,333.0,2,0
7,2,coxnet,Brats18_CBICA_ARF_1,0.474865031148803,726.0,287.0,2,0
7,2,coxnet,Brats18_CBICA_ARW_1,-0.6815469396232525,495.0,486.0,2,2
7,2,coxnet,Brats18_CBICA_ASN_1,-0.2002384525364514,407.0,394.0,1,2
7,2,coxnet,Brats18_CBICA_ASO_1,-0.26569041877552285,265.0,405.0,0,2
7,2,coxnet,Brats18_CBICA_ATD_1,0.023764286167607236,355.0,359.0,1,1
7,2,coxnet,Brats18_CBICA_ATP_1,-0.5506602458735907,385.0,464.0,1,2
7,2,coxnet,Brats18_CBICA_AXJ_1,-1.7378695997454336,1767.0,1278.0,2,2
7,2,coxnet,Brats18_CBICA_AYA_1,0.5916332139331125,50.0,239.0,0,0
7,2,coxnet,Brats18_CBICA_AYI_1,0.26943891237560086,387.0,329.0,1,0
7,2,coxnet,Brats18_CBICA_AYU_1,-0.12065589790079297,58.0,376.0,0,1
7,2,coxnet,Brats18_TCIA01_203_1,-0.22795157576209502,268.0,394.0,0,2
7,2,coxnet,Brats18_TCIA01_235_1,-0.24541933385401732,804.0,401.0,2,2
7,2,coxnet,Brats18_TCIA01_335_1,-0.15477944789393316,355.0,382.0,1,1
7,2,coxnet,Brats18_TCIA01_411_1,-0.5434616185105734,822.0,464.0,2,2
7,2,coxnet,Brats18_TCIA02_151_1,-0.6417242896580382,1731.0,476.0,2,2
7,2,coxnet,Brats18_TCIA02_283_1,0.6347583441463538,262.0,232.0,0,0
7,2,coxnet,Brats18_TCIA03_138_1,0.9603625725092545,82.0,180.0,0,0
7,2,coxnet,Brats18_TCIA03_419_1,0.5393445795962303,327.0,269.0,1,0
7,2,coxnet,Brats18_TCIA03_474_1,0.6314226535580247,635.0,232.0,2,0
7,2,coxnet,Brats18_TCIA04_149_1,-0.826249825306848,448.0,519.0,1,2
7,2,coxnet,Brats18_TCIA05_478_1,-0.23576086215011696,30.0,401.0,0,2
7,2,coxnet,Brats18_TCIA06_372_1,0.11009464054214688,213.0,346.0,0,1
7,2,coxnet,Brats18_TCIA08_167_1,0.6432522297973893,153.0,232.0,0,0
7,2,coxnet,Brats18_TCIA08_280_1,-1.9683774277509332,508.0,1337.0,2,2
7,2,coxnet,Brats18_TCIA08_319_1,0.12499417424666673,254.0,345.0,0,1
7,2,genetico,Brats18_2013_11_1,1.7145825291714,150.0,104.0,0,0
7,2,genetico,Brats18_2013_27_1,0.33308975707438704,120.0,329.0,0,0
7,2,genetico,Brats18_CBICA_AAG_1,-0.27941452899999775,616.0,424.0,2,2
7,2,genetico,Brats18_CBICA_APY_1,-0.8478490778915002,203.0,522.0,0,2
7,2,genetico,Brats18_CBICA_AQA_1,0.1135314384435059,106.0,357.0,0,1
7,2,genetico,Brats18_CBICA_AQD_1,0.4926662272319219,32.0,291.0,0,0
7,2,genetico,Brats18_CBICA_AQG_1,-0.522844064702586,466.0,453.0,2,2
7,2,genetico,Brats18_CBICA_AQO_1,0.23353462597094887,473.0,333.0,2,1
7,2,genetico,Brats18_CBICA_ARF_1,1.12650454832358,726.0,172.0,2,0
7,2,genetico,Brats18_CBICA_ARW_1,-0.8328956245156692,495.0,519.0,2,2
7,2,genetico,Brats18_CBICA_ASN_1,0.3330104854903879,407.0,329.0,1,0
7,2,genetico,Brats18_CBICA_ASO_1,-0.25715047843712946,265.0,421.0,0,2
7,2,genetico,Brats18_CBICA_ATD_1,0.07947107490738414,355.0,359.0,1,1
7,2,genetico,Brats18_CBICA_ATP_1,-0.7598074970157843,385.0,503.0,1,2
7,2,genetico,Brats18_CBICA_AXJ_1,-0.9401460696845645,1767.0,579.0,2,2
7,2,genetico,Brats18_CBICA_AYA_1,0.767632362306048,50.0,210.0,0,0
7,2,genetico,Brats18_CBICA_AYI_1,0.594240433088887,387.0,286.0,1,0
7,2,genetico,Brats18_CBICA_AYU_1,-0.6566818482140411,58.0,486.0,0,2
7,2,genetico,Brats18_TCIA01_203_1,0.30517714952625935,268.0,331.0,0,0
7,2,genetico,Brats18_TCIA01_235_1,0.08498718013698726,804.0,359.0,2,1
7,2,genetico,Brats18_TCIA01_335_1,0.05809882095976391,355.0,362.0,1,1
7,2,genetico,Brats18_TCIA01_411_1,0.7875574638785933,822.0,210.0,2,0
7,2,genetico,Brats18_TCIA02_151_1,0.14329671352968454,1731.0,346.0,2,1
7,2,genetico,Brats18_TCIA02_283_1,0.8278009323277302,262.0,209.0,0,0
7,2,genetico,Brats18_TCIA03_138_1,0.1171016102777222,82.0,350.0,0,1
7,2,genetico,Brats18_TCIA03_419_1,0.5932386998625275,327.0,286.0,1,0
7,2,genetico,Brats18_TCIA03_474_1,0.9084845762002367,635.0,199.0,2,0
7,2,genetico,Brats18_TCIA04_149_1,-0.7028518507164809,448.0,488.0,1,2
7,2,genetico,Brats18_TCIA05_478_1,1.0544309298663324,30.0,180.0,0,0
7,2,genetico,Brats18_TCIA06_372_1,0.17653460054567194,213.0,345.0,0,1
7,2,genetico,Brats18_TCIA08_167_1,0.3639517933453541,153.0,322.0,0,0
7,2,genetico,Brats18_TCIA08_280_1,-0.8004395509144437,508.0,515.0,2,2
7,2,genetico,Brats18_TCIA08_319_1,0.18078932899998007,254.0,345.0,0,1
7,3,edad,Brats18_CBICA_AAL_1,-0.18008346886795693,464.0,387.0,2,2
7,3,edad,Brats18_CBICA_ABN_1,0.2984158696557181,1278.0,327.0,2,0
7,3,edad,Brats18_CBICA_ALX_1,0.004417992324810146,698.0,362.0,2,1
7,3,edad,Brats18_CBICA_AMH_1,0.10436768968090676,169.0,355.0,0,1
7,3,edad,Brats18_CBICA_AQR_1,0.40397725833889475,89.0,289.0,0,0
7,3,edad,Brats18_CBICA_AQU_1,0.45561166207403675,30.0,269.0,0,0
7,3,edad,Brats18_CBICA_AQZ_1,0.12938077724246336,286.0,350.0,0,1
7,3,edad,Brats18_CBICA_ASA_1,0.1437179642305513,210.0,346.0,0,1
7,3,edad,Brats18_CBICA_ASG_1,-0.06343556805079387,208.0,372.0,0,1
7,3,edad,Brats18_CBICA_ASH_1,-0.44461996673169646,660.0,453.0,2,2
7,3,edad,Brats18_CBICA_ASV_1,-0.16468553534853103,597.0,387.0,2,2
7,3,edad,Brats18_CBICA_ASW_1,0.30094797427891257,239.0,327.0,0,0
7,3,edad,Brats18_CBICA_ASY_1,0.23767957632909345,610.0,331.0,2,0
7,3,edad,Brats18_CBICA_ATB_1,0.3956281566083615,208.0,289.0,0,0
7,3,edad,Brats18_CBICA_ATX_1,-0.7794736943341484,1592.0,519.0,2,2
7,3,edad,Brats18_CBICA_AWH_1,-0.23267596624430767,139.0,407.0,0,2
7,3,edad,Brats18_CBICA_AXN_1,0.8964373899201828,345.0,175.0,1,0
7,3,edad,Brats18_CBICA_AYW_1,-0.33156491706906605,734.0,430.0,2,2
7,3,edad,Brats18_CBICA_AZH_1,-0.15907384402145128,401.0,387.0,1,2
7,3,edad,Brats18_CBICA_BHB_1,-0.13580585559209635,510.0,385.0,2,2
7,3,edad,Brats18_TCIA01_401_1,0.6579405085192949,448.0,213.0,1,0
7,3,edad,Brats18_TCIA01_412_1,0.31463502629618034,291.0,322.0,0,0
7,3,edad,Brats18_TCIA02_198_1,-0.1808362567289066,394.0,387.0,1,2
7,3,edad,Brats18_TCIA02_368_1,0.10258837291866199,317.0,355.0,1,1
7,3,edad,Brats18_TCIA02_377_1,0.14364952897046487,812.0,346.0,2,1
7,3,edad,Brats18_TCIA02_471_1,0.5834145102852729,111.0,254.0,0,0
7,3,edad,Brats18_TCIA02_491_1,0.7373254102194468,82.0,203.0,0,0
7,3,edad,Brats18_TCIA03_133_1,0.14364952897046487,382.0,346.0,1,1
7,3,edad,Brats18_TCIA04_111_1,0.5371864920969517,626.0,262.0,2,0
7,3,edad,Brats18_TCIA06_165_1,-0.26716733732782205,5.0,421.0,0,2
7,3,edad,Brats18_TCIA06_184_1,0.05485477900844138,434.0,357.0,1,1
7,3,edad,Brats18_TCIA06_247_1,0.5863230088389421,244.0,254.0,0,0
7,3,coxnet,Brats18_CBICA_AAL_1,-0.18008325470435677,464.0,387.0,2,2
7,3,coxnet,Brats18_CBICA_ABN_1,0.2984155147657478,1278.0,327.0,2,0
7,3,coxnet,Brats18_CBICA_ALX_1,0.004417987070729262,698.0,362.0,2,1
7,3,coxnet,Brats18_CBICA_AMH_1,0.10436756556201758,169.0,355.0,0,1
7,3,coxnet,Brats18_CBICA_AQR_1,0.40397677791043296,89.0,289.0,0,0
7,3,coxnet,Brats18_CBICA_AQU_1,0.45561112023955114,30.0,269.0,0,0
7,3,coxnet,Brats18_CBICA_AQZ_1,0.1293806233768522,286.0,350.0,0,1
7,3,coxnet,Brats18_CBICA_ASA_1,0.1437177933144935,210.0,346.0,0,1
7,3,coxnet,Brats18_CBICA_ASG_1,-0.06343549261027877,208.0,372.0,0,1
7,3,coxnet,Brats18_CBICA_ASH_1,-0.4446194379690436,660.0,453.0,2,2
7,3,coxnet,Brats18_CBICA_ASV_1,-0.16468533949686642,597.0,387.0,2,2
7,3,coxnet,Brats18_CBICA_ASW_1,0.3009476163776462,239.0,327.0,0,0
7,3,coxnet,Brats18_CBICA_ASY_1,0.2376792936695356,610.0,331.0,2,0
7,3,coxnet,Brats18_CBICA_ATB_1,0.39562768610903815,208.0,289.0,0,0
7,3,coxnet,Brats18_CBICA_ATX_1,-0.7794727673479371,1592.0,519.0,2,2
7,3,coxnet,Brats18_CBICA_AWH_1,-0.2326756895352743,139.0,407.0,0,2
7,3,coxnet,Brats18_CBICA_AXN_1,0.896436323835329,345.0,175.0,1,0
7,3,coxnet,Brats18_CBICA_AYW_1,-0.3315645227567133,734.0,430.0,2,2
7,3,coxnet,Brats18_CBICA_AZH_1,-0.15907365484346983,401.0,387.0,1,2
7,3,coxnet,Brats18_CBICA_BHB_1,-0.13580569408548418,510.0,385.0,2,2
7,3,coxnet,Brats18_TCIA01_401_1,0.6579397260659762,448.0,213.0,1,0
7,3,coxnet,Brats18_TCIA01_412_1,0.3146346521176379,291.0,322.0,0,0
7,3,coxnet,Brats18_TCIA02_198_1,-0.18083604167005624,394.0,387.0,1,2
7,3,coxnet,Brats18_TCIA02_368_1,0.10258825091581869,317.0,355.0,1,1
7,3,coxnet,Brats18_TCIA02_377_1,0.14364935813579344,812.0,346.0,2,1
7,3,coxnet,Brats18_TCIA02_471_1,0.5834138164617222,111.0,254.0,0,0
7,3,coxnet,Brats18_TCIA02_491_1,0.7373245333579269,82.0,203.0,0,0
7,3,coxnet,Brats18_TCIA03_133_1,0.14364935813579344,382.0,346.0,1,1
7,3,coxnet,Brats18_TCIA04_111_1,0.5371858532499008,626.0,262.0,2,0
7,3,coxnet,Brats18_TCIA06_165_1,-0.26716701960005307,5.0,421.0,0,2
7,3,coxnet,Brats18_TCIA06_184_1,0.054854713772598276,434.0,357.0,1,1
7,3,coxnet,Brats18_TCIA06_247_1,0.5863223115564702,244.0,254.0,0,0
7,3,genetico,Brats18_CBICA_AAL_1,-0.102266178608313,464.0,375.0,2,1
7,3,genetico,Brats18_CBICA_ABN_1,0.2441568551508111,1278.0,332.0,2,0
7,3,genetico,Brats18_CBICA_ALX_1,-0.34614857383738995,698.0,430.0,2,2
7,3,genetico,Brats18_CBICA_AMH_1,0.03814268360270963,169.0,357.0,0,1
7,3,genetico,Brats18_CBICA_AQR_1,0.10157290371237476,89.0,355.0,0,1
7,3,genetico,Brats18_CBICA_AQU_1,1.3575513255498555,30.0,121.0,0,0
7,3,genetico,Brats18_CBICA_AQZ_1,-0.1337088355179904,286.0,385.0,0,1
7,3,genetico,Brats18_CBICA_ASA_1,0.7618675201522931,210.0,203.0,0,0
7,3,genetico,Brats18_CBICA_ASG_1,0.22202758530171682,208.0,332.0,0,0
7,3,genetico,Brats18_CBICA_ASH_1,-0.9246635968675166,660.0,576.0,2,2
7,3,genetico,Brats18_CBICA_ASV_1,-0.4857176745609021,597.0,453.0,2,2
7,3,genetico,Brats18_CBICA_ASW_1,0.32319523123958405,239.0,327.0,0,0
7,3,genetico,Brats18_CBICA_ASY_1,-0.041978475425211687,610.0,370.0,2,1
7,3,genetico,Brats18_CBICA_ATB_1,1.3311893310683036,208.0,121.0,0,0
7,3,genetico,Brats18_CBICA_ATX_1,-1.7102548951178616,1592.0,1283.0,2,2
7,3,genetico,Brats18_CBICA_AWH_1,-0.02779775426037981,139.0,368.0,0,1
7,3,genetico,Brats18_CBICA_AXN_1,1.9577790579813656,345.0,84.0,1,0
7,3,genetico,Brats18_CBICA_AYW_1,-0.6261657457934954,734.0,476.0,2,2
7,3,genetico,Brats18_CBICA_AZH_1,-0.35004058966055807,401.0,430.0,1,2
7,3,genetico,Brats18_CBICA_BHB_1,-0.34302960174818636,510.0,430.0,2,2
7,3,genetico,Brats18_TCIA01_401_1,0.5433487534977597,448.0,265.0,1,0
7,3,genetico,Brats18_TCIA01_412_1,0.8197135783075508,291.0,199.0,0,0
7,3,genetico,Brats18_TCIA02_198_1,-0.2878347681283214,394.0,421.0,1,2
7,3,genetico,Brats18_TCIA02_368_1,0.341779417627696,317.0,322.0,1,0
7,3,genetico,Brats18_TCIA02_377_1,0.16559162637491665,812.0,336.0,2,0
7,3,genetico,Brats18_TCIA02_471_1,0.5880864135072362,111.0,262.0,0,0
7,3,genetico,Brats18_TCIA02_491_1,1.4964960402963912,82.0,110.0,0,0
7,3,genetico,Brats18_TCIA03_133_1,-0.20207394392543626,382.0,387.0,1,1
7,3,genetico,Brats18_TCIA04_111_1,0.7113985071025823,626.0,213.0,2,0
7,3,genetico,Brats18_TCIA06_165_1,-0.6411562755263347,5.0,476.0,0,2
7,3,genetico,Brats18_TCIA06_184_1,0.22999668474246493,434.0,332.0,1,0
7,3,genetico,Brats18_TCIA06_247_1,1.1333211886940517,244.0,153.0,0,0
7,4,edad,Brats18_CBICA_AAB_1,-0.0023634475272951566,289.0,370.0,0,1
7,4,edad,Brats18_CBICA_AAP_1,-0.7993963845852736,788.0,597.0,2,2
7,4,edad,Brats18_CBICA_ABB_1,0.29678001985179164,465.0,317.0,2,0
7,4,edad,Brats18_CBICA_ABO_1,-0.1530155249969127,1155.0,387.0,2,2
7,4,edad,Brats18_CBICA_AME_1,-0.327546925329543,359.0,434.0,1,2
7,4,edad,Brats18_CBICA_ANG_1,-0.17760265930204303,368.0,394.0,1,2
7,4,edad,Brats18_CBICA_AOO_1,-0.6096284116302214,350.0,495.0,1,2
7,4,edad,Brats18_CBICA_AOP_1,0.2721928855466613,332.0,318.0,1,0
7,4,edad,Brats18_CBICA_APZ_1,-0.017264741045555976,336.0,372.0,1,1
7,4,edad,Brats18_CBICA_AQY_1,-0.1046235742963603,229.0,385.0,0,1
7,4,edad,Brats18_CBICA_ARZ_1,-0.21239717966718205,871.0,405.0,2,2
7,4,edad,Brats18_CBICA_ASK_1,0.6262476195405398,522.0,232.0,2,0
7,4,edad,Brats18_CBICA_ATF_1,0.3054600233261787,152.0,317.0,0,0
7,4,edad,Brats18_CBICA_ATV_1,0.060818036990130865,453.0,355.0,2,1
7,4,edad,Brats18_CBICA_AXO_1,-0.1574114065847995,394.0,387.0,1,2
7,4,edad,Brats18_CBICA_AXW_1,0.6960601796735918,191.0,209.0,0,0
7,4,edad,Brats18_TCIA01_150_1,-0.3506066770490517,1489.0,436.0,2,2
7,4,edad,Brats18_TCIA01_425_1,-0.16087595732779528,558.0,387.0,2,2
7,4,edad,Brats18_TCIA01_429_1,-0.20639940902608228,86.0,401.0,0,2
7,4,edad,Brats18_TCIA01_448_1,-0.5989367335308692,199.0,488.0,0,2
7,4,edad,Brats18_TCIA02_274_1,-0.2071072204681996,357.0,401.0,1,2
7,4,edad,Brats18_TCIA02_430_1,-0.2481230308772126,71.0,407.0,0,2
7,4,edad,Brats18_TCIA02_455_1,-0.21168936822506473,424.0,405.0,1,2
7,4,edad,Brats18_TCIA02_473_1,0.01846111016447432,175.0,362.0,0,1
7,4,edad,Brats18_TCIA03_121_1,-1.1220093892556213,747.0,698.0,2,2
7,4,edad,Brats18_TCIA03_265_1,-0.035109040033673336,103.0,375.0,0,1
7,4,edad,Brats18_TCIA03_338_1,0.5922726703189047,468.0,239.0,2,0
7,4,edad,Brats18_TCIA04_192_1,0.575024423071518,121.0,239.0,0,0
7,4,edad,Brats18_TCIA04_343_1,-0.29234261939265166,296.0,425.0,0,2
7,4,edad,Brats18_TCIA04_361_1,0.57543420864327,476.0,239.0,2,0
7,4,edad,Brats18_TCIA08_406_1,0.6787001727248181,82.0,210.0,0,0
7,4,edad,Brats18_TCIA08_469_1,0.1256386637945657,519.0,345.0,2,1
7,4,coxnet,Brats18_CBICA_AAB_1,0.171344738212217,289.0,331.0,0,0
7,4,coxnet,Brats18_CBICA_AAP_1,-1.0992681975776217,788.0,626.0,2,2
7,4,coxnet,Brats18_CBICA_ABB_1,0.524784974505442,465.0,254.0,2,0
7,4,coxnet,Brats18_CBICA_ABO_1,0.36354968811733074,1155.0,287.0,2,0
7,4,coxnet,Brats18_CBICA_AME_1,-0.19561240808613786,359.0,387.0,1,1
7,4,coxnet,Brats18_CBICA_ANG_1,-0.4656651291746686,368.0,439.0,1,2
7,4,coxnet,Brats18_CBICA_AOO_1,-0.5364814406687748,350.0,448.0,1,2
7,4,coxnet,Brats18_CBICA_AOP_1,0.04928935317078596,332.0,355.0,1,1
7,4,coxnet,Brats18_CBICA_APZ_1,-0.059205757186379014,336.0,372.0,1,1
7,4,coxnet,Brats18_CBICA_AQY_1,0.2192906230986928,229.0,327.0,0,0
7,4,coxnet,Brats18_CBICA_ARZ_1,-0.09152862367431883,871.0,376.0,2,1
7,4,coxnet,Brats18_CBICA_ASK_1,0.633077332030528,522.0,232.0,2,0
7,4,coxnet,Brats18_CBICA_ATF_1,0.3125830741937175,152.0,317.0,0,0
7,4,coxnet,Brats18_CBICA_ATV_1,-0.035664220735197115,453.0,370.0,2,1
7,4,coxnet,Brats18_CBICA_AXO_1,0.03634560489845737,394.0,355.0,1,1
7,4,coxnet,Brats18_CBICA_AXW_1,0.4957857283851055,191.0,262.0,0,0
7,4,coxnet,Brats18_TCIA01_150_1,-0.45133754163741974,1489.0,438.0,2,2
7,4,coxnet,Brats18_TCIA01_425_1,-0.6292794959231687,558.0,473.0,2,2
7,4,coxnet,Brats18_TCIA01_429_1,-0.20726745954171144,86.0,387.0,0,1
7,4,coxnet,Brats18_TCIA01_448_1,-0.5345718980328631,199.0,448.0,0,2
7,4,coxnet,Brats18_TCIA02_274_1,-0.18656810051494516,357.0,387.0,1,1
7,4,coxnet,Brats18_TCIA02_430_1,-0.32800911515574743,71.0,421.0,0,2
7,4,coxnet,Brats18_TCIA02_455_1,-0.5530002681948886,424.0,448.0,1,2
7,4,coxnet,Brats18_TCIA02_473_1,0.35839082356291324,175.0,287.0,0,0
7,4,coxnet,Brats18_TCIA03_121_1,-1.3151362818194356,747.0,734.0,2,2
7,4,coxnet,Brats18_TCIA03_265_1,0.10577850185157424,103.0,345.0,0,1
7,4,coxnet,Brats18_TCIA03_338_1,0.438510598541359,468.0,268.0,2,0
7,4,coxnet,Brats18_TCIA04_192_1,0.22637806470792357,121.0,327.0,0,0
7,4,coxnet,Brats18_TCIA04_343_1,-0.307304995138283,296.0,407.0,0,2
7,4,coxnet,Brats18_TCIA04_361_1,0.4724133429457833,476.0,265.0,2,0
7,4,coxnet,Brats18_TCIA08_406_1,0.3258224751843932,82.0,291.0,0,0
7,4,coxnet,Brats18_TCIA08_469_1,0.28157839130886575,519.0,318.0,2,0
7,4,genetico,Brats18_CBICA_AAB_1,-0.16346201803537147,289.0,385.0,0,1
7,4,genetico,Brats18_CBICA_AAP_1,0.23397010053081962,788.0,327.0,2,1
7,4,genetico,Brats18_CBICA_ABB_1,1.830582015937625,465.0,99.0,2,0
7,4,genetico,Brats18_CBICA_ABO_1,0.5294093321814517,1155.0,268.0,2,0
7,4,genetico,Brats18_CBICA_AME_1,0.6494296048749892,359.0,244.0,1,0
7,4,genetico,Brats18_CBICA_ANG_1,-0.7448801413568931,368.0,488.0,1,2
7,4,genetico,Brats18_CBICA_AOO_1,0.07102213283434311,350.0,355.0,1,1
7,4,genetico,Brats18_CBICA_AOP_1,0.4819210916177982,332.0,269.0,1,0
7,4,genetico,Brats18_CBICA_APZ_1,-0.17063029390061113,336.0,385.0,1,1
7,4,genetico,Brats18_CBICA_AQY_1,0.554884288185294,229.0,265.0,0,0
7,4,genetico,Brats18_CBICA_ARZ_1,-1.1461688194956858,871.0,621.0,2,2
7,4,genetico,Brats18_CBICA_ASK_1,0.0011890112560186683,522.0,362.0,2,1
7,4,genetico,Brats18_CBICA_ATF_1,-0.019871757101227044,152.0,370.0,0,1
7,4,genetico,Brats18_CBICA_ATV_1,0.31148763250141137,453.0,318.0,2,0
7,4,genetico,Brats18_CBICA_AXO_1,0.307100684889532,394.0,318.0,1,0
7,4,genetico,Brats18_CBICA_AXW_1,0.60301921302809,191.0,262.0,0,0
7,4,genetico,Brats18_TCIA01_150_1,0.6787182895636796,1489.0,239.0,2,0
7,4,genetico,Brats18_TCIA01_425_1,-0.7293717904707089,558.0,488.0,2,2
7,4,genetico,Brats18_TCIA01_429_1,-0.4227945906486892,86.0,434.0,0,2
7,4,genetico,Brats18_TCIA01_448_1,-0.8377102517048194,199.0,508.0,0,2
7,4,genetico,Brats18_TCIA02_274_1,-0.9556662979090779,357.0,579.0,1,2
7,4,genetico,Brats18_TCIA02_430_1,-1.1448056604977228,71.0,621.0,0,2
7,4,genetico,Brats18_TCIA02_455_1,-0.8647780858676531,424.0,510.0,1,2
7,4,genetico,Brats18_TCIA02_473_1,0.16052134610815655,175.0,333.0,0,1
7,4,genetico,Brats18_TCIA03_121_1,-0.5441129982017825,747.0,448.0,2,2
7,4,genetico,Brats18_TCIA03_265_1,1.2227218860168576,103.0,153.0,0,0
7,4,genetico,Brats18_TCIA03_338_1,1.036728542726218,468.0,180.0,2,0
7,4,genetico,Brats18_TCIA04_192_1,-0.3363832074563001,121.0,407.0,0,1
7,4,genetico,Brats18_TCIA04_343_1,-0.8932107107211238,296.0,515.0,0,2
7,4,genetico,Brats18_TCIA04_361_1,0.6330753998526935,476.0,254.0,2,0
7,4,genetico,Brats18_TCIA08_406_1,-0.7712811629061284,82.0,495.0,0,2
7,4,genetico,Brats18_TCIA08_469_1,0.4716489914998777,519.0,269.0,2,0
8,0,edad,Brats18_CBICA_ABE_1,0.22311276962191942,269.0,327.0,0,0
8,0,edad,Brats18_CBICA_ABY_1,-0.4441962512717282,515.0,453.0,2,2
8,0,edad,Brats18_CBICA_ALN_1,0.0031309483517921086,421.0,359.0,1,1
8,0,edad,Brats18_CBICA_ALX_1,-0.04129940332453217,698.0,370.0,2,1
8,0,edad,Brats18_CBICA_AOD_1,-0.009710810619507255,55.0,359.0,0,1
8,0,edad,Brats18_CBICA_AOH_1,-0.1399070373091363,576.0,394.0,2,1
8,0,edad,Brats18_CBICA_AOO_1,-0.5937796210066706,350.0,488.0,1,2
8,0,edad,Brats18_CBICA_AQR_1,0.3740834761986367,89.0,289.0,0,0
8,0,edad,Brats18_CBICA_ASN_1,-0.7600466055824427,407.0,522.0,1,2
8,0,edad,Brats18_CBICA_AUN_1,0.27213200469796006,376.0,318.0,1,0
8,0,edad,Brats18_CBICA_AWI_1,-0.5087963462630849,375.0,466.0,1,2
8,0,edad,Brats18_CBICA_AXJ_1,-1.1754294851056113,1767.0,734.0,2,2
8,0,edad,Brats18_CBICA_AXL_1,0.4900506070751911,168.0,265.0,0,0
8,0,edad,Brats18_CBICA_AXQ_1,0.19308937745633256,114.0,329.0,0,0
8,0,edad,Brats18_TCIA01_147_1,0.01999242689028492,209.0,355.0,0,1
8,0,edad,Brats18_TCIA01_231_1,0.10497570163387068,1561.0,336.0,2,1
8,0,edad,Brats18_TCIA01_411_1,-0.6385301273387888,822.0,495.0,2,2
8,0,edad,Brats18_TCIA01_448_1,-0.58357024476079,199.0,486.0,0,2
8,0,edad,Brats18_TCIA02_274_1,-0.20941617035600382,357.0,405.0,1,2
8,0,edad,Brats18_TCIA02_314_1,-0.7292761858866696,362.0,519.0,1,2
8,0,edad,Brats18_TCIA02_491_1,0.7206331047260585,82.0,210.0,0,0
8,0,edad,Brats18_TCIA03_121_1,-1.083047080539227,747.0,634.0,2,2
8,0,edad,Brats18_TCIA03_133_1,0.10344607383396523,382.0,336.0,1,1
8,0,edad,Brats18_TCIA03_296_1,-0.015189012507540945,22.0,368.0,0,1
8,0,edad,Brats18_TCIA03_338_1,0.5539036745363616,468.0,254.0,2,0
8,0,edad,Brats18_TCIA03_375_1,-0.03037857228799764,946.0,368.0,2,1
8,0,edad,Brats18_TCIA03_474_1,0.01970784497402359,635.0,355.0,2,1
8,0,edad,Brats18_TCIA04_361_1,0.5378247962675878,476.0,254.0,2,0
8,0,edad,Brats18_TCIA04_479_1,-0.1584404346056655,372.0,394.0,1,1
8,0,edad,Brats18_TCIA06_165_1,-0.3236402369954569,5.0,436.0,0,2
8,0,edad,Brats18_TCIA06_409_1,0.2992384322218664,99.0,317.0,0,0
8,0,edad,Brats18_TCIA08_218_1,-0.12482419574727768,346.0,387.0,1,1
8,0,edad,Brats18_TCIA08_406_1,0.6364324302521922,82.0,232.0,0,0
8,0,coxnet,Brats18_CBICA_ABE_1,0.3912789530141808,269.0,287.0,0,0
8,0,coxnet,Brats18_CBICA_ABY_1,-0.44641688380042094,515.0,448.0,2,2
8,0,coxnet,Brats18_CBICA_ALN_1,-0.02638131751773971,421.0,359.0,1,1
8,0,coxnet,Brats18_CBICA_ALX_1,-0.4432413641830715,698.0,448.0,2,2
8,0,coxnet,Brats18_CBICA_AOD_1,0.3165594784454279,55.0,296.0,0,0
8,0,coxnet,Brats18_CBICA_AOH_1,-0.20811177903254535,576.0,401.0,2,2
8,0,coxnet,Brats18_CBICA_AOO_1,-0.5135991227317618,350.0,465.0,1,2
8,0,coxnet,Brats18_CBICA_AQR_1,0.3297008963373015,89.0,291.0,0,0
8,0,coxnet,Brats18_CBICA_ASN_1,-0.5086762054037549,407.0,464.0,1,2
8,0,coxnet,Brats18_CBICA_AUN_1,0.3619911601571166,376.0,289.0,1,0
8,0,coxnet,Brats18_CBICA_AWI_1,-0.3709267932343772,375.0,438.0,1,2
8,0,coxnet,Brats18_CBICA_AXJ_1,-1.074280485633164,1767.0,626.0,2,2
8,0,coxnet,Brats18_CBICA_AXL_1,0.6561723501902533,168.0,229.0,0,0
8,0,coxnet,Brats18_CBICA_AXQ_1,0.2226939608676526,114.0,322.0,0,0
8,0,coxnet,Brats18_TCIA01_147_1,0.06318028749825967,209.0,345.0,0,1
8,0,coxnet,Brats18_TCIA01_231_1,0.06798392985910787,1561.0,336.0,2,1
8,0,coxnet,Brats18_TCIA01_411_1,-0.6979237181525214,822.0,503.0,2,2
8,0,coxnet,Brats18_TCIA01_448_1,-0.506657613159233,199.0,464.0,0,2
8,0,coxnet,Brats18_TCIA02_274_1,-0.1259955569491141,357.0,387.0,1,1
8,0,coxnet,Brats18_TCIA02_314_1,-0.38132847572091244,362.0,439.0,1,2
8,0,coxnet,Brats18_TCIA02_491_1,0.8408473502386494,82.0,203.0,0,0
8,0,coxnet,Brats18_TCIA03_121_1,-1.061643779456381,747.0,626.0,2,2
8,0,coxnet,Brats18_TCIA03_133_1,-0.01938847153422282,382.0,359.0,1,1
8,0,coxnet,Brats18_TCIA03_296_1,0.17468411763993358,22.0,329.0,0,0
8,0,coxnet,Brats18_TCIA03_338_1,0.5154025426606811,468.0,262.0,2,0
8,0,coxnet,Brats18_TCIA03_375_1,-0.11408083332658919,946.0,387.0,2,1
8,0,coxnet,Brats18_TCIA03_474_1,0.2905335480833244,635.0,317.0,2,0
8,0,coxnet,Brats18_TCIA04_361_1,0.5359168761847068,476.0,254.0,2,0
8,0,coxnet,Brats18_TCIA04_479_1,-0.18581360207453126,372.0,394.0,1,2
8,0,coxnet,Brats18_TCIA06_165_1,-0.3375140162298403,5.0,436.0,0,2
8,0,coxnet,Brats18_TCIA06_409_1,0.2622138071017701,99.0,318.0,0,0
8,0,coxnet,Brats18_TCIA08_218_1,-0.29001008344870177,346.0,430.0,1,2
8,0,coxnet,Brats18_TCIA08_406_1,0.4513691104268111,82.0,268.0,0,0
8,0,genetico,Brats18_CBICA_ABE_1,0.6467193124967635,269.0,262.0,0,0
8,0,genetico,Brats18_CBICA_ABY_1,0.03224717672647259,515.0,355.0,2,1
8,0,genetico,Brats18_CBICA_ALN_1,0.15244956053679454,421.0,333.0,1,0
8,0,genetico,Brats18_CBICA_ALX_1,-0.03757490609848324,698.0,370.0,2,1
8,0,genetico,Brats18_CBICA_AOD_1,0.903071112322073,55.0,213.0,0,0
8,0,genetico,Brats18_CBICA_AOH_1,-1.4253598753726335,576.0,726.0,2,2
8,0,genetico,Brats18_CBICA_AOO_1,0.2603618963413142,350.0,329.0,1,0
8,0,genetico,Brats18_CBICA_AQR_1,-0.5893150396947962,89.0,465.0,0,2
8,0,genetico,Brats18_CBICA_ASN_1,0.3833902815870237,407.0,317.0,1,0
8,0,genetico,Brats18_CBICA_AUN_1,0.926239797685527,376.0,210.0,1,0
8,0,genetico,Brats18_CBICA_AWI_1,0.599926312602447,375.0,268.0,1,0
8,0,genetico,Brats18_CBICA_AXJ_1,-2.6932068345982043,1767.0,1592.0,2,2
8,0,genetico,Brats18_CBICA_AXL_1,1.3371859550385568,168.0,169.0,0,0
8,0,genetico,Brats18_CBICA_AXQ_1,0.076831608022428,114.0,355.0,0,1
8,0,genetico,Brats18_TCIA01_147_1,0.272783732497172,209.0,329.0,0,0
8,0,genetico,Brats18_TCIA01_231_1,-0.20356857774261125,1561.0,401.0,2,1
8,0,genetico,Brats18_TCIA01_411_1,-1.539328197274094,822.0,788.0,2,2
8,0,genetico,Brats18_TCIA01_448_1,-0.3899978913876398,199.0,436.0,0,2
8,0,genetico,Brats18_TCIA02_274_1,-0.5392072569222763,357.0,453.0,1,2
8,0,genetico,Brats18_TCIA02_314_1,0.9095207849121366,362.0,210.0,1,0
8,0,genetico,Brats18_TCIA02_491_1,1.3406029695521915,82.0,169.0,0,0
8,0,genetico,Brats18_TCIA03_121_1,-1.1822830499436694,747.0,616.0,2,2
8,0,genetico,Brats18_TCIA03_133_1,0.5632268561718837,382.0,286.0,1,0
8,0,genetico,Brats18_TCIA03_296_1,0.10279551051034144,22.0,345.0,0,1
8,0,genetico,Brats18_TCIA03_338_1,-0.22471059989908015,468.0,401.0,2,1
8,0,genetico,Brats18_TCIA03_375_1,-0.10514119485780438,946.0,387.0,2,1
8,0,genetico,Brats18_TCIA03_474_1,1.375116253157905,635.0,153.0,2,0
8,0,genetico,Brats18_TCIA04_361_1,1.0336827119466818,476.0,203.0,2,0
8,0,genetico,Brats18_TCIA04_479_1,-0.4389688407884453,372.0,439.0,1,2
8,0,genetico,Brats18_TCIA06_165_1,-0.7326882628421751,5.0,488.0,0,2
8,0,genetico,Brats18_TCIA06_409_1,-0.14091763678532396,99.0,394.0,0,1
8,0,genetico,Brats18_TCIA08_218_1,-0.8597055414838007,346.0,508.0,1,2
8,0,genetico,Brats18_TCIA08_406_1,2.6236009055551923,82.0,71.0,0,0
8,1,edad,Brats18_CBICA_ABB_1,0.3225902110858217,465.0,296.0,2,0
8,1,edad,Brats18_CBICA_ABN_1,0.3144361806342985,1278.0,317.0,2,0
8,1,edad,Brats18_CBICA_AME_1,-0.33439727130397745,359.0,434.0,1,2
8,1,edad,Brats18_CBICA_AOP_1,0.2967168452300269,332.0,317.0,1,0
8,1,edad,Brats18_CBICA_APZ_1,-0.00788323461774083,336.0,372.0,1,1
8,1,edad,Brats18_CBICA_AQU_1,0.4945304878184231,30.0,268.0,0,0
8,1,edad,Brats18_CBICA_AQV_1,-0.2705763021930166,84.0,424.0,0,2
8,1,edad,Brats18_CBICA_ARF_1,0.5899091228595579,726.0,244.0,2,0
8,1,edad,Brats18_CBICA_ARW_1,-0.6212780157474739,495.0,488.0,2,2
8,1,edad,Brats18_CBICA_ASO_1,-0.3103272006441926,265.0,430.0,0,2
8,1,edad,Brats18_CBICA_ATB_1,0.4258092600226525,208.0,287.0,0,0
8,1,edad,Brats18_CBICA_ATF_1,0.3317242932743071,152.0,296.0,0,0
8,1,edad,Brats18_CBICA_ATP_1,-0.3400815713783568,385.0,436.0,1,2
8,1,edad,Brats18_CBICA_ATV_1,0.07428430300914725,453.0,355.0,2,1
8,1,edad,Brats18_CBICA_AVG_1,0.12132678638331999,579.0,346.0,2,1
8,1,edad,Brats18_CBICA_AVJ_1,-0.5888187022192946,614.0,486.0,2,2
8,1,edad,Brats18_CBICA_AYW_1,-0.40731312053394503,734.0,448.0,2,2
8,1,edad,Brats18_TCIA01_186_1,-1.0339974032168817,370.0,626.0,1,2
8,1,edad,Brats18_TCIA01_335_1,-0.2269836009329501,355.0,407.0,1,2
8,1,edad,Brats18_TCIA01_401_1,0.7263323246446587,448.0,210.0,1,0
8,1,edad,Brats18_TCIA02_135_1,0.3567352136015757,828.0,291.0,2,0
8,1,edad,Brats18_TCIA02_179_1,-0.5326421366566367,405.0,468.0,1,2
8,1,edad,Brats18_TCIA02_290_1,-0.6723975143474079,737.0,503.0,2,2
8,1,edad,Brats18_TCIA02_321_1,0.8211621307130949,67.0,208.0,0,0
8,1,edad,Brats18_TCIA02_331_1,0.9635832491284023,187.0,180.0,0,0
8,1,edad,Brats18_TCIA02_473_1,0.029711550012118657,175.0,362.0,0,1
8,1,edad,Brats18_TCIA03_138_1,0.45513240799255317,82.0,286.0,0,0
8,1,edad,Brats18_TCIA03_199_1,-0.44843609141686763,1282.0,448.0,2,2
8,1,edad,Brats18_TCIA04_192_1,0.6153904680205682,121.0,239.0,0,0
8,1,edad,Brats18_TCIA04_437_1,-0.5218223654805769,333.0,468.0,1,2
8,1,edad,Brats18_TCIA05_478_1,-0.0395585067563504,30.0,375.0,0,1
8,1,edad,Brats18_TCIA08_242_1,0.2436372431561688,147.0,327.0,0,0
8,1,edad,Brats18_TCIA08_278_1,-0.38273342297094004,1458.0,438.0,2,2
8,1,coxnet,Brats18_CBICA_ABB_1,0.2916447877139674,465.0,317.0,2,0
8,1,coxnet,Brats18_CBICA_ABN_1,0.38767988851473384,1278.0,289.0,2,0
8,1,coxnet,Brats18_CBICA_AME_1,-0.1327292095380663,359.0,387.0,1,1
8,1,coxnet,Brats18_CBICA_AOP_1,0.12162934046021671,332.0,346.0,1,1
8,1,coxnet,Brats18_CBICA_APZ_1,0.03645610299352794,336.0,357.0,1,1
8,1,coxnet,Brats18_CBICA_AQU_1,0.7533116155635017,30.0,210.0,0,0
8,1,coxnet,Brats18_CBICA_AQV_1,-0.4155748986033382,84.0,438.0,0,2
8,1,coxnet,Brats18_CBICA_ARF_1,0.5352460038688298,726.0,262.0,2,0
8,1,coxnet,Brats18_CBICA_ARW_1,-0.7315755254953826,495.0,503.0,2,2
8,1,coxnet,Brats18_CBICA_ASO_1,-0.2384987291693972,265.0,401.0,0,2
8,1,coxnet,Brats18_CBICA_ATB_1,0.46332398421567667,208.0,269.0,0,0
8,1,coxnet,Brats18_CBICA_ATF_1,0.1640429924706023,152.0,331.0,0,0
8,1,coxnet,Brats18_CBICA_ATP_1,-0.42393715388908493,385.0,438.0,1,2
8,1,coxnet,Brats18_CBICA_ATV_1,0.08210856832974339,453.0,350.0,2,1
8,1,coxnet,Brats18_CBICA_AVG_1,-0.08424959864310924,579.0,376.0,2,1
8,1,coxnet,Brats18_CBICA_AVJ_1,-0.5610361989450571,614.0,467.0,2,2
8,1,coxnet,Brats18_CBICA_AYW_1,-0.40788388039606716,734.0,438.0,2,2
8,1,coxnet,Brats18_TCIA01_186_1,-1.1198315224908042,370.0,626.0,1,2
8,1,coxnet,Brats18_TCIA01_335_1,-0.2226271837573032,355.0,401.0,1,2
8,1,coxnet,Brats18_TCIA01_401_1,0.6170239407942364,448.0,239.0,1,0
8,1,coxnet,Brats18_TCIA02_135_1,0.41448429324139874,828.0,287.0,2,0
8,1,coxnet,Brats18_TCIA02_179_1,-0.5222224051121112,405.0,464.0,1,2
8,1,coxnet,Brats18_TCIA02_290_1,-0.35511483065107186,737.0,430.0,2,2
8,1,coxnet,Brats18_TCIA02_321_1,0.9010114894653293,67.0,191.0,0,0
8,1,coxnet,Brats18_TCIA02_331_1,1.0676076941670278,187.0,169.0,0,0
8,1,coxnet,Brats18_TCIA02_473_1,0.36314826372363024,175.0,291.0,0,0
8,1,coxnet,Brats18_TCIA03_138_1,0.5399635169561411,82.0,254.0,0,0
8,1,coxnet,Brats18_TCIA03_199_1,-0.6434758885494756,1282.0,486.0,2,2
8,1,coxnet,Brats18_TCIA04_192_1,0.3786855206207275,121.0,289.0,0,0
8,1,coxnet,Brats18_TCIA04_437_1,-0.4727361646121857,333.0,448.0,1,2
8,1,coxnet,Brats18_TCIA05_478_1,0.12438968039721289,30.0,345.0,0,1
8,1,coxnet,Brats18_TCIA08_242_1,0.36828956400222795,147.0,289.0,0,0
8,1,coxnet,Brats18_TCIA08_278_1,-0.5505721985792282,1458.0,467.0,2,2
8,1,genetico,Brats18_CBICA_ABB_1,0.6836429661041307,465.0,239.0,2,0
8,1,genetico,Brats18_CBICA_ABN_1,-0.2548180349994296,1278.0,421.0,2,2
8,1,genetico,Brats18_CBICA_AME_1,-0.15320477356323864,359.0,394.0,1,1
8,1,genetico,Brats18_CBICA_AOP_1,0.05354919841027374,332.0,357.0,1,1
8,1,genetico,Brats18_CBICA_APZ_1,-0.2823861895971388,336.0,424.0,1,2
8,1,genetico,Brats18_CBICA_AQU_1,1.0994361860749058,30.0,172.0,0,0
8,1,genetico,Brats18_CBICA_AQV_1,-0.21901708387280608,84.0,401.0,0,1
8,1,genetico,Brats18_CBICA_ARF_1,0.8012156427997734,726.0,213.0,2,0
8,1,genetico,Brats18_CBICA_ARW_1,-1.1306841125899687,495.0,616.0,2,2
8,1,genetico,Brats18_CBICA_ASO_1,-1.0636724856585906,265.0,610.0,0,2
8,1,genetico,Brats18_CBICA_ATB_1,1.1048617989221756,208.0,170.0,0,0
8,1,genetico,Brats18_CBICA_ATF_1,0.11984420798423175,152.0,350.0,0,1
8,1,genetico,Brats18_CBICA_ATP_1,-0.6959645155326439,385.0,488.0,1,2
8,1,genetico,Brats18_CBICA_ATV_1,-0.23291155177137357,453.0,407.0,2,1
8,1,genetico,Brats18_CBICA_AVG_1,-0.240455292646368,579.0,407.0,2,1
8,1,genetico,Brats18_CBICA_AVJ_1,-0.7469058899781997,614.0,503.0,2,2
8,1,genetico,Brats18_CBICA_AYW_1,-0.0480491122728916,734.0,375.0,2,1
8,1,genetico,Brats18_TCIA01_186_1,-1.2792747300753131,370.0,635.0,1,2
8,1,genetico,Brats18_TCIA01_335_1,-0.09304900641137637,355.0,382.0,1,1
8,1,genetico,Brats18_TCIA01_401_1,-0.07715890087291022,448.0,382.0,1,1
8,1,genetico,Brats18_TCIA02_135_1,0.3171160036869068,828.0,318.0,2,0
8,1,genetico,Brats18_TCIA02_179_1,-0.908275425074009,405.0,522.0,1,2
8,1,genetico,Brats18_TCIA02_290_1,-0.1412121776672154,737.0,387.0,2,1
8,1,genetico,Brats18_TCIA02_321_1,1.2583348177954419,67.0,153.0,0,0
8,1,genetico,Brats18_TCIA02_331_1,0.2641193050392767,187.0,327.0,0,0
8,1,genetico,Brats18_TCIA02_473_1,0.5191418867561763,175.0,269.0,0,0
8,1,genetico,Brats18_TCIA03_138_1,2.0605615577656113,82.0,85.0,0,0
8,1,genetico,Brats18_TCIA03_199_1,-1.0664534595527788,1282.0,610.0,2,2
8,1,genetico,Brats18_TCIA04_192_1,-0.08477043501555437,121.0,382.0,0,1
8,1,genetico,Brats18_TCIA04_437_1,-0.7881250374872724,333.0,508.0,1,2
8,1,genetico,Brats18_TCIA05_478_1,0.0775140980052712,30.0,357.0,0,1
8,1,genetico,Brats18_TCIA08_242_1,0.25786123563744956,147.0,327.0,0,0
8,1,genetico,Brats18_TCIA08_278_1,-0.6726043196098292,1458.0,486.0,2,2
8,2,edad,Brats18_2013_27_1,0.24194173207736275,120.0,332.0,0,0
8,2,edad,Brats18_CBICA_AAL_1,-0.18274508509099133,464.0,387.0,2,2
8,2,edad,Brats18_CBICA_AAP_1,-0.6542994466279505,788.0,515.0,2,2
8,2,edad,Brats18_CBICA_ALU_1,0.17628383141302298,495.0,345.0,2,0
8,2,edad,Brats18_CBICA_AMH_1,0.07459302345340163,169.0,355.0,0,1
8,2,edad,Brats18_CBICA_ANZ_1,0.24283945914915273,287.0,332.0,0,0
8,2,edad,Brats18_CBICA_AQA_1,0.5003323482231646,106.0,265.0,0,0
8,2,edad,Brats18_CBICA_AQD_1,0.3972175593910494,32.0,291.0,0,0
8,2,edad,Brats18_CBICA_AQG_1,-0.20429053481394321,466.0,394.0,2,2
8,2,edad,Brats18_CBICA_AQJ_1,0.1817011499496846,170.0,336.0,0,0
8,2,edad,Brats18_CBICA_AQN_1,0.09248565267734725,488.0,355.0,2,1
8,2,edad,Brats18_CBICA_AQO_1,0.23698875512955786,473.0,332.0,2,0
8,2,edad,Brats18_CBICA_AQT_1,0.4882904230188135,172.0,268.0,0,0
8,2,edad,Brats18_CBICA_AQZ_1,0.09722193688368573,286.0,355.0,0,1
8,2,edad,Brats18_CBICA_ASA_1,0.11019254526575017,210.0,350.0,0,1
8,2,edad,Brats18_CBICA_AYI_1,0.17696486574334633,387.0,345.0,1,0
8,2,edad,Brats18_CBICA_AZD_1,-0.4317250450359635,448.0,453.0,1,2
8,2,edad,Brats18_CBICA_BHM_1,0.05651465759391353,436.0,357.0,1,1
8,2,edad,Brats18_TCIA01_190_1,0.04091278020832787,322.0,357.0,1,1
8,2,edad,Brats18_TCIA01_201_1,0.01624076378707413,430.0,359.0,1,1
8,2,edad,Brats18_TCIA01_235_1,-0.06907426413886686,804.0,372.0,2,1
8,2,edad,Brats18_TCIA01_378_1,0.43154788086052254,110.0,289.0,0,0
8,2,edad,Brats18_TCIA01_460_1,-1.276300482954486,630.0,828.0,2,2
8,2,edad,Brats18_TCIA02_151_1,-0.3786353233766789,1731.0,439.0,2,2
8,2,edad,Brats18_TCIA02_322_1,-0.08798844485829709,621.0,375.0,2,1
8,2,edad,Brats18_TCIA02_368_1,0.07298330594536502,317.0,355.0,1,1
8,2,edad,Brats18_TCIA02_455_1,-0.16593591957437814,424.0,387.0,1,2
8,2,edad,Brats18_TCIA02_471_1,0.5079785063863387,111.0,265.0,0,0
8,2,edad,Brats18_TCIA03_265_1,-0.01920397749565522,103.0,368.0,0,1
8,2,edad,Brats18_TCIA04_149_1,-0.7228981773550496,448.0,576.0,1,2
8,2,edad,Brats18_TCIA06_372_1,0.44318737668786445,213.0,269.0,0,0
8,2,edad,Brats18_TCIA08_319_1,0.14412043735821425,254.0,346.0,0,0
8,2,edad,Brats18_TCIA08_469_1,0.11437161956546057,519.0,350.0,2,0
8,2,coxnet,Brats18_2013_27_1,0.14457390494821884,120.0,345.0,0,0
8,2,coxnet,Brats18_CBICA_AAL_1,-0.29368347317545,464.0,405.0,2,2
8,2,coxnet,Brats18_CBICA_AAP_1,-0.7110404283404885,788.0,515.0,2,2
8,2,coxnet,Brats18_CBICA_ALU_1,0.05571744103187139,495.0,355.0,2,1
8,2,coxnet,Brats18_CBICA_AMH_1,0.00787586292664201,169.0,359.0,0,1
8,2,coxnet,Brats18_CBICA_ANZ_1,0.25554809433984155,287.0,331.0,0,0
8,2,coxnet,Brats18_CBICA_AQA_1,0.33176084959670826,106.0,318.0,0,0
8,2,coxnet,Brats18_CBICA_AQD_1,0.3333213467258416,32.0,318.0,0,0
8,2,coxnet,Brats18_CBICA_AQG_1,-0.08531130451665363,466.0,372.0,2,1
8,2,coxnet,Brats18_CBICA_AQJ_1,0.29913849817082844,170.0,327.0,0,0
8,2,coxnet,Brats18_CBICA_AQN_1,0.10380973747915782,488.0,350.0,2,1
8,2,coxnet,Brats18_CBICA_AQO_1,0.18250575840959837,473.0,333.0,2,0
8,2,coxnet,Brats18_CBICA_AQT_1,0.48018106172158737,172.0,268.0,0,0
8,2,coxnet,Brats18_CBICA_AQZ_1,0.15564878795868656,286.0,345.0,0,0
8,2,coxnet,Brats18_CBICA_ASA_1,0.4074993259294333,210.0,289.0,0,0
8,2,coxnet,Brats18_CBICA_AYI_1,0.1021139109358938,387.0,350.0,1,1
8,2,coxnet,Brats18_CBICA_AZD_1,-0.5710487389653159,448.0,476.0,1,2
8,2,coxnet,Brats18_CBICA_BHM_1,0.025034686478857433,436.0,357.0,1,1
8,2,coxnet,Brats18_TCIA01_190_1,0.005162897367280727,322.0,359.0,1,1
8,2,coxnet,Brats18_TCIA01_201_1,0.1524466422988719,430.0,345.0,1,0
8,2,coxnet,Brats18_TCIA01_235_1,-0.13666171960429518,804.0,376.0,2,1
8,2,coxnet,Brats18_TCIA01_378_1,0.514276470808623,110.0,262.0,0,0
8,2,coxnet,Brats18_TCIA01_460_1,-1.1347178524871706,630.0,726.0,2,2
8,2,coxnet,Brats18_TCIA02_151_1,-0.4604278564039008,1731.0,448.0,2,2
8,2,coxnet,Brats18_TCIA02_322_1,-0.2777341266445821,621.0,401.0,2,2
8,2,coxnet,Brats18_TCIA02_368_1,0.13623818782662858,317.0,345.0,1,1
8,2,coxnet,Brats18_TCIA02_455_1,-0.3060768251050695,424.0,405.0,1,2
8,2,coxnet,Brats18_TCIA02_471_1,0.5570506700583505,111.0,244.0,0,0
8,2,coxnet,Brats18_TCIA03_265_1,-0.0071558714817289955,103.0,359.0,0,1
8,2,coxnet,Brats18_TCIA04_149_1,-0.5951072814122611,448.0,486.0,1,2
8,2,coxnet,Brats18_TCIA06_372_1,0.5051374071544945,213.0,265.0,0,0
8,2,coxnet,Brats18_TCIA08_319_1,0.14135275363629904,254.0,345.0,0,1
8,2,coxnet,Brats18_TCIA08_469_1,0.2381753712823422,519.0,331.0,2,0
8,2,genetico,Brats18_2013_27_1,-0.8614221599536971,120.0,576.0,0,2
8,2,genetico,Brats18_CBICA_AAL_1,-0.4016698345025534,464.0,434.0,2,2
8,2,genetico,Brats18_CBICA_AAP_1,-0.9314647607431342,788.0,597.0,2,2
8,2,genetico,Brats18_CBICA_ALU_1,-0.30994772193863174,495.0,405.0,2,2
8,2,genetico,Brats18_CBICA_AMH_1,-0.12192683707226327,169.0,376.0,0,1
8,2,genetico,Brats18_CBICA_ANZ_1,-0.12093580630749934,287.0,376.0,0,1
8,2,genetico,Brats18_CBICA_AQA_1,-0.5497695307053213,106.0,465.0,0,2
8,2,genetico,Brats18_CBICA_AQD_1,-0.18556813494061053,32.0,387.0,0,1
8,2,genetico,Brats18_CBICA_AQG_1,1.9659632998476102,466.0,82.0,2,0
8,2,genetico,Brats18_CBICA_AQJ_1,0.8408500411133568,170.0,208.0,0,0
8,2,genetico,Brats18_CBICA_AQN_1,-0.01842259815422248,488.0,368.0,2,1
8,2,genetico,Brats18_CBICA_AQO_1,0.06482215609056202,473.0,357.0,2,1
8,2,genetico,Brats18_CBICA_AQT_1,0.2965180542236078,172.0,332.0,0,0
8,2,genetico,Brats18_CBICA_AQZ_1,0.06309954361408063,286.0,357.0,0,1
8,2,genetico,Brats18_CBICA_ASA_1,1.1251948886034873,210.0,168.0,0,0
8,2,genetico,Brats18_CBICA_AYI_1,0.9852460194480099,387.0,191.0,1,0
8,2,genetico,Brats18_CBICA_AZD_1,-0.2103831088264877,448.0,394.0,1,1
8,2,genetico,Brats18_CBICA_BHM_1,-1.052622136694506,436.0,616.0,1,2
8,2,genetico,Brats18_TCIA01_190_1,-0.854244074861962,322.0,576.0,1,2
8,2,genetico,Brats18_TCIA01_201_1,0.37883355014882725,430.0,327.0,1,0
8,2,genetico,Brats18_TCIA01_235_1,-0.8273268253265523,804.0,558.0,2,2
8,2,genetico,Brats18_TCIA01_378_1,0.47889206867335177,110.0,291.0,0,0
8,2,genetico,Brats18_TCIA01_460_1,-1.41901654570535,630.0,822.0,2,2
8,2,genetico,Brats18_TCIA02_151_1,-1.106861991372638,1731.0,634.0,2,2
8,2,genetico,Brats18_TCIA02_322_1,-0.4779686356575667,621.0,448.0,2,2
8,2,genetico,Brats18_TCIA02_368_1,-0.25096726600068153,317.0,394.0,1,1
8,2,genetico,Brats18_TCIA02_455_1,-0.9832838535917277,424.0,610.0,1,2
8,2,genetico,Brats18_TCIA02_471_1,0.24299359371628224,111.0,336.0,0,0
8,2,genetico,Brats18_TCIA03_265_1,-1.1931864087735538,103.0,660.0,0,2
8,2,genetico,Brats18_TCIA04_149_1,0.5866191847132528,448.0,265.0,1,0
8,2,genetico,Brats18_TCIA06_372_1,0.5119490306449942,213.0,289.0,0,0
8,2,genetico,Brats18_TCIA08_319_1,0.07694313572400141,254.0,357.0,0,1
8,2,genetico,Brats18_TCIA08_469_1,-0.7239645967563163,519.0,508.0,2,2
8,3,edad,Brats18_2013_11_1,-1.076111024123538,150.0,698.0,0,2
8,3,edad,Brats18_CBICA_AAB_1,0.029176458506471943,289.0,362.0,0,1
8,3,edad,Brats18_CBICA_ABO_1,-0.11343218073532897,1155.0,385.0,2,1
8,3,edad,Brats18_CBICA_ANG_1,-0.13670658773324884,368.0,387.0,1,1
8,3,edad,Brats18_CBICA_AQQ_1,0.36520952560219894,33.0,317.0,0,0
8,3,edad,Brats18_CBICA_ASH_1,-0.4607498087997442,660.0,453.0,2,2
8,3,edad,Brats18_CBICA_ASK_1,0.6242254640866268,522.0,213.0,2,0
8,3,edad,Brats18_CBICA_ASV_1,-0.17225295478461766,597.0,394.0,2,2
8,3,edad,Brats18_CBICA_ASW_1,0.30762300040886015,239.0,331.0,0,0
8,3,edad,Brats18_CBICA_AUQ_1,0.04162473982505648,1337.0,359.0,2,1
8,3,edad,Brats18_CBICA_AUR_1,0.374378231389258,12.0,317.0,0,0
8,3,edad,Brats18_CBICA_AVV_1,0.4463525718176746,387.0,286.0,1,0
8,3,edad,Brats18_CBICA_AXW_1,0.6903106742595085,191.0,209.0,0,0
8,3,edad,Brats18_CBICA_AYA_1,0.5360295672657207,50.0,265.0,0,0
8,3,edad,Brats18_CBICA_AYU_1,0.14618325005056063,58.0,350.0,0,0
8,3,edad,Brats18_CBICA_AZH_1,-0.16646961728816478,401.0,394.0,1,2
8,3,edad,Brats18_TCIA01_150_1,-0.30047377879134046,1489.0,434.0,2,2
8,3,edad,Brats18_TCIA01_425_1,-0.12087293812405789,558.0,385.0,2,1
8,3,edad,Brats18_TCIA01_499_1,-0.336901752168388,600.0,438.0,2,2
8,3,edad,Brats18_TCIA02_226_1,0.49166713695756425,329.0,269.0,1,0
8,3,edad,Brats18_TCIA02_283_1,0.5360295672657207,262.0,265.0,0,0
8,3,edad,Brats18_TCIA02_300_1,0.16723600910777014,127.0,346.0,0,0
8,3,edad,Brats18_TCIA02_394_1,0.16261639196121327,616.0,346.0,2,0
8,3,edad,Brats18_TCIA02_430_1,-0.2034618187136467,71.0,405.0,0,2
8,3,edad,Brats18_TCIA03_257_1,0.34172353308611564,425.0,318.0,1,0
8,3,edad,Brats18_TCIA03_419_1,0.38636807741848966,327.0,317.0,1,0
8,3,edad,Brats18_TCIA04_111_1,0.5510874033083146,626.0,265.0,2,0
8,3,edad,Brats18_TCIA04_343_1,-0.24532048705687548,296.0,421.0,0,2
8,3,edad,Brats18_TCIA05_277_1,0.3784336204873807,232.0,317.0,0,0
8,3,edad,Brats18_TCIA06_247_1,0.601726870655304,244.0,229.0,0,0
8,3,edad,Brats18_TCIA08_105_1,0.24654531416583372,77.0,333.0,0,0
8,3,edad,Brats18_TCIA08_280_1,-0.0801779901307249,508.0,382.0,2,1
8,3,coxnet,Brats18_2013_11_1,-1.4932080731334791,150.0,871.0,0,2
8,3,coxnet,Brats18_CBICA_AAB_1,0.06755980662801074,289.0,357.0,0,1
8,3,coxnet,Brats18_CBICA_ABO_1,-0.0394597019071077,1155.0,372.0,2,1
8,3,coxnet,Brats18_CBICA_ANG_1,-0.16484356609613537,368.0,394.0,1,1
8,3,coxnet,Brats18_CBICA_AQQ_1,0.52461097233829,33.0,268.0,0,0
8,3,coxnet,Brats18_CBICA_ASH_1,-0.776801823050057,660.0,510.0,2,2
8,3,coxnet,Brats18_CBICA_ASK_1,0.7131213461081709,522.0,209.0,2,0
8,3,coxnet,Brats18_CBICA_ASV_1,-0.18535653316674278,597.0,394.0,2,2
8,3,coxnet,Brats18_CBICA_ASW_1,0.39972911180358806,239.0,291.0,0,0
8,3,coxnet,Brats18_CBICA_AUQ_1,-0.11121965871858017,1337.0,382.0,2,1
8,3,coxnet,Brats18_CBICA_AUR_1,0.41853200494241,12.0,287.0,0,0
8,3,coxnet,Brats18_CBICA_AVV_1,0.5756283227330007,387.0,254.0,1,0
8,3,coxnet,Brats18_CBICA_AXW_1,0.6740183912865296,191.0,210.0,0,0
8,3,coxnet,Brats18_CBICA_AYA_1,0.6284394918539165,50.0,213.0,0,0
8,3,coxnet,Brats18_CBICA_AYU_1,0.043265832883361104,58.0,359.0,0,1
8,3,coxnet,Brats18_CBICA_AZH_1,-0.2973630762798093,401.0,430.0,1,2
8,3,coxnet,Brats18_TCIA01_150_1,-0.22567061933845506,1489.0,405.0,2,2
8,3,coxnet,Brats18_TCIA01_425_1,-0.3037514200050575,558.0,430.0,2,2
8,3,coxnet,Brats18_TCIA01_499_1,-0.45963941978025313,600.0,448.0,2,2
8,3,coxnet,Brats18_TCIA02_226_1,0.5268504689621657,329.0,265.0,1,0
8,3,coxnet,Brats18_TCIA02_283_1,0.6622192847285603,262.0,210.0,0,0
8,3,coxnet,Brats18_TCIA02_300_1,0.056381087248315545,127.0,357.0,0,1
8,3,coxnet,Brats18_TCIA02_394_1,0.24830113728723782,616.0,332.0,2,0
8,3,coxnet,Brats18_TCIA02_430_1,-0.1903622436196192,71.0,394.0,0,2
8,3,coxnet,Brats18_TCIA03_257_1,0.2795482421645952,425.0,331.0,1,0
8,3,coxnet,Brats18_TCIA03_419_1,0.36158244863310274,327.0,317.0,1,0
8,3,coxnet,Brats18_TCIA04_111_1,0.5295362294037113,626.0,265.0,2,0
8,3,coxnet,Brats18_TCIA04_343_1,-0.24629530314146197,296.0,407.0,0,2
8,3,coxnet,Brats18_TCIA05_277_1,0.2236656800229948,232.0,333.0,0,0
8,3,coxnet,Brats18_TCIA06_247_1,0.6811756298561449,244.0,210.0,0,0
8,3,coxnet,Brats18_TCIA08_105_1,0.3467355962246214,77.0,318.0,0,0
8,3,coxnet,Brats18_TCIA08_280_1,-0.14080827524853148,508.0,387.0,2,1
8,3,genetico,Brats18_2013_11_1,-1.0514816333973411,150.0,621.0,0,2
8,3,genetico,Brats18_CBICA_AAB_1,-0.1513759874803132,289.0,394.0,0,1
8,3,genetico,Brats18_CBICA_ABO_1,0.9158693329700895,1155.0,199.0,2,0
8,3,genetico,Brats18_CBICA_ANG_1,0.27422127052647716,368.0,333.0,1,0
8,3,genetico,Brats18_CBICA_AQQ_1,1.090297431043317,33.0,170.0,0,0
8,3,genetico,Brats18_CBICA_ASH_1,-1.6769021972259421,660.0,946.0,2,2
8,3,genetico,Brats18_CBICA_ASK_1,0.7791245595767448,522.0,209.0,2,0
8,3,genetico,Brats18_CBICA_ASV_1,-0.44979258496023117,597.0,448.0,2,2
8,3,genetico,Brats18_CBICA_ASW_1,0.5925534930749515,239.0,265.0,0,0
8,3,genetico,Brats18_CBICA_AUQ_1,-0.3545913607198077,1337.0,436.0,2,2
8,3,genetico,Brats18_CBICA_AUR_1,0.8686450528800023,12.0,203.0,0,0
8,3,genetico,Brats18_CBICA_AVV_1,0.7956680585781284,387.0,208.0,1,0
8,3,genetico,Brats18_CBICA_AXW_1,0.14619527467013585,191.0,355.0,0,1
8,3,genetico,Brats18_CBICA_AYA_1,0.5349430053658535,50.0,269.0,0,0
8,3,genetico,Brats18_CBICA_AYU_1,0.07150326129054191,58.0,359.0,0,1
8,3,genetico,Brats18_CBICA_AZH_1,-0.700515782892702,401.0,488.0,1,2
8,3,genetico,Brats18_TCIA01_150_1,-0.44405572014399314,1489.0,448.0,2,2
8,3,genetico,Brats18_TCIA01_425_1,-0.2583245727584425,558.0,421.0,2,1
8,3,genetico,Brats18_TCIA01_499_1,-0.6176517683049474,600.0,473.0,2,2
8,3,genetico,Brats18_TCIA02_226_1,0.7377571851222249,329.0,210.0,1,0
8,3,genetico,Brats18_TCIA02_283_1,0.9697068230921201,262.0,187.0,0,0
8,3,genetico,Brats18_TCIA02_300_1,-0.18324688760606808,127.0,394.0,0,1
8,3,genetico,Brats18_TCIA02_394_1,0.39691321609311747,616.0,318.0,2,0
8,3,genetico,Brats18_TCIA02_430_1,-0.1520420776138845,71.0,394.0,0,1
8,3,genetico,Brats18_TCIA03_257_1,0.4025806330279217,425.0,317.0,1,0
8,3,genetico,Brats18_TCIA03_419_1,0.4843454926674804,327.0,287.0,1,0
8,3,genetico,Brats18_TCIA04_111_1,0.29254626889041835,626.0,332.0,2,0
8,3,genetico,Brats18_TCIA04_343_1,-0.2742665803555144,296.0,424.0,0,1
8,3,genetico,Brats18_TCIA05_277_1,0.8085883524009585,232.0,208.0,0,0
8,3,genetico,Brats18_TCIA06_247_1,1.237656017421522,244.0,153.0,0,0
8,3,genetico,Brats18_TCIA08_105_1,1.4643984803720538,77.0,120.0,0,0
8,3,genetico,Brats18_TCIA08_280_1,-1.1139402765927495,508.0,634.0,2,2
8,4,edad,Brats18_CBICA_AAG_1,-0.2988788626208271,616.0,421.0,2,2
8,4,edad,Brats18_CBICA_ABM_1,0.3254388818184657,503.0,296.0,2,0
8,4,edad,Brats18_CBICA_ANI_1,-0.08681104699877701,439.0,375.0,1,1
8,4,edad,Brats18_CBICA_ANP_1,0.031586113783041124,486.0,357.0,2,1
8,4,edad,Brats18_CBICA_AOZ_1,-0.49686778072534965,331.0,465.0,1,2
8,4,edad,Brats18_CBICA_APR_1,0.07046226547088659,23.0,355.0,0,1
8,4,edad,Brats18_CBICA_APY_1,-0.5364160405861421,203.0,466.0,0,2
8,4,edad,Brats18_CBICA_AQP_1,-0.504437841199598,1283.0,465.0,2,2
8,4,edad,Brats18_CBICA_AQY_1,-0.10591306875622601,229.0,375.0,0,1
8,4,edad,Brats18_CBICA_ARZ_1,-0.20825038161604092,871.0,387.0,2,2
8,4,edad,Brats18_CBICA_ASE_1,-0.4916324117992339,318.0,464.0,1,2
8,4,edad,Brats18_CBICA_ASG_1,-0.10619606167115128,208.0,375.0,0,1
8,4,edad,Brats18_CBICA_ASU_1,0.7277486844989612,85.0,208.0,0,0
8,4,edad,Brats18_CBICA_ASY_1,0.20509614474653676,610.0,329.0,2,0
8,4,edad,Brats18_CBICA_ATD_1,0.2994742818740809,355.0,317.0,1,0
8,4,edad,Brats18_CBICA_ATX_1,-0.8464347788866668,1592.0,579.0,2,2
8,4,edad,Brats18_CBICA_AWG_1,-0.18324088275952918,180.0,387.0,0,2
8,4,edad,Brats18_CBICA_AWH_1,-0.28115643132363805,139.0,407.0,0,2
8,4,edad,Brats18_CBICA_AXM_1,0.22009476923757054,438.0,329.0,1,0
8,4,edad,Brats18_CBICA_AXN_1,0.88611859451396,345.0,175.0,1,0
8,4,edad,Brats18_CBICA_AXO_1,-0.15603818881234693,394.0,385.0,1,2
8,4,edad,Brats18_CBICA_BHB_1,-0.18101231355449338,510.0,387.0,2,2
8,4,edad,Brats18_TCIA01_203_1,-0.5230446253559278,268.0,466.0,0,2
8,4,edad,Brats18_TCIA01_390_1,0.10127311908336463,634.0,350.0,2,1
8,4,edad,Brats18_TCIA01_412_1,0.2846525279548752,291.0,317.0,0,0
8,4,edad,Brats18_TCIA01_429_1,-0.20255514920317208,86.0,387.0,0,2
8,4,edad,Brats18_TCIA02_118_1,-0.47369773581585134,104.0,464.0,0,2
8,4,edad,Brats18_TCIA02_198_1,-0.22756464805968382,394.0,401.0,1,2
8,4,edad,Brats18_TCIA02_377_1,0.10788807846974043,812.0,346.0,2,1
8,4,edad,Brats18_TCIA03_498_1,-0.050587953888355366,467.0,370.0,2,1
8,4,edad,Brats18_TCIA06_184_1,0.016092251690888185,434.0,359.0,1,1
8,4,edad,Brats18_TCIA08_167_1,0.5021325830748689,153.0,262.0,0,0
8,4,coxnet,Brats18_CBICA_AAG_1,-0.2988671249556513,616.0,421.0,2,2
8,4,coxnet,Brats18_CBICA_ABM_1,0.3254261010798195,503.0,296.0,2,0
8,4,coxnet,Brats18_CBICA_ANI_1,-0.08680763772789628,439.0,375.0,1,1
8,4,coxnet,Brats18_CBICA_ANP_1,0.03158487332319536,486.0,357.0,2,1
8,4,coxnet,Brats18_CBICA_AOZ_1,-0.49684826757679296,331.0,465.0,1,2
8,4,coxnet,Brats18_CBICA_APR_1,0.07045949825452202,23.0,355.0,0,1
8,4,coxnet,Brats18_CBICA_APY_1,-0.536394974285822,203.0,466.0,0,2
8,4,coxnet,Brats18_CBICA_AQP_1,-0.5044180307572332,1283.0,465.0,2,2
8,4,coxnet,Brats18_CBICA_AQY_1,-0.1059089093047082,229.0,375.0,0,1
8,4,coxnet,Brats18_CBICA_ARZ_1,-0.20824220314122113,871.0,387.0,2,2
8,4,coxnet,Brats18_CBICA_ASE_1,-0.4916131042557407,318.0,464.0,1,2
8,4,coxnet,Brats18_CBICA_ASG_1,-0.10619189110584625,208.0,375.0,0,1
8,4,coxnet,Brats18_CBICA_ASU_1,0.7277201041225642,85.0,208.0,0,0
8,4,coxnet,Brats18_CBICA_ASY_1,0.20508809014590418,610.0,329.0,2,0
8,4,coxnet,Brats18_CBICA_ATD_1,0.29946252082541186,355.0,317.0,1,0
8,4,coxnet,Brats18_CBICA_ATX_1,-0.8464015374324515,1592.0,579.0,2,2
8,4,coxnet,Brats18_CBICA_AWG_1,-0.1832336864656546,180.0,387.0,0,2
8,4,coxnet,Brats18_CBICA_AWH_1,-0.2811453896593867,139.0,407.0,0,2
8,4,coxnet,Brats18_CBICA_AXM_1,0.2200861256062155,438.0,329.0,1,0
8,4,coxnet,Brats18_CBICA_AXN_1,0.8860837945843921,345.0,175.0,1,0
8,4,coxnet,Brats18_CBICA_AXO_1,-0.15603206083126853,394.0,385.0,1,2
8,4,coxnet,Brats18_CBICA_BHB_1,-0.18100520478169313,510.0,387.0,2,2
8,4,coxnet,Brats18_TCIA01_203_1,-0.5230240841820536,268.0,466.0,0,2
8,4,coxnet,Brats18_TCIA01_390_1,0.10126914185341693,634.0,350.0,2,1
8,4,coxnet,Brats18_TCIA01_412_1,0.28464134899081156,291.0,317.0,0,0
8,4,coxnet,Brats18_TCIA01_429_1,-0.20254719439332,86.0,387.0,0,2
8,4,coxnet,Brats18_TCIA02_118_1,-0.47367913260862293,104.0,464.0,0,2
8,4,coxnet,Brats18_TCIA02_198_1,-0.22755571106888653,394.0,401.0,1,2
8,4,coxnet,Brats18_TCIA02_377_1,0.10788384145501655,812.0,346.0,2,1
8,4,coxnet,Brats18_TCIA03_498_1,-0.05058596718223828,467.0,370.0,2,1
8,4,coxnet,Brats18_TCIA06_184_1,0.0160916197108925,434.0,359.0,1,1
8,4,coxnet,Brats18_TCIA08_167_1,0.5021128631653298,153.0,262.0,0,0
8,4,genetico,Brats18_CBICA_AAG_1,-0.624447217106908,616.0,468.0,2,2
8,4,genetico,Brats18_CBICA_ABM_1,-0.12948239150104632,503.0,376.0,2,1
8,4,genetico,Brats18_CBICA_ANI_1,-0.45797315391550436,439.0,448.0,1,2
8,4,genetico,Brats18_CBICA_ANP_1,-0.6080850543776083,486.0,466.0,2,2
8,4,genetico,Brats18_CBICA_AOZ_1,-0.48330630422646303,331.0,448.0,1,2
8,4,genetico,Brats18_CBICA_APR_1,0.665337309863632,23.0,244.0,0,0
8,4,genetico,Brats18_CBICA_APY_1,-1.281028499441566,203.0,698.0,0,2
8,4,genetico,Brats18_CBICA_AQP_1,0.41109374528386977,1283.0,289.0,2,0
8,4,genetico,Brats18_CBICA_AQY_1,0.7408090748962874,229.0,213.0,0,0
8,4,genetico,Brats18_CBICA_ARZ_1,-0.8433291031933792,871.0,519.0,2,2
8,4,genetico,Brats18_CBICA_ASE_1,-1.7460119143409532,318.0,1155.0,1,2
8,4,genetico,Brats18_CBICA_ASG_1,0.39381942900798744,208.0,296.0,0,0
8,4,genetico,Brats18_CBICA_ASU_1,1.312977697460956,85.0,147.0,0,0
8,4,genetico,Brats18_CBICA_ASY_1,-0.05798020445091118,610.0,372.0,2,1
8,4,genetico,Brats18_CBICA_ATD_1,-0.5542483522843792,355.0,464.0,1,2
8,4,genetico,Brats18_CBICA_ATX_1,-1.5325616921287173,1592.0,804.0,2,2
8,4,genetico,Brats18_CBICA_AWG_1,0.22582740828420678,180.0,333.0,0,0
8,4,genetico,Brats18_CBICA_AWH_1,-0.10952962168150379,139.0,376.0,0,1
8,4,genetico,Brats18_CBICA_AXM_1,-0.06852215439031903,438.0,372.0,1,1
8,4,genetico,Brats18_CBICA_AXN_1,0.47561008800623694,345.0,286.0,1,0
8,4,genetico,Brats18_CBICA_AXO_1,0.17430367350573261,394.0,336.0,1,1
8,4,genetico,Brats18_CBICA_BHB_1,-2.8871373293399847,510.0,1767.0,2,2
8,4,genetico,Brats18_TCIA01_203_1,-0.349658689134809,268.0,424.0,0,2
8,4,genetico,Brats18_TCIA01_390_1,0.019817230703535582,634.0,362.0,2,1
8,4,genetico,Brats18_TCIA01_412_1,0.6593798301682515,291.0,244.0,0,0
8,4,genetico,Brats18_TCIA01_429_1,-0.21012927866385822,86.0,387.0,0,1
8,4,genetico,Brats18_TCIA02_118_1,-0.09350135500280657,104.0,375.0,0,1
8,4,genetico,Brats18_TCIA02_198_1,-1.1654034368546522,394.0,630.0,1,2
8,4,genetico,Brats18_TCIA02_377_1,0.22003953649304,812.0,333.0,2,0
8,4,genetico,Brats18_TCIA03_498_1,-1.303258388194021,467.0,726.0,2,2
8,4,genetico,Brats18_TCIA06_184_1,1.785251866469438,434.0,99.0,1,0
8,4,genetico,Brats18_TCIA08_167_1,0.8078956771727773,153.0,210.0,0,0
9,0,edad,Brats18_2013_11_1,-1.2609855755057233,150.0,804.0,0,2
9,0,edad,Brats18_2013_27_1,0.3188750434887744,120.0,318.0,0,0
9,0,edad,Brats18_CBICA_AAB_1,0.01195970421521622,289.0,359.0,0,1
9,0,edad,Brats18_CBICA_ABE_1,0.28256667862036644,269.0,329.0,0,0
9,0,edad,Brats18_CBICA_ABY_1,-0.4792997828633815,515.0,464.0,2,2
9,0,edad,Brats18_CBICA_AMH_1,0.09931909217041311,169.0,355.0,0,1
9,0,edad,Brats18_CBICA_ANG_1,-0.17908565187090508,368.0,401.0,1,1
9,0,edad,Brats18_CBICA_AOP_1,0.3112803407702148,332.0,322.0,1,0
9,0,edad,Brats18_CBICA_AQN_1,0.1227936278459613,488.0,350.0,2,1
9,0,edad,Brats18_CBICA_AQP_1,-0.5570744123074551,1283.0,468.0,2,2
9,0,edad,Brats18_CBICA_AQU_1,0.516215474020761,30.0,262.0,0,0
9,0,edad,Brats18_CBICA_AQZ_1,0.12900747552478278,286.0,350.0,0,1
9,0,edad,Brats18_CBICA_ASK_1,0.6972699377605418,522.0,210.0,2,0
9,0,edad,Brats18_CBICA_ASW_1,0.33264298050263386,239.0,318.0,0,0
9,0,edad,Brats18_CBICA_ATB_1,0.4450202127072043,208.0,287.0,0,0
9,0,edad,Brats18_CBICA_AVJ_1,-0.6061353796016801,614.0,486.0,2,2
9,0,edad,Brats18_CBICA_AYI_1,0.23362755147670666,387.0,333.0,1,0
9,0,edad,Brats18_CBICA_AZD_1,-0.5649534087106666,448.0,468.0,1,2
9,0,edad,Brats18_CBICA_BHB_1,-0.18574624676846552,510.0,401.0,2,1
9,0,edad,Brats18_TCIA01_147_1,0.05066425871140516,209.0,357.0,0,1
9,0,edad,Brats18_TCIA01_186_1,-1.0673409628742128,370.0,698.0,1,2
9,0,edad,Brats18_TCIA01_201_1,0.02276286423199086,430.0,359.0,1,1
9,0,edad,Brats18_TCIA01_231_1,0.1476896319447692,1561.0,346.0,2,0
9,0,edad,Brats18_TCIA02_118_1,-0.5217813820270896,104.0,466.0,0,2
9,0,edad,Brats18_TCIA02_322_1,-0.11398239808560477,621.0,387.0,2,1
9,0,edad,Brats18_TCIA02_394_1,0.16564074746136476,616.0,345.0,2,0
9,0,edad,Brats18_TCIA03_265_1,-0.023739459900366303,103.0,375.0,0,1
9,0,edad,Brats18_TCIA03_419_1,0.42333266590661117,327.0,287.0,1,0
9,0,edad,Brats18_TCIA04_111_1,0.6130377803365163,626.0,232.0,2,0
9,0,edad,Brats18_TCIA04_192_1,0.6414265354181912,121.0,229.0,0,0
9,0,edad,Brats18_TCIA04_361_1,0.6418732826369299,476.0,229.0,2,0
9,0,edad,Brats18_TCIA04_479_1,-0.1530524730334894,372.0,394.0,1,1
9,0,edad,Brats18_TCIA08_167_1,0.5985794158027875,153.0,244.0,0,0
9,0,coxnet,Brats18_2013_11_1,-1.8404332595837267,150.0,1282.0,0,2
9,0,coxnet,Brats18_2013_27_1,0.31416744122876344,120.0,318.0,0,0
9,0,coxnet,Brats18_CBICA_AAB_1,0.19818660892754988,289.0,336.0,0,0
9,0,coxnet,Brats18_CBICA_ABE_1,0.5056188757784259,269.0,265.0,0,0
9,0,coxnet,Brats18_CBICA_ABY_1,-0.35657600423229774,515.0,434.0,2,2
9,0,coxnet,Brats18_CBICA_AMH_1,-0.05311648079682115,169.0,375.0,0,1
9,0,coxnet,Brats18_CBICA_ANG_1,-0.264713388102781,368.0,407.0,1,2
9,0,coxnet,Brats18_CBICA_AOP_1,0.2043043542750513,332.0,333.0,1,0
9,0,coxnet,Brats18_CBICA_AQN_1,0.41062696291869166,488.0,291.0,2,0
9,0,coxnet,Brats18_CBICA_AQP_1,-0.3433475102145483,1283.0,425.0,2,2
9,0,coxnet,Brats18_CBICA_AQU_1,0.8688207048058417,30.0,191.0,0,0
9,0,coxnet,Brats18_CBICA_AQZ_1,0.34260899403914413,286.0,317.0,0,0
9,0,coxnet,Brats18_CBICA_ASK_1,0.9649787738583487,522.0,180.0,2,0
9,0,coxnet,Brats18_CBICA_ASW_1,0.5722677276324444,239.0,254.0,0,0
9,0,coxnet,Brats18_CBICA_ATB_1,0.5332541937043425,208.0,262.0,0,0
9,0,coxnet,Brats18_CBICA_AVJ_1,-0.6638438843427774,614.0,473.0,2,2
9,0,coxnet,Brats18_CBICA_AYI_1,0.4111949654593733,387.0,291.0,1,0
9,0,coxnet,Brats18_CBICA_AZD_1,-0.7362022622848104,448.0,495.0,1,2
9,0,coxnet,Brats18_CBICA_BHB_1,-0.6986175922755024,510.0,495.0,2,2
9,0,coxnet,Brats18_TCIA01_147_1,0.02327089994149593,209.0,357.0,0,1
9,0,coxnet,Brats18_TCIA01_186_1,-1.0756827556617559,370.0,634.0,1,2
9,0,coxnet,Brats18_TCIA01_201_1,0.09687911427645358,430.0,350.0,1,1
9,0,coxnet,Brats18_TCIA01_231_1,0.07270732493606882,1561.0,355.0,2,1
9,0,coxnet,Brats18_TCIA02_118_1,-0.14876926047057376,104.0,387.0,0,1
9,0,coxnet,Brats18_TCIA02_322_1,-0.46677749927242873,621.0,448.0,2,2
9,0,coxnet,Brats18_TCIA02_394_1,0.5013268912495192,616.0,265.0,2,0
9,0,coxnet,Brats18_TCIA03_265_1,0.06754044360576263,103.0,355.0,0,1
9,0,coxnet,Brats18_TCIA03_419_1,0.37409166734915544,327.0,296.0,1,0
9,0,coxnet,Brats18_TCIA04_111_1,0.5722320785239856,626.0,254.0,2,0
9,0,coxnet,Brats18_TCIA04_192_1,0.40690325944849787,121.0,291.0,0,0
9,0,coxnet,Brats18_TCIA04_361_1,0.5951624961756058,476.0,244.0,2,0
9,0,coxnet,Brats18_TCIA04_479_1,-0.12008030808092807,372.0,385.0,1,1
9,0,coxnet,Brats18_TCIA08_167_1,0.870851556687614,153.0,191.0,0,0
9,0,genetico,Brats18_2013_11_1,-1.9252890774536018,150.0,1337.0,0,2
9,0,genetico,Brats18_2013_27_1,0.16091846713906555,120.0,350.0,0,1
9,0,genetico,Brats18_CBICA_AAB_1,0.39152546134827454,289.0,318.0,0,0
9,0,genetico,Brats18_CBICA_ABE_1,0.24233051970676767,269.0,336.0,0,0
9,0,genetico,Brats18_CBICA_ABY_1,0.045173072503185974,515.0,359.0,2,1
9,0,genetico,Brats18_CBICA_AMH_1,0.032644664152931685,169.0,362.0,0,1
9,0,genetico,Brats18_CBICA_ANG_1,-0.2774519144398234,368.0,421.0,1,1
9,0,genetico,Brats18_CBICA_AOP_1,-0.07248070732547973,332.0,385.0,1,1
9,0,genetico,Brats18_CBICA_AQN_1,0.36096690337162407,488.0,322.0,2,0
9,0,genetico,Brats18_CBICA_AQP_1,-0.570504766067166,1283.0,466.0,2,2
9,0,genetico,Brats18_CBICA_AQU_1,1.2120301893225078,30.0,168.0,0,0
9,0,genetico,Brats18_CBICA_AQZ_1,0.478997590755011,286.0,291.0,0,0
9,0,genetico,Brats18_CBICA_ASK_1,0.8800995182604123,522.0,203.0,2,0
9,0,genetico,Brats18_CBICA_ASW_1,0.39885936144762346,239.0,318.0,0,0
9,0,genetico,Brats18_CBICA_ATB_1,0.8969355388007066,208.0,203.0,0,0
9,0,genetico,Brats18_CBICA_AVJ_1,-0.5106433265123682,614.0,464.0,2,2
9,0,genetico,Brats18_CBICA_AYI_1,0.972341385526841,387.0,191.0,1,0
9,0,genetico,Brats18_CBICA_AZD_1,-0.36737735291864704,448.0,436.0,1,2
9,0,genetico,Brats18_CBICA_BHB_1,-0.4282221619137371,510.0,439.0,2,2
9,0,genetico,Brats18_TCIA01_147_1,0.2948605161480399,209.0,331.0,0,0
9,0,genetico,Brats18_TCIA01_186_1,-0.8257613063711415,370.0,519.0,1,2
9,0,genetico,Brats18_TCIA01_201_1,0.2867640255592429,430.0,331.0,1,0
9,0,genetico,Brats18_TCIA01_231_1,0.08874332254304845,1561.0,355.0,2,1
9,0,genetico,Brats18_TCIA02_118_1,0.06939441189919454,104.0,357.0,0,1
9,0,genetico,Brats18_TCIA02_322_1,-0.7864033183818128,621.0,508.0,2,2
9,0,genetico,Brats18_TCIA02_394_1,0.29948811375097,616.0,331.0,2,0
9,0,genetico,Brats18_TCIA03_265_1,-0.04767509018178592,103.0,382.0,0,1
9,0,genetico,Brats18_TCIA03_419_1,0.3607813107422403,327.0,322.0,1,0
9,0,genetico,Brats18_TCIA04_111_1,0.6095822123557024,626.0,262.0,2,0
9,0,genetico,Brats18_TCIA04_192_1,0.6742336178318917,121.0,244.0,0,0
9,0,genetico,Brats18_TCIA04_361_1,0.490409870416633,476.0,291.0,2,0
9,0,genetico,Brats18_TCIA04_479_1,-0.42452851787678103,372.0,439.0,1,2
9,0,genetico,Brats18_TCIA08_167_1,0.8917203555246307,153.0,203.0,0,0
9,1,edad,Brats18_CBICA_AAP_1,-0.6924807363111821,788.0,510.0,2,2
9,1,edad,Brats18_CBICA_ABB_1,0.24532065580704093,465.0,332.0,2,0
9,1,edad,Brats18_CBICA_ABM_1,0.29054547060451824,503.0,329.0,2,0
9,1,edad,Brats18_CBICA_ANP_1,0.0257938592425441,486.0,362.0,2,1
9,1,edad,Brats18_CBICA_ANZ_1,0.23116997379852847,287.0,332.0,0,0
9,1,edad,Brats18_CBICA_APY_1,-0.4859572691599131,203.0,466.0,0,2
9,1,edad,Brats18_CBICA_AQQ_1,0.29309514303848444,33.0,329.0,0,0
9,1,edad,Brats18_CBICA_AQR_1,0.33701325071355365,89.0,318.0,0,0
9,1,edad,Brats18_CBICA_ASA_1,0.09460314405420932,210.0,355.0,0,1
9,1,edad,Brats18_CBICA_ASO_1,-0.26923511227277924,265.0,425.0,0,2
9,1,edad,Brats18_CBICA_ASY_1,0.18212065035010205,610.0,345.0,2,0
9,1,edad,Brats18_CBICA_ATX_1,-0.7652738843009195,1592.0,522.0,2,2
9,1,edad,Brats18_CBICA_AXO_1,-0.14324942312942024,394.0,385.0,1,2
9,1,edad,Brats18_CBICA_AYU_1,0.09514494944642704,58.0,355.0,0,1
9,1,edad,Brats18_TCIA01_150_1,-0.3085319386612845,1489.0,436.0,2,2
9,1,edad,Brats18_TCIA01_190_1,0.023276057714002606,322.0,362.0,1,1
9,1,edad,Brats18_TCIA01_235_1,-0.08996126925952504,804.0,376.0,2,1
9,1,edad,Brats18_TCIA01_378_1,0.4254550132667588,110.0,289.0,0,0
9,1,edad,Brats18_TCIA01_390_1,0.08857954292896399,634.0,355.0,2,1
9,1,edad,Brats18_TCIA01_412_1,0.253798316649979,291.0,331.0,0,0
9,1,edad,Brats18_TCIA01_448_1,-0.5209833942215251,199.0,468.0,0,2
9,1,edad,Brats18_TCIA01_460_1,-1.3328628390072383,630.0,871.0,2,2
9,1,edad,Brats18_TCIA02_179_1,-0.4499750169355641,405.0,453.0,1,2
9,1,edad,Brats18_TCIA02_198_1,-0.20769239389791797,394.0,401.0,1,2
9,1,edad,Brats18_TCIA02_283_1,0.4474778089151426,262.0,286.0,0,0
9,1,edad,Brats18_TCIA02_300_1,0.11417187998490047,127.0,355.0,0,0
9,1,edad,Brats18_TCIA02_321_1,0.6506548309968307,67.0,229.0,0,0
9,1,edad,Brats18_TCIA02_455_1,-0.1896853323330312,424.0,387.0,1,2
9,1,edad,Brats18_TCIA02_473_1,0.007213121380014873,175.0,362.0,0,1
9,1,edad,Brats18_TCIA02_491_1,0.6474996113597974,82.0,229.0,0,0
9,1,edad,Brats18_TCIA03_121_1,-0.968482777288032,747.0,616.0,2,2
9,1,edad,Brats18_TCIA04_437_1,-0.4411786470383802,333.0,453.0,1,2
9,1,edad,Brats18_TCIA06_184_1,0.011834402666578857,434.0,362.0,1,1
9,1,coxnet,Brats18_CBICA_AAP_1,-0.6924719406440971,788.0,510.0,2,2
9,1,coxnet,Brats18_CBICA_ABB_1,0.2453175398231524,465.0,332.0,2,0
9,1,coxnet,Brats18_CBICA_ABM_1,0.2905417801896108,503.0,329.0,2,0
9,1,coxnet,Brats18_CBICA_ANP_1,0.025793531617258968,486.0,362.0,2,1
9,1,coxnet,Brats18_CBICA_ANZ_1,0.2311670375520412,287.0,332.0,0,0
9,1,coxnet,Brats18_CBICA_APY_1,-0.48595109668733316,203.0,466.0,0,2
9,1,coxnet,Brats18_CBICA_AQQ_1,0.29309142023845963,33.0,329.0,0,0
9,1,coxnet,Brats18_CBICA_AQR_1,0.3370089700798826,89.0,318.0,0,0
9,1,coxnet,Brats18_CBICA_ASA_1,0.09460194243556985,210.0,355.0,0,1
9,1,coxnet,Brats18_CBICA_ASO_1,-0.26923169253517365,265.0,425.0,0,2
9,1,coxnet,Brats18_CBICA_ASY_1,0.18211833711230974,610.0,345.0,2,0
9,1,coxnet,Brats18_CBICA_ATX_1,-0.7652641640387343,1592.0,522.0,2,2
9,1,coxnet,Brats18_CBICA_AXO_1,-0.1432476036214254,394.0,385.0,1,2
9,1,coxnet,Brats18_CBICA_AYU_1,0.09514374094595013,58.0,355.0,0,1
9,1,coxnet,Brats18_TCIA01_150_1,-0.3085280197880578,1489.0,436.0,2,2
9,1,coxnet,Brats18_TCIA01_190_1,0.023275762069020853,322.0,362.0,1,1
9,1,coxnet,Brats18_TCIA01_235_1,-0.0899601266004827,804.0,376.0,2,1
9,1,coxnet,Brats18_TCIA01_378_1,0.4254496092743298,110.0,289.0,0,0
9,1,coxnet,Brats18_TCIA01_390_1,0.08857841782016423,634.0,355.0,2,1
9,1,coxnet,Brats18_TCIA01_412_1,0.2537950929855753,291.0,331.0,0,0
9,1,coxnet,Brats18_TCIA01_448_1,-0.5209767768583955,199.0,468.0,0,2
9,1,coxnet,Brats18_TCIA01_460_1,-1.3328459094131184,630.0,871.0,2,2
9,1,coxnet,Brats18_TCIA02_179_1,-0.44996930149795267,405.0,453.0,1,2
9,1,coxnet,Brats18_TCIA02_198_1,-0.20768975585608224,394.0,401.0,1,2
9,1,coxnet,Brats18_TCIA02_283_1,0.4474721251962626,262.0,286.0,0,0
9,1,coxnet,Brats18_TCIA02_300_1,0.11417042981048536,127.0,355.0,0,0
9,1,coxnet,Brats18_TCIA02_321_1,0.6506465665889123,67.0,229.0,0,0
9,1,coxnet,Brats18_TCIA02_455_1,-0.18968292301108672,424.0,387.0,1,2
9,1,coxnet,Brats18_TCIA02_473_1,0.007213029761272394,175.0,362.0,0,1
9,1,coxnet,Brats18_TCIA02_491_1,0.6474913870284617,82.0,229.0,0,0
9,1,coxnet,Brats18_TCIA03_121_1,-0.9684704759319944,747.0,616.0,2,2
9,1,coxnet,Brats18_TCIA04_437_1,-0.4411730433294237,333.0,453.0,1,2
9,1,coxnet,Brats18_TCIA06_184_1,0.011834252349811192,434.0,362.0,1,1
9,1,genetico,Brats18_CBICA_AAP_1,-0.7881165594697261,788.0,519.0,2,2
9,1,genetico,Brats18_CBICA_ABB_1,0.34542327746962653,465.0,318.0,2,0
9,1,genetico,Brats18_CBICA_ABM_1,0.08411702017432032,503.0,355.0,2,1
9,1,genetico,Brats18_CBICA_ANP_1,-0.40923807874108625,486.0,448.0,2,2
9,1,genetico,Brats18_CBICA_ANZ_1,0.3943418225365295,287.0,296.0,0,0
9,1,genetico,Brats18_CBICA_APY_1,-0.9463774735189421,203.0,600.0,0,2
9,1,genetico,Brats18_CBICA_AQQ_1,0.8232095513118656,33.0,208.0,0,0
9,1,genetico,Brats18_CBICA_AQR_1,-0.1068668882835048,89.0,375.0,0,1
9,1,genetico,Brats18_CBICA_ASA_1,0.6519265574004768,210.0,232.0,0,0
9,1,genetico,Brats18_CBICA_ASO_1,-0.7058786532953125,265.0,508.0,0,2
9,1,genetico,Brats18_CBICA_ASY_1,-0.07473522154516751,610.0,372.0,2,1
9,1,genetico,Brats18_CBICA_ATX_1,-0.9820503715124653,1592.0,614.0,2,2
9,1,genetico,Brats18_CBICA_AXO_1,1.1681553689484407,394.0,152.0,1,0
9,1,genetico,Brats18_CBICA_AYU_1,-0.5085991581220214,58.0,464.0,0,2
9,1,genetico,Brats18_TCIA01_150_1,1.2722722420853623,1489.0,147.0,2,0
9,1,genetico,Brats18_TCIA01_190_1,-0.3877703857170759,322.0,439.0,1,2
9,1,genetico,Brats18_TCIA01_235_1,-0.39174489798190953,804.0,439.0,2,2
9,1,genetico,Brats18_TCIA01_378_1,0.8595546200482079,110.0,191.0,0,0
9,1,genetico,Brats18_TCIA01_390_1,-0.23299982396470426,634.0,401.0,2,1
9,1,genetico,Brats18_TCIA01_412_1,1.4317967544172474,291.0,120.0,0,0
9,1,genetico,Brats18_TCIA01_448_1,-0.4728960003979181,199.0,448.0,0,2
9,1,genetico,Brats18_TCIA01_460_1,-0.6782298106563285,630.0,495.0,2,2
9,1,genetico,Brats18_TCIA02_179_1,-0.32419610082288963,405.0,430.0,1,2
9,1,genetico,Brats18_TCIA02_198_1,-0.18209528447374457,394.0,387.0,1,1
9,1,genetico,Brats18_TCIA02_283_1,0.4748823105085871,262.0,286.0,0,0
9,1,genetico,Brats18_TCIA02_300_1,0.7646273865725997,127.0,209.0,0,0
9,1,genetico,Brats18_TCIA02_321_1,0.6042037322646611,67.0,244.0,0,0
9,1,genetico,Brats18_TCIA02_455_1,-0.24011973561254704,424.0,401.0,1,1
9,1,genetico,Brats18_TCIA02_473_1,-0.24912926122780993,175.0,407.0,0,1
9,1,genetico,Brats18_TCIA02_491_1,0.4275426853368417,82.0,289.0,0,0
9,1,genetico,Brats18_TCIA03_121_1,-1.1047352292849424,747.0,626.0,2,2
9,1,genetico,Brats18_TCIA04_437_1,-1.126309586945266,333.0,635.0,1,2
9,1,genetico,Brats18_TCIA06_184_1,2.3375237876762767,434.0,71.0,1,0
9,2,edad,Brats18_CBICA_ALN_1,0.04823818786990567,421.0,355.0,1,1
9,2,edad,Brats18_CBICA_ALU_1,0.2281812885659741,495.0,327.0,2,0
9,2,edad,Brats18_CBICA_AOD_1,0.035133596513988744,55.0,355.0,0,1
9,2,edad,Brats18_CBICA_AOH_1,-0.0977273573991868,576.0,372.0,2,1
9,2,edad,Brats18_CBICA_APR_1,0.11220020994504641,23.0,336.0,0,1
9,2,edad,Brats18_CBICA_AQG_1,-0.21810083367680702,466.0,394.0,2,2
9,2,edad,Brats18_CBICA_AQJ_1,0.234533929804992,170.0,327.0,0,0
9,2,edad,Brats18_CBICA_AQT_1,0.5940571231263276,172.0,239.0,0,0
9,2,edad,Brats18_CBICA_AQY_1,-0.0687956141563449,229.0,370.0,0,1
9,2,edad,Brats18_CBICA_ARF_1,0.5698807856109795,726.0,244.0,2,0
9,2,edad,Brats18_CBICA_ASE_1,-0.4646196145577834,318.0,464.0,1,2
9,2,edad,Brats18_CBICA_ASH_1,-0.4734770114853285,660.0,464.0,2,2
9,2,edad,Brats18_CBICA_AUN_1,0.3227448910096415,376.0,296.0,1,0
9,2,edad,Brats18_CBICA_AUQ_1,0.04366428617781283,1337.0,355.0,2,1
9,2,edad,Brats18_CBICA_AVG_1,0.13597723858251362,579.0,333.0,2,1
9,2,edad,Brats18_CBICA_AWI_1,-0.47416672681985034,375.0,464.0,1,2
9,2,edad,Brats18_CBICA_AXM_1,0.26575262389388016,438.0,322.0,1,0
9,2,edad,Brats18_CBICA_AXN_1,0.9492242195980515,345.0,175.0,1,0
9,2,edad,Brats18_CBICA_AXW_1,0.7114176324162994,191.0,208.0,0,0
9,2,edad,Brats18_CBICA_AZH_1,-0.17054677640187255,401.0,387.0,1,1
9,2,edad,Brats18_CBICA_BHM_1,0.0877334659730573,436.0,346.0,1,1
9,2,edad,Brats18_TCIA01_425_1,-0.12360983284729996,558.0,382.0,2,1
9,2,edad,Brats18_TCIA02_274_1,-0.16865913443370725,357.0,387.0,1,1
9,2,edad,Brats18_TCIA03_257_1,0.3525841544294854,425.0,291.0,1,0
9,2,edad,Brats18_TCIA03_296_1,0.029543272223652824,22.0,355.0,0,1
9,2,edad,Brats18_TCIA03_474_1,0.06515436396923349,635.0,350.0,2,1
9,2,edad,Brats18_TCIA05_478_1,-0.013001273674227282,30.0,359.0,0,1
9,2,edad,Brats18_TCIA06_372_1,0.5411668472106185,213.0,262.0,0,0
9,2,edad,Brats18_TCIA08_242_1,0.24923575667243358,147.0,327.0,0,0
9,2,edad,Brats18_TCIA08_280_1,-0.08171870147686147,508.0,370.0,2,1
9,2,edad,Brats18_TCIA08_319_1,0.19046475000974752,254.0,331.0,0,0
9,2,edad,Brats18_TCIA08_406_1,0.6945014563169719,82.0,209.0,0,0
9,2,edad,Brats18_TCIA08_469_1,0.155579674405769,519.0,332.0,2,0
9,2,coxnet,Brats18_CBICA_ALN_1,0.04981577689715514,421.0,350.0,1,1
9,2,coxnet,Brats18_CBICA_ALU_1,0.18972506027189995,495.0,331.0,2,0
9,2,coxnet,Brats18_CBICA_AOD_1,0.2909017432982413,55.0,317.0,0,0
9,2,coxnet,Brats18_CBICA_AOH_1,-0.06203608659376928,576.0,368.0,2,1
9,2,coxnet,Brats18_CBICA_APR_1,0.13620308369990547,23.0,333.0,0,0
9,2,coxnet,Brats18_CBICA_AQG_1,-0.106970112255309,466.0,372.0,2,1
9,2,coxnet,Brats18_CBICA_AQJ_1,0.280548142368206,170.0,317.0,0,0
9,2,coxnet,Brats18_CBICA_AQT_1,0.5772162070064712,172.0,244.0,0,0
9,2,coxnet,Brats18_CBICA_AQY_1,0.016034159754734354,229.0,355.0,0,1
9,2,coxnet,Brats18_CBICA_ARF_1,0.6448236912211058,726.0,232.0,2,0
9,2,coxnet,Brats18_CBICA_ASE_1,-0.4819615192458369,318.0,464.0,1,2
9,2,coxnet,Brats18_CBICA_ASH_1,-0.5582166907035728,660.0,468.0,2,2
9,2,coxnet,Brats18_CBICA_AUN_1,0.37330136581942625,376.0,289.0,1,0
9,2,coxnet,Brats18_CBICA_AUQ_1,0.01710382829032357,1337.0,355.0,2,1
9,2,coxnet,Brats18_CBICA_AVG_1,-0.023117116735148144,579.0,359.0,2,1
9,2,coxnet,Brats18_CBICA_AWI_1,-0.38409654142405786,375.0,439.0,1,2
9,2,coxnet,Brats18_CBICA_AXM_1,0.19961920608220163,438.0,329.0,1,0
9,2,coxnet,Brats18_CBICA_AXN_1,0.9951031171529884,345.0,168.0,1,0
9,2,coxnet,Brats18_CBICA_AXW_1,0.6449410611830207,191.0,232.0,0,0
9,2,coxnet,Brats18_CBICA_AZH_1,-0.2690051139177987,401.0,405.0,1,2
9,2,coxnet,Brats18_CBICA_BHM_1,0.212315789386052,436.0,329.0,1,0
9,2,coxnet,Brats18_TCIA01_425_1,-0.3419353613613999,558.0,430.0,2,2
9,2,coxnet,Brats18_TCIA02_274_1,-0.21228937610246268,357.0,387.0,1,1
9,2,coxnet,Brats18_TCIA03_257_1,0.3957277316534619,425.0,287.0,1,0
9,2,coxnet,Brats18_TCIA03_296_1,0.13304413219988598,22.0,333.0,0,1
9,2,coxnet,Brats18_TCIA03_474_1,0.22702688737000157,635.0,327.0,2,0
9,2,coxnet,Brats18_TCIA05_478_1,-0.0095678285544415,30.0,359.0,0,1
9,2,coxnet,Brats18_TCIA06_372_1,0.43262697857742616,213.0,286.0,0,0
9,2,coxnet,Brats18_TCIA08_242_1,0.24599393623529173,147.0,322.0,0,0
9,2,coxnet,Brats18_TCIA08_280_1,-1.0942545538388626,508.0,698.0,2,2
9,2,coxnet,Brats18_TCIA08_319_1,0.2320060816039692,254.0,327.0,0,0
9,2,coxnet,Brats18_TCIA08_406_1,0.5328803565273493,82.0,262.0,0,0
9,2,coxnet,Brats18_TCIA08_469_1,0.13421614992135206,519.0,333.0,2,1
9,2,genetico,Brats18_CBICA_ALN_1,0.019901013497632666,421.0,355.0,1,1
9,2,genetico,Brats18_CBICA_ALU_1,-0.38174676472822333,495.0,430.0,2,2
9,2,genetico,Brats18_CBICA_AOD_1,0.3933379079598581,55.0,289.0,0,0
9,2,genetico,Brats18_CBICA_AOH_1,-0.19273469544686506,576.0,385.0,2,1
9,2,genetico,Brats18_CBICA_APR_1,0.7026232595922839,23.0,210.0,0,0
9,2,genetico,Brats18_CBICA_AQG_1,0.34474872628472436,466.0,291.0,2,0
9,2,genetico,Brats18_CBICA_AQJ_1,0.6026414572797041,170.0,244.0,0,0
9,2,genetico,Brats18_CBICA_AQT_1,0.12107334825471897,172.0,333.0,0,0
9,2,genetico,Brats18_CBICA_AQY_1,0.4668976577925446,229.0,269.0,0,0
9,2,genetico,Brats18_CBICA_ARF_1,0.593119562186354,726.0,244.0,2,0
9,2,genetico,Brats18_CBICA_ASE_1,-0.687327388859881,318.0,486.0,1,2
9,2,genetico,Brats18_CBICA_ASH_1,-1.545188142125093,660.0,946.0,2,2
9,2,genetico,Brats18_CBICA_AUN_1,0.5517075598835166,376.0,265.0,1,0
9,2,genetico,Brats18_CBICA_AUQ_1,-0.43666515610350515,1337.0,439.0,2,2
9,2,genetico,Brats18_CBICA_AVG_1,-0.8131908330610249,579.0,515.0,2,2
9,2,genetico,Brats18_CBICA_AWI_1,-0.11011913752790978,375.0,370.0,1,1
9,2,genetico,Brats18_CBICA_AXM_1,-0.5024576117548314,438.0,448.0,1,2
9,2,genetico,Brats18_CBICA_AXN_1,2.260711068086073,345.0,82.0,1,0
9,2,genetico,Brats18_CBICA_AXW_1,0.2194358594219279,191.0,329.0,0,0
9,2,genetico,Brats18_CBICA_AZH_1,-0.5981240618704387,401.0,467.0,1,2
9,2,genetico,Brats18_CBICA_BHM_1,0.21516938413374645,436.0,329.0,1,0
9,2,genetico,Brats18_TCIA01_425_1,-0.45539732440321373,558.0,448.0,2,2
9,2,genetico,Brats18_TCIA02_274_1,-0.2766731098652563,357.0,394.0,1,2
9,2,genetico,Brats18_TCIA03_257_1,1.1020941338670047,425.0,153.0,1,0
9,2,genetico,Brats18_TCIA03_296_1,0.5018663799490181,22.0,268.0,0,0
9,2,genetico,Brats18_TCIA03_474_1,0.7403288606133731,635.0,209.0,2,0
9,2,genetico,Brats18_TCIA05_478_1,-0.6854911374754272,30.0,486.0,0,2
9,2,genetico,Brats18_TCIA06_372_1,0.07910736514309219,213.0,346.0,0,1
9,2,genetico,Brats18_TCIA08_242_1,-0.3311563003211978,147.0,407.0,0,2
9,2,genetico,Brats18_TCIA08_280_1,-1.2917556217676576,508.0,788.0,2,2
9,2,genetico,Brats18_TCIA08_319_1,0.3276464671249305,254.0,296.0,0,0
9,2,genetico,Brats18_TCIA08_406_1,-0.1788992113418733,82.0,385.0,0,1
9,2,genetico,Brats18_TCIA08_469_1,-0.39781823699605384,519.0,434.0,2,2
9,3,edad,Brats18_CBICA_AAG_1,-0.30575741369021386,616.0,425.0,2,2
9,3,edad,Brats18_CBICA_ALX_1,-0.04396419714189605,698.0,368.0,2,1
9,3,edad,Brats18_CBICA_AOO_1,-0.5911930593507687,350.0,488.0,1,2
9,3,edad,Brats18_CBICA_AQD_1,0.42617131946701453,32.0,269.0,0,0
9,3,edad,Brats18_CBICA_AQV_1,-0.26703456779699686,84.0,421.0,0,2
9,3,edad,Brats18_CBICA_ARW_1,-0.5822434662143929,495.0,486.0,2,2
9,3,edad,Brats18_CBICA_ARZ_1,-0.21548632071621773,871.0,401.0,2,2
9,3,edad,Brats18_CBICA_ASG_1,-0.1138344459191926,208.0,375.0,0,1
9,3,edad,Brats18_CBICA_ASN_1,-0.7558796669075436,407.0,522.0,1,2
9,3,edad,Brats18_CBICA_ATD_1,0.2902361607263132,355.0,296.0,1,0
9,3,edad,Brats18_CBICA_ATF_1,0.27431011309780184,152.0,318.0,0,0
9,3,edad,Brats18_CBICA_ATP_1,-0.3295055466583923,385.0,430.0,1,2
9,3,edad,Brats18_CBICA_ATV_1,0.042924372441973675,453.0,355.0,2,1
9,3,edad,Brats18_CBICA_AUR_1,0.32807814115335127,12.0,291.0,0,0
9,3,edad,Brats18_CBICA_AVV_1,0.3999919978121829,387.0,286.0,1,0
9,3,edad,Brats18_CBICA_AWG_1,-0.1905754453326835,180.0,394.0,0,2
9,3,edad,Brats18_CBICA_AXQ_1,0.18819670512416933,114.0,329.0,0,0
9,3,edad,Brats18_TCIA01_411_1,-0.6355182096088822,822.0,495.0,2,2
9,3,edad,Brats18_TCIA01_429_1,-0.2098135471140269,86.0,401.0,0,2
9,3,edad,Brats18_TCIA01_499_1,-0.38260411695964597,600.0,438.0,2,2
9,3,edad,Brats18_TCIA02_314_1,-0.7254017217777595,362.0,515.0,1,2
9,3,edad,Brats18_TCIA02_331_1,0.8422216964525508,187.0,203.0,0,0
9,3,edad,Brats18_TCIA02_368_1,0.05712392375677471,317.0,346.0,1,1
9,3,edad,Brats18_TCIA02_377_1,0.09940546613335374,812.0,336.0,2,1
9,3,edad,Brats18_TCIA03_133_1,0.09940546613335374,382.0,336.0,1,1
9,3,edad,Brats18_TCIA03_199_1,-0.4268940325991123,1282.0,448.0,2,2
9,3,edad,Brats18_TCIA03_338_1,0.5455814420622027,468.0,254.0,2,0
9,3,edad,Brats18_TCIA03_498_1,-0.058445625405874384,467.0,370.0,2,1
9,3,edad,Brats18_TCIA04_149_1,-0.8487581216614287,448.0,579.0,1,2
9,3,edad,Brats18_TCIA06_165_1,-0.3236213653443184,5.0,430.0,0,2
9,3,edad,Brats18_TCIA06_409_1,0.29333680716726257,99.0,296.0,0,0
9,3,edad,Brats18_TCIA08_278_1,-0.3678408117464906,1458.0,436.0,2,2
9,3,coxnet,Brats18_CBICA_AAG_1,-0.3413250845118107,616.0,430.0,2,2
9,3,coxnet,Brats18_CBICA_ALX_1,-0.0787646139455521,698.0,370.0,2,1
9,3,coxnet,Brats18_CBICA_AOO_1,-0.5641845852306099,350.0,473.0,1,2
9,3,coxnet,Brats18_CBICA_AQD_1,0.42502184552007855,32.0,269.0,0,0
9,3,coxnet,Brats18_CBICA_AQV_1,-0.32407123572250035,84.0,425.0,0,2
9,3,coxnet,Brats18_CBICA_ARW_1,-0.5984587565458657,495.0,486.0,2,2
9,3,coxnet,Brats18_CBICA_ARZ_1,-0.2389228022061951,871.0,401.0,2,2
9,3,coxnet,Brats18_CBICA_ASG_1,0.008179948977143603,208.0,355.0,0,1
9,3,coxnet,Brats18_CBICA_ASN_1,-0.6828493285590432,407.0,503.0,1,2
9,3,coxnet,Brats18_CBICA_ATD_1,0.1883444519285323,355.0,329.0,1,0
9,3,coxnet,Brats18_CBICA_ATF_1,0.20681985732328462,152.0,327.0,0,0
9,3,coxnet,Brats18_CBICA_ATP_1,-0.35887432272951747,385.0,434.0,1,2
9,3,coxnet,Brats18_CBICA_ATV_1,0.04223272915001615,453.0,346.0,2,1
9,3,coxnet,Brats18_CBICA_AUR_1,0.4018525360183868,12.0,286.0,0,0
9,3,coxnet,Brats18_CBICA_AVV_1,0.4674896331953195,387.0,268.0,1,0
9,3,coxnet,Brats18_CBICA_AWG_1,-0.1494799349251503,180.0,376.0,0,1
9,3,coxnet,Brats18_CBICA_AXQ_1,0.15993458288849122,114.0,331.0,0,0
9,3,coxnet,Brats18_TCIA01_411_1,-0.689502724361504,822.0,508.0,2,2
9,3,coxnet,Brats18_TCIA01_429_1,-0.19467614022131838,86.0,394.0,0,2
9,3,coxnet,Brats18_TCIA01_499_1,-0.4168049804932403,600.0,439.0,2,2
9,3,coxnet,Brats18_TCIA02_314_1,-0.5670140870645382,362.0,473.0,1,2
9,3,coxnet,Brats18_TCIA02_331_1,0.8563365243509141,187.0,199.0,0,0
9,3,coxnet,Brats18_TCIA02_368_1,0.08956357302871977,317.0,336.0,1,1
9,3,coxnet,Brats18_TCIA02_377_1,0.14021899341489874,812.0,332.0,2,0
9,3,coxnet,Brats18_TCIA03_133_1,0.024789830821898232,382.0,355.0,1,1
9,3,coxnet,Brats18_TCIA03_199_1,-0.46245681435332847,1282.0,448.0,2,2
9,3,coxnet,Brats18_TCIA03_338_1,0.475068504948963,468.0,265.0,2,0
9,3,coxnet,Brats18_TCIA03_498_1,-0.13007654586050527,467.0,375.0,2,1
9,3,coxnet,Brats18_TCIA04_149_1,-0.8448597582942896,448.0,576.0,1,2
9,3,coxnet,Brats18_TCIA06_165_1,-0.3468405325071972,5.0,430.0,0,2
9,3,coxnet,Brats18_TCIA06_409_1,0.25689046835200735,99.0,318.0,0,0
9,3,coxnet,Brats18_TCIA08_278_1,-0.4077162456498123,1458.0,438.0,2,2
9,3,genetico,Brats18_CBICA_AAG_1,-0.6071232853495796,616.0,473.0,2,2
9,3,genetico,Brats18_CBICA_ALX_1,-0.2847678911207611,698.0,421.0,2,2
9,3,genetico,Brats18_CBICA_AOO_1,-0.6785114197956502,350.0,488.0,1,2
9,3,genetico,Brats18_CBICA_AQD_1,0.20738686457692812,32.0,329.0,0,0
9,3,genetico,Brats18_CBICA_AQV_1,-0.7610584538548735,84.0,510.0,0,2
9,3,genetico,Brats18_CBICA_ARW_1,-0.7196904241647494,495.0,503.0,2,2
9,3,genetico,Brats18_CBICA_ARZ_1,-0.4178926854105344,871.0,436.0,2,2
9,3,genetico,Brats18_CBICA_ASG_1,0.005535938154022757,208.0,357.0,0,1
9,3,genetico,Brats18_CBICA_ASN_1,-0.49111234550023275,407.0,448.0,1,2
9,3,genetico,Brats18_CBICA_ATD_1,-0.19732541343622023,355.0,394.0,1,1
9,3,genetico,Brats18_CBICA_ATF_1,-0.02766487089435954,152.0,359.0,0,1
9,3,genetico,Brats18_CBICA_ATP_1,-0.5015120376410862,385.0,448.0,1,2
9,3,genetico,Brats18_CBICA_ATV_1,-0.056383677764391196,453.0,368.0,2,1
9,3,genetico,Brats18_CBICA_AUR_1,0.6579734447211705,12.0,239.0,0,0
9,3,genetico,Brats18_CBICA_AVV_1,0.5812342106441818,387.0,254.0,1,0
9,3,genetico,Brats18_CBICA_AWG_1,-0.10459410251239751,180.0,372.0,0,1
9,3,genetico,Brats18_CBICA_AXQ_1,0.427908017257688,114.0,286.0,0,0
9,3,genetico,Brats18_TCIA01_411_1,-0.509735816608885,822.0,448.0,2,2
9,3,genetico,Brats18_TCIA01_429_1,-0.12246868005061241,86.0,375.0,0,1
9,3,genetico,Brats18_TCIA01_499_1,-0.4602560919015235,600.0,439.0,2,2
9,3,genetico,Brats18_TCIA02_314_1,1.10923655856699,362.0,169.0,1,0
9,3,genetico,Brats18_TCIA02_331_1,0.7232715853044298,187.0,213.0,0,0
9,3,genetico,Brats18_TCIA02_368_1,0.30549045940250336,317.0,318.0,1,0
9,3,genetico,Brats18_TCIA02_377_1,0.15158898072921795,812.0,332.0,2,0
9,3,genetico,Brats18_TCIA03_133_1,-0.3625779086848513,382.0,430.0,1,2
9,3,genetico,Brats18_TCIA03_199_1,-0.519579894190197,1282.0,464.0,2,2
9,3,genetico,Brats18_TCIA03_338_1,0.11563325167971716,468.0,336.0,2,0
9,3,genetico,Brats18_TCIA03_498_1,-0.3351405404668596,467.0,425.0,2,2
9,3,genetico,Brats18_TCIA04_149_1,-0.43606429291595616,448.0,438.0,1,2
9,3,genetico,Brats18_TCIA06_165_1,-0.5880738400148717,5.0,473.0,0,2
9,3,genetico,Brats18_TCIA06_409_1,0.009054013411395723,99.0,357.0,0,1
9,3,genetico,Brats18_TCIA08_278_1,-0.5114391798491411,1458.0,448.0,2,2
9,4,edad,Brats18_CBICA_AAL_1,-0.17993581437992084,464.0,394.0,2,2
9,4,edad,Brats18_CBICA_ABN_1,0.2505291961664959,1278.0,327.0,2,0
9,4,edad,Brats18_CBICA_ABO_1,-0.11473809610637188,1155.0,387.0,2,1
9,4,edad,Brats18_CBICA_AME_1,-0.258954956404567,359.0,421.0,1,2
9,4,edad,Brats18_CBICA_ANI_1,-0.05812874582069803,439.0,382.0,1,1
9,4,edad,Brats18_CBICA_AOZ_1,-0.41496158351049117,331.0,448.0,1,2
9,4,edad,Brats18_CBICA_APZ_1,-0.0025660066876686963,336.0,372.0,1,1
9,4,edad,Brats18_CBICA_AQA_1,0.499314823686243,106.0,265.0,0,0
9,4,edad,Brats18_CBICA_AQO_1,0.23744655675844195,473.0,327.0,2,0
9,4,edad,Brats18_CBICA_ASU_1,0.6507040486481477,85.0,210.0,0,0
9,4,edad,Brats18_CBICA_ASV_1,-0.1660836079478638,597.0,394.0,2,2
9,4,edad,Brats18_CBICA_AWH_1,-0.2272487950156361,139.0,405.0,0,2
9,4,edad,Brats18_CBICA_AXJ_1,-0.9953690330136867,1767.0,616.0,2,2
9,4,edad,Brats18_CBICA_AXL_1,0.44584530685850204,168.0,269.0,0,0
9,4,edad,Brats18_CBICA_AYA_1,0.45218653913628826,50.0,269.0,0,0
9,4,edad,Brats18_CBICA_AYW_1,-0.31621074299040336,734.0,430.0,2,2
9,4,edad,Brats18_TCIA01_203_1,-0.437740767420985,268.0,448.0,0,2
9,4,edad,Brats18_TCIA01_335_1,-0.174610410573819,355.0,394.0,1,2
9,4,edad,Brats18_TCIA01_401_1,0.5739628250145511,448.0,239.0,1,0
9,4,edad,Brats18_TCIA02_135_1,0.2837437089224732,828.0,322.0,2,0
9,4,edad,Brats18_TCIA02_151_1,-0.37472861949560493,1731.0,436.0,2,2
9,4,edad,Brats18_TCIA02_226_1,0.4134619264884486,329.0,287.0,1,0
9,4,edad,Brats18_TCIA02_290_1,-0.5243632316427825,737.0,467.0,2,2
9,4,edad,Brats18_TCIA02_430_1,-0.19332628059757617,71.0,401.0,0,2
9,4,edad,Brats18_TCIA02_471_1,0.5069181458833943,111.0,262.0,0,0
9,4,edad,Brats18_TCIA03_138_1,0.36100823813239186,82.0,291.0,0,0
9,4,edad,Brats18_TCIA03_375_1,-0.004505315588156774,946.0,372.0,2,1
9,4,edad,Brats18_TCIA04_343_1,-0.22986532289724693,296.0,407.0,0,2
9,4,edad,Brats18_TCIA05_277_1,0.3146187379254806,232.0,317.0,0,0
9,4,edad,Brats18_TCIA06_247_1,0.5095346737650049,244.0,262.0,0,0
9,4,edad,Brats18_TCIA08_105_1,0.19949151113460514,77.0,333.0,0,0
9,4,edad,Brats18_TCIA08_218_1,-0.08623333353729416,346.0,385.0,1,1
9,4,coxnet,Brats18_CBICA_AAL_1,0.19315397443524202,464.0,332.0,2,0
9,4,coxnet,Brats18_CBICA_ABN_1,0.4900755045509367,1278.0,265.0,2,0
9,4,coxnet,Brats18_CBICA_ABO_1,0.4405793352378877,1155.0,286.0,2,0
9,4,coxnet,Brats18_CBICA_AME_1,0.09958550152344783,359.0,355.0,1,1
9,4,coxnet,Brats18_CBICA_ANI_1,0.32090003522584126,439.0,317.0,1,0
9,4,coxnet,Brats18_CBICA_AOZ_1,-0.7219173562030485,331.0,495.0,1,2
9,4,coxnet,Brats18_CBICA_APZ_1,0.11573507950564974,336.0,350.0,1,1
9,4,coxnet,Brats18_CBICA_AQA_1,0.29489255202196524,106.0,318.0,0,0
9,4,coxnet,Brats18_CBICA_AQO_1,0.06256714186383386,473.0,357.0,2,1
9,4,coxnet,Brats18_CBICA_ASU_1,0.9845696160991978,85.0,175.0,0,0
9,4,coxnet,Brats18_CBICA_ASV_1,-0.0003378424899962393,597.0,370.0,2,1
9,4,coxnet,Brats18_CBICA_AWH_1,-0.20553471724186045,139.0,394.0,0,1
9,4,coxnet,Brats18_CBICA_AXJ_1,-0.7291953950094426,1767.0,495.0,2,2
9,4,coxnet,Brats18_CBICA_AXL_1,0.7470776521953207,168.0,208.0,0,0
9,4,coxnet,Brats18_CBICA_AYA_1,0.6795533432256624,50.0,210.0,0,0
9,4,coxnet,Brats18_CBICA_AYW_1,-0.3940994899736177,734.0,434.0,2,2
9,4,coxnet,Brats18_TCIA01_203_1,-0.13725105002590582,268.0,387.0,0,1
9,4,coxnet,Brats18_TCIA01_335_1,-0.14161072577129807,355.0,387.0,1,1
9,4,coxnet,Brats18_TCIA01_401_1,0.43542498706602156,448.0,286.0,1,0
9,4,coxnet,Brats18_TCIA02_135_1,0.4611444787520211,828.0,269.0,2,0
9,4,coxnet,Brats18_TCIA02_151_1,-0.7347948543314531,1731.0,495.0,2,2
9,4,coxnet,Brats18_TCIA02_226_1,0.2014540991723044,329.0,332.0,1,0
9,4,coxnet,Brats18_TCIA02_290_1,-0.07846418528514602,737.0,376.0,2,1
9,4,coxnet,Brats18_TCIA02_430_1,-0.43080581933500844,71.0,436.0,0,2
9,4,coxnet,Brats18_TCIA02_471_1,0.4739239691598337,111.0,265.0,0,0
9,4,coxnet,Brats18_TCIA03_138_1,0.6687659315453242,82.0,210.0,0,0
9,4,coxnet,Brats18_TCIA03_375_1,-0.005680867259212664,946.0,370.0,2,1
9,4,coxnet,Brats18_TCIA04_343_1,-0.22216168198386096,296.0,394.0,0,2
9,4,coxnet,Brats18_TCIA05_277_1,-0.19155433448674458,232.0,394.0,0,1
9,4,coxnet,Brats18_TCIA06_247_1,0.8364142731802708,244.0,199.0,0,0
9,4,coxnet,Brats18_TCIA08_105_1,0.4785365506210199,77.0,265.0,0,0
9,4,coxnet,Brats18_TCIA08_218_1,-0.5517891893393346,346.0,465.0,1,2
9,4,genetico,Brats18_CBICA_AAL_1,-0.9315617853353987,464.0,519.0,2,2
9,4,genetico,Brats18_CBICA_ABN_1,0.20483281150162325,1278.0,350.0,2,1
9,4,genetico,Brats18_CBICA_ABO_1,0.8196754846531472,1155.0,210.0,2,0
9,4,genetico,Brats18_CBICA_AME_1,0.7639904419718666,359.0,229.0,1,0
9,4,genetico,Brats18_CBICA_ANI_1,0.8326278957297628,439.0,210.0,1,0
9,4,genetico,Brats18_CBICA_AOZ_1,-0.39098600021031116,331.0,430.0,1,2
9,4,genetico,Brats18_CBICA_APZ_1,0.20770449198289398,336.0,350.0,1,1
9,4,genetico,Brats18_CBICA_AQA_1,-0.8052522096037343,106.0,503.0,0,2
9,4,genetico,Brats18_CBICA_AQO_1,-0.28239898778090033,473.0,407.0,2,2
9,4,genetico,Brats18_CBICA_ASU_1,1.480266750576415,85.0,147.0,0,0
9,4,genetico,Brats18_CBICA_ASV_1,-0.3913243610750357,597.0,430.0,2,2
9,4,genetico,Brats18_CBICA_AWH_1,-0.4299310164385639,139.0,436.0,0,2
9,4,genetico,Brats18_CBICA_AXJ_1,-0.2929323015133304,1767.0,421.0,2,2
9,4,genetico,Brats18_CBICA_AXL_1,1.1489367122020813,168.0,175.0,0,0
9,4,genetico,Brats18_CBICA_AYA_1,-0.012559305779751534,50.0,376.0,0,1
9,4,genetico,Brats18_CBICA_AYW_1,0.01350489661039056,734.0,375.0,2,1
9,4,genetico,Brats18_TCIA01_203_1,-0.14402731290831172,268.0,387.0,0,1
9,4,genetico,Brats18_TCIA01_335_1,0.09934133782767313,355.0,368.0,1,1
9,4,genetico,Brats18_TCIA01_401_1,0.6550987966000816,448.0,262.0,1,0
9,4,genetico,Brats18_TCIA02_135_1,0.5047991010037808,828.0,289.0,2,0
9,4,genetico,Brats18_TCIA02_151_1,-1.6665309402474706,1731.0,804.0,2,2
9,4,genetico,Brats18_TCIA02_226_1,0.8390829826315345,329.0,209.0,1,0
9,4,genetico,Brats18_TCIA02_290_1,0.47286678945791233,737.0,291.0,2,0
9,4,genetico,Brats18_TCIA02_430_1,-1.3366669129374555,71.0,630.0,0,2
9,4,genetico,Brats18_TCIA02_471_1,-0.12325823624428342,111.0,387.0,0,1
9,4,genetico,Brats18_TCIA03_138_1,-0.9532160852272739,82.0,522.0,0,2
9,4,genetico,Brats18_TCIA03_375_1,0.08715775214990307,946.0,368.0,2,1
9,4,genetico,Brats18_TCIA04_343_1,-1.239795876792399,296.0,621.0,0,2
9,4,genetico,Brats18_TCIA05_277_1,-1.3505567087503136,232.0,634.0,0,2
9,4,genetico,Brats18_TCIA06_247_1,1.133671526160192,244.0,180.0,0,0
9,4,genetico,Brats18_TCIA08_105_1,0.8636822647562785,77.0,209.0,0,0
9,4,genetico,Brats18_TCIA08_218_1,-0.6605538262481507,346.0,476.0,1,2
