repeticion,fold,brazo,paciente_id,riesgo,dias,dias_pred,clase,clase_pred
0,0,edad,Brats18_2013_27_1,0.2258122074886352,120.0,317.0,0,0
0,0,edad,Brats18_CBICA_AAL_1,-0.23554906414181484,464.0,387.0,2,2
0,0,edad,Brats18_CBICA_AAP_1,-0.7478251958384874,788.0,488.0,2,2
0,0,edad,Brats18_CBICA_ABM_1,0.2894389678884323,503.0,291.0,2,0
0,0,edad,Brats18_CBICA_ABY_1,-0.43510572175935935,515.0,434.0,2,2
0,0,edad,Brats18_CBICA_ALU_1,0.15448432228357778,495.0,327.0,2,0
0,0,edad,Brats18_CBICA_AMH_1,0.0440118550989411,169.0,345.0,0,1
0,0,edad,Brats18_CBICA_AOZ_1,-0.49230927326044516,331.0,439.0,1,2
0,0,edad,Brats18_CBICA_APY_1,-0.5299069044057795,203.0,448.0,0,2
0,0,edad,Brats18_CBICA_ASH_1,-0.4955376923927815,660.0,439.0,2,2
0,0,edad,Brats18_CBICA_ASO_1,-0.3012272158652838,265.0,394.0,0,2
0,0,edad,Brats18_CBICA_ASU_1,0.6719057469724111,85.0,208.0,0,0
0,0,edad,Brats18_CBICA_ATD_1,0.2647550132724432,355.0,296.0,1,0
0,0,edad,Brats18_CBICA_AVG_1,0.06906573274051028,579.0,336.0,2,1
0,0,edad,Brats18_CBICA_AVJ_1,-0.5401302316581782,614.0,448.0,2,2
0,0,edad,Brats18_CBICA_AWG_1,-0.19415131464279292,180.0,382.0,0,1
0,0,edad,Brats18_CBICA_AYW_1,-0.38442626725486995,734.0,424.0,2,2
0,0,edad,Brats18_CBICA_BHM_1,0.024372305377228065,436.0,346.0,1,1
0,0,edad,Brats18_TCIA01_390_1,0.07632967578826724,634.0,333.0,2,1
0,0,edad,Brats18_TCIA01_425_1,-0.17141786325259062,558.0,376.0,2,1
0,0,edad,Brats18_TCIA01_460_1,-1.4235400461096903,630.0,1155.0,2,2
0,0,edad,Brats18_TCIA01_499_1,-0.37743135913480774,600.0,424.0,2,2
0,0,edad,Brats18_TCIA02_179_1,-0.49193935023486485,405.0,439.0,1,2
0,0,edad,Brats18_TCIA02_314_1,-0.7046114605775259,362.0,476.0,1,2
0,0,edad,Brats18_TCIA02_377_1,0.08261836722313079,812.0,333.0,2,1
0,0,edad,Brats18_TCIA03_199_1,-0.41970347214883763,1282.0,430.0,2,2
0,0,edad,Brats18_TCIA03_375_1,-0.04389530752530233,946.0,357.0,2,1
0,0,edad,Brats18_TCIA04_192_1,0.4928966319575498,121.0,239.0,0,0
0,0,edad,Brats18_TCIA04_479_1,-0.1649610249879178,372.0,376.0,1,1
0,0,edad,Brats18_TCIA06_372_1,0.44443671560654174,213.0,262.0,0,0
0,0,edad,Brats18_TCIA08_280_1,-0.1326095749326299,508.0,370.0,2,1
0,0,edad,Brats18_TCIA08_319_1,0.11954341104922846,254.0,332.0,0,0
0,0,coxnet,Brats18_2013_27_1,0.22577914705223306,120.0,317.0,0,0
0,0,coxnet,Brats18_CBICA_AAL_1,-0.23551457816365967,464.0,387.0,2,2
0,0,coxnet,Brats18_CBICA_AAP_1,-0.7477157091654602,788.0,488.0,2,2
0,0,coxnet,Brats18_CBICA_ABM_1,0.28939659206342006,503.0,291.0,2,0
0,0,coxnet,Brats18_CBICA_ABY_1,-0.43504201933510883,515.0,434.0,2,2
0,0,coxnet,Brats18_CBICA_ALU_1,0.15446170473261014,495.0,327.0,2,0
0,0,coxnet,Brats18_CBICA_AMH_1,0.0440054114653013,169.0,345.0,0,1
0,0,coxnet,Brats18_CBICA_AOZ_1,-0.49223719584886594,331.0,439.0,1,2
0,0,coxnet,Brats18_CBICA_APY_1,-0.5298293224463853,203.0,448.0,0,2
0,0,coxnet,Brats18_CBICA_ASH_1,-0.4954651423187781,660.0,439.0,2,2
0,0,coxnet,Brats18_CBICA_ASO_1,-0.30118311416093646,265.0,394.0,0,2
0,0,coxnet,Brats18_CBICA_ASU_1,0.6718073754208328,85.0,208.0,0,0
0,0,coxnet,Brats18_CBICA_ATD_1,0.26471625134554927,355.0,296.0,1,0
0,0,coxnet,Brats18_CBICA_AVG_1,0.06905562104951607,579.0,336.0,2,1
0,0,coxnet,Brats18_CBICA_AVJ_1,-0.5400511529344407,614.0,448.0,2,2
0,0,coxnet,Brats18_CBICA_AWG_1,-0.19412288957551466,180.0,382.0,0,1
0,0,coxnet,Brats18_CBICA_AYW_1,-0.38436998464596583,734.0,424.0,2,2
0,0,coxnet,Brats18_CBICA_BHM_1,0.024368737106668772,436.0,346.0,1,1
0,0,coxnet,Brats18_TCIA01_390_1,0.07631850060681859,634.0,333.0,2,1
0,0,coxnet,Brats18_TCIA01_425_1,-0.1713927665165494,558.0,376.0,2,1
0,0,coxnet,Brats18_TCIA01_460_1,-1.4233316302065662,630.0,1155.0,2,2
0,0,coxnet,Brats18_TCIA01_499_1,-0.37737610062782273,600.0,424.0,2,2
0,0,coxnet,Brats18_TCIA02_179_1,-0.4918673269825217,405.0,439.0,1,2
0,0,coxnet,Brats18_TCIA02_314_1,-0.7045083006879891,362.0,476.0,1,2
0,0,coxnet,Brats18_TCIA02_377_1,0.08260627133466836,812.0,333.0,2,1
0,0,coxnet,Brats18_TCIA03_199_1,-0.4196420247182358,1282.0,430.0,2,2
0,0,coxnet,Brats18_TCIA03_375_1,-0.04388888095501672,946.0,357.0,2,1
0,0,coxnet,Brats18_TCIA04_192_1,0.49282446855267953,121.0,239.0,0,0
0,0,coxnet,Brats18_TCIA04_479_1,-0.16493687357672496,372.0,376.0,1,1
0,0,coxnet,Brats18_TCIA06_372_1,0.4443716470616013,213.0,262.0,0,0
0,0,coxnet,Brats18_TCIA08_280_1,-0.13259015999281282,508.0,370.0,2,1
0,0,coxnet,Brats18_TCIA08_319_1,0.11952590908428931,254.0,332.0,0,0
0,0,genetico,Brats18_2013_27_1,-0.1084651424776032,120.0,359.0,0,1
0,0,genetico,Brats18_CBICA_AAL_1,-0.699268156884402,464.0,453.0,2,2
0,0,genetico,Brats18_CBICA_AAP_1,-0.8580404998619349,788.0,476.0,2,2
0,0,genetico,Brats18_CBICA_ABM_1,0.20457840561574558,503.0,322.0,2,1
0,0,genetico,Brats18_CBICA_ABY_1,-0.8177004493313804,515.0,473.0,2,2
0,0,genetico,Brats18_CBICA_ALU_1,0.14135535092688464,495.0,329.0,2,1
0,0,genetico,Brats18_CBICA_AMH_1,-0.3143736416863959,169.0,387.0,0,1
0,0,genetico,Brats18_CBICA_AOZ_1,-0.024592210646914997,331.0,350.0,1,1
0,0,genetico,Brats18_CBICA_APY_1,-6.02675701336096,203.0,1767.0,0,2
0,0,genetico,Brats18_CBICA_ASH_1,-2.3226070085912056,660.0,1592.0,2,2
0,0,genetico,Brats18_CBICA_ASO_1,-0.8675278529683601,265.0,476.0,0,2
0,0,genetico,Brats18_CBICA_ASU_1,1.3127033244574111,85.0,127.0,0,0
0,0,genetico,Brats18_CBICA_ATD_1,-0.30201906641067544,355.0,387.0,1,1
0,0,genetico,Brats18_CBICA_AVG_1,-0.6499684668285648,579.0,448.0,2,2
0,0,genetico,Brats18_CBICA_AVJ_1,-0.8131013273173451,614.0,468.0,2,2
0,0,genetico,Brats18_CBICA_AWG_1,0.2543062734024849,180.0,317.0,0,0
0,0,genetico,Brats18_CBICA_AYW_1,-0.2112147957408858,734.0,376.0,2,1
0,0,genetico,Brats18_CBICA_BHM_1,-0.00757871331171342,436.0,346.0,1,1
0,0,genetico,Brats18_TCIA01_390_1,-0.05119949492112391,634.0,355.0,2,1
0,0,genetico,Brats18_TCIA01_425_1,-2.4388334752533685,558.0,1592.0,2,2
0,0,genetico,Brats18_TCIA01_460_1,-0.8069983565053418,630.0,468.0,2,2
0,0,genetico,Brats18_TCIA01_499_1,-0.7490129446814177,600.0,466.0,2,2
0,0,genetico,Brats18_TCIA02_179_1,-0.12267466935703783,405.0,359.0,1,1
0,0,genetico,Brats18_TCIA02_314_1,1.5665467645803453,362.0,104.0,1,0
0,0,genetico,Brats18_TCIA02_377_1,0.30003448225627194,812.0,296.0,2,0
0,0,genetico,Brats18_TCIA03_199_1,-2.5719930325208464,1282.0,1731.0,2,2
0,0,genetico,Brats18_TCIA03_375_1,0.10009372135638353,946.0,332.0,2,1
0,0,genetico,Brats18_TCIA04_192_1,-0.9902910631876041,121.0,519.0,0,2
0,0,genetico,Brats18_TCIA04_479_1,-0.30515908023746546,372.0,387.0,1,1
0,0,genetico,Brats18_TCIA06_372_1,0.3016416076962356,213.0,291.0,0,0
0,0,genetico,Brats18_TCIA08_280_1,-2.268968255627649,508.0,1561.0,2,2
0,0,genetico,Brats18_TCIA08_319_1,0.068248694747082,254.0,333.0,0,1
0,1,edad,Brats18_CBICA_ABO_1,-0.08134786919655762,1155.0,376.0,2,1
0,1,edad,Brats18_CBICA_AOD_1,0.06337077976040656,55.0,357.0,0,1
0,1,edad,Brats18_CBICA_AQA_1,0.6122724117725723,106.0,265.0,0,0
0,1,edad,Brats18_CBICA_AQT_1,0.5987463294937975,172.0,265.0,0,0
0,1,edad,Brats18_CBICA_AQY_1,-0.036179794954583296,229.0,372.0,0,1
0,1,edad,Brats18_CBICA_ASG_1,-0.03645796631250162,208.0,372.0,0,1
0,1,edad,Brats18_CBICA_ASK_1,0.6460006889201587,522.0,262.0,2,0
0,1,edad,Brats18_CBICA_ASV_1,-0.13934659732251048,597.0,401.0,2,2
0,1,edad,Brats18_CBICA_ASY_1,0.2695305273975617,610.0,332.0,2,0
0,1,edad,Brats18_CBICA_ATP_1,-0.2492938265396945,385.0,425.0,1,2
0,1,edad,Brats18_CBICA_AUR_1,0.3996451800638178,12.0,317.0,0,0
0,1,edad,Brats18_CBICA_AVV_1,0.4706136477527089,387.0,289.0,1,0
0,1,edad,Brats18_CBICA_AWH_1,-0.20843740834545296,139.0,421.0,0,2
0,1,edad,Brats18_CBICA_AXM_1,0.2842736093672281,438.0,332.0,1,0
0,1,edad,Brats18_CBICA_AXO_1,-0.08545089672585147,394.0,376.0,1,1
0,1,edad,Brats18_CBICA_AXW_1,0.711162329512506,191.0,239.0,0,0
0,1,edad,Brats18_TCIA01_150_1,-0.26577547949635005,1489.0,430.0,2,2
0,1,edad,Brats18_TCIA01_235_1,-0.027313082920939574,804.0,370.0,2,1
0,1,edad,Brats18_TCIA01_378_1,0.535010317110781,110.0,269.0,0,0
0,1,edad,Brats18_TCIA01_412_1,0.34773145039232656,291.0,322.0,0,0
0,1,edad,Brats18_TCIA02_198_1,-0.1557587074396864,394.0,405.0,1,2
0,1,edad,Brats18_TCIA02_321_1,0.7807051689920659,67.0,213.0,0,0
0,1,edad,Brats18_TCIA02_491_1,0.7772627984378275,82.0,213.0,0,0
0,1,edad,Brats18_TCIA03_133_1,0.17397866595264636,382.0,346.0,1,0
0,1,edad,Brats18_TCIA03_338_1,0.6142891541174792,468.0,265.0,2,0
0,1,edad,Brats18_TCIA03_419_1,0.4114674627753431,327.0,317.0,1,0
0,1,edad,Brats18_TCIA04_111_1,0.5738847643798553,626.0,268.0,2,0
0,1,edad,Brats18_TCIA04_361_1,0.5985724723950987,476.0,265.0,2,0
0,1,edad,Brats18_TCIA06_165_1,-0.24348699944315122,5.0,425.0,0,2
0,1,edad,Brats18_TCIA06_247_1,0.6238165231261789,244.0,262.0,0,0
0,1,edad,Brats18_TCIA08_242_1,0.2684526133856283,147.0,332.0,0,0
0,1,edad,Brats18_TCIA08_406_1,0.6949588479137688,82.0,239.0,0,0
0,1,coxnet,Brats18_CBICA_ABO_1,-0.07084583919070842,1155.0,375.0,2,1
0,1,coxnet,Brats18_CBICA_AOD_1,0.06020945965778471,55.0,357.0,0,1
0,1,coxnet,Brats18_CBICA_AQA_1,0.6103207814030347,106.0,265.0,0,0
0,1,coxnet,Brats18_CBICA_AQT_1,0.6042772290512729,172.0,265.0,0,0
0,1,coxnet,Brats18_CBICA_AQY_1,-0.02365966687851318,229.0,370.0,0,1
0,1,coxnet,Brats18_CBICA_ASG_1,-0.013788404360577197,208.0,370.0,0,1
0,1,coxnet,Brats18_CBICA_ASK_1,0.6576230365325882,522.0,254.0,2,0
0,1,coxnet,Brats18_CBICA_ASV_1,-0.12466046799824317,597.0,401.0,2,2
0,1,coxnet,Brats18_CBICA_ASY_1,0.26851616003120804,610.0,332.0,2,0
0,1,coxnet,Brats18_CBICA_ATP_1,-0.24373330549040303,385.0,425.0,1,2
0,1,coxnet,Brats18_CBICA_AUR_1,0.35776679176289916,12.0,322.0,0,0
0,1,coxnet,Brats18_CBICA_AVV_1,0.47747082740310337,387.0,287.0,1,0
0,1,coxnet,Brats18_CBICA_AWH_1,-0.24030885882813277,139.0,425.0,0,2
0,1,coxnet,Brats18_CBICA_AXM_1,0.20770288273303653,438.0,336.0,1,0
0,1,coxnet,Brats18_CBICA_AXO_1,-0.07744616520151634,394.0,375.0,1,1
0,1,coxnet,Brats18_CBICA_AXW_1,0.6818731166880039,191.0,254.0,0,0
0,1,coxnet,Brats18_TCIA01_150_1,-0.274112653437287,1489.0,430.0,2,2
0,1,coxnet,Brats18_TCIA01_235_1,-0.02243343537596399,804.0,370.0,2,1
0,1,coxnet,Brats18_TCIA01_378_1,0.5361663217615091,110.0,269.0,0,0
0,1,coxnet,Brats18_TCIA01_412_1,0.33774462216932344,291.0,322.0,0,0
0,1,coxnet,Brats18_TCIA02_198_1,-0.1533218569604536,394.0,405.0,1,2
0,1,coxnet,Brats18_TCIA02_321_1,0.7876489827773782,67.0,210.0,0,0
0,1,coxnet,Brats18_TCIA02_491_1,0.7881399084543115,82.0,210.0,0,0
0,1,coxnet,Brats18_TCIA03_133_1,0.17149638886947172,382.0,346.0,1,0
0,1,coxnet,Brats18_TCIA03_338_1,0.6166707032763168,468.0,265.0,2,0
0,1,coxnet,Brats18_TCIA03_419_1,0.39564662069708634,327.0,317.0,1,0
0,1,coxnet,Brats18_TCIA04_111_1,0.5743692340522021,626.0,268.0,2,0
0,1,coxnet,Brats18_TCIA04_361_1,0.6008238883549984,476.0,265.0,2,0
0,1,coxnet,Brats18_TCIA06_165_1,-0.25059943950112307,5.0,425.0,0,2
0,1,coxnet,Brats18_TCIA06_247_1,0.6350276962952007,244.0,262.0,0,0
0,1,coxnet,Brats18_TCIA08_242_1,0.2797331364750063,147.0,332.0,0,0
0,1,coxnet,Brats18_TCIA08_406_1,0.6904282886211651,82.0,239.0,0,0
0,1,genetico,Brats18_CBICA_ABO_1,1.0693988165952042,1155.0,199.0,2,0
0,1,genetico,Brats18_CBICA_AOD_1,1.4425003722925887,55.0,150.0,0,0
0,1,genetico,Brats18_CBICA_AQA_1,0.5641746696987361,106.0,287.0,0,0
0,1,genetico,Brats18_CBICA_AQT_1,1.0593608530378502,172.0,199.0,0,0
0,1,genetico,Brats18_CBICA_AQY_1,0.3732516955931139,229.0,329.0,0,0
0,1,genetico,Brats18_CBICA_ASG_1,0.8276317232320757,208.0,232.0,0,0
0,1,genetico,Brats18_CBICA_ASK_1,0.6106069613770478,522.0,286.0,2,0
0,1,genetico,Brats18_CBICA_ASV_1,-0.43537717870463727,597.0,448.0,2,2
0,1,genetico,Brats18_CBICA_ASY_1,0.31212535492341986,610.0,333.0,2,1
0,1,genetico,Brats18_CBICA_ATP_1,-0.7598929756281452,385.0,508.0,1,2
0,1,genetico,Brats18_CBICA_AUR_1,1.0041340564215946,12.0,203.0,0,0
0,1,genetico,Brats18_CBICA_AVV_1,0.5177400043511644,387.0,296.0,1,0
0,1,genetico,Brats18_CBICA_AWH_1,-0.05032805007351363,139.0,375.0,0,1
0,1,genetico,Brats18_CBICA_AXM_1,-1.771764256730026,438.0,1282.0,1,2
0,1,genetico,Brats18_CBICA_AXO_1,-0.5273461609182238,394.0,466.0,1,2
0,1,genetico,Brats18_CBICA_AXW_1,0.2875663368813363,191.0,333.0,0,1
0,1,genetico,Brats18_TCIA01_150_1,-0.2355549412152869,1489.0,425.0,2,1
0,1,genetico,Brats18_TCIA01_235_1,-0.2738876273557602,804.0,430.0,2,1
0,1,genetico,Brats18_TCIA01_378_1,-0.13770728852470612,110.0,405.0,0,1
0,1,genetico,Brats18_TCIA01_412_1,-0.1745970475845378,291.0,407.0,0,1
0,1,genetico,Brats18_TCIA02_198_1,-0.21260864544041555,394.0,424.0,1,1
0,1,genetico,Brats18_TCIA02_321_1,1.1506946388966037,67.0,180.0,0,0
0,1,genetico,Brats18_TCIA02_491_1,1.6349648976600006,82.0,120.0,0,0
0,1,genetico,Brats18_TCIA03_133_1,0.19258088570907356,382.0,350.0,1,1
0,1,genetico,Brats18_TCIA03_338_1,0.7397800156520357,468.0,262.0,2,0
0,1,genetico,Brats18_TCIA03_419_1,0.15097994829774647,327.0,355.0,1,1
0,1,genetico,Brats18_TCIA04_111_1,0.06948439959417121,626.0,362.0,2,1
0,1,genetico,Brats18_TCIA04_361_1,0.4260475129491335,476.0,322.0,2,0
0,1,genetico,Brats18_TCIA06_165_1,0.013491691151008706,5.0,370.0,0,1
0,1,genetico,Brats18_TCIA06_247_1,0.7969556796293022,244.0,239.0,0,0
0,1,genetico,Brats18_TCIA08_242_1,0.3095719673873475,147.0,333.0,0,1
0,1,genetico,Brats18_TCIA08_406_1,-0.34886556444614536,82.0,439.0,0,2
0,2,edad,Brats18_CBICA_AAB_1,-0.007104793339184643,289.0,370.0,0,1
0,2,edad,Brats18_CBICA_AAG_1,-0.2955391638004062,616.0,436.0,2,2
0,2,edad,Brats18_CBICA_AME_1,-0.3141466981874776,359.0,438.0,1,2
0,2,edad,Brats18_CBICA_ANI_1,-0.08466549905467158,439.0,385.0,1,1
0,2,edad,Brats18_CBICA_ANP_1,0.033064968986024346,486.0,362.0,2,1
0,2,edad,Brats18_CBICA_AOP_1,0.25213439084364475,332.0,333.0,1,0
0,2,edad,Brats18_CBICA_APR_1,0.07172220961247355,23.0,357.0,0,1
0,2,edad,Brats18_CBICA_AQG_1,-0.24833441682980148,466.0,421.0,2,2
0,2,edad,Brats18_CBICA_AQJ_1,0.19026170088739008,170.0,345.0,0,1
0,2,edad,Brats18_CBICA_AQV_1,-0.25688192317395697,84.0,421.0,0,2
0,2,edad,Brats18_CBICA_AQZ_1,0.09426933540096653,286.0,355.0,0,1
0,2,edad,Brats18_CBICA_ARW_1,-0.5715567863625044,495.0,495.0,2,2
0,2,edad,Brats18_CBICA_ARZ_1,-0.20542101049288783,871.0,405.0,2,2
0,2,edad,Brats18_CBICA_ASA_1,0.10900762823307054,210.0,355.0,0,1
0,2,edad,Brats18_CBICA_ASW_1,0.27063640046103526,239.0,331.0,0,0
0,2,edad,Brats18_CBICA_AWI_1,-0.4964583252729057,375.0,468.0,1,2
0,2,edad,Brats18_CBICA_AXQ_1,0.19757808491860152,114.0,345.0,0,1
0,2,edad,Brats18_CBICA_AYI_1,0.1848799376336627,387.0,345.0,1,1
0,2,edad,Brats18_TCIA01_147_1,0.02641690849612546,209.0,368.0,0,1
0,2,edad,Brats18_TCIA01_201_1,0.0022517362391915033,430.0,370.0,1,1
0,2,edad,Brats18_TCIA01_203_1,-0.518442652289767,268.0,473.0,0,2
0,2,edad,Brats18_TCIA01_429_1,-0.19975784785334452,86.0,405.0,0,2
0,2,edad,Brats18_TCIA01_448_1,-0.5703960138960141,199.0,495.0,0,2
0,2,edad,Brats18_TCIA02_394_1,0.12599711615170092,616.0,355.0,2,1
0,2,edad,Brats18_TCIA02_455_1,-0.2047526869515753,424.0,405.0,1,2
0,2,edad,Brats18_TCIA02_473_1,0.012557988744696097,175.0,368.0,0,1
0,2,edad,Brats18_TCIA03_296_1,-0.008371090575355906,22.0,370.0,0,1
0,2,edad,Brats18_TCIA03_474_1,0.02613550911030979,635.0,368.0,2,1
0,2,edad,Brats18_TCIA06_184_1,0.017658352612608053,434.0,368.0,1,1
0,2,edad,Brats18_TCIA08_105_1,0.20971343343190896,77.0,336.0,0,1
0,2,edad,Brats18_TCIA08_167_1,0.5009617977512887,153.0,287.0,0,0
0,2,edad,Brats18_TCIA08_278_1,-0.35751737852634186,1458.0,448.0,2,2
0,2,edad,Brats18_TCIA08_469_1,0.11375624286871254,519.0,355.0,2,1
0,2,coxnet,Brats18_CBICA_AAB_1,0.09443830681873103,289.0,355.0,0,1
0,2,coxnet,Brats18_CBICA_AAG_1,-0.3291759528462775,616.0,436.0,2,2
0,2,coxnet,Brats18_CBICA_AME_1,-0.23885578440844607,359.0,405.0,1,2
0,2,coxnet,Brats18_CBICA_ANI_1,-0.08196957060699825,439.0,382.0,1,1
0,2,coxnet,Brats18_CBICA_ANP_1,-0.11138256741143959,486.0,385.0,2,1
0,2,coxnet,Brats18_CBICA_AOP_1,0.21318314330330643,332.0,336.0,1,0
0,2,coxnet,Brats18_CBICA_APR_1,0.09756488385139636,23.0,355.0,0,1
0,2,coxnet,Brats18_CBICA_AQG_1,-0.19694418740427366,466.0,401.0,2,2
0,2,coxnet,Brats18_CBICA_AQJ_1,0.2874627812888426,170.0,329.0,0,0
0,2,coxnet,Brats18_CBICA_AQV_1,-0.3915608783873153,84.0,448.0,0,2
0,2,coxnet,Brats18_CBICA_AQZ_1,0.13998862446710905,286.0,346.0,0,1
0,2,coxnet,Brats18_CBICA_ARW_1,-0.6155129816159827,495.0,495.0,2,2
0,2,coxnet,Brats18_CBICA_ARZ_1,-0.24261512972972454,871.0,407.0,2,2
0,2,coxnet,Brats18_CBICA_ASA_1,0.3311188746460075,210.0,322.0,0,0
0,2,coxnet,Brats18_CBICA_ASW_1,0.347578539927259,239.0,322.0,0,0
0,2,coxnet,Brats18_CBICA_AWI_1,-0.41464688466737104,375.0,448.0,1,2
0,2,coxnet,Brats18_CBICA_AXQ_1,0.16323198311812542,114.0,346.0,0,1
0,2,coxnet,Brats18_CBICA_AYI_1,0.060254190497417426,387.0,357.0,1,1
0,2,coxnet,Brats18_TCIA01_147_1,0.03579657681350269,209.0,362.0,0,1
0,2,coxnet,Brats18_TCIA01_201_1,0.11610884290220515,430.0,350.0,1,1
0,2,coxnet,Brats18_TCIA01_203_1,-0.3272184778175676,268.0,436.0,0,2
0,2,coxnet,Brats18_TCIA01_429_1,-0.14843781626764052,86.0,387.0,0,1
0,2,coxnet,Brats18_TCIA01_448_1,-0.5898747688698982,199.0,488.0,0,2
0,2,coxnet,Brats18_TCIA02_394_1,0.1969144106838254,616.0,336.0,2,0
0,2,coxnet,Brats18_TCIA02_455_1,-0.2701858768451579,424.0,421.0,1,2
0,2,coxnet,Brats18_TCIA02_473_1,-0.030106842307072036,175.0,370.0,0,1
0,2,coxnet,Brats18_TCIA03_296_1,0.15017251671127105,22.0,346.0,0,1
0,2,coxnet,Brats18_TCIA03_474_1,0.2228968843292515,635.0,333.0,2,0
0,2,coxnet,Brats18_TCIA06_184_1,0.13655536473665353,434.0,350.0,1,1
0,2,coxnet,Brats18_TCIA08_105_1,0.3913006869533727,77.0,317.0,0,0
0,2,coxnet,Brats18_TCIA08_167_1,0.675197320118971,153.0,232.0,0,0
0,2,coxnet,Brats18_TCIA08_278_1,-0.35536177728710894,1458.0,448.0,2,2
0,2,coxnet,Brats18_TCIA08_469_1,0.28670403755708046,519.0,329.0,2,0
0,2,genetico,Brats18_CBICA_AAB_1,-0.12031134478093444,289.0,385.0,0,1
0,2,genetico,Brats18_CBICA_AAG_1,0.1268519199124802,616.0,350.0,2,1
0,2,genetico,Brats18_CBICA_AME_1,0.33706425624034,359.0,327.0,1,0
0,2,genetico,Brats18_CBICA_ANI_1,-0.19279295382314915,439.0,394.0,1,1
0,2,genetico,Brats18_CBICA_ANP_1,-0.3302150825776811,486.0,425.0,2,2
0,2,genetico,Brats18_CBICA_AOP_1,-0.0774974486991189,332.0,376.0,1,1
0,2,genetico,Brats18_CBICA_APR_1,0.07281608741275512,23.0,355.0,0,1
0,2,genetico,Brats18_CBICA_AQG_1,0.24832009142499178,466.0,333.0,2,1
0,2,genetico,Brats18_CBICA_AQJ_1,0.553521426286861,170.0,269.0,0,0
0,2,genetico,Brats18_CBICA_AQV_1,-1.0173146453288888,84.0,610.0,0,2
0,2,genetico,Brats18_CBICA_AQZ_1,0.5125129238095778,286.0,287.0,0,0
0,2,genetico,Brats18_CBICA_ARW_1,0.06928968630067293,495.0,355.0,2,1
0,2,genetico,Brats18_CBICA_ARZ_1,0.22878610103346964,871.0,336.0,2,1
0,2,genetico,Brats18_CBICA_ASA_1,0.7404362173573449,210.0,232.0,0,0
0,2,genetico,Brats18_CBICA_ASW_1,1.1564630580390294,239.0,168.0,0,0
0,2,genetico,Brats18_CBICA_AWI_1,-0.8336109922552051,375.0,522.0,1,2
0,2,genetico,Brats18_CBICA_AXQ_1,-0.3310297622827366,114.0,425.0,0,2
0,2,genetico,Brats18_CBICA_AYI_1,-0.3803883175098022,387.0,438.0,1,2
0,2,genetico,Brats18_TCIA01_147_1,0.007995848376241094,209.0,368.0,0,1
0,2,genetico,Brats18_TCIA01_201_1,0.4286312585112826,430.0,317.0,1,0
0,2,genetico,Brats18_TCIA01_203_1,-0.6947445674571808,268.0,495.0,0,2
0,2,genetico,Brats18_TCIA01_429_1,-0.19197739509753842,86.0,394.0,0,1
0,2,genetico,Brats18_TCIA01_448_1,-0.6926950907845612,199.0,495.0,0,2
0,2,genetico,Brats18_TCIA02_394_1,0.40182083788550926,616.0,318.0,2,0
0,2,genetico,Brats18_TCIA02_455_1,-0.7152173909605049,424.0,503.0,1,2
0,2,genetico,Brats18_TCIA02_473_1,0.24504203748893855,175.0,333.0,0,1
0,2,genetico,Brats18_TCIA03_296_1,0.9967576453332582,22.0,187.0,0,0
0,2,genetico,Brats18_TCIA03_474_1,0.6891863929211333,635.0,244.0,2,0
0,2,genetico,Brats18_TCIA06_184_1,0.3406586309581108,434.0,327.0,1,0
0,2,genetico,Brats18_TCIA08_105_1,0.3577219848353609,77.0,322.0,0,0
0,2,genetico,Brats18_TCIA08_167_1,1.030679002459354,153.0,180.0,0,0
0,2,genetico,Brats18_TCIA08_278_1,-0.8854481647797006,1458.0,576.0,2,2
0,2,genetico,Brats18_TCIA08_469_1,0.44835433175135925,519.0,296.0,2,0
0,3,edad,Brats18_CBICA_ABB_1,0.26025141804664786,465.0,289.0,2,0
0,3,edad,Brats18_CBICA_ALX_1,-0.028176425247387612,698.0,372.0,2,1
0,3,edad,Brats18_CBICA_ANZ_1,0.2456989223168128,287.0,291.0,0,0
0,3,edad,Brats18_CBICA_AOH_1,-0.11903119588500877,576.0,385.0,2,1
0,3,edad,Brats18_CBICA_AOO_1,-0.5372187927700769,350.0,467.0,1,2
0,3,edad,Brats18_CBICA_AQN_1,0.08650641835327501,488.0,355.0,2,1
0,3,edad,Brats18_CBICA_AQP_1,-0.46216200173106087,1283.0,448.0,2,2
0,3,edad,Brats18_CBICA_AQU_1,0.40400647721569816,30.0,254.0,0,0
0,3,edad,Brats18_CBICA_ARF_1,0.48375022070824214,726.0,232.0,2,0
0,3,edad,Brats18_CBICA_ASE_1,-0.4502971290864653,318.0,448.0,1,2
0,3,edad,Brats18_CBICA_ASN_1,-0.6904133086287499,407.0,503.0,1,2
0,3,edad,Brats18_CBICA_ATV_1,0.052648922657509215,453.0,357.0,2,1
0,3,edad,Brats18_CBICA_ATX_1,-0.7790393186590991,1592.0,519.0,2,2
0,3,edad,Brats18_CBICA_AUQ_1,0.008630900663885489,1337.0,362.0,2,1
0,3,edad,Brats18_CBICA_AXJ_1,-1.073137391145165,1767.0,630.0,2,2
0,3,edad,Brats18_CBICA_AXN_1,0.8262582846199095,345.0,180.0,1,0
0,3,edad,Brats18_CBICA_AYA_1,0.4681488964573375,50.0,232.0,0,0
0,3,edad,Brats18_CBICA_AZH_1,-0.1847796337995355,401.0,394.0,1,2
0,3,edad,Brats18_CBICA_BHB_1,-0.1624920277268146,510.0,387.0,2,1
0,3,edad,Brats18_TCIA01_186_1,-0.8739582998158635,370.0,597.0,1,2
0,3,edad,Brats18_TCIA01_190_1,0.031901783475108844,322.0,359.0,1,1
0,3,edad,Brats18_TCIA01_335_1,-0.19923380185552078,355.0,394.0,1,2
0,3,edad,Brats18_TCIA02_135_1,0.288799219354501,828.0,286.0,2,0
0,3,edad,Brats18_TCIA02_226_1,0.4269168252228039,329.0,244.0,1,0
0,3,edad,Brats18_TCIA02_283_1,0.4681488964573375,262.0,232.0,0,0
0,3,edad,Brats18_TCIA02_300_1,0.12537862541540298,127.0,333.0,0,0
0,3,edad,Brats18_TCIA02_322_1,-0.10457702782902349,621.0,382.0,2,1
0,3,edad,Brats18_TCIA02_368_1,0.06585760684472466,317.0,357.0,1,1
0,3,edad,Brats18_TCIA03_138_1,0.37106670647586765,82.0,265.0,0,0
0,3,edad,Brats18_TCIA04_343_1,-0.2580665267092472,296.0,421.0,0,2
0,3,edad,Brats18_TCIA05_478_1,-0.04253226562952241,30.0,372.0,0,1
0,3,edad,Brats18_TCIA06_409_1,0.28558718200872657,99.0,286.0,0,0
0,3,edad,Brats18_TCIA08_218_1,-0.10513421798084162,346.0,382.0,1,1
0,3,coxnet,Brats18_CBICA_ABB_1,0.2572261689521495,465.0,289.0,2,0
0,3,coxnet,Brats18_CBICA_ALX_1,-0.02153330902493603,698.0,372.0,2,1
0,3,coxnet,Brats18_CBICA_ANZ_1,0.24538697718968805,287.0,291.0,0,0
0,3,coxnet,Brats18_CBICA_AOH_1,-0.1181937213452432,576.0,385.0,2,1
0,3,coxnet,Brats18_CBICA_AOO_1,-0.5439176946716525,350.0,467.0,1,2
0,3,coxnet,Brats18_CBICA_AQN_1,0.09473962820744815,488.0,355.0,2,1
0,3,coxnet,Brats18_CBICA_AQP_1,-0.4584524008461226,1283.0,448.0,2,2
0,3,coxnet,Brats18_CBICA_AQU_1,0.4150076943477073,30.0,244.0,0,0
0,3,coxnet,Brats18_CBICA_ARF_1,0.4940464249183389,726.0,229.0,2,0
0,3,coxnet,Brats18_CBICA_ASE_1,-0.4580364179841881,318.0,448.0,1,2
0,3,coxnet,Brats18_CBICA_ASN_1,-0.6911048320464179,407.0,503.0,1,2
0,3,coxnet,Brats18_CBICA_ATV_1,0.06181253086435961,453.0,357.0,2,1
0,3,coxnet,Brats18_CBICA_ATX_1,-0.784904055449962,1592.0,522.0,2,2
0,3,coxnet,Brats18_CBICA_AUQ_1,-0.004967353531825627,1337.0,368.0,2,1
0,3,coxnet,Brats18_CBICA_AXJ_1,-1.0799082053251163,1767.0,630.0,2,2
0,3,coxnet,Brats18_CBICA_AXN_1,0.8419746832747936,345.0,175.0,1,0
0,3,coxnet,Brats18_CBICA_AYA_1,0.47690719503503637,50.0,232.0,0,0
0,3,coxnet,Brats18_CBICA_AZH_1,-0.1819125681778751,401.0,394.0,1,2
0,3,coxnet,Brats18_CBICA_BHB_1,-0.18625091352178028,510.0,394.0,2,2
0,3,coxnet,Brats18_TCIA01_186_1,-0.8777500053873576,370.0,597.0,1,2
0,3,coxnet,Brats18_TCIA01_190_1,0.030678522331323493,322.0,359.0,1,1
0,3,coxnet,Brats18_TCIA01_335_1,-0.1969751210489588,355.0,394.0,1,2
0,3,coxnet,Brats18_TCIA02_135_1,0.2954421484032543,828.0,286.0,2,0
0,3,coxnet,Brats18_TCIA02_226_1,0.4142257356412874,329.0,244.0,1,0
0,3,coxnet,Brats18_TCIA02_283_1,0.47134840224281604,262.0,232.0,0,0
0,3,coxnet,Brats18_TCIA02_300_1,0.13130935752944314,127.0,333.0,0,0
0,3,coxnet,Brats18_TCIA02_322_1,-0.11483116367206424,621.0,385.0,2,1
0,3,coxnet,Brats18_TCIA02_368_1,0.0678250244899068,317.0,357.0,1,1
0,3,coxnet,Brats18_TCIA03_138_1,0.3835524953193908,82.0,254.0,0,0
0,3,coxnet,Brats18_TCIA04_343_1,-0.2571071848134623,296.0,421.0,0,2
0,3,coxnet,Brats18_TCIA05_478_1,-0.03726949587048392,30.0,372.0,0,1
0,3,coxnet,Brats18_TCIA06_409_1,0.2935453305595987,99.0,286.0,0,0
0,3,coxnet,Brats18_TCIA08_218_1,-0.12333774340608486,346.0,385.0,1,1
0,3,genetico,Brats18_CBICA_ABB_1,0.24711350427674514,465.0,291.0,2,0
0,3,genetico,Brats18_CBICA_ALX_1,-0.2652589530079603,698.0,394.0,2,1
0,3,genetico,Brats18_CBICA_ANZ_1,0.21775114976892015,287.0,327.0,0,0
0,3,genetico,Brats18_CBICA_AOH_1,0.016404930532046363,576.0,359.0,2,1
0,3,genetico,Brats18_CBICA_AOO_1,-0.579245547798693,350.0,464.0,1,2
0,3,genetico,Brats18_CBICA_AQN_1,0.3120305293268013,488.0,286.0,2,0
0,3,genetico,Brats18_CBICA_AQP_1,-0.311971558375922,1283.0,421.0,2,2
0,3,genetico,Brats18_CBICA_AQU_1,0.780788611916755,30.0,203.0,0,0
0,3,genetico,Brats18_CBICA_ARF_1,0.6780593847394839,726.0,208.0,2,0
0,3,genetico,Brats18_CBICA_ASE_1,-1.5587691089600115,318.0,804.0,1,2
0,3,genetico,Brats18_CBICA_ASN_1,0.365070139514818,407.0,268.0,1,0
0,3,genetico,Brats18_CBICA_ATV_1,-0.35525058208814336,453.0,424.0,2,2
0,3,genetico,Brats18_CBICA_ATX_1,-0.9248849423707877,1592.0,519.0,2,2
0,3,genetico,Brats18_CBICA_AUQ_1,-0.6013948066577385,1337.0,464.0,2,2
0,3,genetico,Brats18_CBICA_AXJ_1,-2.298545333107244,1767.0,1731.0,2,2
0,3,genetico,Brats18_CBICA_AXN_1,1.5645573788791045,345.0,111.0,1,0
0,3,genetico,Brats18_CBICA_AYA_1,0.8837102516598488,50.0,187.0,0,0
0,3,genetico,Brats18_CBICA_AZH_1,-0.8966759875758369,401.0,519.0,1,2
0,3,genetico,Brats18_CBICA_BHB_1,-0.46962275145502586,510.0,438.0,2,2
0,3,genetico,Brats18_TCIA01_186_1,-0.9810685083730943,370.0,558.0,1,2
0,3,genetico,Brats18_TCIA01_190_1,-0.19022853723336527,322.0,387.0,1,1
0,3,genetico,Brats18_TCIA01_335_1,0.16993563101109135,355.0,331.0,1,0
0,3,genetico,Brats18_TCIA02_135_1,0.14283298124246124,828.0,332.0,2,0
0,3,genetico,Brats18_TCIA02_226_1,-0.05662807594212582,329.0,372.0,1,1
0,3,genetico,Brats18_TCIA02_283_1,0.26438689404865257,262.0,289.0,0,0
0,3,genetico,Brats18_TCIA02_300_1,-1.1117497444894369,127.0,614.0,0,2
0,3,genetico,Brats18_TCIA02_322_1,-0.41416046755779,621.0,434.0,2,2
0,3,genetico,Brats18_TCIA02_368_1,-0.7449555197989648,317.0,486.0,1,2
0,3,genetico,Brats18_TCIA03_138_1,1.282426672136791,82.0,150.0,0,0
0,3,genetico,Brats18_TCIA04_343_1,0.4183997986777381,296.0,254.0,0,0
0,3,genetico,Brats18_TCIA05_478_1,-0.9908410214030399,30.0,579.0,0,2
0,3,genetico,Brats18_TCIA06_409_1,0.20530091602582182,99.0,327.0,0,0
0,3,genetico,Brats18_TCIA08_218_1,-1.2967434445080779,346.0,634.0,1,2
0,4,edad,Brats18_2013_11_1,-1.2267453845511875,150.0,734.0,0,2
0,4,edad,Brats18_CBICA_ABE_1,0.26421465009462547,269.0,329.0,0,0
0,4,edad,Brats18_CBICA_ABN_1,0.3096817521352108,1278.0,322.0,2,0
0,4,edad,Brats18_CBICA_ALN_1,0.021618826954865642,421.0,370.0,1,1
0,4,edad,Brats18_CBICA_ANG_1,-0.1817081703500138,368.0,401.0,1,2
0,4,edad,Brats18_CBICA_APZ_1,-0.012863988138900242,336.0,372.0,1,1
0,4,edad,Brats18_CBICA_AQD_1,0.4960615638649972,32.0,287.0,0,0
0,4,edad,Brats18_CBICA_AQO_1,0.29300917373378826,473.0,327.0,2,0
0,4,edad,Brats18_CBICA_AQQ_1,0.3766466729145723,33.0,317.0,0,0
0,4,edad,Brats18_CBICA_AQR_1,0.43070505653142044,89.0,291.0,0,0
0,4,edad,Brats18_CBICA_ATB_1,0.421133035049192,208.0,291.0,0,0
0,4,edad,Brats18_CBICA_ATF_1,0.32698200407645184,152.0,322.0,0,0
0,4,edad,Brats18_CBICA_AUN_1,0.31827303371147364,376.0,322.0,1,0
0,4,edad,Brats18_CBICA_AXL_1,0.5585935402693918,168.0,265.0,0,0
0,4,edad,Brats18_CBICA_AYU_1,0.1329916506763691,58.0,350.0,0,0
0,4,edad,Brats18_CBICA_AZD_1,-0.5544285642133475,448.0,495.0,1,2
0,4,edad,Brats18_TCIA01_231_1,0.13393316098609653,1561.0,350.0,2,0
0,4,edad,Brats18_TCIA01_401_1,0.7218671198146184,448.0,229.0,1,0
0,4,edad,Brats18_TCIA01_411_1,-0.6860046299977515,822.0,519.0,2,2
0,4,edad,Brats18_TCIA02_118_1,-0.5127275034116717,104.0,486.0,0,2
0,4,edad,Brats18_TCIA02_151_1,-0.4871498066640774,1731.0,476.0,2,2
0,4,edad,Brats18_TCIA02_274_1,-0.212778010571018,357.0,405.0,1,2
0,4,edad,Brats18_TCIA02_290_1,-0.6778448739801141,737.0,519.0,2,2
0,4,edad,Brats18_TCIA02_331_1,0.959284636250877,187.0,191.0,0,0
0,4,edad,Brats18_TCIA02_430_1,-0.2559697960297624,71.0,424.0,0,2
0,4,edad,Brats18_TCIA02_471_1,0.6364250592068571,111.0,254.0,0,0
0,4,edad,Brats18_TCIA03_121_1,-1.1762176645958171,747.0,726.0,2,2
0,4,edad,Brats18_TCIA03_257_1,0.35051976181963657,425.0,318.0,1,0
0,4,edad,Brats18_TCIA03_265_1,-0.03165496473720954,103.0,375.0,0,1
0,4,edad,Brats18_TCIA03_498_1,-0.04350230280127956,467.0,382.0,2,1
0,4,edad,Brats18_TCIA04_149_1,-0.9234221464340108,448.0,616.0,1,2
0,4,edad,Brats18_TCIA04_437_1,-0.5271639948274917,333.0,488.0,1,2
0,4,edad,Brats18_TCIA05_277_1,0.391357771504063,232.0,296.0,0,0
0,4,coxnet,Brats18_2013_11_1,-1.3353857264319653,150.0,804.0,0,2
0,4,coxnet,Brats18_CBICA_ABE_1,0.33613859237627464,269.0,318.0,0,0
0,4,coxnet,Brats18_CBICA_ABN_1,0.2717445600741207,1278.0,327.0,2,0
0,4,coxnet,Brats18_CBICA_ALN_1,0.0894777840365412,421.0,355.0,1,1
0,4,coxnet,Brats18_CBICA_ANG_1,-0.19372594777223506,368.0,394.0,1,2
0,4,coxnet,Brats18_CBICA_APZ_1,0.05897712652904654,336.0,355.0,1,1
0,4,coxnet,Brats18_CBICA_AQD_1,0.4074037434455229,32.0,291.0,0,0
0,4,coxnet,Brats18_CBICA_AQO_1,0.22496391594048054,473.0,331.0,2,0
0,4,coxnet,Brats18_CBICA_AQQ_1,0.5506247010008167,33.0,265.0,0,0
0,4,coxnet,Brats18_CBICA_AQR_1,0.2879041591820511,89.0,327.0,0,0
0,4,coxnet,Brats18_CBICA_ATB_1,0.6029029395077334,208.0,262.0,0,0
0,4,coxnet,Brats18_CBICA_ATF_1,0.32819110326962,152.0,318.0,0,0
0,4,coxnet,Brats18_CBICA_AUN_1,0.4081247993150191,376.0,291.0,1,0
0,4,coxnet,Brats18_CBICA_AXL_1,0.7053411167229173,168.0,229.0,0,0
0,4,coxnet,Brats18_CBICA_AYU_1,0.015576385727104349,58.0,362.0,0,1
0,4,coxnet,Brats18_CBICA_AZD_1,-0.8238216379837336,448.0,579.0,1,2
0,4,coxnet,Brats18_TCIA01_231_1,0.14292274870163701,1561.0,346.0,2,1
0,4,coxnet,Brats18_TCIA01_401_1,0.5913904423559637,448.0,262.0,1,0
0,4,coxnet,Brats18_TCIA01_411_1,-0.8530803542573085,822.0,597.0,2,2
0,4,coxnet,Brats18_TCIA02_118_1,-0.25020352335157375,104.0,407.0,0,2
0,4,coxnet,Brats18_TCIA02_151_1,-0.5694199180892507,1731.0,488.0,2,2
0,4,coxnet,Brats18_TCIA02_274_1,-0.08484464236105654,357.0,382.0,1,1
0,4,coxnet,Brats18_TCIA02_290_1,-0.4306921645209293,737.0,464.0,2,2
0,4,coxnet,Brats18_TCIA02_331_1,1.0580910906475889,187.0,175.0,0,0
0,4,coxnet,Brats18_TCIA02_430_1,-0.3072296188556193,71.0,430.0,0,2
0,4,coxnet,Brats18_TCIA02_471_1,0.6246178906539659,111.0,254.0,0,0
0,4,coxnet,Brats18_TCIA03_121_1,-1.2187397941187155,747.0,698.0,2,2
0,4,coxnet,Brats18_TCIA03_257_1,0.3279165196004056,425.0,318.0,1,0
0,4,coxnet,Brats18_TCIA03_265_1,0.005433681342357654,103.0,370.0,0,1
0,4,coxnet,Brats18_TCIA03_498_1,-0.12629379596191895,467.0,387.0,2,1
0,4,coxnet,Brats18_TCIA04_149_1,-0.8804916734975281,448.0,600.0,1,2
0,4,coxnet,Brats18_TCIA04_437_1,-0.5520775062773807,333.0,486.0,1,2
0,4,coxnet,Brats18_TCIA05_277_1,0.22369039075157165,232.0,331.0,0,0
0,4,genetico,Brats18_2013_11_1,-1.5907514210698581,150.0,871.0,0,2
0,4,genetico,Brats18_CBICA_ABE_1,0.012953565325896144,269.0,370.0,0,1
0,4,genetico,Brats18_CBICA_ABN_1,0.4558642348213122,1278.0,296.0,2,0
0,4,genetico,Brats18_CBICA_ALN_1,0.5318418193001931,421.0,287.0,1,0
0,4,genetico,Brats18_CBICA_ANG_1,-0.7799278930637739,368.0,519.0,1,2
0,4,genetico,Brats18_CBICA_APZ_1,0.48190310673267817,336.0,291.0,1,0
0,4,genetico,Brats18_CBICA_AQD_1,-0.056129514227458044,32.0,382.0,0,1
0,4,genetico,Brats18_CBICA_AQO_1,-0.07800526836943691,473.0,385.0,2,1
0,4,genetico,Brats18_CBICA_AQQ_1,0.7351807387683824,33.0,244.0,0,0
0,4,genetico,Brats18_CBICA_AQR_1,0.18854882575825604,89.0,346.0,0,1
0,4,genetico,Brats18_CBICA_ATB_1,1.2559130584861662,208.0,170.0,0,0
0,4,genetico,Brats18_CBICA_ATF_1,-0.2399731990109705,152.0,405.0,0,1
0,4,genetico,Brats18_CBICA_AUN_1,0.6078366682039925,376.0,268.0,1,0
0,4,genetico,Brats18_CBICA_AXL_1,1.123728656973599,168.0,180.0,0,0
0,4,genetico,Brats18_CBICA_AYU_1,0.08833667137775914,58.0,355.0,0,1
0,4,genetico,Brats18_CBICA_AZD_1,-1.3398588218628658,448.0,726.0,1,2
0,4,genetico,Brats18_TCIA01_231_1,0.244168013261989,1561.0,332.0,2,0
0,4,genetico,Brats18_TCIA01_401_1,0.44988827181154195,448.0,296.0,1,0
0,4,genetico,Brats18_TCIA01_411_1,-1.3022275379666608,822.0,698.0,2,2
0,4,genetico,Brats18_TCIA02_118_1,0.20016354368401473,104.0,345.0,0,1
0,4,genetico,Brats18_TCIA02_151_1,-0.9062181893261145,1731.0,579.0,2,2
0,4,genetico,Brats18_TCIA02_274_1,-0.05023293948284627,357.0,375.0,1,1
0,4,genetico,Brats18_TCIA02_290_1,0.08295806695722559,737.0,359.0,2,1
0,4,genetico,Brats18_TCIA02_331_1,1.172129464236501,187.0,175.0,0,0
0,4,genetico,Brats18_TCIA02_430_1,-0.9464733398947505,71.0,600.0,0,2
0,4,genetico,Brats18_TCIA02_471_1,0.41882609995287723,111.0,317.0,0,0
0,4,genetico,Brats18_TCIA03_121_1,-1.0663708761852095,747.0,616.0,2,2
0,4,genetico,Brats18_TCIA03_257_1,0.588876136928248,425.0,268.0,1,0
0,4,genetico,Brats18_TCIA03_265_1,0.7079688180327959,103.0,254.0,0,0
0,4,genetico,Brats18_TCIA03_498_1,-0.6513148073808332,467.0,495.0,2,2
0,4,genetico,Brats18_TCIA04_149_1,-0.9217130102998571,448.0,597.0,1,2
0,4,genetico,Brats18_TCIA04_437_1,-0.9148680234117584,333.0,597.0,1,2
0,4,genetico,Brats18_TCIA05_277_1,0.5903633387427092,232.0,268.0,0,0
1,0,edad,Brats18_2013_27_1,0.23756686572407174,120.0,331.0,0,0
1,0,edad,Brats18_CBICA_AAL_1,-0.18631132317920027,464.0,394.0,2,2
1,0,edad,Brats18_CBICA_ABO_1,-0.12087113044670313,1155.0,376.0,2,1
1,0,edad,Brats18_CBICA_AQO_1,0.23262331953087093,473.0,331.0,2,0
1,0,edad,Brats18_CBICA_AQR_1,0.34107236414421643,89.0,317.0,0,0
1,0,edad,Brats18_CBICA_AQT_1,0.48344649450840294,172.0,269.0,0,0
1,0,edad,Brats18_CBICA_ASE_1,-0.4176383878572963,318.0,448.0,1,2
1,0,edad,Brats18_CBICA_ASY_1,0.19091214852573823,610.0,333.0,2,0
1,0,edad,Brats18_CBICA_AXJ_1,-1.0047771897910291,1767.0,630.0,2,2
1,0,edad,Brats18_CBICA_AYI_1,0.17271371910201735,387.0,333.0,1,0
1,0,edad,Brats18_CBICA_AZD_1,-0.4348172108786694,448.0,453.0,1,2
1,0,edad,Brats18_CBICA_BHB_1,-0.14633039334168785,510.0,385.0,2,2
1,0,edad,Brats18_CBICA_BHM_1,0.0524928551161121,436.0,355.0,1,1
1,0,edad,Brats18_TCIA01_147_1,0.0335219965997034,209.0,355.0,0,1
1,0,edad,Brats18_TCIA01_186_1,-0.8170151259405165,370.0,579.0,1,2
1,0,edad,Brats18_TCIA01_203_1,-0.4450750692295614,268.0,453.0,0,2
1,0,edad,Brats18_TCIA01_231_1,0.10733532069693487,1561.0,346.0,2,0
1,0,edad,Brats18_TCIA01_412_1,0.26039986970391865,291.0,329.0,0,0
1,0,edad,Brats18_TCIA02_151_1,-0.38182857512029716,1731.0,439.0,2,2
1,0,edad,Brats18_TCIA02_179_1,-0.4218712992852246,405.0,448.0,1,2
1,0,edad,Brats18_TCIA02_283_1,0.4481619335544314,262.0,286.0,0,0
1,0,edad,Brats18_TCIA02_394_1,0.12099186705565244,616.0,346.0,2,0
1,0,edad,Brats18_TCIA02_491_1,0.6420725329827377,82.0,213.0,0,0
1,0,edad,Brats18_TCIA03_133_1,0.10600674265751213,382.0,346.0,1,0
1,0,edad,Brats18_TCIA03_138_1,0.3566445346527991,82.0,296.0,0,0
1,0,edad,Brats18_TCIA03_257_1,0.27791856152607425,425.0,327.0,1,0
1,0,edad,Brats18_TCIA03_296_1,0.0029647016929802423,22.0,359.0,0,1
1,0,edad,Brats18_TCIA05_277_1,0.31008250894558814,232.0,322.0,0,0
1,0,edad,Brats18_TCIA06_165_1,-0.2649446048148026,5.0,421.0,0,2
1,0,edad,Brats18_TCIA06_409_1,0.2760647317036243,99.0,327.0,0,0
1,0,edad,Brats18_TCIA08_105_1,0.1945271166795161,77.0,333.0,0,0
1,0,edad,Brats18_TCIA08_278_1,-0.30372054526772246,1458.0,424.0,2,2
1,0,edad,Brats18_TCIA08_469_1,0.11023965408544045,519.0,346.0,2,0
1,0,coxnet,Brats18_2013_27_1,0.24033556514436652,120.0,329.0,0,0
1,0,coxnet,Brats18_CBICA_AAL_1,-0.4338119146317129,464.0,448.0,2,2
1,0,coxnet,Brats18_CBICA_ABO_1,0.17514668588010585,1155.0,333.0,2,0
1,0,coxnet,Brats18_CBICA_AQO_1,0.2691264857184504,473.0,327.0,2,0
1,0,coxnet,Brats18_CBICA_AQR_1,0.0206296072183254,89.0,355.0,0,1
1,0,coxnet,Brats18_CBICA_AQT_1,0.6013566666546624,172.0,239.0,0,0
1,0,coxnet,Brats18_CBICA_ASE_1,-0.5824830137484427,318.0,468.0,1,2
1,0,coxnet,Brats18_CBICA_ASY_1,0.22498146135080335,610.0,331.0,2,0
1,0,coxnet,Brats18_CBICA_AXJ_1,-0.837534786503311,1767.0,576.0,2,2
1,0,coxnet,Brats18_CBICA_AYI_1,-0.37010511024025505,387.0,434.0,1,2
1,0,coxnet,Brats18_CBICA_AZD_1,-0.8581946112812884,448.0,576.0,1,2
1,0,coxnet,Brats18_CBICA_BHB_1,-0.5809822012510492,510.0,468.0,2,2
1,0,coxnet,Brats18_CBICA_BHM_1,-0.09668087008057347,436.0,372.0,1,1
1,0,coxnet,Brats18_TCIA01_147_1,0.23807750674869813,209.0,331.0,0,0
1,0,coxnet,Brats18_TCIA01_186_1,-0.8803872825353144,370.0,579.0,1,2
1,0,coxnet,Brats18_TCIA01_203_1,-0.14256187846644863,268.0,376.0,0,1
1,0,coxnet,Brats18_TCIA01_231_1,0.1175566235461252,1561.0,345.0,2,1
1,0,coxnet,Brats18_TCIA01_412_1,0.47514873432018817,291.0,269.0,0,0
1,0,coxnet,Brats18_TCIA02_151_1,-0.4526382899738867,1731.0,448.0,2,2
1,0,coxnet,Brats18_TCIA02_179_1,-0.43307756175077133,405.0,448.0,1,2
1,0,coxnet,Brats18_TCIA02_283_1,0.421486592311897,262.0,287.0,0,0
1,0,coxnet,Brats18_TCIA02_394_1,0.12005573297519116,616.0,345.0,2,1
1,0,coxnet,Brats18_TCIA02_491_1,0.98808999046811,82.0,170.0,0,0
1,0,coxnet,Brats18_TCIA03_133_1,-0.08991983127624117,382.0,372.0,1,1
1,0,coxnet,Brats18_TCIA03_138_1,0.5529647835771033,82.0,244.0,0,0
1,0,coxnet,Brats18_TCIA03_257_1,0.4367970584143794,425.0,286.0,1,0
1,0,coxnet,Brats18_TCIA03_296_1,0.275076480541849,22.0,327.0,0,0
1,0,coxnet,Brats18_TCIA05_277_1,0.4471974186581302,232.0,286.0,0,0
1,0,coxnet,Brats18_TCIA06_165_1,-0.09003722992101221,5.0,372.0,0,1
1,0,coxnet,Brats18_TCIA06_409_1,0.31581243323484337,99.0,322.0,0,0
1,0,coxnet,Brats18_TCIA08_105_1,0.41422584056857664,77.0,287.0,0,0
1,0,coxnet,Brats18_TCIA08_278_1,-0.2795744906416934,1458.0,407.0,2,2
1,0,coxnet,Brats18_TCIA08_469_1,0.31442649071416195,519.0,322.0,2,0
1,0,genetico,Brats18_2013_27_1,0.1225188327189624,120.0,350.0,0,0
1,0,genetico,Brats18_CBICA_AAL_1,-0.532708707895491,464.0,453.0,2,2
1,0,genetico,Brats18_CBICA_ABO_1,0.6295036102171055,1155.0,254.0,2,0
1,0,genetico,Brats18_CBICA_AQO_1,0.06090289634287498,473.0,355.0,2,1
1,0,genetico,Brats18_CBICA_AQR_1,-0.01752684130496937,89.0,362.0,0,1
1,0,genetico,Brats18_CBICA_AQT_1,0.8577370562239863,172.0,208.0,0,0
1,0,genetico,Brats18_CBICA_ASE_1,-0.6870998139399561,318.0,486.0,1,2
1,0,genetico,Brats18_CBICA_ASY_1,0.5810416569371122,610.0,269.0,2,0
1,0,genetico,Brats18_CBICA_AXJ_1,-0.5037598653608337,1767.0,448.0,2,2
1,0,genetico,Brats18_CBICA_AYI_1,-0.4877563689662659,387.0,448.0,1,2
1,0,genetico,Brats18_CBICA_AZD_1,-1.0691139715020015,448.0,614.0,1,2
1,0,genetico,Brats18_CBICA_BHB_1,-1.2019933164711787,510.0,634.0,2,2
1,0,genetico,Brats18_CBICA_BHM_1,-0.1233723659201722,436.0,375.0,1,1
1,0,genetico,Brats18_TCIA01_147_1,0.17006442835967778,209.0,345.0,0,0
1,0,genetico,Brats18_TCIA01_186_1,-1.3085950984108417,370.0,698.0,1,2
1,0,genetico,Brats18_TCIA01_203_1,-1.0626513707909904,268.0,614.0,0,2
1,0,genetico,Brats18_TCIA01_231_1,0.0942871754173573,1561.0,355.0,2,1
1,0,genetico,Brats18_TCIA01_412_1,-0.030786274217302984,291.0,362.0,0,1
1,0,genetico,Brats18_TCIA02_151_1,-1.0181715551869541,1731.0,597.0,2,2
1,0,genetico,Brats18_TCIA02_179_1,-0.21154110123138892,405.0,394.0,1,1
1,0,genetico,Brats18_TCIA02_283_1,0.9683634487742617,262.0,199.0,0,0
1,0,genetico,Brats18_TCIA02_394_1,0.7145750771365225,616.0,239.0,2,0
1,0,genetico,Brats18_TCIA02_491_1,4.805771011367509,82.0,23.0,0,0
1,0,genetico,Brats18_TCIA03_133_1,-0.32061726032804516,382.0,421.0,1,1
1,0,genetico,Brats18_TCIA03_138_1,0.6743771069283198,82.0,244.0,0,0
1,0,genetico,Brats18_TCIA03_257_1,1.63277645407492,425.0,114.0,1,0
1,0,genetico,Brats18_TCIA03_296_1,0.3298913826602505,22.0,329.0,0,0
1,0,genetico,Brats18_TCIA05_277_1,0.341334474096658,232.0,327.0,0,0
1,0,genetico,Brats18_TCIA06_165_1,-0.4345981877627793,5.0,438.0,0,2
1,0,genetico,Brats18_TCIA06_409_1,-0.046555089097464544,99.0,368.0,0,1
1,0,genetico,Brats18_TCIA08_105_1,0.5817976332501065,77.0,269.0,0,0
1,0,genetico,Brats18_TCIA08_278_1,-1.1536210569283707,1458.0,626.0,2,2
1,0,genetico,Brats18_TCIA08_469_1,0.11803307757532502,519.0,350.0,2,0
1,1,edad,Brats18_CBICA_ABB_1,0.3317828873354119,465.0,318.0,2,0
1,1,edad,Brats18_CBICA_ABM_1,0.38266016323999485,503.0,296.0,2,0
1,1,edad,Brats18_CBICA_ALN_1,0.0610469392342822,421.0,357.0,1,1
1,1,edad,Brats18_CBICA_ANZ_1,0.31586357056188535,287.0,318.0,0,0
1,1,edad,Brats18_CBICA_AOP_1,0.3081190380774666,332.0,318.0,1,0
1,1,edad,Brats18_CBICA_AQG_1,-0.20201618501654425,466.0,394.0,2,2
1,1,edad,Brats18_CBICA_AQN_1,0.14171915261364149,488.0,350.0,2,1
1,1,edad,Brats18_CBICA_AQQ_1,0.38552850860459426,33.0,296.0,0,0
1,1,edad,Brats18_CBICA_AQU_1,0.48903992194957663,30.0,269.0,0,0
1,1,edad,Brats18_CBICA_ASN_1,-0.7081715789171732,407.0,558.0,1,2
1,1,edad,Brats18_CBICA_ASO_1,-0.2470850615578129,265.0,405.0,0,2
1,1,edad,Brats18_CBICA_ATV_1,0.10468164309325116,453.0,355.0,2,1
1,1,edad,Brats18_CBICA_AUQ_1,0.05652929528503816,1337.0,359.0,2,1
1,1,edad,Brats18_CBICA_AUR_1,0.3948506310395421,12.0,291.0,0,0
1,1,edad,Brats18_CBICA_AXQ_1,0.25250899232129487,114.0,333.0,0,0
1,1,edad,Brats18_TCIA01_190_1,0.08198586039585824,322.0,357.0,1,1
1,1,edad,Brats18_TCIA01_429_1,-0.1525013731601464,86.0,387.0,0,1
1,1,edad,Brats18_TCIA01_499_1,-0.32833094401009205,600.0,434.0,2,2
1,1,edad,Brats18_TCIA02_331_1,0.9180368255424803,187.0,180.0,0,0
1,1,edad,Brats18_TCIA02_377_1,0.16215611333641253,812.0,346.0,2,0
1,1,edad,Brats18_TCIA02_471_1,0.622955796159313,111.0,232.0,0,0
1,1,edad,Brats18_TCIA03_419_1,0.40704109883908984,327.0,291.0,1,0
1,1,edad,Brats18_TCIA03_474_1,0.07775505098307399,635.0,357.0,2,1
1,1,edad,Brats18_TCIA04_111_1,0.57451661381464,626.0,254.0,2,0
1,1,edad,Brats18_TCIA04_149_1,-0.8026835586807249,448.0,597.0,1,2
1,1,edad,Brats18_TCIA04_192_1,0.5995787814378275,121.0,239.0,0,0
1,1,edad,Brats18_TCIA04_361_1,0.5999731789254599,476.0,239.0,2,0
1,1,edad,Brats18_TCIA04_479_1,-0.10180336884085119,372.0,385.0,1,1
1,1,edad,Brats18_TCIA05_478_1,0.0005607063582915438,30.0,368.0,0,1
1,1,edad,Brats18_TCIA06_247_1,0.6260034131091997,244.0,232.0,0,0
1,1,edad,Brats18_TCIA06_372_1,0.54791271055798,213.0,262.0,0,0
1,1,edad,Brats18_TCIA08_167_1,0.5617524769421721,153.0,254.0,0,0
1,1,edad,Brats18_TCIA08_280_1,-0.06731151583154277,508.0,376.0,2,1
1,1,coxnet,Brats18_CBICA_ABB_1,0.3981920920669173,465.0,291.0,2,0
1,1,coxnet,Brats18_CBICA_ABM_1,0.378761602656497,503.0,296.0,2,0
1,1,coxnet,Brats18_CBICA_ALN_1,0.054697262101203944,421.0,357.0,1,1
1,1,coxnet,Brats18_CBICA_ANZ_1,0.33291717300411733,287.0,317.0,0,0
1,1,coxnet,Brats18_CBICA_AOP_1,0.25188945777749516,332.0,331.0,1,0
1,1,coxnet,Brats18_CBICA_AQG_1,-0.18240560041952064,466.0,394.0,2,2
1,1,coxnet,Brats18_CBICA_AQN_1,0.18808458895481361,488.0,345.0,2,0
1,1,coxnet,Brats18_CBICA_AQQ_1,0.526252386195295,33.0,262.0,0,0
1,1,coxnet,Brats18_CBICA_AQU_1,0.6096286513875182,30.0,239.0,0,0
1,1,coxnet,Brats18_CBICA_ASN_1,-0.5859938856463779,407.0,486.0,1,2
1,1,coxnet,Brats18_CBICA_ASO_1,-0.2275560981781401,265.0,401.0,0,2
1,1,coxnet,Brats18_CBICA_ATV_1,0.009889950825859865,453.0,362.0,2,1
1,1,coxnet,Brats18_CBICA_AUQ_1,0.04914781883890648,1337.0,359.0,2,1
1,1,coxnet,Brats18_CBICA_AUR_1,0.500215939922428,12.0,268.0,0,0
1,1,coxnet,Brats18_CBICA_AXQ_1,0.2532597422352293,114.0,331.0,0,0
1,1,coxnet,Brats18_TCIA01_190_1,0.05671608187738787,322.0,357.0,1,1
1,1,coxnet,Brats18_TCIA01_429_1,-0.13266044942698607,86.0,385.0,0,1
1,1,coxnet,Brats18_TCIA01_499_1,-0.4361309960406892,600.0,448.0,2,2
1,1,coxnet,Brats18_TCIA02_331_1,0.9383206583586468,187.0,180.0,0,0
1,1,coxnet,Brats18_TCIA02_377_1,0.2018768995946739,812.0,336.0,2,0
1,1,coxnet,Brats18_TCIA02_471_1,0.6685619414681434,111.0,229.0,0,0
1,1,coxnet,Brats18_TCIA03_419_1,0.4860986392414383,327.0,269.0,1,0
1,1,coxnet,Brats18_TCIA03_474_1,0.34277232316685885,635.0,317.0,2,0
1,1,coxnet,Brats18_TCIA04_111_1,0.5294506967315885,626.0,262.0,2,0
1,1,coxnet,Brats18_TCIA04_149_1,-0.9218129309542682,448.0,616.0,1,2
1,1,coxnet,Brats18_TCIA04_192_1,0.34221353050549314,121.0,317.0,0,0
1,1,coxnet,Brats18_TCIA04_361_1,0.5890100760501815,476.0,239.0,2,0
1,1,coxnet,Brats18_TCIA04_479_1,-0.09248562667424726,372.0,382.0,1,1
1,1,coxnet,Brats18_TCIA05_478_1,-0.009294434699188413,30.0,368.0,0,1
1,1,coxnet,Brats18_TCIA06_247_1,0.6795361453321845,244.0,210.0,0,0
1,1,coxnet,Brats18_TCIA06_372_1,0.5265737009584563,213.0,262.0,0,0
1,1,coxnet,Brats18_TCIA08_167_1,0.7356631141622415,153.0,209.0,0,0
1,1,coxnet,Brats18_TCIA08_280_1,-0.5582616790720153,508.0,473.0,2,2
1,1,genetico,Brats18_CBICA_ABB_1,0.5508862361729444,465.0,268.0,2,0
1,1,genetico,Brats18_CBICA_ABM_1,0.24259667907261287,503.0,333.0,2,0
1,1,genetico,Brats18_CBICA_ALN_1,-0.18758153246971293,421.0,394.0,1,1
1,1,genetico,Brats18_CBICA_ANZ_1,0.3222380336256019,287.0,318.0,0,0
1,1,genetico,Brats18_CBICA_AOP_1,0.14552161174159028,332.0,350.0,1,1
1,1,genetico,Brats18_CBICA_AQG_1,0.02544702740046703,466.0,362.0,2,1
1,1,genetico,Brats18_CBICA_AQN_1,0.18052950991112207,488.0,346.0,2,0
1,1,genetico,Brats18_CBICA_AQQ_1,0.8145371168838226,33.0,208.0,0,0
1,1,genetico,Brats18_CBICA_AQU_1,0.8112358445587484,30.0,208.0,0,0
1,1,genetico,Brats18_CBICA_ASN_1,-0.46569532838116157,407.0,448.0,1,2
1,1,genetico,Brats18_CBICA_ASO_1,-0.3409949743429644,265.0,430.0,0,2
1,1,genetico,Brats18_CBICA_ATV_1,-0.06126145328146261,453.0,375.0,2,1
1,1,genetico,Brats18_CBICA_AUQ_1,0.031751192469834044,1337.0,359.0,2,1
1,1,genetico,Brats18_CBICA_AUR_1,1.173370963168485,12.0,168.0,0,0
1,1,genetico,Brats18_CBICA_AXQ_1,0.23700716509477276,114.0,333.0,0,0
1,1,genetico,Brats18_TCIA01_190_1,0.04600259023492108,322.0,359.0,1,1
1,1,genetico,Brats18_TCIA01_429_1,-0.12179228496265705,86.0,385.0,0,1
1,1,genetico,Brats18_TCIA01_499_1,-0.6206728544151755,600.0,495.0,2,2
1,1,genetico,Brats18_TCIA02_331_1,1.004441429731852,187.0,175.0,0,0
1,1,genetico,Brats18_TCIA02_377_1,0.06949930933972581,812.0,357.0,2,1
1,1,genetico,Brats18_TCIA02_471_1,0.8032030021911643,111.0,208.0,0,0
1,1,genetico,Brats18_TCIA03_419_1,0.6451534436716597,327.0,239.0,1,0
1,1,genetico,Brats18_TCIA03_474_1,0.8519449026461412,635.0,203.0,2,0
1,1,genetico,Brats18_TCIA04_111_1,0.8072183473804767,626.0,208.0,2,0
1,1,genetico,Brats18_TCIA04_149_1,-1.2922389951988145,448.0,788.0,1,2
1,1,genetico,Brats18_TCIA04_192_1,-0.08369971641284794,121.0,376.0,0,1
1,1,genetico,Brats18_TCIA04_361_1,0.6472932902151032,476.0,239.0,2,0
1,1,genetico,Brats18_TCIA04_479_1,-0.12488003810716804,372.0,385.0,1,1
1,1,genetico,Brats18_TCIA05_478_1,-0.003929551311132609,30.0,368.0,0,1
1,1,genetico,Brats18_TCIA06_247_1,0.37726029068947986,244.0,317.0,0,0
1,1,genetico,Brats18_TCIA06_372_1,0.2366633797801137,213.0,336.0,0,0
1,1,genetico,Brats18_TCIA08_167_1,1.113916158819307,153.0,170.0,0,0
1,1,genetico,Brats18_TCIA08_280_1,-0.4987616367214464,508.0,464.0,2,2
1,2,edad,Brats18_2013_11_1,-1.2892454978033796,150.0,747.0,0,2
1,2,edad,Brats18_CBICA_ABE_1,0.23587405293546337,269.0,322.0,0,0
1,2,edad,Brats18_CBICA_ABY_1,-0.5168943955281994,515.0,466.0,2,2
1,2,edad,Brats18_CBICA_ANG_1,-0.22026534435045028,368.0,405.0,1,2
1,2,edad,Brats18_CBICA_AOD_1,-0.02676625279483525,55.0,370.0,0,1
1,2,edad,Brats18_CBICA_AOO_1,-0.6856342710967105,350.0,495.0,1,2
1,2,edad,Brats18_CBICA_APR_1,0.05842631696305982,23.0,345.0,0,1
1,2,edad,Brats18_CBICA_AQP_1,-0.5937402603828246,1283.0,473.0,2,2
1,2,edad,Brats18_CBICA_ARF_1,0.5643650449458869,726.0,254.0,2,0
1,2,edad,Brats18_CBICA_ARW_1,-0.6754416603013712,495.0,495.0,2,2
1,2,edad,Brats18_CBICA_ASG_1,-0.14197485749333608,208.0,387.0,0,1
1,2,edad,Brats18_CBICA_ASH_1,-0.589005110485777,660.0,473.0,2,2
1,2,edad,Brats18_CBICA_ATD_1,0.3182175070773382,355.0,296.0,1,0
1,2,edad,Brats18_CBICA_ATF_1,0.30007947526830925,152.0,317.0,0,0
1,2,edad,Brats18_CBICA_ATX_1,-0.981701524829047,1592.0,614.0,2,2
1,2,edad,Brats18_CBICA_AUN_1,0.29117097291962707,376.0,317.0,1,0
1,2,edad,Brats18_CBICA_AVV_1,0.44321743868159835,387.0,286.0,1,0
1,2,edad,Brats18_CBICA_AWG_1,-0.22937448864392299,180.0,407.0,0,2
1,2,edad,Brats18_CBICA_AXL_1,0.5369974836765112,168.0,254.0,0,0
1,2,edad,Brats18_CBICA_AYU_1,0.10164459187085678,58.0,336.0,0,1
1,2,edad,Brats18_TCIA01_335_1,-0.2718303241615174,355.0,425.0,1,2
1,2,edad,Brats18_TCIA01_390_1,0.09337814374550299,634.0,336.0,2,1
1,2,edad,Brats18_TCIA01_425_1,-0.20224769770829543,558.0,401.0,2,2
1,2,edad,Brats18_TCIA01_448_1,-0.6741174234657563,199.0,495.0,0,2
1,2,edad,Brats18_TCIA02_118_1,-0.5588686903782975,104.0,468.0,0,2
1,2,edad,Brats18_TCIA02_135_1,0.3256813874235318,828.0,296.0,2,0
1,2,edad,Brats18_TCIA02_198_1,-0.2796553600083328,394.0,425.0,1,2
1,2,edad,Brats18_TCIA02_314_1,-0.8384833046378422,362.0,576.0,1,2
1,2,edad,Brats18_TCIA02_322_1,-0.15593953685073003,621.0,387.0,2,1
1,2,edad,Brats18_TCIA02_455_1,-0.2569828202470466,424.0,421.0,1,2
1,2,edad,Brats18_TCIA02_473_1,-0.009069633264344729,175.0,359.0,0,1
1,2,edad,Brats18_TCIA03_375_1,-0.05008084677945011,946.0,372.0,2,1
1,2,edad,Brats18_TCIA06_184_1,-0.0032510168654304255,434.0,359.0,1,1
1,2,coxnet,Brats18_2013_11_1,-1.2813703274339299,150.0,747.0,0,2
1,2,coxnet,Brats18_CBICA_ABE_1,0.26039777234731276,269.0,318.0,0,0
1,2,coxnet,Brats18_CBICA_ABY_1,-0.552705593017752,515.0,467.0,2,2
1,2,coxnet,Brats18_CBICA_ANG_1,-0.21176596239589554,368.0,405.0,1,2
1,2,coxnet,Brats18_CBICA_AOD_1,0.02157008713509563,55.0,357.0,0,1
1,2,coxnet,Brats18_CBICA_AOO_1,-0.6879575297982984,350.0,495.0,1,2
1,2,coxnet,Brats18_CBICA_APR_1,0.06758582120331234,23.0,345.0,0,1
1,2,coxnet,Brats18_CBICA_AQP_1,-0.5758636748363479,1283.0,468.0,2,2
1,2,coxnet,Brats18_CBICA_ARF_1,0.580881738801341,726.0,244.0,2,0
1,2,coxnet,Brats18_CBICA_ARW_1,-0.7013526816494013,495.0,503.0,2,2
1,2,coxnet,Brats18_CBICA_ASG_1,-0.11377653738751492,208.0,382.0,0,1
1,2,coxnet,Brats18_CBICA_ASH_1,-0.602128873536002,660.0,476.0,2,2
1,2,coxnet,Brats18_CBICA_ATD_1,0.31181729079090525,355.0,296.0,1,0
1,2,coxnet,Brats18_CBICA_ATF_1,0.29389943037200866,152.0,317.0,0,0
1,2,coxnet,Brats18_CBICA_ATX_1,-0.987792556708432,1592.0,614.0,2,2
1,2,coxnet,Brats18_CBICA_AUN_1,0.3104422663163068,376.0,296.0,1,0
1,2,coxnet,Brats18_CBICA_AVV_1,0.4608182794024406,387.0,268.0,1,0
1,2,coxnet,Brats18_CBICA_AWG_1,-0.22054530264982072,180.0,405.0,0,2
1,2,coxnet,Brats18_CBICA_AXL_1,0.562074849283329,168.0,254.0,0,0
1,2,coxnet,Brats18_CBICA_AYU_1,0.09540400469173417,58.0,336.0,0,1
1,2,coxnet,Brats18_TCIA01_335_1,-0.2616879524541556,355.0,421.0,1,2
1,2,coxnet,Brats18_TCIA01_390_1,0.07056606071677124,634.0,345.0,2,1
1,2,coxnet,Brats18_TCIA01_425_1,-0.22899439660686613,558.0,407.0,2,2
1,2,coxnet,Brats18_TCIA01_448_1,-0.6875192498768381,199.0,495.0,0,2
1,2,coxnet,Brats18_TCIA02_118_1,-0.5250929516179961,104.0,466.0,0,2
1,2,coxnet,Brats18_TCIA02_135_1,0.335182474803598,828.0,291.0,2,0
1,2,coxnet,Brats18_TCIA02_198_1,-0.31808828382469484,394.0,436.0,1,2
1,2,coxnet,Brats18_TCIA02_314_1,-0.8195683781698127,362.0,522.0,1,2
1,2,coxnet,Brats18_TCIA02_322_1,-0.17503837908323078,621.0,394.0,2,2
1,2,coxnet,Brats18_TCIA02_455_1,-0.26633247907498947,424.0,421.0,1,2
1,2,coxnet,Brats18_TCIA02_473_1,-0.02571881019034409,175.0,370.0,0,1
1,2,coxnet,Brats18_TCIA03_375_1,-0.05604658267447501,946.0,372.0,2,1
1,2,coxnet,Brats18_TCIA06_184_1,0.02229794804115401,434.0,357.0,1,1
1,2,genetico,Brats18_2013_11_1,-1.273012221132341,150.0,734.0,0,2
1,2,genetico,Brats18_CBICA_ABE_1,0.375032175718935,269.0,291.0,0,0
1,2,genetico,Brats18_CBICA_ABY_1,-1.1001628216354034,515.0,616.0,2,2
1,2,genetico,Brats18_CBICA_ANG_1,-0.32058667368227134,368.0,430.0,1,2
1,2,genetico,Brats18_CBICA_AOD_1,0.4130382907293359,55.0,289.0,0,0
1,2,genetico,Brats18_CBICA_AOO_1,-0.9164911068256162,350.0,576.0,1,2
1,2,genetico,Brats18_CBICA_APR_1,-0.015589901357921782,23.0,359.0,0,1
1,2,genetico,Brats18_CBICA_AQP_1,-0.6745110055751817,1283.0,486.0,2,2
1,2,genetico,Brats18_CBICA_ARF_1,0.46022452110098977,726.0,286.0,2,0
1,2,genetico,Brats18_CBICA_ARW_1,-1.001342935718878,495.0,600.0,2,2
1,2,genetico,Brats18_CBICA_ASG_1,0.2034760495074558,208.0,329.0,0,0
1,2,genetico,Brats18_CBICA_ASH_1,-0.9726302324401951,660.0,597.0,2,2
1,2,genetico,Brats18_CBICA_ATD_1,-0.03472005458293945,355.0,370.0,1,1
1,2,genetico,Brats18_CBICA_ATF_1,0.2759939471693358,152.0,318.0,0,0
1,2,genetico,Brats18_CBICA_ATX_1,-1.2454516844178314,1592.0,698.0,2,2
1,2,genetico,Brats18_CBICA_AUN_1,0.3889814717157351,376.0,289.0,1,0
1,2,genetico,Brats18_CBICA_AVV_1,0.34025166219477226,387.0,296.0,1,0
1,2,genetico,Brats18_CBICA_AWG_1,-0.3884546328716706,180.0,439.0,0,2
1,2,genetico,Brats18_CBICA_AXL_1,0.7888150555087973,168.0,210.0,0,0
1,2,genetico,Brats18_CBICA_AYU_1,-0.1351023796554794,58.0,385.0,0,1
1,2,genetico,Brats18_TCIA01_335_1,0.008612510459065227,355.0,357.0,1,1
1,2,genetico,Brats18_TCIA01_390_1,-0.19084174103775856,634.0,394.0,2,1
1,2,genetico,Brats18_TCIA01_425_1,-0.6058970933818351,558.0,468.0,2,2
1,2,genetico,Brats18_TCIA01_448_1,-0.42276011240160155,199.0,448.0,0,2
1,2,genetico,Brats18_TCIA02_118_1,0.028113051586383775,104.0,357.0,0,1
1,2,genetico,Brats18_TCIA02_135_1,0.29373630913791055,828.0,318.0,2,0
1,2,genetico,Brats18_TCIA02_198_1,-0.5920262268050459,394.0,467.0,1,2
1,2,genetico,Brats18_TCIA02_314_1,0.13281056212577647,362.0,333.0,1,1
1,2,genetico,Brats18_TCIA02_322_1,-0.2630121703652162,621.0,407.0,2,2
1,2,genetico,Brats18_TCIA02_455_1,-0.537066112938744,424.0,465.0,1,2
1,2,genetico,Brats18_TCIA02_473_1,0.03643849845359631,175.0,346.0,0,1
1,2,genetico,Brats18_TCIA03_375_1,-0.06410882721587784,946.0,372.0,2,1
1,2,genetico,Brats18_TCIA06_184_1,0.9001169287565528,434.0,203.0,1,0
1,3,edad,Brats18_CBICA_ABN_1,0.27933846514330657,1278.0,322.0,2,0
1,3,edad,Brats18_CBICA_ALU_1,0.20320571135049184,495.0,332.0,2,0
1,3,edad,Brats18_CBICA_ALX_1,0.005183972021820697,698.0,357.0,2,1
1,3,edad,Brats18_CBICA_AME_1,-0.2487726865854774,359.0,407.0,1,2
1,3,edad,Brats18_CBICA_AOH_1,-0.08326531277016704,576.0,372.0,2,1
1,3,edad,Brats18_CBICA_AQA_1,0.5372198214524141,106.0,262.0,0,0
1,3,edad,Brats18_CBICA_AQD_1,0.4309339023896032,32.0,269.0,0,0
1,3,edad,Brats18_CBICA_AQY_1,-0.057834547986900575,229.0,370.0,0,1
1,3,edad,Brats18_CBICA_ARZ_1,-0.1501447142579037,871.0,387.0,2,2
1,3,edad,Brats18_CBICA_ASA_1,0.1350818935182791,210.0,345.0,0,0
1,3,edad,Brats18_CBICA_ASW_1,0.28169966538667124,239.0,322.0,0,0
1,3,edad,Brats18_CBICA_ATB_1,0.36998940962167526,208.0,289.0,0,0
1,3,edad,Brats18_CBICA_ATP_1,-0.25339936273801655,385.0,407.0,1,2
1,3,edad,Brats18_CBICA_AVG_1,0.12215910840256655,579.0,345.0,2,1
1,3,edad,Brats18_CBICA_AVJ_1,-0.4558563295508457,614.0,453.0,2,2
1,3,edad,Brats18_CBICA_AWI_1,-0.4141524279552006,375.0,448.0,1,2
1,3,edad,Brats18_CBICA_AXM_1,0.23623060664620146,438.0,331.0,1,0
1,3,edad,Brats18_CBICA_AXO_1,-0.10304834183619595,394.0,376.0,1,1
1,3,edad,Brats18_CBICA_AYA_1,0.48836850290388095,50.0,265.0,0,0
1,3,edad,Brats18_CBICA_AYW_1,-0.3081217737835644,734.0,424.0,2,2
1,3,edad,Brats18_TCIA01_201_1,0.03824077542892728,430.0,355.0,1,1
1,3,edad,Brats18_TCIA01_378_1,0.46631999792867757,110.0,268.0,0,0
1,3,edad,Brats18_TCIA01_401_1,0.6145969915897048,448.0,232.0,1,0
1,3,edad,Brats18_TCIA02_226_1,0.44822809876668024,329.0,269.0,1,0
1,3,edad,Brats18_TCIA02_321_1,0.6917827130586147,67.0,208.0,0,0
1,3,edad,Brats18_TCIA02_368_1,0.0967283436193001,317.0,346.0,1,1
1,3,edad,Brats18_TCIA03_199_1,-0.34159338263882966,1282.0,434.0,2,2
1,3,edad,Brats18_TCIA03_338_1,0.5390704919134294,468.0,262.0,2,0
1,3,edad,Brats18_TCIA03_498_1,-0.00793026176227277,467.0,362.0,2,1
1,3,edad,Brats18_TCIA04_343_1,-0.21861952131548157,296.0,401.0,0,2
1,3,edad,Brats18_TCIA08_242_1,0.22171241596064797,147.0,331.0,0,0
1,3,edad,Brats18_TCIA08_406_1,0.6130973103540543,82.0,232.0,0,0
1,3,coxnet,Brats18_CBICA_ABN_1,0.2793372379889161,1278.0,322.0,2,0
1,3,coxnet,Brats18_CBICA_ALU_1,0.2032048186528796,495.0,332.0,2,0
1,3,coxnet,Brats18_CBICA_ALX_1,0.005183949248251078,698.0,357.0,2,1
1,3,coxnet,Brats18_CBICA_AME_1,-0.24877159370879637,359.0,407.0,1,2
1,3,coxnet,Brats18_CBICA_AOH_1,-0.08326494697953327,576.0,372.0,2,1
1,3,coxnet,Brats18_CBICA_AQA_1,0.5372174614062877,106.0,262.0,0,0
1,3,coxnet,Brats18_CBICA_AQD_1,0.43093200926532443,32.0,269.0,0,0
1,3,coxnet,Brats18_CBICA_AQY_1,-0.05783429391548401,229.0,370.0,0,1
1,3,coxnet,Brats18_CBICA_ARZ_1,-0.15014405466114789,871.0,387.0,2,2
1,3,coxnet,Brats18_CBICA_ASA_1,0.13508130009360125,210.0,345.0,0,0
1,3,coxnet,Brats18_CBICA_ASW_1,0.28169842785935467,239.0,322.0,0,0
1,3,coxnet,Brats18_CBICA_ATB_1,0.3699877842310287,208.0,289.0,0,0
1,3,coxnet,Brats18_CBICA_ATP_1,-0.2533982495360074,385.0,407.0,1,2
1,3,coxnet,Brats18_CBICA_AVG_1,0.1221585717486327,579.0,345.0,2,1
1,3,coxnet,Brats18_CBICA_AVJ_1,-0.4558543269405139,614.0,453.0,2,2
1,3,coxnet,Brats18_CBICA_AWI_1,-0.414150608553171,375.0,448.0,1,2
1,3,coxnet,Brats18_CBICA_AXM_1,0.23622956886779897,438.0,331.0,1,0
1,3,coxnet,Brats18_CBICA_AXO_1,-0.10304788913726273,394.0,376.0,1,1
1,3,coxnet,Brats18_CBICA_AYA_1,0.4883663574651844,50.0,265.0,0,0
1,3,coxnet,Brats18_CBICA_AYW_1,-0.308120420181985,734.0,424.0,2,2
1,3,coxnet,Brats18_TCIA01_201_1,0.03824060743439276,430.0,355.0,1,1
1,3,coxnet,Brats18_TCIA01_378_1,0.4663179493506825,110.0,268.0,0,0
1,3,coxnet,Brats18_TCIA01_401_1,0.6145942916199878,448.0,232.0,1,0
1,3,coxnet,Brats18_TCIA02_226_1,0.4482261296677268,329.0,269.0,1,0
1,3,coxnet,Brats18_TCIA02_321_1,0.6917796740063551,67.0,208.0,0,0
1,3,coxnet,Brats18_TCIA02_368_1,0.09672791868458346,317.0,346.0,1,1
1,3,coxnet,Brats18_TCIA03_199_1,-0.3415918819940145,1282.0,434.0,2,2
1,3,coxnet,Brats18_TCIA03_338_1,0.5390681237371717,468.0,262.0,2,0
1,3,coxnet,Brats18_TCIA03_498_1,-0.00793022692405033,467.0,362.0,2,1
1,3,coxnet,Brats18_TCIA04_343_1,-0.21861856090386989,296.0,401.0,0,2
1,3,coxnet,Brats18_TCIA08_242_1,0.22171144196172332,147.0,331.0,0,0
1,3,coxnet,Brats18_TCIA08_406_1,0.6130946169725471,82.0,232.0,0,0
1,3,genetico,Brats18_CBICA_ABN_1,-0.4878423342107382,1278.0,453.0,2,2
1,3,genetico,Brats18_CBICA_ALU_1,-0.1838764990366874,495.0,387.0,2,1
1,3,genetico,Brats18_CBICA_ALX_1,0.8514574851537178,698.0,199.0,2,0
1,3,genetico,Brats18_CBICA_AME_1,0.3539116551113709,359.0,291.0,1,0
1,3,genetico,Brats18_CBICA_AOH_1,-0.3912393443614869,576.0,436.0,2,2
1,3,genetico,Brats18_CBICA_AQA_1,0.37673863582960576,106.0,291.0,0,0
1,3,genetico,Brats18_CBICA_AQD_1,-0.11400365136569618,32.0,376.0,0,1
1,3,genetico,Brats18_CBICA_AQY_1,0.3868298619288039,229.0,289.0,0,0
1,3,genetico,Brats18_CBICA_ARZ_1,-0.502228454687808,871.0,453.0,2,2
1,3,genetico,Brats18_CBICA_ASA_1,1.548463444903632,210.0,114.0,0,0
1,3,genetico,Brats18_CBICA_ASW_1,0.3113477733628244,239.0,322.0,0,0
1,3,genetico,Brats18_CBICA_ATB_1,1.2881266271850178,208.0,150.0,0,0
1,3,genetico,Brats18_CBICA_ATP_1,-1.1103432220004523,385.0,621.0,1,2
1,3,genetico,Brats18_CBICA_AVG_1,-0.0647720130719944,579.0,370.0,2,1
1,3,genetico,Brats18_CBICA_AVJ_1,0.21218698708862554,614.0,333.0,2,0
1,3,genetico,Brats18_CBICA_AWI_1,1.3377490477619431,375.0,139.0,1,0
1,3,genetico,Brats18_CBICA_AXM_1,-1.6354784944831133,438.0,828.0,1,2
1,3,genetico,Brats18_CBICA_AXO_1,0.5246002658223655,394.0,268.0,1,0
1,3,genetico,Brats18_CBICA_AYA_1,0.4958195069261543,50.0,269.0,0,0
1,3,genetico,Brats18_CBICA_AYW_1,-0.41196609984362365,734.0,436.0,2,2
1,3,genetico,Brats18_TCIA01_201_1,-0.07059266410437912,430.0,372.0,1,1
1,3,genetico,Brats18_TCIA01_378_1,0.1650390916268657,110.0,336.0,0,1
1,3,genetico,Brats18_TCIA01_401_1,-0.23707201138091122,448.0,401.0,1,1
1,3,genetico,Brats18_TCIA02_226_1,-0.05627062378726048,329.0,370.0,1,1
1,3,genetico,Brats18_TCIA02_321_1,0.484861000161403,67.0,269.0,0,0
1,3,genetico,Brats18_TCIA02_368_1,-0.03466554609525242,317.0,368.0,1,1
1,3,genetico,Brats18_TCIA03_199_1,-0.19176459231454537,1282.0,387.0,2,1
1,3,genetico,Brats18_TCIA03_338_1,0.32795957865110936,468.0,318.0,2,0
1,3,genetico,Brats18_TCIA03_498_1,-0.40794641508893964,467.0,436.0,2,2
1,3,genetico,Brats18_TCIA04_343_1,-0.6253362221394483,296.0,476.0,0,2
1,3,genetico,Brats18_TCIA08_242_1,0.368098357007101,147.0,291.0,0,0
1,3,genetico,Brats18_TCIA08_406_1,-0.09378694991296199,82.0,376.0,0,1
1,4,edad,Brats18_CBICA_AAB_1,-0.032076248418832096,289.0,376.0,0,1
1,4,edad,Brats18_CBICA_AAG_1,-0.3399417420885002,616.0,436.0,2,2
1,4,edad,Brats18_CBICA_AAP_1,-0.8353423748898744,788.0,576.0,2,2
1,4,edad,Brats18_CBICA_AMH_1,0.0486821268108575,169.0,368.0,0,1
1,4,edad,Brats18_CBICA_ANI_1,-0.11486203055805373,439.0,387.0,1,1
1,4,edad,Brats18_CBICA_ANP_1,0.010799653260528825,486.0,372.0,2,1
1,4,edad,Brats18_CBICA_AOZ_1,-0.550078713804248,331.0,468.0,1,2
1,4,edad,Brats18_CBICA_APY_1,-0.5920535457460392,203.0,476.0,0,2
1,4,edad,Brats18_CBICA_APZ_1,-0.04709407737832804,336.0,376.0,1,1
1,4,edad,Brats18_CBICA_AQJ_1,0.1785863473104979,170.0,350.0,0,0
1,4,edad,Brats18_CBICA_AQV_1,-0.2986802570222848,84.0,430.0,0,2
1,4,edad,Brats18_CBICA_AQZ_1,0.0761272092343365,286.0,362.0,0,1
1,4,edad,Brats18_CBICA_ASK_1,0.6014508662375067,522.0,232.0,2,0
1,4,edad,Brats18_CBICA_ASU_1,0.749676838067732,85.0,209.0,0,0
1,4,edad,Brats18_CBICA_ASV_1,-0.24653084596043512,597.0,421.0,2,2
1,4,edad,Brats18_CBICA_AWH_1,-0.32113191131673124,139.0,434.0,0,2
1,4,edad,Brats18_CBICA_AXN_1,0.917763888696891,345.0,180.0,1,0
1,4,edad,Brats18_CBICA_AXW_1,0.6718093949127453,191.0,213.0,0,0
1,4,edad,Brats18_CBICA_AZH_1,-0.24037353608704168,401.0,421.0,1,2
1,4,edad,Brats18_TCIA01_150_1,-0.3830429112022536,1489.0,448.0,2,2
1,4,edad,Brats18_TCIA01_235_1,-0.12556223369169478,804.0,387.0,2,1
1,4,edad,Brats18_TCIA01_411_1,-0.6913213951683076,822.0,503.0,2,2
1,4,edad,Brats18_TCIA01_460_1,-1.589725468097757,630.0,1283.0,2,2
1,4,edad,Brats18_TCIA02_274_1,-0.23842121832230723,357.0,421.0,1,2
1,4,edad,Brats18_TCIA02_290_1,-0.6835121241093698,737.0,503.0,2,2
1,4,edad,Brats18_TCIA02_300_1,0.11491075252223497,127.0,355.0,0,1
1,4,edad,Brats18_TCIA02_430_1,-0.2797577925333199,71.0,425.0,0,2
1,4,edad,Brats18_TCIA03_121_1,-1.1604783718629628,747.0,726.0,2,2
1,4,edad,Brats18_TCIA03_265_1,-0.06507792755732447,103.0,382.0,0,1
1,4,edad,Brats18_TCIA04_437_1,-0.5393034215258093,333.0,467.0,1,2
1,4,edad,Brats18_TCIA08_218_1,-0.1491402251581035,346.0,394.0,1,1
1,4,edad,Brats18_TCIA08_319_1,0.13300723641842763,254.0,355.0,0,1
1,4,coxnet,Brats18_CBICA_AAB_1,0.001283901235671884,289.0,370.0,0,1
1,4,coxnet,Brats18_CBICA_AAG_1,-0.46894353869323974,616.0,448.0,2,2
1,4,coxnet,Brats18_CBICA_AAP_1,-0.9035115860625873,788.0,579.0,2,2
1,4,coxnet,Brats18_CBICA_AMH_1,-0.03012278850260612,169.0,375.0,0,1
1,4,coxnet,Brats18_CBICA_ANI_1,-0.11407159735096138,439.0,385.0,1,1
1,4,coxnet,Brats18_CBICA_ANP_1,-0.1958474019692178,486.0,394.0,2,2
1,4,coxnet,Brats18_CBICA_AOZ_1,-0.5937483191951429,331.0,468.0,1,2
1,4,coxnet,Brats18_CBICA_APY_1,-0.6555671672464395,203.0,488.0,0,2
1,4,coxnet,Brats18_CBICA_APZ_1,-0.13531574915249675,336.0,387.0,1,1
1,4,coxnet,Brats18_CBICA_AQJ_1,0.2966873775515297,170.0,318.0,0,0
1,4,coxnet,Brats18_CBICA_AQV_1,-0.4618581625308614,84.0,448.0,0,2
1,4,coxnet,Brats18_CBICA_AQZ_1,0.10358862324703248,286.0,355.0,0,1
1,4,coxnet,Brats18_CBICA_ASK_1,0.6498876907163772,522.0,229.0,2,0
1,4,coxnet,Brats18_CBICA_ASU_1,0.743308727540991,85.0,209.0,0,0
1,4,coxnet,Brats18_CBICA_ASV_1,-0.27722274216320375,597.0,424.0,2,2
1,4,coxnet,Brats18_CBICA_AWH_1,-0.4003451369120685,139.0,438.0,0,2
1,4,coxnet,Brats18_CBICA_AXN_1,1.0983268592898203,345.0,152.0,1,0
1,4,coxnet,Brats18_CBICA_AXW_1,0.46730339418815164,191.0,268.0,0,0
1,4,coxnet,Brats18_CBICA_AZH_1,-0.40756399503318835,401.0,448.0,1,2
1,4,coxnet,Brats18_TCIA01_150_1,-0.9289014177258158,1489.0,600.0,2,2
1,4,coxnet,Brats18_TCIA01_235_1,-0.17450958408709152,804.0,394.0,2,1
1,4,coxnet,Brats18_TCIA01_411_1,-0.6944396632602295,822.0,495.0,2,2
1,4,coxnet,Brats18_TCIA01_460_1,-1.5110730610495027,630.0,1278.0,2,2
1,4,coxnet,Brats18_TCIA02_274_1,-0.2502980037888691,357.0,407.0,1,2
1,4,coxnet,Brats18_TCIA02_290_1,-0.5189682887024434,737.0,465.0,2,2
1,4,coxnet,Brats18_TCIA02_300_1,0.0723056768816773,127.0,359.0,0,1
1,4,coxnet,Brats18_TCIA02_430_1,-0.26348520501948514,71.0,421.0,0,2
1,4,coxnet,Brats18_TCIA03_121_1,-1.2331035648715514,747.0,726.0,2,2
1,4,coxnet,Brats18_TCIA03_265_1,-0.15325250349875716,103.0,387.0,0,1
1,4,coxnet,Brats18_TCIA04_437_1,-0.6996647860760233,333.0,495.0,1,2
1,4,coxnet,Brats18_TCIA08_218_1,-0.47793552068093936,346.0,453.0,1,2
1,4,coxnet,Brats18_TCIA08_319_1,0.12111657867930516,254.0,355.0,0,1
1,4,genetico,Brats18_CBICA_AAB_1,0.26197461953785195,289.0,329.0,0,0
1,4,genetico,Brats18_CBICA_AAG_1,-0.9528199161214359,616.0,579.0,2,2
1,4,genetico,Brats18_CBICA_AAP_1,-1.528645327895847,788.0,946.0,2,2
1,4,genetico,Brats18_CBICA_AMH_1,-0.10418687586903225,169.0,385.0,0,1
1,4,genetico,Brats18_CBICA_ANI_1,0.2031059663840748,439.0,350.0,1,1
1,4,genetico,Brats18_CBICA_ANP_1,-0.1887505498258749,486.0,394.0,2,1
1,4,genetico,Brats18_CBICA_AOZ_1,-0.5928172674933214,331.0,467.0,1,2
1,4,genetico,Brats18_CBICA_APY_1,-0.7911518318776897,203.0,508.0,0,2
1,4,genetico,Brats18_CBICA_APZ_1,0.17420906845410583,336.0,355.0,1,1
1,4,genetico,Brats18_CBICA_AQJ_1,0.8935716916778704,170.0,208.0,0,0
1,4,genetico,Brats18_CBICA_AQV_1,-1.760655160738332,84.0,1282.0,0,2
1,4,genetico,Brats18_CBICA_AQZ_1,0.5817508472728186,286.0,262.0,0,0
1,4,genetico,Brats18_CBICA_ASK_1,0.8037450580419774,522.0,210.0,2,0
1,4,genetico,Brats18_CBICA_ASU_1,1.3148356018495477,85.0,147.0,0,0
1,4,genetico,Brats18_CBICA_ASV_1,-0.6039054208899967,597.0,467.0,2,2
1,4,genetico,Brats18_CBICA_AWH_1,-0.06312824370087539,139.0,382.0,0,1
1,4,genetico,Brats18_CBICA_AXN_1,1.4559726116955694,345.0,114.0,1,0
1,4,genetico,Brats18_CBICA_AXW_1,0.5133873391456947,191.0,268.0,0,0
1,4,genetico,Brats18_CBICA_AZH_1,-0.3523063089820636,401.0,434.0,1,2
1,4,genetico,Brats18_TCIA01_150_1,-3.577208020182602,1489.0,1767.0,2,2
1,4,genetico,Brats18_TCIA01_235_1,-0.47623111635541726,804.0,448.0,2,2
1,4,genetico,Brats18_TCIA01_411_1,-0.8381794930664362,822.0,510.0,2,2
1,4,genetico,Brats18_TCIA01_460_1,-1.8939106000884485,630.0,1337.0,2,2
1,4,genetico,Brats18_TCIA02_274_1,-0.0556263930649476,357.0,376.0,1,1
1,4,genetico,Brats18_TCIA02_290_1,0.11563686416974062,737.0,359.0,2,1
1,4,genetico,Brats18_TCIA02_300_1,0.601713846617472,127.0,262.0,0,0
1,4,genetico,Brats18_TCIA02_430_1,-0.364053963947628,71.0,434.0,0,2
1,4,genetico,Brats18_TCIA03_121_1,-1.6072121594144115,747.0,1155.0,2,2
1,4,genetico,Brats18_TCIA03_265_1,-0.518152066213383,103.0,464.0,0,2
1,4,genetico,Brats18_TCIA04_437_1,-0.9686872981671485,333.0,579.0,1,2
1,4,genetico,Brats18_TCIA08_218_1,-1.727318890724639,346.0,1282.0,1,2
1,4,genetico,Brats18_TCIA08_319_1,-0.18571487812342827,254.0,394.0,0,1
2,0,edad,Brats18_CBICA_AAG_1,-0.2629807528685343,616.0,425.0,2,2
2,0,edad,Brats18_CBICA_AAL_1,-0.1958207663007111,464.0,407.0,2,2
2,0,edad,Brats18_CBICA_AAP_1,-0.6978070643319417,788.0,510.0,2,2
2,0,edad,Brats18_CBICA_ANZ_1,0.2572290351391471,287.0,329.0,0,0
2,0,edad,Brats18_CBICA_APY_1,-0.4842659882968617,203.0,467.0,0,2
2,0,edad,Brats18_CBICA_AQD_1,0.4215699836247864,32.0,289.0,0,0
2,0,edad,Brats18_CBICA_AQG_1,-0.2187566596526273,466.0,421.0,2,2
2,0,edad,Brats18_CBICA_AQR_1,0.36666883660712557,89.0,296.0,0,0
2,0,edad,Brats18_CBICA_AQT_1,0.5185202684542932,172.0,262.0,0,0
2,0,edad,Brats18_CBICA_AQZ_1,0.10221403179516282,286.0,350.0,0,1
2,0,edad,Brats18_CBICA_ARZ_1,-0.1785529385472571,871.0,405.0,2,2
2,0,edad,Brats18_CBICA_ASO_1,-0.2601796739390617,265.0,425.0,0,2
2,0,edad,Brats18_CBICA_ATP_1,-0.2851916610857632,385.0,430.0,1,2
2,0,edad,Brats18_CBICA_ATX_1,-0.7730737028603558,1592.0,558.0,2,2
2,0,edad,Brats18_CBICA_AVG_1,0.10267538597178191,579.0,350.0,2,1
2,0,edad,Brats18_CBICA_AXQ_1,0.19899954727587724,114.0,333.0,0,0
2,0,edad,Brats18_CBICA_AYU_1,0.11658191900986882,58.0,346.0,0,0
2,0,edad,Brats18_CBICA_AZH_1,-0.1755870902689922,401.0,405.0,1,2
2,0,edad,Brats18_TCIA01_335_1,-0.1901197468324908,355.0,405.0,1,2
2,0,edad,Brats18_TCIA01_401_1,0.6112524579547125,448.0,239.0,1,0
2,0,edad,Brats18_TCIA01_448_1,-0.5204822911614533,199.0,476.0,0,2
2,0,edad,Brats18_TCIA02_135_1,0.3005633738715745,828.0,322.0,2,0
2,0,edad,Brats18_TCIA02_274_1,-0.17387348904155023,357.0,405.0,1,2
2,0,edad,Brats18_TCIA02_290_1,-0.5645416150285677,737.0,488.0,2,2
2,0,edad,Brats18_TCIA02_314_1,-0.6554613416922692,362.0,508.0,1,2
2,0,edad,Brats18_TCIA02_321_1,0.6909678689005239,67.0,213.0,0,0
2,0,edad,Brats18_TCIA02_322_1,-0.0949489709699426,621.0,387.0,2,1
2,0,edad,Brats18_TCIA02_331_1,0.8106892777331542,187.0,208.0,0,0
2,0,edad,Brats18_TCIA03_133_1,0.11595579548445736,382.0,346.0,1,1
2,0,edad,Brats18_TCIA03_338_1,0.5332506482363428,468.0,254.0,2,0
2,0,edad,Brats18_TCIA03_419_1,0.3410307259350124,327.0,317.0,1,0
2,0,edad,Brats18_TCIA04_192_1,0.5179930065381575,121.0,262.0,0,0
2,0,edad,Brats18_TCIA08_105_1,0.21036863234255973,77.0,332.0,0,0
2,0,coxnet,Brats18_CBICA_AAG_1,-0.29626549916945927,616.0,430.0,2,2
2,0,coxnet,Brats18_CBICA_AAL_1,-0.2789109562427805,464.0,425.0,2,2
2,0,coxnet,Brats18_CBICA_AAP_1,-0.7217019159013718,788.0,515.0,2,2
2,0,coxnet,Brats18_CBICA_ANZ_1,0.2327700590925617,287.0,331.0,0,0
2,0,coxnet,Brats18_CBICA_APY_1,-0.4425848252376667,203.0,448.0,0,2
2,0,coxnet,Brats18_CBICA_AQD_1,0.36515461682577793,32.0,296.0,0,0
2,0,coxnet,Brats18_CBICA_AQG_1,-0.2050938290258707,466.0,407.0,2,2
2,0,coxnet,Brats18_CBICA_AQR_1,0.3130402585932035,89.0,318.0,0,0
2,0,coxnet,Brats18_CBICA_AQT_1,0.5153646063973375,172.0,262.0,0,0
2,0,coxnet,Brats18_CBICA_AQZ_1,0.11178829130001441,286.0,346.0,0,1
2,0,coxnet,Brats18_CBICA_ARZ_1,-0.2065715351048605,871.0,407.0,2,2
2,0,coxnet,Brats18_CBICA_ASO_1,-0.2916831008636938,265.0,425.0,0,2
2,0,coxnet,Brats18_CBICA_ATP_1,-0.3702677115811776,385.0,438.0,1,2
2,0,coxnet,Brats18_CBICA_ATX_1,-0.8061093607636673,1592.0,558.0,2,2
2,0,coxnet,Brats18_CBICA_AVG_1,0.023004300038431798,579.0,368.0,2,1
2,0,coxnet,Brats18_CBICA_AXQ_1,0.22853282411946185,114.0,331.0,0,0
2,0,coxnet,Brats18_CBICA_AYU_1,0.07238799425163397,58.0,350.0,0,1
2,0,coxnet,Brats18_CBICA_AZH_1,-0.2198378288125148,401.0,407.0,1,2
2,0,coxnet,Brats18_TCIA01_335_1,-0.17853058874713298,355.0,394.0,1,2
2,0,coxnet,Brats18_TCIA01_401_1,0.626017478454837,448.0,232.0,1,0
2,0,coxnet,Brats18_TCIA01_448_1,-0.5272115884751872,199.0,473.0,0,2
2,0,coxnet,Brats18_TCIA02_135_1,0.3105463165374248,828.0,318.0,2,0
2,0,coxnet,Brats18_TCIA02_274_1,-0.14283243868427262,357.0,394.0,1,2
2,0,coxnet,Brats18_TCIA02_290_1,-0.5381916423685636,737.0,476.0,2,2
2,0,coxnet,Brats18_TCIA02_314_1,-0.5104737678968139,362.0,473.0,1,2
2,0,coxnet,Brats18_TCIA02_321_1,0.7132657681619043,67.0,210.0,0,0
2,0,coxnet,Brats18_TCIA02_322_1,-0.15216334440727183,621.0,394.0,2,2
2,0,coxnet,Brats18_TCIA02_331_1,0.7843694485967759,187.0,208.0,0,0
2,0,coxnet,Brats18_TCIA03_133_1,0.05778993771897466,382.0,355.0,1,1
2,0,coxnet,Brats18_TCIA03_338_1,0.5002397466027184,468.0,262.0,2,0
2,0,coxnet,Brats18_TCIA03_419_1,0.4118862595217817,327.0,289.0,1,0
2,0,coxnet,Brats18_TCIA04_192_1,0.4634896865369847,121.0,268.0,0,0
2,0,coxnet,Brats18_TCIA08_105_1,0.2717873786772846,77.0,322.0,0,0
2,0,genetico,Brats18_CBICA_AAG_1,-0.5512081543716144,616.0,453.0,2,2
2,0,genetico,Brats18_CBICA_AAL_1,-0.587303539114564,464.0,467.0,2,2
2,0,genetico,Brats18_CBICA_AAP_1,-1.075682066174569,788.0,600.0,2,2
2,0,genetico,Brats18_CBICA_ANZ_1,0.3953624671146011,287.0,318.0,0,0
2,0,genetico,Brats18_CBICA_APY_1,-0.6209010036546373,203.0,473.0,0,2
2,0,genetico,Brats18_CBICA_AQD_1,-0.04241128681159839,32.0,375.0,0,1
2,0,genetico,Brats18_CBICA_AQG_1,1.644670775103866,466.0,110.0,2,0
2,0,genetico,Brats18_CBICA_AQR_1,0.3115476456641155,89.0,331.0,0,0
2,0,genetico,Brats18_CBICA_AQT_1,-1.4275976217684432,172.0,726.0,0,2
2,0,genetico,Brats18_CBICA_AQZ_1,0.7080858845078681,286.0,244.0,0,0
2,0,genetico,Brats18_CBICA_ARZ_1,0.9307807806454931,871.0,208.0,2,0
2,0,genetico,Brats18_CBICA_ASO_1,-0.6133076773331139,265.0,473.0,0,2
2,0,genetico,Brats18_CBICA_ATP_1,-0.48425493286510285,385.0,448.0,1,2
2,0,genetico,Brats18_CBICA_ATX_1,-2.8395619416696647,1592.0,1767.0,2,2
2,0,genetico,Brats18_CBICA_AVG_1,-0.45699372686113365,579.0,439.0,2,2
2,0,genetico,Brats18_CBICA_AXQ_1,0.09028429998551946,114.0,355.0,0,1
2,0,genetico,Brats18_CBICA_AYU_1,-0.006213530130121825,58.0,372.0,0,1
2,0,genetico,Brats18_CBICA_AZH_1,-0.6662611017226852,401.0,476.0,1,2
2,0,genetico,Brats18_TCIA01_335_1,0.3706856413154877,355.0,322.0,1,0
2,0,genetico,Brats18_TCIA01_401_1,0.06697427557237706,448.0,359.0,1,1
2,0,genetico,Brats18_TCIA01_448_1,0.014529550960792559,199.0,370.0,0,1
2,0,genetico,Brats18_TCIA02_135_1,0.7247087584825334,828.0,239.0,2,0
2,0,genetico,Brats18_TCIA02_274_1,-0.19069540301572718,357.0,394.0,1,1
2,0,genetico,Brats18_TCIA02_290_1,-0.19599235926336217,737.0,405.0,2,1
2,0,genetico,Brats18_TCIA02_314_1,0.2790456200226598,362.0,332.0,1,0
2,0,genetico,Brats18_TCIA02_321_1,0.6947238832923381,67.0,244.0,0,0
2,0,genetico,Brats18_TCIA02_322_1,-1.346580899476295,621.0,660.0,2,2
2,0,genetico,Brats18_TCIA02_331_1,0.5091785830149197,187.0,291.0,0,0
2,0,genetico,Brats18_TCIA03_133_1,-0.48136547154646614,382.0,448.0,1,2
2,0,genetico,Brats18_TCIA03_338_1,0.31080902722685916,468.0,331.0,2,0
2,0,genetico,Brats18_TCIA03_419_1,0.1860087436522015,327.0,345.0,1,1
2,0,genetico,Brats18_TCIA04_192_1,-0.1804390006115795,121.0,394.0,0,1
2,0,genetico,Brats18_TCIA08_105_1,0.8217986475076239,77.0,213.0,0,0
2,1,edad,Brats18_CBICA_ABY_1,-0.35308330842144076,515.0,439.0,2,2
2,1,edad,Brats18_CBICA_ALN_1,0.021325073848058134,421.0,355.0,1,1
2,1,edad,Brats18_CBICA_ANG_1,-0.1329937051024637,368.0,375.0,1,2
2,1,edad,Brats18_CBICA_AOH_1,-0.09839628639891243,576.0,372.0,2,1
2,1,edad,Brats18_CBICA_AOZ_1,-0.4037289273670008,331.0,448.0,1,2
2,1,edad,Brats18_CBICA_AQQ_1,0.29078001297640527,33.0,317.0,0,0
2,1,edad,Brats18_CBICA_ASN_1,-0.617446889031451,407.0,486.0,1,2
2,1,edad,Brats18_CBICA_ASU_1,0.6270180933715899,85.0,232.0,0,0
2,1,edad,Brats18_CBICA_ASV_1,-0.16300592373686973,597.0,382.0,2,2
2,1,edad,Brats18_CBICA_ASY_1,0.1871068529714435,610.0,329.0,2,0
2,1,edad,Brats18_CBICA_ATD_1,0.26654395546806536,355.0,318.0,1,0
2,1,edad,Brats18_CBICA_AUR_1,0.29852125984639066,12.0,296.0,0,0
2,1,edad,Brats18_CBICA_AXJ_1,-0.9651181955730762,1767.0,621.0,2,2
2,1,edad,Brats18_CBICA_AXL_1,0.42887194752638,168.0,269.0,0,0
2,1,edad,Brats18_CBICA_AXM_1,0.1997310401748045,438.0,327.0,1,0
2,1,edad,Brats18_CBICA_AXO_1,-0.11685618278118584,394.0,375.0,1,1
2,1,edad,Brats18_CBICA_AYA_1,0.4350053969695225,50.0,268.0,0,0
2,1,edad,Brats18_CBICA_AYW_1,-0.3082138506019468,734.0,424.0,2,2
2,1,edad,Brats18_TCIA01_147_1,0.035437962372570346,209.0,350.0,0,1
2,1,edad,Brats18_TCIA01_201_1,0.014983206219954465,430.0,355.0,1,1
2,1,edad,Brats18_TCIA01_390_1,0.09972008541987452,634.0,336.0,2,1
2,1,edad,Brats18_TCIA01_412_1,0.2540686383968193,291.0,318.0,0,0
2,1,edad,Brats18_TCIA01_499_1,-0.3020208531059583,600.0,405.0,2,2
2,1,edad,Brats18_TCIA02_151_1,-0.36481427483211126,1731.0,439.0,2,2
2,1,edad,Brats18_TCIA02_377_1,0.10528782836097954,812.0,336.0,2,1
2,1,edad,Brats18_TCIA02_430_1,-0.18935593712124393,71.0,385.0,0,2
2,1,edad,Brats18_TCIA02_491_1,0.6218671868004071,82.0,232.0,0,0
2,1,edad,Brats18_TCIA03_257_1,0.27095051137867243,425.0,317.0,1,0
2,1,edad,Brats18_TCIA04_111_1,0.44771890625215305,626.0,268.0,2,0
2,1,edad,Brats18_TCIA05_478_1,-0.028903708727579528,30.0,359.0,0,1
2,1,edad,Brats18_TCIA06_165_1,-0.2521791328738198,5.0,394.0,0,2
2,1,edad,Brats18_TCIA06_184_1,0.028024229793238074,434.0,350.0,1,1
2,1,edad,Brats18_TCIA08_242_1,0.18618385815232966,147.0,329.0,0,0
2,1,coxnet,Brats18_CBICA_ABY_1,-0.3530822873401375,515.0,439.0,2,2
2,1,coxnet,Brats18_CBICA_ALN_1,0.02132501217809618,421.0,355.0,1,1
2,1,coxnet,Brats18_CBICA_ANG_1,-0.1329933204980871,368.0,375.0,1,2
2,1,coxnet,Brats18_CBICA_AOH_1,-0.09839600184677996,576.0,372.0,2,1
2,1,coxnet,Brats18_CBICA_AOZ_1,-0.4037277598236775,331.0,448.0,1,2
2,1,coxnet,Brats18_CBICA_AQQ_1,0.2907791720699463,33.0,317.0,0,0
2,1,coxnet,Brats18_CBICA_ASN_1,-0.6174451034373458,407.0,486.0,1,2
2,1,coxnet,Brats18_CBICA_ASU_1,0.6270162800985275,85.0,232.0,0,0
2,1,coxnet,Brats18_CBICA_ASV_1,-0.16300545234018493,597.0,382.0,2,2
2,1,coxnet,Brats18_CBICA_ASY_1,0.18710631187730306,610.0,329.0,2,0
2,1,coxnet,Brats18_CBICA_ATD_1,0.2665431846498394,355.0,318.0,1,0
2,1,coxnet,Brats18_CBICA_AUR_1,0.2985203965530268,12.0,296.0,0,0
2,1,coxnet,Brats18_CBICA_AXJ_1,-0.9651154045486312,1767.0,621.0,2,2
2,1,coxnet,Brats18_CBICA_AXL_1,0.4288707072719793,168.0,269.0,0,0
2,1,coxnet,Brats18_CBICA_AXM_1,0.1997304625727884,438.0,327.0,1,0
2,1,coxnet,Brats18_CBICA_AXO_1,-0.11685584484489557,394.0,375.0,1,1
2,1,coxnet,Brats18_CBICA_AYA_1,0.4350041389778048,50.0,268.0,0,0
2,1,coxnet,Brats18_CBICA_AYW_1,-0.3082129592785884,734.0,424.0,2,2
2,1,coxnet,Brats18_TCIA01_147_1,0.03543785988955872,209.0,350.0,0,1
2,1,coxnet,Brats18_TCIA01_201_1,0.014983162890033826,430.0,355.0,1,1
2,1,coxnet,Brats18_TCIA01_390_1,0.09971979703944886,634.0,336.0,2,1
2,1,coxnet,Brats18_TCIA01_412_1,0.2540679036559516,291.0,318.0,0,0
2,1,coxnet,Brats18_TCIA01_499_1,-0.30201997969212385,600.0,405.0,2,2
2,1,coxnet,Brats18_TCIA02_151_1,-0.3648132198260368,1731.0,439.0,2,2
2,1,coxnet,Brats18_TCIA02_377_1,0.10528752387920305,812.0,336.0,2,1
2,1,coxnet,Brats18_TCIA02_430_1,-0.18935538952297906,71.0,385.0,0,2
2,1,coxnet,Brats18_TCIA02_491_1,0.6218653884232469,82.0,232.0,0,0
2,1,coxnet,Brats18_TCIA03_257_1,0.2709497278171314,425.0,317.0,1,0
2,1,coxnet,Brats18_TCIA04_111_1,0.44771761149424927,626.0,268.0,2,0
2,1,coxnet,Brats18_TCIA05_478_1,-0.028903625140970158,30.0,359.0,0,1
2,1,coxnet,Brats18_TCIA06_165_1,-0.25217840359721144,5.0,394.0,0,2
2,1,coxnet,Brats18_TCIA06_184_1,0.028024148749993046,434.0,350.0,1,1
2,1,coxnet,Brats18_TCIA08_242_1,0.1861833197273971,147.0,329.0,0,0
2,1,genetico,Brats18_CBICA_ABY_1,-0.8061891136688025,515.0,503.0,2,2
2,1,genetico,Brats18_CBICA_ALN_1,0.17411330217575116,421.0,333.0,1,1
2,1,genetico,Brats18_CBICA_ANG_1,-0.020329618453540296,368.0,359.0,1,1
2,1,genetico,Brats18_CBICA_AOH_1,-0.08535656961599809,576.0,370.0,2,1
2,1,genetico,Brats18_CBICA_AOZ_1,-0.038591670583769944,331.0,362.0,1,1
2,1,genetico,Brats18_CBICA_AQQ_1,0.7045723856560369,33.0,239.0,0,0
2,1,genetico,Brats18_CBICA_ASN_1,-0.6441421236778303,407.0,473.0,1,2
2,1,genetico,Brats18_CBICA_ASU_1,0.8224728986118485,85.0,210.0,0,0
2,1,genetico,Brats18_CBICA_ASV_1,-0.2486982733897033,597.0,387.0,2,2
2,1,genetico,Brats18_CBICA_ASY_1,0.22705241642436258,610.0,329.0,2,0
2,1,genetico,Brats18_CBICA_ATD_1,0.20395914967659212,355.0,332.0,1,0
2,1,genetico,Brats18_CBICA_AUR_1,0.8509973261747218,12.0,208.0,0,0
2,1,genetico,Brats18_CBICA_AXJ_1,-1.4763705588586786,1767.0,822.0,2,2
2,1,genetico,Brats18_CBICA_AXL_1,0.6697009522796522,168.0,244.0,0,0
2,1,genetico,Brats18_CBICA_AXM_1,-0.5976123228261561,438.0,467.0,1,2
2,1,genetico,Brats18_CBICA_AXO_1,-0.2119303203389949,394.0,385.0,1,1
2,1,genetico,Brats18_CBICA_AYA_1,0.34703529420983714,50.0,317.0,0,0
2,1,genetico,Brats18_CBICA_AYW_1,-0.4421770503967657,734.0,448.0,2,2
2,1,genetico,Brats18_TCIA01_147_1,-0.011306321131680397,209.0,357.0,0,1
2,1,genetico,Brats18_TCIA01_201_1,-0.11921264159686096,430.0,375.0,1,1
2,1,genetico,Brats18_TCIA01_390_1,0.2090820756616454,634.0,329.0,2,0
2,1,genetico,Brats18_TCIA01_412_1,0.379275755019691,291.0,296.0,0,0
2,1,genetico,Brats18_TCIA01_499_1,-0.38578831403070457,600.0,436.0,2,2
2,1,genetico,Brats18_TCIA02_151_1,-0.9231997115979688,1731.0,522.0,2,2
2,1,genetico,Brats18_TCIA02_377_1,0.27893223073876583,812.0,322.0,2,0
2,1,genetico,Brats18_TCIA02_430_1,0.053898148674575264,71.0,350.0,0,1
2,1,genetico,Brats18_TCIA02_491_1,2.0942998279179488,82.0,99.0,0,0
2,1,genetico,Brats18_TCIA03_257_1,0.010637785397371452,425.0,357.0,1,1
2,1,genetico,Brats18_TCIA04_111_1,0.36421025976579585,626.0,296.0,2,0
2,1,genetico,Brats18_TCIA05_478_1,-0.19678705858539275,30.0,385.0,0,1
2,1,genetico,Brats18_TCIA06_165_1,-0.3728939235954088,5.0,436.0,0,2
2,1,genetico,Brats18_TCIA06_184_1,4.740887570004368,434.0,23.0,1,0
2,1,genetico,Brats18_TCIA08_242_1,0.08473555216845777,147.0,346.0,0,1
2,2,edad,Brats18_2013_11_1,-1.1769068819066604,150.0,734.0,0,2
2,2,edad,Brats18_2013_27_1,0.3032755318910521,120.0,317.0,0,0
2,2,edad,Brats18_CBICA_ABB_1,0.3212736368197492,465.0,296.0,2,0
2,2,edad,Brats18_CBICA_ABN_1,0.3133590367665378,1278.0,296.0,2,0
2,2,edad,Brats18_CBICA_ALU_1,0.22256944192537237,495.0,331.0,2,0
2,2,edad,Brats18_CBICA_AME_1,-0.31642243189068414,359.0,425.0,1,2
2,2,edad,Brats18_CBICA_ANI_1,-0.06817795714476439,439.0,382.0,1,1
2,2,edad,Brats18_CBICA_AOO_1,-0.6045443145970154,350.0,488.0,1,2
2,2,edad,Brats18_CBICA_AOP_1,0.29616000203552073,332.0,317.0,1,0
2,2,edad,Brats18_CBICA_AQA_1,0.6208869099879549,106.0,239.0,0,0
2,2,edad,Brats18_CBICA_ASA_1,0.14133063849457256,210.0,345.0,0,0
2,2,edad,Brats18_CBICA_ASK_1,0.657796342928412,522.0,229.0,2,0
2,2,edad,Brats18_CBICA_ATB_1,0.42146181922410375,208.0,286.0,0,0
2,2,edad,Brats18_CBICA_ATV_1,0.08025884481474388,453.0,355.0,2,1
2,2,edad,Brats18_CBICA_AWG_1,-0.1719048789959874,180.0,394.0,0,1
2,2,edad,Brats18_CBICA_AWI_1,-0.5136405668704668,375.0,468.0,1,2
2,2,edad,Brats18_CBICA_AXW_1,0.7291038453309032,191.0,209.0,0,0
2,2,edad,Brats18_CBICA_BHB_1,-0.16950766840294726,510.0,394.0,2,1
2,2,edad,Brats18_CBICA_BHM_1,0.07535027074328111,436.0,355.0,1,1
2,2,edad,Brats18_TCIA01_190_1,0.056172585998961216,322.0,357.0,1,1
2,2,edad,Brats18_TCIA01_235_1,-0.07902248125613595,804.0,382.0,2,1
2,2,edad,Brats18_TCIA01_425_1,-0.1461824288230502,558.0,387.0,2,1
2,2,edad,Brats18_TCIA01_429_1,-0.19268070413566732,86.0,394.0,0,1
2,2,edad,Brats18_TCIA02_226_1,0.5147627775436922,329.0,265.0,1,0
2,2,edad,Brats18_TCIA02_471_1,0.6302854975511435,111.0,232.0,0,0
2,2,edad,Brats18_TCIA03_121_1,-1.1278972431156205,747.0,726.0,2,2
2,2,edad,Brats18_TCIA03_265_1,-0.017722381805541566,103.0,370.0,0,1
2,2,edad,Brats18_TCIA03_375_1,-0.0018931816991188473,946.0,368.0,2,1
2,2,edad,Brats18_TCIA03_498_1,-0.029213772267416095,467.0,370.0,2,1
2,2,edad,Brats18_TCIA04_479_1,-0.13887664415854734,372.0,387.0,1,1
2,2,edad,Brats18_TCIA06_247_1,0.6335198293036576,244.0,232.0,0,0
2,2,edad,Brats18_TCIA06_409_1,0.35068703028673237,99.0,291.0,0,0
2,2,edad,Brats18_TCIA08_469_1,0.14646751833680102,519.0,345.0,2,0
2,2,coxnet,Brats18_2013_11_1,-1.2163716374951836,150.0,734.0,0,2
2,2,coxnet,Brats18_2013_27_1,0.3069584601456179,120.0,296.0,0,0
2,2,coxnet,Brats18_CBICA_ABB_1,0.25385218091143724,465.0,318.0,2,0
2,2,coxnet,Brats18_CBICA_ABN_1,0.28257698013554067,1278.0,317.0,2,0
2,2,coxnet,Brats18_CBICA_ALU_1,0.20475147912620356,495.0,331.0,2,0
2,2,coxnet,Brats18_CBICA_AME_1,-0.26880712390304684,359.0,407.0,1,2
2,2,coxnet,Brats18_CBICA_ANI_1,-0.028357099872316608,439.0,370.0,1,1
2,2,coxnet,Brats18_CBICA_AOO_1,-0.5886520196436636,350.0,476.0,1,2
2,2,coxnet,Brats18_CBICA_AOP_1,0.23239645922106017,332.0,327.0,1,0
2,2,coxnet,Brats18_CBICA_AQA_1,0.5845057435749894,106.0,254.0,0,0
2,2,coxnet,Brats18_CBICA_ASA_1,0.26646716922198727,210.0,318.0,0,0
2,2,coxnet,Brats18_CBICA_ASK_1,0.7162257584173009,522.0,209.0,2,0
2,2,coxnet,Brats18_CBICA_ATB_1,0.40682319597029687,208.0,287.0,0,0
2,2,coxnet,Brats18_CBICA_ATV_1,0.1051469245172716,453.0,346.0,2,1
2,2,coxnet,Brats18_CBICA_AWG_1,-0.1531345540876667,180.0,387.0,0,1
2,2,coxnet,Brats18_CBICA_AWI_1,-0.49426180415778126,375.0,464.0,1,2
2,2,coxnet,Brats18_CBICA_AXW_1,0.6714714345654216,191.0,229.0,0,0
2,2,coxnet,Brats18_CBICA_BHB_1,-0.2082317129522726,510.0,394.0,2,1
2,2,coxnet,Brats18_CBICA_BHM_1,0.036784663529819156,436.0,357.0,1,1
2,2,coxnet,Brats18_TCIA01_190_1,0.014289023099122292,322.0,362.0,1,1
2,2,coxnet,Brats18_TCIA01_235_1,-0.15098623597327593,804.0,387.0,2,1
2,2,coxnet,Brats18_TCIA01_425_1,-0.28696785879523096,558.0,421.0,2,2
2,2,coxnet,Brats18_TCIA01_429_1,-0.20079593236289364,86.0,394.0,0,1
2,2,coxnet,Brats18_TCIA02_226_1,0.4630584726297612,329.0,269.0,1,0
2,2,coxnet,Brats18_TCIA02_471_1,0.6367233931546568,111.0,232.0,0,0
2,2,coxnet,Brats18_TCIA03_121_1,-1.1473464136927316,747.0,698.0,2,2
2,2,coxnet,Brats18_TCIA03_265_1,-0.04024169282437676,103.0,370.0,0,1
2,2,coxnet,Brats18_TCIA03_375_1,-0.038489103308356046,946.0,370.0,2,1
2,2,coxnet,Brats18_TCIA03_498_1,-0.03806026127533823,467.0,370.0,2,1
2,2,coxnet,Brats18_TCIA04_479_1,-0.16493264222219098,372.0,394.0,1,1
2,2,coxnet,Brats18_TCIA06_247_1,0.634971861922076,244.0,232.0,0,0
2,2,coxnet,Brats18_TCIA06_409_1,0.2895922937051508,99.0,317.0,0,0
2,2,coxnet,Brats18_TCIA08_469_1,0.29364467716624837,519.0,317.0,2,0
2,2,genetico,Brats18_2013_11_1,-2.175825375754175,150.0,1592.0,0,2
2,2,genetico,Brats18_2013_27_1,0.34595787315909327,120.0,317.0,0,0
2,2,genetico,Brats18_CBICA_ABB_1,0.8118842181481194,465.0,213.0,2,0
2,2,genetico,Brats18_CBICA_ABN_1,0.2853302044498427,1278.0,327.0,2,0
2,2,genetico,Brats18_CBICA_ALU_1,-0.0331464566242935,495.0,370.0,2,1
2,2,genetico,Brats18_CBICA_AME_1,-0.3913869937156121,359.0,430.0,1,2
2,2,genetico,Brats18_CBICA_ANI_1,0.1741017499746606,439.0,345.0,1,1
2,2,genetico,Brats18_CBICA_AOO_1,-0.6896172784461438,350.0,486.0,1,2
2,2,genetico,Brats18_CBICA_AOP_1,0.581516857042109,332.0,265.0,1,0
2,2,genetico,Brats18_CBICA_AQA_1,0.08771015991850173,106.0,355.0,0,1
2,2,genetico,Brats18_CBICA_ASA_1,0.6674307317013634,210.0,254.0,0,0
2,2,genetico,Brats18_CBICA_ASK_1,1.1711050010884778,522.0,169.0,2,0
2,2,genetico,Brats18_CBICA_ATB_1,0.9300631303837956,208.0,199.0,0,0
2,2,genetico,Brats18_CBICA_ATV_1,0.06519365356228596,453.0,355.0,2,1
2,2,genetico,Brats18_CBICA_AWG_1,0.028182559983568424,180.0,362.0,0,1
2,2,genetico,Brats18_CBICA_AWI_1,0.6024068274929412,375.0,265.0,1,0
2,2,genetico,Brats18_CBICA_AXW_1,0.426256654434656,191.0,289.0,0,0
2,2,genetico,Brats18_CBICA_BHB_1,-0.22398761247572568,510.0,394.0,2,1
2,2,genetico,Brats18_CBICA_BHM_1,0.41292397522665136,436.0,291.0,1,0
2,2,genetico,Brats18_TCIA01_190_1,-0.3770820822823364,322.0,425.0,1,2
2,2,genetico,Brats18_TCIA01_235_1,-0.5281588597175705,804.0,448.0,2,2
2,2,genetico,Brats18_TCIA01_425_1,-0.9761775656571458,558.0,614.0,2,2
2,2,genetico,Brats18_TCIA01_429_1,0.17956557925722588,86.0,336.0,0,1
2,2,genetico,Brats18_TCIA02_226_1,0.23645326553990886,329.0,331.0,1,0
2,2,genetico,Brats18_TCIA02_471_1,0.4131522207148262,111.0,291.0,0,0
2,2,genetico,Brats18_TCIA03_121_1,-1.3661383539790537,747.0,737.0,2,2
2,2,genetico,Brats18_TCIA03_265_1,0.37330309150287266,103.0,296.0,0,0
2,2,genetico,Brats18_TCIA03_375_1,-0.5004542267313475,946.0,448.0,2,2
2,2,genetico,Brats18_TCIA03_498_1,-0.43380281762846606,467.0,434.0,2,2
2,2,genetico,Brats18_TCIA04_479_1,-0.6544728762575076,372.0,476.0,1,2
2,2,genetico,Brats18_TCIA06_247_1,0.22897684287810943,244.0,333.0,0,0
2,2,genetico,Brats18_TCIA06_409_1,-0.020397112819688423,99.0,368.0,0,1
2,2,genetico,Brats18_TCIA08_469_1,0.10208115389081657,519.0,355.0,2,1
2,3,edad,Brats18_CBICA_AAB_1,0.0014647959683452302,289.0,368.0,0,1
2,3,edad,Brats18_CBICA_ABM_1,0.3471563652230273,503.0,322.0,2,0
2,3,edad,Brats18_CBICA_ALX_1,-0.026705646229358875,698.0,375.0,2,1
2,3,edad,Brats18_CBICA_AOD_1,0.005781824772668777,55.0,368.0,0,1
2,3,edad,Brats18_CBICA_AQJ_1,0.2067431741129128,170.0,336.0,0,0
2,3,edad,Brats18_CBICA_AQU_1,0.45570403015885547,30.0,286.0,0,0
2,3,edad,Brats18_CBICA_ARF_1,0.5447153105056264,726.0,265.0,2,0
2,3,edad,Brats18_CBICA_ASE_1,-0.49788373072835845,318.0,465.0,1,2
2,3,edad,Brats18_CBICA_ASH_1,-0.5068104682559426,660.0,466.0,2,2
2,3,edad,Brats18_CBICA_AVJ_1,-0.5553221648197809,614.0,468.0,2,2
2,3,edad,Brats18_CBICA_AWH_1,-0.2802030410188275,139.0,425.0,0,2
2,3,edad,Brats18_CBICA_AXN_1,0.9270284546173235,345.0,191.0,1,0
2,3,edad,Brats18_CBICA_AZD_1,-0.5182249850944927,448.0,466.0,1,2
2,3,edad,Brats18_TCIA01_186_1,-0.970781309751114,370.0,616.0,1,2
2,3,edad,Brats18_TCIA01_231_1,0.12373183210435393,1561.0,355.0,2,1
2,3,edad,Brats18_TCIA01_378_1,0.5020206273306645,110.0,269.0,0,0
2,3,edad,Brats18_TCIA01_411_1,-0.6409310411089072,822.0,488.0,2,2
2,3,edad,Brats18_TCIA02_118_1,-0.4793351408657145,104.0,465.0,0,2
2,3,edad,Brats18_TCIA02_198_1,-0.22477678137009818,394.0,407.0,1,2
2,3,edad,Brats18_TCIA02_283_1,0.527300855328864,262.0,268.0,0,0
2,3,edad,Brats18_TCIA02_300_1,0.14469503129822978,127.0,350.0,0,0
2,3,edad,Brats18_TCIA02_368_1,0.07825668969948885,317.0,357.0,1,1
2,3,edad,Brats18_TCIA02_455_1,-0.2041062620951596,424.0,405.0,1,2
2,3,edad,Brats18_TCIA02_473_1,0.021915805304080892,175.0,362.0,0,1
2,3,edad,Brats18_TCIA03_199_1,-0.42431131610552364,1282.0,448.0,2,2
2,3,edad,Brats18_TCIA03_296_1,0.00014773633312785097,22.0,368.0,0,1
2,3,edad,Brats18_TCIA03_474_1,0.03603761139280014,635.0,362.0,2,1
2,3,edad,Brats18_TCIA06_372_1,0.5157765835207123,213.0,268.0,0,0
2,3,edad,Brats18_TCIA08_278_1,-0.3629948730881837,1458.0,438.0,2,2
2,3,edad,Brats18_TCIA08_280_1,-0.11198525760968081,508.0,385.0,2,1
2,3,edad,Brats18_TCIA08_319_1,0.16232899641419513,254.0,346.0,0,0
2,3,edad,Brats18_TCIA08_406_1,0.6703115807195459,82.0,229.0,0,0
2,3,coxnet,Brats18_CBICA_AAB_1,0.06290569135107754,289.0,357.0,0,1
2,3,coxnet,Brats18_CBICA_ABM_1,0.23031418036035559,503.0,332.0,2,0
2,3,coxnet,Brats18_CBICA_ALX_1,-0.3347220577288586,698.0,434.0,2,2
2,3,coxnet,Brats18_CBICA_AOD_1,0.20560822846908133,55.0,333.0,0,0
2,3,coxnet,Brats18_CBICA_AQJ_1,0.30742069614877504,170.0,329.0,0,0
2,3,coxnet,Brats18_CBICA_AQU_1,0.595802797507913,30.0,239.0,0,0
2,3,coxnet,Brats18_CBICA_ARF_1,0.5983753749537732,726.0,239.0,2,0
2,3,coxnet,Brats18_CBICA_ASE_1,-0.6826304528276118,318.0,488.0,1,2
2,3,coxnet,Brats18_CBICA_ASH_1,-0.7839761564344229,660.0,515.0,2,2
2,3,coxnet,Brats18_CBICA_AVJ_1,-0.5281739258050506,614.0,466.0,2,2
2,3,coxnet,Brats18_CBICA_AWH_1,-0.34031428370268046,139.0,434.0,0,2
2,3,coxnet,Brats18_CBICA_AXN_1,1.0494482792908608,345.0,169.0,1,0
2,3,coxnet,Brats18_CBICA_AZD_1,-0.6495935049256267,448.0,486.0,1,2
2,3,coxnet,Brats18_TCIA01_186_1,-1.0136038479140836,370.0,616.0,1,2
2,3,coxnet,Brats18_TCIA01_231_1,0.11273683559902778,1561.0,355.0,2,1
2,3,coxnet,Brats18_TCIA01_378_1,0.5846582898984812,110.0,244.0,0,0
2,3,coxnet,Brats18_TCIA01_411_1,-0.7181959724515058,822.0,495.0,2,2
2,3,coxnet,Brats18_TCIA02_118_1,-0.27872214267003753,104.0,421.0,0,2
2,3,coxnet,Brats18_TCIA02_198_1,-0.36988944247532396,394.0,436.0,1,2
2,3,coxnet,Brats18_TCIA02_283_1,0.45230995112346495,262.0,286.0,0,0
2,3,coxnet,Brats18_TCIA02_300_1,0.1685062949688296,127.0,346.0,0,0
2,3,coxnet,Brats18_TCIA02_368_1,0.10106456646529548,317.0,355.0,1,1
2,3,coxnet,Brats18_TCIA02_455_1,-0.2554232480938259,424.0,407.0,1,2
2,3,coxnet,Brats18_TCIA02_473_1,-0.022977361768361706,175.0,372.0,0,1
2,3,coxnet,Brats18_TCIA03_199_1,-0.4571572918086781,1282.0,448.0,2,2
2,3,coxnet,Brats18_TCIA03_296_1,0.13895474702325775,22.0,350.0,0,1
2,3,coxnet,Brats18_TCIA03_474_1,0.177551934551291,635.0,346.0,2,0
2,3,coxnet,Brats18_TCIA06_372_1,0.6349105419072659,213.0,232.0,0,0
2,3,coxnet,Brats18_TCIA08_278_1,-0.3506490813014774,1458.0,436.0,2,2
2,3,coxnet,Brats18_TCIA08_280_1,-0.2102875999659301,508.0,401.0,2,2
2,3,coxnet,Brats18_TCIA08_319_1,0.16764572580616013,254.0,346.0,0,0
2,3,coxnet,Brats18_TCIA08_406_1,0.579401988974157,82.0,244.0,0,0
2,3,genetico,Brats18_CBICA_AAB_1,-0.41466564090328073,289.0,438.0,0,2
2,3,genetico,Brats18_CBICA_ABM_1,-0.06723278534900393,503.0,376.0,2,1
2,3,genetico,Brats18_CBICA_ALX_1,0.6684699832044891,698.0,239.0,2,0
2,3,genetico,Brats18_CBICA_AOD_1,0.8806098537178587,55.0,208.0,0,0
2,3,genetico,Brats18_CBICA_AQJ_1,1.3423504009290452,170.0,150.0,0,0
2,3,genetico,Brats18_CBICA_AQU_1,1.6213723516661847,30.0,111.0,0,0
2,3,genetico,Brats18_CBICA_ARF_1,0.7255902294551811,726.0,232.0,2,0
2,3,genetico,Brats18_CBICA_ASE_1,-1.4543341291702458,318.0,747.0,1,2
2,3,genetico,Brats18_CBICA_ASH_1,-1.3016130337068261,660.0,634.0,2,2
2,3,genetico,Brats18_CBICA_AVJ_1,-0.018290004928612033,614.0,372.0,2,1
2,3,genetico,Brats18_CBICA_AWH_1,-0.6022125676880339,139.0,466.0,0,2
2,3,genetico,Brats18_CBICA_AXN_1,2.0890201388844902,345.0,84.0,1,0
2,3,genetico,Brats18_CBICA_AZD_1,-1.4092385422252982,448.0,737.0,1,2
2,3,genetico,Brats18_TCIA01_186_1,-1.284447788689435,370.0,630.0,1,2
2,3,genetico,Brats18_TCIA01_231_1,0.3750271120424489,1561.0,327.0,2,0
2,3,genetico,Brats18_TCIA01_378_1,-0.02675844791719692,110.0,372.0,0,1
2,3,genetico,Brats18_TCIA01_411_1,-0.021960407829562545,822.0,372.0,2,1
2,3,genetico,Brats18_TCIA02_118_1,0.4343004226306239,104.0,296.0,0,0
2,3,genetico,Brats18_TCIA02_198_1,-1.264567327071238,394.0,630.0,1,2
2,3,genetico,Brats18_TCIA02_283_1,-0.006679175631799289,262.0,368.0,0,1
2,3,genetico,Brats18_TCIA02_300_1,0.6913164350948158,127.0,239.0,0,0
2,3,genetico,Brats18_TCIA02_368_1,-0.3444721456454073,317.0,430.0,1,2
2,3,genetico,Brats18_TCIA02_455_1,-0.606113159170156,424.0,467.0,1,2
2,3,genetico,Brats18_TCIA02_473_1,-0.5648936866496795,175.0,465.0,0,2
2,3,genetico,Brats18_TCIA03_199_1,-1.2949730155895214,1282.0,630.0,2,2
2,3,genetico,Brats18_TCIA03_296_1,0.9164308528327376,22.0,208.0,0,0
2,3,genetico,Brats18_TCIA03_474_1,0.8279430008563545,635.0,209.0,2,0
2,3,genetico,Brats18_TCIA06_372_1,0.886420091718599,213.0,208.0,0,0
2,3,genetico,Brats18_TCIA08_278_1,0.7919503369071045,1458.0,210.0,2,0
2,3,genetico,Brats18_TCIA08_280_1,0.1461301989567478,508.0,350.0,2,1
2,3,genetico,Brats18_TCIA08_319_1,-0.04902803232422365,254.0,375.0,0,1
2,3,genetico,Brats18_TCIA08_406_1,0.5636940283569893,82.0,269.0,0,0
2,4,edad,Brats18_CBICA_ABE_1,0.23217019615139914,269.0,329.0,0,0
2,4,edad,Brats18_CBICA_ABO_1,-0.15601687510032425,1155.0,394.0,2,1
2,4,edad,Brats18_CBICA_AMH_1,0.06858561919354188,169.0,355.0,0,1
2,4,edad,Brats18_CBICA_ANP_1,0.03200387314955302,486.0,359.0,2,1
2,4,edad,Brats18_CBICA_APR_1,0.07184860942541416,23.0,355.0,0,1
2,4,edad,Brats18_CBICA_APZ_1,-0.023902026156522895,336.0,368.0,1,1
2,4,edad,Brats18_CBICA_AQN_1,0.08954126757156534,488.0,355.0,2,1
2,4,edad,Brats18_CBICA_AQO_1,0.25878169426466735,473.0,327.0,2,0
2,4,edad,Brats18_CBICA_AQP_1,-0.517374915556654,1283.0,466.0,2,2
2,4,edad,Brats18_CBICA_AQV_1,-0.26684977664291465,84.0,424.0,0,2
2,4,edad,Brats18_CBICA_AQY_1,-0.10892104942030269,229.0,382.0,0,1
2,4,edad,Brats18_CBICA_ARW_1,-0.5911910056910062,495.0,495.0,2,2
2,4,edad,Brats18_CBICA_ASG_1,-0.10921109299646918,208.0,382.0,0,1
2,4,edad,Brats18_CBICA_ASW_1,0.2768731623280472,239.0,322.0,0,0
2,4,edad,Brats18_CBICA_ATF_1,0.2901789113846815,152.0,322.0,0,0
2,4,edad,Brats18_CBICA_AUN_1,0.28213020214606377,376.0,322.0,1,0
2,4,edad,Brats18_CBICA_AUQ_1,0.0033983254501407387,1337.0,362.0,2,1
2,4,edad,Brats18_CBICA_AVV_1,0.4195020909078812,387.0,287.0,1,0
2,4,edad,Brats18_CBICA_AYI_1,0.18848238249133323,387.0,332.0,1,0
2,4,edad,Brats18_TCIA01_150_1,-0.3483157660986559,1489.0,436.0,2,2
2,4,edad,Brats18_TCIA01_203_1,-0.5364452806895955,268.0,467.0,0,2
2,4,edad,Brats18_TCIA01_460_1,-1.5135658333472204,630.0,946.0,2,2
2,4,edad,Brats18_TCIA02_179_1,-0.5092174399769737,405.0,466.0,1,2
2,4,edad,Brats18_TCIA02_394_1,0.12779076417851104,616.0,350.0,2,0
2,4,edad,Brats18_TCIA03_138_1,0.4043110586061649,82.0,287.0,0,0
2,4,edad,Brats18_TCIA04_149_1,-0.8654272069563498,448.0,610.0,1,2
2,4,edad,Brats18_TCIA04_343_1,-0.29161224695812216,296.0,425.0,0,2
2,4,edad,Brats18_TCIA04_361_1,0.552922135944431,476.0,244.0,2,0
2,4,edad,Brats18_TCIA04_437_1,-0.49921093659923227,333.0,465.0,1,2
2,4,edad,Brats18_TCIA05_277_1,0.3496740999458172,232.0,291.0,0,0
2,4,edad,Brats18_TCIA08_167_1,0.5142738294202563,153.0,254.0,0,0
2,4,edad,Brats18_TCIA08_218_1,-0.12244433115906186,346.0,385.0,1,1
2,4,coxnet,Brats18_CBICA_ABE_1,0.3516833186597567,269.0,291.0,0,0
2,4,coxnet,Brats18_CBICA_ABO_1,0.024411503028167105,1155.0,359.0,2,1
2,4,coxnet,Brats18_CBICA_AMH_1,0.025955699590484767,169.0,359.0,0,1
2,4,coxnet,Brats18_CBICA_ANP_1,-0.09860335494685418,486.0,375.0,2,1
2,4,coxnet,Brats18_CBICA_APR_1,0.07692745571949068,23.0,355.0,0,1
2,4,coxnet,Brats18_CBICA_APZ_1,-0.034490792910719804,336.0,368.0,1,1
2,4,coxnet,Brats18_CBICA_AQN_1,0.12606693297149965,488.0,345.0,2,1
2,4,coxnet,Brats18_CBICA_AQO_1,0.20694986287254333,473.0,329.0,2,0
2,4,coxnet,Brats18_CBICA_AQP_1,-0.4064661906342246,1283.0,439.0,2,2
2,4,coxnet,Brats18_CBICA_AQV_1,-0.27598427103970863,84.0,424.0,0,2
2,4,coxnet,Brats18_CBICA_AQY_1,-0.03482180602711848,229.0,368.0,0,1
2,4,coxnet,Brats18_CBICA_ARW_1,-0.6141854956593892,495.0,495.0,2,2
2,4,coxnet,Brats18_CBICA_ASG_1,0.10530124883836993,208.0,350.0,0,1
2,4,coxnet,Brats18_CBICA_ASW_1,0.38330238928320376,239.0,289.0,0,0
2,4,coxnet,Brats18_CBICA_ATF_1,0.33279686816374116,152.0,317.0,0,0
2,4,coxnet,Brats18_CBICA_AUN_1,0.31931603712330425,376.0,317.0,1,0
2,4,coxnet,Brats18_CBICA_AUQ_1,-0.07012319464725102,1337.0,370.0,2,1
2,4,coxnet,Brats18_CBICA_AVV_1,0.4574062992619758,387.0,265.0,1,0
2,4,coxnet,Brats18_CBICA_AYI_1,0.20741185444978816,387.0,329.0,1,0
2,4,coxnet,Brats18_TCIA01_150_1,-0.38213966553560746,1489.0,438.0,2,2
2,4,coxnet,Brats18_TCIA01_203_1,-0.3946969755963632,268.0,438.0,0,2
2,4,coxnet,Brats18_TCIA01_460_1,-1.3703981977554607,630.0,804.0,2,2
2,4,coxnet,Brats18_TCIA02_179_1,-0.5145351214938694,405.0,465.0,1,2
2,4,coxnet,Brats18_TCIA02_394_1,0.22161664325283448,616.0,329.0,2,0
2,4,coxnet,Brats18_TCIA03_138_1,0.65532991824545,82.0,208.0,0,0
2,4,coxnet,Brats18_TCIA04_149_1,-0.8577258915734111,448.0,597.0,1,2
2,4,coxnet,Brats18_TCIA04_343_1,-0.34467157729961734,296.0,434.0,0,2
2,4,coxnet,Brats18_TCIA04_361_1,0.5178607972112439,476.0,254.0,2,0
2,4,coxnet,Brats18_TCIA04_437_1,-0.6933257406749732,333.0,510.0,1,2
2,4,coxnet,Brats18_TCIA05_277_1,0.6954203995671924,232.0,203.0,0,0
2,4,coxnet,Brats18_TCIA08_167_1,0.6679206108767253,153.0,208.0,0,0
2,4,coxnet,Brats18_TCIA08_218_1,-0.1892370563948248,346.0,394.0,1,1
2,4,genetico,Brats18_CBICA_ABE_1,1.135036956398948,269.0,150.0,0,0
2,4,genetico,Brats18_CBICA_ABO_1,1.425889881912728,1155.0,111.0,2,0
2,4,genetico,Brats18_CBICA_AMH_1,-0.06751844069295528,169.0,370.0,0,1
2,4,genetico,Brats18_CBICA_ANP_1,-1.3667433369157833,486.0,734.0,2,2
2,4,genetico,Brats18_CBICA_APR_1,-0.180025787007476,23.0,394.0,0,1
2,4,genetico,Brats18_CBICA_APZ_1,-0.3914040497957302,336.0,434.0,1,2
2,4,genetico,Brats18_CBICA_AQN_1,0.43137177527032383,488.0,289.0,2,0
2,4,genetico,Brats18_CBICA_AQO_1,-0.452370768234308,473.0,439.0,2,2
2,4,genetico,Brats18_CBICA_AQP_1,-0.04776626516922372,1283.0,370.0,2,1
2,4,genetico,Brats18_CBICA_AQV_1,-0.7005788831115912,84.0,503.0,0,2
2,4,genetico,Brats18_CBICA_AQY_1,0.6338146051968522,229.0,213.0,0,0
2,4,genetico,Brats18_CBICA_ARW_1,-0.23783476273174514,495.0,401.0,2,1
2,4,genetico,Brats18_CBICA_ASG_1,1.210592906485439,208.0,139.0,0,0
2,4,genetico,Brats18_CBICA_ASW_1,1.0316992075968812,239.0,170.0,0,0
2,4,genetico,Brats18_CBICA_ATF_1,0.8111085224626534,152.0,199.0,0,0
2,4,genetico,Brats18_CBICA_AUN_1,0.27397298068473586,376.0,327.0,1,0
2,4,genetico,Brats18_CBICA_AUQ_1,-0.17269604290103385,1337.0,385.0,2,1
2,4,genetico,Brats18_CBICA_AVV_1,0.7067524869285281,387.0,209.0,1,0
2,4,genetico,Brats18_CBICA_AYI_1,1.2617918443547997,387.0,127.0,1,0
2,4,genetico,Brats18_TCIA01_150_1,-0.7303615390022182,1489.0,508.0,2,2
2,4,genetico,Brats18_TCIA01_203_1,0.22104886153428976,268.0,331.0,0,0
2,4,genetico,Brats18_TCIA01_460_1,-0.9841915526408407,630.0,600.0,2,2
2,4,genetico,Brats18_TCIA02_179_1,-0.2239767136329682,405.0,401.0,1,1
2,4,genetico,Brats18_TCIA02_394_1,0.8225947637359585,616.0,199.0,2,0
2,4,genetico,Brats18_TCIA03_138_1,1.4236165489888295,82.0,111.0,0,0
2,4,genetico,Brats18_TCIA04_149_1,-1.0504765612226483,448.0,614.0,1,2
2,4,genetico,Brats18_TCIA04_343_1,-0.2630953136643681,296.0,407.0,0,1
2,4,genetico,Brats18_TCIA04_361_1,0.01565637463186556,476.0,359.0,2,1
2,4,genetico,Brats18_TCIA04_437_1,-1.4247024761389697,333.0,737.0,1,2
2,4,genetico,Brats18_TCIA05_277_1,2.1422698152767485,232.0,77.0,0,0
2,4,genetico,Brats18_TCIA08_167_1,0.840822210648398,153.0,191.0,0,0
2,4,genetico,Brats18_TCIA08_218_1,-1.0028419075111907,346.0,600.0,1,2
3,0,edad,Brats18_CBICA_AAP_1,-0.7258018142718693,788.0,515.0,2,2
3,0,edad,Brats18_CBICA_ABE_1,0.20571036559820063,269.0,336.0,0,0
3,0,edad,Brats18_CBICA_ABO_1,-0.14975691324807647,1155.0,385.0,2,1
3,0,edad,Brats18_CBICA_ALN_1,0.0004045234028725651,421.0,362.0,1,1
3,0,edad,Brats18_CBICA_AMH_1,0.055914123685955955,169.0,357.0,0,1
3,0,edad,Brats18_CBICA_ANZ_1,0.23635352412767802,287.0,331.0,0,0
3,0,edad,Brats18_CBICA_AQG_1,-0.24318036731302678,466.0,405.0,2,2
3,0,edad,Brats18_CBICA_AQP_1,-0.48065654603605074,1283.0,465.0,2,2
3,0,edad,Brats18_CBICA_AQQ_1,0.3008601947915722,33.0,327.0,0,0
3,0,edad,Brats18_CBICA_AQZ_1,0.08018297404895483,286.0,355.0,0,1
3,0,edad,Brats18_CBICA_ARW_1,-0.548250772218083,495.0,473.0,2,2
3,0,edad,Brats18_CBICA_ASA_1,0.09409357364142625,210.0,355.0,0,1
3,0,edad,Brats18_CBICA_ASH_1,-0.47673900247540246,660.0,465.0,2,2
3,0,edad,Brats18_CBICA_ASN_1,-0.7118580151576975,407.0,510.0,1,2
3,0,edad,Brats18_CBICA_AUR_1,0.3094920704336782,12.0,322.0,0,0
3,0,edad,Brats18_CBICA_AVJ_1,-0.5207615682501445,614.0,468.0,2,2
3,0,edad,Brats18_CBICA_AXO_1,-0.15367445680872455,394.0,385.0,1,1
3,0,edad,Brats18_CBICA_AXW_1,0.6069265853476405,191.0,239.0,0,0
3,0,edad,Brats18_CBICA_AYI_1,0.16570494194920812,387.0,345.0,1,0
3,0,edad,Brats18_CBICA_AZD_1,-0.48709725324592995,448.0,467.0,1,2
3,0,edad,Brats18_TCIA01_147_1,0.016141096688866218,209.0,359.0,0,1
3,0,edad,Brats18_TCIA01_425_1,-0.15676201232686268,558.0,385.0,2,1
3,0,edad,Brats18_TCIA01_448_1,-0.5471551880019696,199.0,473.0,0,2
3,0,edad,Brats18_TCIA02_377_1,0.09402717459802534,812.0,355.0,2,1
3,0,edad,Brats18_TCIA03_375_1,-0.030869426038912514,946.0,370.0,2,1
3,0,edad,Brats18_TCIA04_149_1,-0.7993719543599752,448.0,579.0,1,2
3,0,edad,Brats18_TCIA04_437_1,-0.46402358566414587,333.0,465.0,1,2
3,0,edad,Brats18_TCIA05_478_1,-0.055603069705716976,30.0,372.0,0,1
3,0,edad,Brats18_TCIA06_409_1,0.27675734203707547,99.0,329.0,0,0
3,0,edad,Brats18_TCIA08_105_1,0.18914380426969635,77.0,336.0,0,0
3,0,edad,Brats18_TCIA08_167_1,0.46403584394908115,153.0,289.0,0,0
3,0,edad,Brats18_TCIA08_319_1,0.13048024942507416,254.0,350.0,0,1
3,0,edad,Brats18_TCIA08_469_1,0.09857550907098137,519.0,355.0,2,1
3,0,coxnet,Brats18_CBICA_AAP_1,-0.7543116047847886,788.0,508.0,2,2
3,0,coxnet,Brats18_CBICA_ABE_1,0.5874323432651842,269.0,244.0,0,0
3,0,coxnet,Brats18_CBICA_ABO_1,0.4979265659738998,1155.0,268.0,2,0
3,0,coxnet,Brats18_CBICA_ALN_1,-0.10228973865204713,421.0,372.0,1,1
3,0,coxnet,Brats18_CBICA_AMH_1,0.03977783632248103,169.0,355.0,0,1
3,0,coxnet,Brats18_CBICA_ANZ_1,0.1425929101897807,287.0,345.0,0,1
3,0,coxnet,Brats18_CBICA_AQG_1,0.20181542126463342,466.0,332.0,2,0
3,0,coxnet,Brats18_CBICA_AQP_1,-0.15533985981832998,1283.0,376.0,2,1
3,0,coxnet,Brats18_CBICA_AQQ_1,0.8381161150344194,33.0,187.0,0,0
3,0,coxnet,Brats18_CBICA_AQZ_1,0.16565129125446895,286.0,336.0,0,0
3,0,coxnet,Brats18_CBICA_ARW_1,-0.581727483197327,495.0,468.0,2,2
3,0,coxnet,Brats18_CBICA_ASA_1,0.756638462499727,210.0,208.0,0,0
3,0,coxnet,Brats18_CBICA_ASH_1,-0.9004212423287049,660.0,579.0,2,2
3,0,coxnet,Brats18_CBICA_ASN_1,-0.1477645072328926,407.0,376.0,1,1
3,0,coxnet,Brats18_CBICA_AUR_1,0.6578907624735125,12.0,229.0,0,0
3,0,coxnet,Brats18_CBICA_AVJ_1,-0.358370246731816,614.0,430.0,2,2
3,0,coxnet,Brats18_CBICA_AXO_1,0.4621970221837417,394.0,289.0,1,0
3,0,coxnet,Brats18_CBICA_AXW_1,0.3909751374296034,191.0,296.0,0,0
3,0,coxnet,Brats18_CBICA_AYI_1,0.011774882661749171,387.0,357.0,1,1
3,0,coxnet,Brats18_CBICA_AZD_1,-0.8029427642156827,448.0,510.0,1,2
3,0,coxnet,Brats18_TCIA01_147_1,0.09910959165792943,209.0,350.0,0,1
3,0,coxnet,Brats18_TCIA01_425_1,-0.6103279964909789,558.0,473.0,2,2
3,0,coxnet,Brats18_TCIA01_448_1,-0.4891437188987499,199.0,453.0,0,2
3,0,coxnet,Brats18_TCIA02_377_1,0.1330136932902427,812.0,346.0,2,1
3,0,coxnet,Brats18_TCIA03_375_1,-0.08537791896558335,946.0,370.0,2,1
3,0,coxnet,Brats18_TCIA04_149_1,-0.6433317800504508,448.0,476.0,1,2
3,0,coxnet,Brats18_TCIA04_437_1,-0.8582345023353126,333.0,576.0,1,2
3,0,coxnet,Brats18_TCIA05_478_1,0.18965747185976095,30.0,336.0,0,0
3,0,coxnet,Brats18_TCIA06_409_1,0.14175027854303762,99.0,345.0,0,1
3,0,coxnet,Brats18_TCIA08_105_1,0.6171146167303045,77.0,239.0,0,0
3,0,coxnet,Brats18_TCIA08_167_1,0.78283201182339,153.0,208.0,0,0
3,0,coxnet,Brats18_TCIA08_319_1,0.06816434433287724,254.0,355.0,0,1
3,0,coxnet,Brats18_TCIA08_469_1,0.4589882553002656,519.0,289.0,2,0
3,0,genetico,Brats18_CBICA_AAP_1,-0.6190439720198199,788.0,468.0,2,2
3,0,genetico,Brats18_CBICA_ABE_1,0.9450762239123747,269.0,180.0,0,0
3,0,genetico,Brats18_CBICA_ABO_1,1.2147761888735584,1155.0,147.0,2,0
3,0,genetico,Brats18_CBICA_ALN_1,0.13421157495800964,421.0,350.0,1,1
3,0,genetico,Brats18_CBICA_AMH_1,0.34535072079387774,169.0,322.0,0,0
3,0,genetico,Brats18_CBICA_ANZ_1,0.10597564725643766,287.0,355.0,0,1
3,0,genetico,Brats18_CBICA_AQG_1,2.081388760366955,466.0,82.0,2,0
3,0,genetico,Brats18_CBICA_AQP_1,0.1903570965878766,1283.0,345.0,2,0
3,0,genetico,Brats18_CBICA_AQQ_1,1.2004574837278772,33.0,147.0,0,0
3,0,genetico,Brats18_CBICA_AQZ_1,0.022192770292282116,286.0,359.0,0,1
3,0,genetico,Brats18_CBICA_ARW_1,-0.6934867519721868,495.0,486.0,2,2
3,0,genetico,Brats18_CBICA_ASA_1,1.1006503692461658,210.0,168.0,0,0
3,0,genetico,Brats18_CBICA_ASH_1,-1.1048315913591995,660.0,621.0,2,2
3,0,genetico,Brats18_CBICA_ASN_1,0.205139246356614,407.0,336.0,1,0
3,0,genetico,Brats18_CBICA_AUR_1,0.5592668918466357,12.0,265.0,0,0
3,0,genetico,Brats18_CBICA_AVJ_1,0.21017708273032892,614.0,336.0,2,0
3,0,genetico,Brats18_CBICA_AXO_1,0.5432267719813779,394.0,268.0,1,0
3,0,genetico,Brats18_CBICA_AXW_1,0.22030647698834904,191.0,336.0,0,0
3,0,genetico,Brats18_CBICA_AYI_1,-0.13661533727133152,387.0,376.0,1,1
3,0,genetico,Brats18_CBICA_AZD_1,-1.124703305302227,448.0,621.0,1,2
3,0,genetico,Brats18_TCIA01_147_1,0.4998482519424091,209.0,289.0,0,0
3,0,genetico,Brats18_TCIA01_425_1,-0.4037674859626373,558.0,434.0,2,2
3,0,genetico,Brats18_TCIA01_448_1,-0.064212920920884,199.0,370.0,0,1
3,0,genetico,Brats18_TCIA02_377_1,0.36036403138717554,812.0,322.0,2,0
3,0,genetico,Brats18_TCIA03_375_1,-0.12159137901344413,946.0,375.0,2,1
3,0,genetico,Brats18_TCIA04_149_1,-0.07853009950463967,448.0,372.0,1,1
3,0,genetico,Brats18_TCIA04_437_1,-1.0242738596775267,333.0,610.0,1,2
3,0,genetico,Brats18_TCIA05_478_1,0.14161348483916225,30.0,350.0,0,1
3,0,genetico,Brats18_TCIA06_409_1,0.45797928684925016,99.0,296.0,0,0
3,0,genetico,Brats18_TCIA08_105_1,0.5539493637837973,77.0,265.0,0,0
3,0,genetico,Brats18_TCIA08_167_1,0.7325541679972642,153.0,229.0,0,0
3,0,genetico,Brats18_TCIA08_319_1,-0.037090170990410135,254.0,368.0,0,1
3,0,genetico,Brats18_TCIA08_469_1,0.9516777883854822,519.0,180.0,2,0
3,1,edad,Brats18_2013_11_1,-1.0659540085660257,150.0,635.0,0,2
3,1,edad,Brats18_CBICA_ABY_1,-0.40472609936584103,515.0,439.0,2,2
3,1,edad,Brats18_CBICA_ALU_1,0.19758323217141902,495.0,336.0,2,0
3,1,edad,Brats18_CBICA_AOP_1,0.26402552325019263,332.0,322.0,1,0
3,1,edad,Brats18_CBICA_AOZ_1,-0.4631637090478442,331.0,453.0,1,2
3,1,edad,Brats18_CBICA_AQA_1,0.5572098624778324,106.0,244.0,0,0
3,1,edad,Brats18_CBICA_AQT_1,0.5438458235793611,172.0,244.0,0,0
3,1,edad,Brats18_CBICA_ASE_1,-0.45807919039238465,318.0,453.0,1,2
3,1,edad,Brats18_CBICA_ASU_1,0.7261670432045173,85.0,208.0,0,0
3,1,edad,Brats18_CBICA_ASW_1,0.2820961773905415,239.0,322.0,0,0
3,1,edad,Brats18_CBICA_ASY_1,0.2185740490530793,610.0,333.0,2,0
3,1,edad,Brats18_CBICA_ATF_1,0.29470440946184984,152.0,291.0,0,0
3,1,edad,Brats18_CBICA_ATX_1,-0.8026583938671005,1592.0,558.0,2,2
3,1,edad,Brats18_CBICA_AXJ_1,-1.1109245147822175,1767.0,660.0,2,2
3,1,edad,Brats18_CBICA_AXN_1,0.8799737325321648,345.0,187.0,1,0
3,1,edad,Brats18_CBICA_AYW_1,-0.35295333170518317,734.0,434.0,2,2
3,1,edad,Brats18_CBICA_BHM_1,0.06466429515809147,436.0,357.0,1,1
3,1,edad,Brats18_TCIA01_186_1,-0.9021500562063604,370.0,600.0,1,2
3,1,edad,Brats18_TCIA01_401_1,0.6405203877446504,448.0,210.0,1,0
3,1,edad,Brats18_TCIA02_135_1,0.31662280744957366,828.0,289.0,2,0
3,1,edad,Brats18_TCIA02_151_1,-0.41826191254321266,1731.0,448.0,2,2
3,1,edad,Brats18_TCIA02_198_1,-0.20162019199370526,394.0,401.0,1,2
3,1,edad,Brats18_TCIA02_226_1,0.4613941697070464,329.0,265.0,1,0
3,1,edad,Brats18_TCIA02_321_1,0.7236247838767876,67.0,208.0,0,0
3,1,edad,Brats18_TCIA02_368_1,0.08294107843312114,317.0,355.0,1,1
3,1,edad,Brats18_TCIA02_394_1,0.14082901042264226,616.0,350.0,2,0
3,1,edad,Brats18_TCIA02_430_1,-0.21580874743089956,71.0,405.0,0,2
3,1,edad,Brats18_TCIA02_473_1,0.030034600531719146,175.0,362.0,0,1
3,1,edad,Brats18_TCIA04_111_1,0.5192821016965675,626.0,254.0,2,0
3,1,edad,Brats18_TCIA04_343_1,-0.2565879612419152,296.0,407.0,0,2
3,1,edad,Brats18_TCIA04_361_1,0.5436740493004605,476.0,244.0,2,0
3,1,edad,Brats18_TCIA06_165_1,-0.28829749312697633,5.0,424.0,0,2
3,1,edad,Brats18_TCIA06_372_1,0.4937907987077101,213.0,262.0,0,0
3,1,coxnet,Brats18_2013_11_1,-1.0193153598949436,150.0,621.0,0,2
3,1,coxnet,Brats18_CBICA_ABY_1,-0.5219927388562743,515.0,465.0,2,2
3,1,coxnet,Brats18_CBICA_ALU_1,0.19165433862652476,495.0,336.0,2,0
3,1,coxnet,Brats18_CBICA_AOP_1,0.2577264548409154,332.0,322.0,1,0
3,1,coxnet,Brats18_CBICA_AOZ_1,-0.4370954133415367,331.0,448.0,1,2
3,1,coxnet,Brats18_CBICA_AQA_1,0.579966012148786,106.0,232.0,0,0
3,1,coxnet,Brats18_CBICA_AQT_1,0.5817707854662219,172.0,232.0,0,0
3,1,coxnet,Brats18_CBICA_ASE_1,-0.5858420813741336,318.0,468.0,1,2
3,1,coxnet,Brats18_CBICA_ASU_1,0.7279126091946684,85.0,208.0,0,0
3,1,coxnet,Brats18_CBICA_ASW_1,0.31784352740808003,239.0,289.0,0,0
3,1,coxnet,Brats18_CBICA_ASY_1,0.19882335045272115,610.0,336.0,2,0
3,1,coxnet,Brats18_CBICA_ATF_1,0.29724152322401154,152.0,291.0,0,0
3,1,coxnet,Brats18_CBICA_ATX_1,-0.8028472472798519,1592.0,522.0,2,2
3,1,coxnet,Brats18_CBICA_AXJ_1,-1.089316039694977,1767.0,635.0,2,2
3,1,coxnet,Brats18_CBICA_AXN_1,0.9199407532360823,345.0,180.0,1,0
3,1,coxnet,Brats18_CBICA_AYW_1,-0.3808872339792166,734.0,438.0,2,2
3,1,coxnet,Brats18_CBICA_BHM_1,-0.005203417001047245,436.0,368.0,1,1
3,1,coxnet,Brats18_TCIA01_186_1,-0.8883569533556455,370.0,597.0,1,2
3,1,coxnet,Brats18_TCIA01_401_1,0.658430933176747,448.0,209.0,1,0
3,1,coxnet,Brats18_TCIA02_135_1,0.3566964125571621,828.0,287.0,2,0
3,1,coxnet,Brats18_TCIA02_151_1,-0.43393804171013883,1731.0,448.0,2,2
3,1,coxnet,Brats18_TCIA02_198_1,-0.3331348952773008,394.0,430.0,1,2
3,1,coxnet,Brats18_TCIA02_226_1,0.3990792408417938,329.0,269.0,1,0
3,1,coxnet,Brats18_TCIA02_321_1,0.7621881415421479,67.0,203.0,0,0
3,1,coxnet,Brats18_TCIA02_368_1,0.11230932192349269,317.0,355.0,1,0
3,1,coxnet,Brats18_TCIA02_394_1,0.17210144386850637,616.0,346.0,2,0
3,1,coxnet,Brats18_TCIA02_430_1,-0.187252721682418,71.0,394.0,0,2
3,1,coxnet,Brats18_TCIA02_473_1,-0.018109145033246336,175.0,368.0,0,1
3,1,coxnet,Brats18_TCIA04_111_1,0.48956184135068054,626.0,262.0,2,0
3,1,coxnet,Brats18_TCIA04_343_1,-0.33440087740871244,296.0,430.0,0,2
3,1,coxnet,Brats18_TCIA04_361_1,0.5484582846167173,476.0,244.0,2,0
3,1,coxnet,Brats18_TCIA06_165_1,-0.23632255576339664,5.0,405.0,0,2
3,1,coxnet,Brats18_TCIA06_372_1,0.5348544160381027,213.0,244.0,0,0
3,1,genetico,Brats18_2013_11_1,-1.0215715047544514,150.0,614.0,0,2
3,1,genetico,Brats18_CBICA_ABY_1,-0.540814548087578,515.0,453.0,2,2
3,1,genetico,Brats18_CBICA_ALU_1,-0.11589149948367511,495.0,376.0,2,1
3,1,genetico,Brats18_CBICA_AOP_1,-0.008313982738833603,332.0,362.0,1,1
3,1,genetico,Brats18_CBICA_AOZ_1,-0.6402233686537445,331.0,468.0,1,2
3,1,genetico,Brats18_CBICA_AQA_1,0.4213561906522827,106.0,269.0,0,0
3,1,genetico,Brats18_CBICA_AQT_1,0.6522152788032741,172.0,210.0,0,0
3,1,genetico,Brats18_CBICA_ASE_1,-0.40665449808918686,318.0,434.0,1,2
3,1,genetico,Brats18_CBICA_ASU_1,0.6938720719897169,85.0,209.0,0,0
3,1,genetico,Brats18_CBICA_ASW_1,0.7531592418676492,239.0,208.0,0,0
3,1,genetico,Brats18_CBICA_ASY_1,0.24838847344245935,610.0,322.0,2,0
3,1,genetico,Brats18_CBICA_ATF_1,0.39737399060807876,152.0,269.0,0,0
3,1,genetico,Brats18_CBICA_ATX_1,-2.110458226331399,1592.0,1489.0,2,2
3,1,genetico,Brats18_CBICA_AXJ_1,-0.7773209046400285,1767.0,503.0,2,2
3,1,genetico,Brats18_CBICA_AXN_1,1.1213621883378886,345.0,153.0,1,0
3,1,genetico,Brats18_CBICA_AYW_1,-0.3734409368489545,734.0,425.0,2,2
3,1,genetico,Brats18_CBICA_BHM_1,0.1299247057233181,436.0,350.0,1,1
3,1,genetico,Brats18_TCIA01_186_1,-1.028949800034885,370.0,614.0,1,2
3,1,genetico,Brats18_TCIA01_401_1,0.4890745731739595,448.0,262.0,1,0
3,1,genetico,Brats18_TCIA02_135_1,0.37231796066569434,828.0,286.0,2,0
3,1,genetico,Brats18_TCIA02_151_1,-1.078679417847894,1731.0,621.0,2,2
3,1,genetico,Brats18_TCIA02_198_1,-0.56933848986248,394.0,465.0,1,2
3,1,genetico,Brats18_TCIA02_226_1,0.4002546086028897,329.0,269.0,1,0
3,1,genetico,Brats18_TCIA02_321_1,0.8850678608705153,67.0,191.0,0,0
3,1,genetico,Brats18_TCIA02_368_1,0.47479074482242223,317.0,265.0,1,0
3,1,genetico,Brats18_TCIA02_394_1,0.3905387237138799,616.0,286.0,2,0
3,1,genetico,Brats18_TCIA02_430_1,-0.21410694731961843,71.0,394.0,0,1
3,1,genetico,Brats18_TCIA02_473_1,0.10255733792012467,175.0,355.0,0,1
3,1,genetico,Brats18_TCIA04_111_1,0.295957261823793,626.0,291.0,2,0
3,1,genetico,Brats18_TCIA04_343_1,-0.39100218737967407,296.0,430.0,0,2
3,1,genetico,Brats18_TCIA04_361_1,0.5652559854749535,476.0,244.0,2,0
3,1,genetico,Brats18_TCIA06_165_1,0.0916841766157489,5.0,355.0,0,1
3,1,genetico,Brats18_TCIA06_372_1,0.666819355752148,213.0,210.0,0,0
3,2,edad,Brats18_CBICA_AAB_1,0.015116502069547738,289.0,362.0,0,1
3,2,edad,Brats18_CBICA_ABN_1,0.3132365209683279,1278.0,322.0,2,0
3,2,edad,Brats18_CBICA_ALX_1,-0.014230521013047729,698.0,370.0,2,1
3,2,edad,Brats18_CBICA_AME_1,-0.3175720232395104,359.0,436.0,1,2
3,2,edad,Brats18_CBICA_ANG_1,-0.1641671298532166,368.0,394.0,1,2
3,2,edad,Brats18_CBICA_ANI_1,-0.06892270039424797,439.0,375.0,1,1
3,2,edad,Brats18_CBICA_ANP_1,0.05864156747256562,486.0,355.0,2,1
3,2,edad,Brats18_CBICA_APY_1,-0.5533391463420232,203.0,468.0,0,2
3,2,edad,Brats18_CBICA_AQD_1,0.4943114646896404,32.0,268.0,0,0
3,2,edad,Brats18_CBICA_AQN_1,0.11912692543630446,488.0,345.0,2,1
3,2,edad,Brats18_CBICA_AQV_1,-0.2555240315791659,84.0,421.0,0,2
3,2,edad,Brats18_CBICA_ARF_1,0.5810566913597532,726.0,244.0,2,0
3,2,edad,Brats18_CBICA_ASG_1,-0.08980863370497824,208.0,382.0,0,1
3,2,edad,Brats18_CBICA_ATB_1,0.42151560223800794,208.0,287.0,0,0
3,2,edad,Brats18_CBICA_ATP_1,-0.3230984107031161,385.0,436.0,1,2
3,2,edad,Brats18_CBICA_AUN_1,0.3215832716892222,376.0,318.0,1,0
3,2,edad,Brats18_CBICA_AUQ_1,0.028570397067153194,1337.0,357.0,2,1
3,2,edad,Brats18_CBICA_BHB_1,-0.17041766463963956,510.0,394.0,2,2
3,2,edad,Brats18_TCIA01_201_1,0.0252545645889897,430.0,357.0,1,1
3,2,edad,Brats18_TCIA01_335_1,-0.21314235668585965,355.0,405.0,1,2
3,2,edad,Brats18_TCIA01_378_1,0.5365788005319755,110.0,265.0,0,0
3,2,edad,Brats18_TCIA01_390_1,0.1337242109436215,634.0,345.0,2,1
3,2,edad,Brats18_TCIA01_412_1,0.33130209102176983,291.0,318.0,0,0
3,2,edad,Brats18_TCIA01_460_1,-1.566116346827486,630.0,1282.0,2,2
3,2,edad,Brats18_TCIA01_499_1,-0.3805347273076241,600.0,448.0,2,2
3,2,edad,Brats18_TCIA02_118_1,-0.48576476721807327,104.0,465.0,0,2
3,2,edad,Brats18_TCIA02_283_1,0.5629148952723307,262.0,254.0,0,0
3,2,edad,Brats18_TCIA02_322_1,-0.10307196361763167,621.0,387.0,2,1
3,2,edad,Brats18_TCIA02_331_1,0.9443499693120894,187.0,172.0,0,0
3,2,edad,Brats18_TCIA02_455_1,-0.19904054039941754,424.0,401.0,1,2
3,2,edad,Brats18_TCIA02_471_1,0.630679839481233,111.0,232.0,0,0
3,2,edad,Brats18_TCIA02_491_1,0.8021121899039778,82.0,199.0,0,0
3,2,edad,Brats18_TCIA08_242_1,0.24440441228369525,147.0,329.0,0,0
3,2,coxnet,Brats18_CBICA_AAB_1,0.02430224025019454,289.0,357.0,0,1
3,2,coxnet,Brats18_CBICA_ABN_1,0.357163429361162,1278.0,317.0,2,0
3,2,coxnet,Brats18_CBICA_ALX_1,0.08754062631315923,698.0,346.0,2,1
3,2,coxnet,Brats18_CBICA_AME_1,-0.24612670295749936,359.0,407.0,1,2
3,2,coxnet,Brats18_CBICA_ANG_1,-0.18874308250403884,368.0,394.0,1,1
3,2,coxnet,Brats18_CBICA_ANI_1,-0.057089187817457046,439.0,372.0,1,1
3,2,coxnet,Brats18_CBICA_ANP_1,0.10264787126468891,486.0,346.0,2,1
3,2,coxnet,Brats18_CBICA_APY_1,-0.9449559726042025,203.0,614.0,0,2
3,2,coxnet,Brats18_CBICA_AQD_1,0.5604177066425937,32.0,254.0,0,0
3,2,coxnet,Brats18_CBICA_AQN_1,0.16113573191809036,488.0,333.0,2,1
3,2,coxnet,Brats18_CBICA_AQV_1,-0.3052613824033649,84.0,425.0,0,2
3,2,coxnet,Brats18_CBICA_ARF_1,0.5836575246701408,726.0,244.0,2,0
3,2,coxnet,Brats18_CBICA_ASG_1,0.0694965160452436,208.0,350.0,0,1
3,2,coxnet,Brats18_CBICA_ATB_1,0.43613119769190056,208.0,286.0,0,0
3,2,coxnet,Brats18_CBICA_ATP_1,-0.2833360008085272,385.0,421.0,1,2
3,2,coxnet,Brats18_CBICA_AUN_1,0.3552531625736106,376.0,317.0,1,0
3,2,coxnet,Brats18_CBICA_AUQ_1,0.06799547201699646,1337.0,350.0,2,1
3,2,coxnet,Brats18_CBICA_BHB_1,-0.05882142720505926,510.0,372.0,2,1
3,2,coxnet,Brats18_TCIA01_201_1,-0.08563382184174523,430.0,382.0,1,1
3,2,coxnet,Brats18_TCIA01_335_1,-0.2879297854620898,355.0,425.0,1,2
3,2,coxnet,Brats18_TCIA01_378_1,0.44383402960164303,110.0,286.0,0,0
3,2,coxnet,Brats18_TCIA01_390_1,0.09223299533378101,634.0,346.0,2,1
3,2,coxnet,Brats18_TCIA01_412_1,0.33565670617968285,291.0,318.0,0,0
3,2,coxnet,Brats18_TCIA01_460_1,-1.6304973078335565,630.0,1282.0,2,2
3,2,coxnet,Brats18_TCIA01_499_1,-0.5368229049224402,600.0,467.0,2,2
3,2,coxnet,Brats18_TCIA02_118_1,-0.45267895383755635,104.0,453.0,0,2
3,2,coxnet,Brats18_TCIA02_283_1,0.6507335873923992,262.0,232.0,0,0
3,2,coxnet,Brats18_TCIA02_322_1,-0.20150412836137596,621.0,401.0,2,1
3,2,coxnet,Brats18_TCIA02_331_1,0.9761899512346419,187.0,170.0,0,0
3,2,coxnet,Brats18_TCIA02_455_1,-0.2961968922213888,424.0,425.0,1,2
3,2,coxnet,Brats18_TCIA02_471_1,0.6058108719246336,111.0,239.0,0,0
3,2,coxnet,Brats18_TCIA02_491_1,0.8799950264558198,82.0,180.0,0,0
3,2,coxnet,Brats18_TCIA08_242_1,0.17189181363444905,147.0,333.0,0,1
3,2,genetico,Brats18_CBICA_AAB_1,-0.5970613090618705,289.0,465.0,0,2
3,2,genetico,Brats18_CBICA_ABN_1,0.3056473379086976,1278.0,322.0,2,0
3,2,genetico,Brats18_CBICA_ALX_1,0.2527396099945375,698.0,329.0,2,0
3,2,genetico,Brats18_CBICA_AME_1,-0.6051776248248151,359.0,465.0,1,2
3,2,genetico,Brats18_CBICA_ANG_1,-0.7353410136848796,368.0,476.0,1,2
3,2,genetico,Brats18_CBICA_ANI_1,0.19142847162479282,439.0,332.0,1,1
3,2,genetico,Brats18_CBICA_ANP_1,0.8916482940717331,486.0,191.0,2,0
3,2,genetico,Brats18_CBICA_APY_1,-1.1907080284531664,203.0,626.0,0,2
3,2,genetico,Brats18_CBICA_AQD_1,0.0654764423954187,32.0,350.0,0,1
3,2,genetico,Brats18_CBICA_AQN_1,0.27088078985302644,488.0,329.0,2,0
3,2,genetico,Brats18_CBICA_AQV_1,-1.1368553321304924,84.0,616.0,0,2
3,2,genetico,Brats18_CBICA_ARF_1,0.6040426582092809,726.0,254.0,2,0
3,2,genetico,Brats18_CBICA_ASG_1,0.706891642866604,208.0,232.0,0,0
3,2,genetico,Brats18_CBICA_ATB_1,1.5058617516944286,208.0,114.0,0,0
3,2,genetico,Brats18_CBICA_ATP_1,-0.9247563991561927,385.0,522.0,1,2
3,2,genetico,Brats18_CBICA_AUN_1,0.2516920284097153,376.0,329.0,1,0
3,2,genetico,Brats18_CBICA_AUQ_1,0.12608785007625162,1337.0,345.0,2,1
3,2,genetico,Brats18_CBICA_BHB_1,1.4805429639509895,510.0,120.0,2,0
3,2,genetico,Brats18_TCIA01_201_1,-0.0028497654274978745,430.0,357.0,1,1
3,2,genetico,Brats18_TCIA01_335_1,0.5048138855272252,355.0,269.0,1,0
3,2,genetico,Brats18_TCIA01_378_1,0.2627991610463212,110.0,329.0,0,0
3,2,genetico,Brats18_TCIA01_390_1,-0.23550921424841165,634.0,394.0,2,2
3,2,genetico,Brats18_TCIA01_412_1,0.9487195789790881,291.0,180.0,0,0
3,2,genetico,Brats18_TCIA01_460_1,-1.376591196988522,630.0,737.0,2,2
3,2,genetico,Brats18_TCIA01_499_1,-0.5157310758771123,600.0,448.0,2,2
3,2,genetico,Brats18_TCIA02_118_1,0.34362957906366315,104.0,318.0,0,0
3,2,genetico,Brats18_TCIA02_283_1,1.6664212002784868,262.0,103.0,0,0
3,2,genetico,Brats18_TCIA02_322_1,-0.28309333894784594,621.0,405.0,2,2
3,2,genetico,Brats18_TCIA02_331_1,0.9687874398972033,187.0,175.0,0,0
3,2,genetico,Brats18_TCIA02_455_1,-0.6392314113114127,424.0,467.0,1,2
3,2,genetico,Brats18_TCIA02_471_1,0.13574744729487276,111.0,336.0,0,1
3,2,genetico,Brats18_TCIA02_491_1,1.9842830742471271,82.0,82.0,0,0
3,2,genetico,Brats18_TCIA08_242_1,0.18266490497454357,147.0,333.0,0,1
3,3,edad,Brats18_2013_27_1,0.26792756682650676,120.0,318.0,0,0
3,3,edad,Brats18_CBICA_AAG_1,-0.2494433300697859,616.0,401.0,2,2
3,3,edad,Brats18_CBICA_AAL_1,-0.18252691908580124,464.0,387.0,2,2
3,3,edad,Brats18_CBICA_ABB_1,0.2834582156957043,465.0,318.0,2,0
3,3,edad,Brats18_CBICA_ABM_1,0.3300501623032974,503.0,296.0,2,0
3,3,edad,Brats18_CBICA_AOH_1,-0.09650091477861804,576.0,375.0,2,1
3,3,edad,Brats18_CBICA_APR_1,0.09338014740017622,23.0,345.0,0,1
3,3,edad,Brats18_CBICA_AQU_1,0.4274696870282641,30.0,286.0,0,0
3,3,edad,Brats18_CBICA_ARZ_1,-0.16532171822436456,871.0,387.0,2,2
3,3,edad,Brats18_CBICA_ATV_1,0.07548542513017048,453.0,345.0,2,1
3,3,edad,Brats18_CBICA_AXL_1,0.48496263876180495,168.0,265.0,0,0
3,3,edad,Brats18_CBICA_AXM_1,0.2322694596976514,438.0,327.0,1,0
3,3,edad,Brats18_CBICA_AYA_1,0.4917265154363393,50.0,265.0,0,0
3,3,edad,Brats18_TCIA01_203_1,-0.4575146236936867,268.0,448.0,0,2
3,3,edad,Brats18_TCIA01_235_1,-0.06195917564458874,804.0,370.0,2,1
3,3,edad,Brats18_TCIA01_411_1,-0.5567400378220485,822.0,488.0,2,2
3,3,edad,Brats18_TCIA01_429_1,-0.16003538742533555,86.0,387.0,0,2
3,3,edad,Brats18_TCIA02_179_1,-0.4328560247491468,405.0,448.0,1,2
3,3,edad,Brats18_TCIA02_274_1,-0.16065924012832652,357.0,387.0,1,2
3,3,edad,Brats18_TCIA02_300_1,0.1483448539689643,127.0,332.0,0,0
3,3,edad,Brats18_TCIA02_314_1,-0.6405004717867906,362.0,510.0,1,2
3,3,edad,Brats18_TCIA03_133_1,0.12811889265093954,382.0,333.0,1,0
3,3,edad,Brats18_TCIA03_138_1,0.3944711624753175,82.0,289.0,0,0
3,3,edad,Brats18_TCIA03_257_1,0.31080923156894225,425.0,317.0,1,0
3,3,edad,Brats18_TCIA03_338_1,0.5439003020180623,468.0,254.0,2,0
3,3,edad,Brats18_TCIA03_474_1,0.05082682618563063,635.0,350.0,2,1
3,3,edad,Brats18_TCIA03_498_1,-0.018979007843786186,467.0,359.0,2,1
3,3,edad,Brats18_TCIA04_192_1,0.5286979966767549,121.0,262.0,0,0
3,3,edad,Brats18_TCIA05_277_1,0.3449897928222929,232.0,296.0,0,0
3,3,edad,Brats18_TCIA06_184_1,0.042913747163481335,434.0,355.0,1,1
3,3,edad,Brats18_TCIA08_218_1,-0.08257914919608153,346.0,372.0,1,1
3,3,edad,Brats18_TCIA08_406_1,0.6200760004885454,82.0,239.0,0,0
3,3,coxnet,Brats18_2013_27_1,0.3276275930286921,120.0,296.0,0,0
3,3,coxnet,Brats18_CBICA_AAG_1,-0.5747245235361071,616.0,473.0,2,2
3,3,coxnet,Brats18_CBICA_AAL_1,-0.342787106381879,464.0,407.0,2,2
3,3,coxnet,Brats18_CBICA_ABB_1,0.6906548933538207,465.0,213.0,2,0
3,3,coxnet,Brats18_CBICA_ABM_1,0.1651887255536232,503.0,331.0,2,0
3,3,coxnet,Brats18_CBICA_AOH_1,0.02168334103562712,576.0,350.0,2,1
3,3,coxnet,Brats18_CBICA_APR_1,0.07290552834330764,23.0,336.0,0,1
3,3,coxnet,Brats18_CBICA_AQU_1,0.9574549930476994,30.0,187.0,0,0
3,3,coxnet,Brats18_CBICA_ARZ_1,0.05312262883023023,871.0,345.0,2,1
3,3,coxnet,Brats18_CBICA_ATV_1,-0.19272821561914288,453.0,385.0,2,1
3,3,coxnet,Brats18_CBICA_AXL_1,0.8049233764523104,168.0,208.0,0,0
3,3,coxnet,Brats18_CBICA_AXM_1,-0.09177682245332636,438.0,370.0,1,1
3,3,coxnet,Brats18_CBICA_AYA_1,0.6553983105512102,50.0,229.0,0,0
3,3,coxnet,Brats18_TCIA01_203_1,-0.20255955929581618,268.0,387.0,0,1
3,3,coxnet,Brats18_TCIA01_235_1,-0.21982246085328125,804.0,387.0,2,1
3,3,coxnet,Brats18_TCIA01_411_1,-0.6234428867003574,822.0,488.0,2,2
3,3,coxnet,Brats18_TCIA01_429_1,-0.0989871788529421,86.0,370.0,0,1
3,3,coxnet,Brats18_TCIA02_179_1,-0.34208950823703926,405.0,407.0,1,2
3,3,coxnet,Brats18_TCIA02_274_1,-0.2947268263006749,357.0,394.0,1,2
3,3,coxnet,Brats18_TCIA02_300_1,0.3872594160361737,127.0,289.0,0,0
3,3,coxnet,Brats18_TCIA02_314_1,0.1486954465790995,362.0,331.0,1,0
3,3,coxnet,Brats18_TCIA03_133_1,-0.1214074458616313,382.0,372.0,1,1
3,3,coxnet,Brats18_TCIA03_138_1,0.7937291479528734,82.0,208.0,0,0
3,3,coxnet,Brats18_TCIA03_257_1,0.4833420065749375,425.0,265.0,1,0
3,3,coxnet,Brats18_TCIA03_338_1,0.6621356915903136,468.0,229.0,2,0
3,3,coxnet,Brats18_TCIA03_474_1,0.29875103988751056,635.0,317.0,2,0
3,3,coxnet,Brats18_TCIA03_498_1,-0.29599344359786967,467.0,394.0,2,2
3,3,coxnet,Brats18_TCIA04_192_1,0.02568062942218078,121.0,350.0,0,1
3,3,coxnet,Brats18_TCIA05_277_1,1.278524465876262,232.0,150.0,0,0
3,3,coxnet,Brats18_TCIA06_184_1,0.3181467121371636,434.0,296.0,1,0
3,3,coxnet,Brats18_TCIA08_218_1,-0.4818946633035752,346.0,448.0,1,2
3,3,coxnet,Brats18_TCIA08_406_1,0.2340406348826461,82.0,322.0,0,0
3,3,genetico,Brats18_2013_27_1,0.1660826839714476,120.0,332.0,0,1
3,3,genetico,Brats18_CBICA_AAG_1,-0.9973416700999987,616.0,610.0,2,2
3,3,genetico,Brats18_CBICA_AAL_1,-0.6861858720544577,464.0,495.0,2,2
3,3,genetico,Brats18_CBICA_ABB_1,1.1508630961805553,465.0,175.0,2,0
3,3,genetico,Brats18_CBICA_ABM_1,0.024019580925311146,503.0,355.0,2,1
3,3,genetico,Brats18_CBICA_AOH_1,-0.03462045455870291,576.0,359.0,2,1
3,3,genetico,Brats18_CBICA_APR_1,0.23354496607025282,23.0,327.0,0,0
3,3,genetico,Brats18_CBICA_AQU_1,1.1945727017316305,30.0,172.0,0,0
3,3,genetico,Brats18_CBICA_ARZ_1,0.3347257809720855,871.0,317.0,2,0
3,3,genetico,Brats18_CBICA_ATV_1,-0.19821295848542764,453.0,385.0,2,1
3,3,genetico,Brats18_CBICA_AXL_1,1.120327051543517,168.0,180.0,0,0
3,3,genetico,Brats18_CBICA_AXM_1,-0.5182365662954646,438.0,448.0,1,2
3,3,genetico,Brats18_CBICA_AYA_1,0.6800125999123057,50.0,239.0,0,0
3,3,genetico,Brats18_TCIA01_203_1,-0.13040819349463836,268.0,375.0,0,1
3,3,genetico,Brats18_TCIA01_235_1,-0.5582157380039513,804.0,466.0,2,2
3,3,genetico,Brats18_TCIA01_411_1,-0.7490440320350825,822.0,508.0,2,2
3,3,genetico,Brats18_TCIA01_429_1,-0.3168278037284166,86.0,401.0,0,2
3,3,genetico,Brats18_TCIA02_179_1,-0.03617640380605455,405.0,359.0,1,1
3,3,genetico,Brats18_TCIA02_274_1,-0.47149795053778365,357.0,439.0,1,2
3,3,genetico,Brats18_TCIA02_300_1,0.9270350942367787,127.0,203.0,0,0
3,3,genetico,Brats18_TCIA02_314_1,0.8831584807829983,362.0,208.0,1,0
3,3,genetico,Brats18_TCIA03_133_1,-0.28604584973238245,382.0,394.0,1,1
3,3,genetico,Brats18_TCIA03_138_1,1.3268615589462116,82.0,153.0,0,0
3,3,genetico,Brats18_TCIA03_257_1,0.343945520346428,425.0,317.0,1,0
3,3,genetico,Brats18_TCIA03_338_1,0.5763965649513048,468.0,262.0,2,0
3,3,genetico,Brats18_TCIA03_474_1,0.5639872476777202,635.0,265.0,2,0
3,3,genetico,Brats18_TCIA03_498_1,-0.5003507537250758,467.0,448.0,2,2
3,3,genetico,Brats18_TCIA04_192_1,-0.2541876935673731,121.0,394.0,0,1
3,3,genetico,Brats18_TCIA05_277_1,1.056644252127448,232.0,187.0,0,0
3,3,genetico,Brats18_TCIA06_184_1,1.0041534515346544,434.0,191.0,1,0
3,3,genetico,Brats18_TCIA08_218_1,-1.3391717172734152,346.0,737.0,1,2
3,3,genetico,Brats18_TCIA08_406_1,-0.049838755328604906,82.0,359.0,0,1
3,4,edad,Brats18_CBICA_AOD_1,-0.0029240201915373466,55.0,368.0,0,1
3,4,edad,Brats18_CBICA_AOO_1,-0.5756626474345768,350.0,476.0,1,2
3,4,edad,Brats18_CBICA_APZ_1,-0.0209932454130426,336.0,370.0,1,1
3,4,edad,Brats18_CBICA_AQJ_1,0.18868650903959805,170.0,332.0,0,0
3,4,edad,Brats18_CBICA_AQO_1,0.2509869651122011,473.0,329.0,2,0
3,4,edad,Brats18_CBICA_AQR_1,0.3734251514586942,89.0,289.0,0,0
3,4,edad,Brats18_CBICA_AQY_1,-0.10279311634823515,229.0,387.0,0,1
3,4,edad,Brats18_CBICA_ASK_1,0.5815700682477323,522.0,239.0,2,0
3,4,edad,Brats18_CBICA_ASO_1,-0.29011307665611774,265.0,430.0,0,2
3,4,edad,Brats18_CBICA_ASV_1,-0.20629001061890334,597.0,407.0,2,2
3,4,edad,Brats18_CBICA_ATD_1,0.29696232967193825,355.0,317.0,1,0
3,4,edad,Brats18_CBICA_AVG_1,0.09398004866047328,579.0,355.0,2,1
3,4,edad,Brats18_CBICA_AVV_1,0.4056218597201795,387.0,287.0,1,0
3,4,edad,Brats18_CBICA_AWG_1,-0.1790466420899544,180.0,405.0,0,2
3,4,edad,Brats18_CBICA_AWH_1,-0.27560188420023696,139.0,430.0,0,2
3,4,edad,Brats18_CBICA_AWI_1,-0.4923279388357814,375.0,465.0,1,2
3,4,edad,Brats18_CBICA_AXQ_1,0.19594210526753833,114.0,332.0,0,0
3,4,edad,Brats18_CBICA_AYU_1,0.10870053716139057,58.0,355.0,0,1
3,4,edad,Brats18_CBICA_AZH_1,-0.20056925205456574,401.0,407.0,1,2
3,4,edad,Brats18_TCIA01_150_1,-0.33312341391116773,1489.0,436.0,2,2
3,4,edad,Brats18_TCIA01_190_1,0.030040106901749235,322.0,362.0,1,1
3,4,edad,Brats18_TCIA01_231_1,0.10953772134153757,1561.0,346.0,2,1
3,4,edad,Brats18_TCIA02_290_1,-0.6122894553160062,737.0,486.0,2,2
3,4,edad,Brats18_TCIA03_121_1,-1.0554389480071307,747.0,634.0,2,2
3,4,edad,Brats18_TCIA03_199_1,-0.4130047377668568,1282.0,448.0,2,2
3,4,edad,Brats18_TCIA03_265_1,-0.037702046341808994,103.0,376.0,0,1
3,4,edad,Brats18_TCIA03_296_1,-0.008295952014147132,22.0,368.0,0,1
3,4,edad,Brats18_TCIA03_419_1,0.3462864309522634,327.0,291.0,1,0
3,4,edad,Brats18_TCIA04_479_1,-0.14876848090797257,372.0,394.0,1,1
3,4,edad,Brats18_TCIA06_247_1,0.559314922125492,244.0,254.0,0,0
3,4,edad,Brats18_TCIA08_278_1,-0.35454137585326095,1458.0,438.0,2,2
3,4,edad,Brats18_TCIA08_280_1,-0.11521134835374845,508.0,387.0,2,1
3,4,coxnet,Brats18_CBICA_AOD_1,0.0018081201297308854,55.0,368.0,0,1
3,4,coxnet,Brats18_CBICA_AOO_1,-0.5438206875142477,350.0,466.0,1,2
3,4,coxnet,Brats18_CBICA_APZ_1,-0.07807504617264144,336.0,382.0,1,1
3,4,coxnet,Brats18_CBICA_AQJ_1,0.2671411012724935,170.0,318.0,0,0
3,4,coxnet,Brats18_CBICA_AQO_1,0.2577196563637441,473.0,318.0,2,0
3,4,coxnet,Brats18_CBICA_AQR_1,0.36556269649758316,89.0,289.0,0,0
3,4,coxnet,Brats18_CBICA_AQY_1,-0.06884868776445119,229.0,382.0,0,1
3,4,coxnet,Brats18_CBICA_ASK_1,0.5945123877030053,522.0,232.0,2,0
3,4,coxnet,Brats18_CBICA_ASO_1,-0.334001827419863,265.0,436.0,0,2
3,4,coxnet,Brats18_CBICA_ASV_1,-0.17413979621493447,597.0,394.0,2,2
3,4,coxnet,Brats18_CBICA_ATD_1,0.20071446470852905,355.0,332.0,1,0
3,4,coxnet,Brats18_CBICA_AVG_1,0.08727923044378168,579.0,355.0,2,1
3,4,coxnet,Brats18_CBICA_AVV_1,0.43610230975832015,387.0,286.0,1,0
3,4,coxnet,Brats18_CBICA_AWG_1,-0.18792001009801074,180.0,405.0,0,2
3,4,coxnet,Brats18_CBICA_AWH_1,-0.3447154339247464,139.0,436.0,0,2
3,4,coxnet,Brats18_CBICA_AWI_1,-0.45102486282735066,375.0,448.0,1,2
3,4,coxnet,Brats18_CBICA_AXQ_1,0.20352509679178699,114.0,331.0,0,0
3,4,coxnet,Brats18_CBICA_AYU_1,0.02573745144954547,58.0,362.0,0,1
3,4,coxnet,Brats18_CBICA_AZH_1,-0.32809156648590687,401.0,434.0,1,2
3,4,coxnet,Brats18_TCIA01_150_1,-0.2898844195139024,1489.0,430.0,2,2
3,4,coxnet,Brats18_TCIA01_190_1,0.04340294145850293,322.0,359.0,1,1
3,4,coxnet,Brats18_TCIA01_231_1,0.14254212888003687,1561.0,345.0,2,0
3,4,coxnet,Brats18_TCIA02_290_1,-0.5737334748884569,737.0,468.0,2,2
3,4,coxnet,Brats18_TCIA03_121_1,-0.9886744718095409,747.0,621.0,2,2
3,4,coxnet,Brats18_TCIA03_199_1,-0.46498871782832774,1282.0,453.0,2,2
3,4,coxnet,Brats18_TCIA03_265_1,-0.05562273598172385,103.0,376.0,0,1
3,4,coxnet,Brats18_TCIA03_296_1,0.017179732863397423,22.0,362.0,0,1
3,4,coxnet,Brats18_TCIA03_419_1,0.3142297024283372,327.0,296.0,1,0
3,4,coxnet,Brats18_TCIA04_479_1,-0.09481239437064298,372.0,385.0,1,1
3,4,coxnet,Brats18_TCIA06_247_1,0.6082034252079788,244.0,232.0,0,0
3,4,coxnet,Brats18_TCIA08_278_1,-0.28209629684885,1458.0,425.0,2,2
3,4,coxnet,Brats18_TCIA08_280_1,-0.04291231283894299,508.0,370.0,2,1
3,4,genetico,Brats18_CBICA_AOD_1,-0.10596442684908047,55.0,387.0,0,1
3,4,genetico,Brats18_CBICA_AOO_1,-0.1942738868295856,350.0,405.0,1,1
3,4,genetico,Brats18_CBICA_APZ_1,-0.2132324552229221,336.0,405.0,1,1
3,4,genetico,Brats18_CBICA_AQJ_1,0.6783969190686615,170.0,239.0,0,0
3,4,genetico,Brats18_CBICA_AQO_1,0.17323010749349993,473.0,346.0,2,1
3,4,genetico,Brats18_CBICA_AQR_1,0.14042888532375752,89.0,355.0,0,1
3,4,genetico,Brats18_CBICA_AQY_1,0.5411791406120253,229.0,269.0,0,0
3,4,genetico,Brats18_CBICA_ASK_1,0.5961764266321358,522.0,268.0,2,0
3,4,genetico,Brats18_CBICA_ASO_1,-0.6370342449337748,265.0,467.0,0,2
3,4,genetico,Brats18_CBICA_ASV_1,-0.3139832651724427,597.0,425.0,2,2
3,4,genetico,Brats18_CBICA_ATD_1,0.05434867841624889,355.0,362.0,1,1
3,4,genetico,Brats18_CBICA_AVG_1,-0.6472362340081813,579.0,467.0,2,2
3,4,genetico,Brats18_CBICA_AVV_1,1.5135003400645366,387.0,121.0,1,0
3,4,genetico,Brats18_CBICA_AWG_1,-0.22147101924790435,180.0,407.0,0,1
3,4,genetico,Brats18_CBICA_AWH_1,-0.8292442003424427,139.0,495.0,0,2
3,4,genetico,Brats18_CBICA_AWI_1,-0.7358174572937892,375.0,486.0,1,2
3,4,genetico,Brats18_CBICA_AXQ_1,-0.272075903126731,114.0,424.0,0,2
3,4,genetico,Brats18_CBICA_AYU_1,-0.7082047248641061,58.0,476.0,0,2
3,4,genetico,Brats18_CBICA_AZH_1,-0.7906261083818981,401.0,495.0,1,2
3,4,genetico,Brats18_TCIA01_150_1,1.4120828567933523,1489.0,147.0,2,0
3,4,genetico,Brats18_TCIA01_190_1,-0.2753093308360041,322.0,424.0,1,2
3,4,genetico,Brats18_TCIA01_231_1,0.8577219052024211,1561.0,208.0,2,0
3,4,genetico,Brats18_TCIA02_290_1,-0.5392799447645396,737.0,453.0,2,2
3,4,genetico,Brats18_TCIA03_121_1,-0.2313391137294833,747.0,407.0,2,1
3,4,genetico,Brats18_TCIA03_199_1,1.6281124892097252,1282.0,111.0,2,0
3,4,genetico,Brats18_TCIA03_265_1,-0.6532044184161314,103.0,467.0,0,2
3,4,genetico,Brats18_TCIA03_296_1,0.06604655584957764,22.0,359.0,0,1
3,4,genetico,Brats18_TCIA03_419_1,0.13074366678962407,327.0,355.0,1,1
3,4,genetico,Brats18_TCIA04_479_1,0.4609239922100773,372.0,289.0,1,0
3,4,genetico,Brats18_TCIA06_247_1,0.6480741043155114,244.0,254.0,0,0
3,4,genetico,Brats18_TCIA08_278_1,-0.6582170322444523,1458.0,467.0,2,2
3,4,genetico,Brats18_TCIA08_280_1,0.016399865762400878,508.0,368.0,2,1
4,0,edad,Brats18_2013_11_1,-1.1561561939240845,150.0,698.0,0,2
4,0,edad,Brats18_CBICA_AAL_1,-0.22430287966020043,464.0,394.0,2,2
4,0,edad,Brats18_CBICA_ABE_1,0.2503017331603514,269.0,331.0,0,0
4,0,edad,Brats18_CBICA_ANZ_1,0.28445846280038023,287.0,329.0,0,0
4,0,edad,Brats18_CBICA_AQG_1,-0.2500592001688247,466.0,405.0,2,2
4,0,edad,Brats18_CBICA_AQJ_1,0.21137120273639637,170.0,332.0,0,0
4,0,edad,Brats18_CBICA_AQR_1,0.4073560783307546,89.0,296.0,0,0
4,0,edad,Brats18_CBICA_ARF_1,0.553234548797703,726.0,262.0,2,0
4,0,edad,Brats18_CBICA_ARW_1,-0.5901092420563919,495.0,488.0,2,2
4,0,edad,Brats18_CBICA_ASN_1,-0.7724758332438912,407.0,558.0,1,2
4,0,edad,Brats18_CBICA_ASO_1,-0.29657600315638283,265.0,425.0,0,2
4,0,edad,Brats18_CBICA_AVG_1,0.11089934902818611,579.0,350.0,2,1
4,0,edad,Brats18_CBICA_AVJ_1,-0.5594681021409598,614.0,486.0,2,2
4,0,edad,Brats18_CBICA_AVV_1,0.4415128079707835,387.0,291.0,1,0
4,0,edad,Brats18_CBICA_AXM_1,0.24319654129590312,438.0,331.0,1,0
4,0,edad,Brats18_CBICA_AXW_1,0.6975217523366761,191.0,210.0,0,0
4,0,edad,Brats18_CBICA_AZD_1,-0.5219438076068434,448.0,473.0,1,2
4,0,edad,Brats18_TCIA01_231_1,0.12740411762997678,1561.0,346.0,2,0
4,0,edad,Brats18_TCIA02_151_1,-0.45847816152596677,1731.0,465.0,2,2
4,0,edad,Brats18_TCIA02_198_1,-0.22511701622800173,394.0,394.0,1,2
4,0,edad,Brats18_TCIA02_321_1,0.7715341675913431,67.0,208.0,0,0
4,0,edad,Brats18_TCIA02_377_1,0.12581285070200146,812.0,346.0,2,1
4,0,edad,Brats18_TCIA02_455_1,-0.20420850891855838,424.0,387.0,1,2
4,0,edad,Brats18_TCIA02_473_1,0.02441584180310768,175.0,357.0,0,1
4,0,edad,Brats18_TCIA02_491_1,0.7678705530362369,82.0,208.0,0,0
4,0,edad,Brats18_TCIA03_121_1,-1.108492198500079,747.0,635.0,2,2
4,0,edad,Brats18_TCIA03_199_1,-0.42694887262747844,1282.0,453.0,2,2
4,0,edad,Brats18_TCIA06_165_1,-0.31848367807176414,5.0,430.0,0,2
4,0,edad,Brats18_TCIA06_184_1,0.029781741909071152,434.0,357.0,1,1
4,0,edad,Brats18_TCIA06_247_1,0.6045621587768144,244.0,239.0,0,0
4,0,edad,Brats18_TCIA06_372_1,0.5239626385644822,213.0,268.0,0,0
4,0,edad,Brats18_TCIA08_167_1,0.5382470347086329,153.0,262.0,0,0
4,0,edad,Brats18_TCIA08_242_1,0.22635871682546646,147.0,332.0,0,0
4,0,coxnet,Brats18_2013_11_1,-1.2306685153908679,150.0,698.0,0,2
4,0,coxnet,Brats18_CBICA_AAL_1,-0.37494911757697136,464.0,436.0,2,2
4,0,coxnet,Brats18_CBICA_ABE_1,0.3359289210935857,269.0,318.0,0,0
4,0,coxnet,Brats18_CBICA_ANZ_1,0.21312293412073074,287.0,332.0,0,0
4,0,coxnet,Brats18_CBICA_AQG_1,-0.19397574088221195,466.0,385.0,2,2
4,0,coxnet,Brats18_CBICA_AQJ_1,0.33611289129499894,170.0,318.0,0,0
4,0,coxnet,Brats18_CBICA_AQR_1,0.2694681102661082,89.0,329.0,0,0
4,0,coxnet,Brats18_CBICA_ARF_1,0.593044771941791,726.0,239.0,2,0
4,0,coxnet,Brats18_CBICA_ARW_1,-0.7004776955743168,495.0,508.0,2,2
4,0,coxnet,Brats18_CBICA_ASN_1,-0.7107165310478084,407.0,510.0,1,2
4,0,coxnet,Brats18_CBICA_ASO_1,-0.26768437305360154,265.0,401.0,0,2
4,0,coxnet,Brats18_CBICA_AVG_1,-0.02071042460468053,579.0,359.0,2,1
4,0,coxnet,Brats18_CBICA_AVJ_1,-0.5147025487664268,614.0,468.0,2,2
4,0,coxnet,Brats18_CBICA_AVV_1,0.561660750349091,387.0,254.0,1,0
4,0,coxnet,Brats18_CBICA_AXM_1,0.15664356837643795,438.0,336.0,1,1
4,0,coxnet,Brats18_CBICA_AXW_1,0.6240635875896049,191.0,232.0,0,0
4,0,coxnet,Brats18_CBICA_AZD_1,-0.6942325645574225,448.0,508.0,1,2
4,0,coxnet,Brats18_TCIA01_231_1,0.13935792385526133,1561.0,345.0,2,1
4,0,coxnet,Brats18_TCIA02_151_1,-0.41987002440281207,1731.0,448.0,2,2
4,0,coxnet,Brats18_TCIA02_198_1,-0.3414314439846256,394.0,430.0,1,2
4,0,coxnet,Brats18_TCIA02_321_1,0.8701691110264123,67.0,199.0,0,0
4,0,coxnet,Brats18_TCIA02_377_1,0.1481636106818116,812.0,345.0,2,1
4,0,coxnet,Brats18_TCIA02_455_1,-0.2577469371690001,424.0,401.0,1,2
4,0,coxnet,Brats18_TCIA02_473_1,-0.13368513093931042,175.0,375.0,0,1
4,0,coxnet,Brats18_TCIA02_491_1,1.0091168297784885,82.0,169.0,0,0
4,0,coxnet,Brats18_TCIA03_121_1,-1.1821268052038343,747.0,660.0,2,2
4,0,coxnet,Brats18_TCIA03_199_1,-0.4342144152830979,1282.0,448.0,2,2
4,0,coxnet,Brats18_TCIA06_165_1,-0.33635962368047817,5.0,425.0,0,2
4,0,coxnet,Brats18_TCIA06_184_1,0.00419706160543391,434.0,357.0,1,1
4,0,coxnet,Brats18_TCIA06_247_1,0.585850989542058,244.0,254.0,0,0
4,0,coxnet,Brats18_TCIA06_372_1,0.6173361656875027,213.0,239.0,0,0
4,0,coxnet,Brats18_TCIA08_167_1,0.6957694236490957,153.0,210.0,0,0
4,0,coxnet,Brats18_TCIA08_242_1,0.2880437725984531,147.0,327.0,0,0
4,0,genetico,Brats18_2013_11_1,-2.0290716619309115,150.0,1458.0,0,2
4,0,genetico,Brats18_CBICA_AAL_1,-0.8482081673201777,464.0,522.0,2,2
4,0,genetico,Brats18_CBICA_ABE_1,0.11877399330985262,269.0,350.0,0,1
4,0,genetico,Brats18_CBICA_ANZ_1,0.7397233878470668,287.0,229.0,0,0
4,0,genetico,Brats18_CBICA_AQG_1,1.384856730976416,466.0,120.0,2,0
4,0,genetico,Brats18_CBICA_AQJ_1,0.7709190108768655,170.0,210.0,0,0
4,0,genetico,Brats18_CBICA_AQR_1,-0.21188931631171937,89.0,387.0,0,1
4,0,genetico,Brats18_CBICA_ARF_1,0.803726107977545,726.0,209.0,2,0
4,0,genetico,Brats18_CBICA_ARW_1,-0.8047402025439221,495.0,515.0,2,2
4,0,genetico,Brats18_CBICA_ASN_1,-0.8091612175309186,407.0,515.0,1,2
4,0,genetico,Brats18_CBICA_ASO_1,-0.5514364765832441,265.0,468.0,0,2
4,0,genetico,Brats18_CBICA_AVG_1,-0.4125874114020924,579.0,439.0,2,2
4,0,genetico,Brats18_CBICA_AVJ_1,-0.14686682898745596,614.0,376.0,2,1
4,0,genetico,Brats18_CBICA_AVV_1,0.5862833192457408,387.0,268.0,1,0
4,0,genetico,Brats18_CBICA_AXM_1,-0.14362982017612047,438.0,376.0,1,1
4,0,genetico,Brats18_CBICA_AXW_1,0.2187043206231955,191.0,336.0,0,0
4,0,genetico,Brats18_CBICA_AZD_1,-0.7865148540161503,448.0,510.0,1,2
4,0,genetico,Brats18_TCIA01_231_1,0.12448201137891671,1561.0,350.0,2,1
4,0,genetico,Brats18_TCIA02_151_1,0.1034957762922735,1731.0,355.0,2,1
4,0,genetico,Brats18_TCIA02_198_1,0.02541143314827904,394.0,359.0,1,1
4,0,genetico,Brats18_TCIA02_321_1,0.9208317962555432,67.0,203.0,0,0
4,0,genetico,Brats18_TCIA02_377_1,0.23520513384404895,812.0,333.0,2,0
4,0,genetico,Brats18_TCIA02_455_1,-0.47305266802917356,424.0,453.0,1,2
4,0,genetico,Brats18_TCIA02_473_1,0.08252532107788413,175.0,355.0,0,1
4,0,genetico,Brats18_TCIA02_491_1,1.58582362744153,82.0,106.0,0,0
4,0,genetico,Brats18_TCIA03_121_1,-1.5660198151978637,747.0,828.0,2,2
4,0,genetico,Brats18_TCIA03_199_1,-1.7894827310549597,1282.0,1278.0,2,2
4,0,genetico,Brats18_TCIA06_165_1,-0.47604845671512896,5.0,453.0,0,2
4,0,genetico,Brats18_TCIA06_184_1,-0.8115596094235,434.0,515.0,1,2
4,0,genetico,Brats18_TCIA06_247_1,0.2955994427037462,244.0,331.0,0,0
4,0,genetico,Brats18_TCIA06_372_1,0.8118464569960819,213.0,209.0,0,0
4,0,genetico,Brats18_TCIA08_167_1,0.5243339043318894,153.0,289.0,0,0
4,0,genetico,Brats18_TCIA08_242_1,0.2940705944454224,147.0,331.0,0,0
4,1,edad,Brats18_2013_27_1,0.21298527968026013,120.0,345.0,0,0
4,1,edad,Brats18_CBICA_AAB_1,-0.012383454612490803,289.0,375.0,0,1
4,1,edad,Brats18_CBICA_ABB_1,0.22709132855156766,465.0,336.0,2,0
4,1,edad,Brats18_CBICA_ABO_1,-0.1329856990851501,1155.0,394.0,2,1
4,1,edad,Brats18_CBICA_ALU_1,0.14973172861040118,495.0,350.0,2,0
4,1,edad,Brats18_CBICA_ALX_1,-0.03534678998438693,698.0,376.0,2,1
4,1,edad,Brats18_CBICA_ANP_1,0.021673855770243194,486.0,370.0,2,1
4,1,edad,Brats18_CBICA_AOP_1,0.2074084696613712,332.0,345.0,1,0
4,1,edad,Brats18_CBICA_AOZ_1,-0.42384467295800987,331.0,448.0,1,2
4,1,edad,Brats18_CBICA_APR_1,0.054448798073767644,23.0,362.0,0,1
4,1,edad,Brats18_CBICA_AQQ_1,0.27179527624309024,33.0,333.0,0,0
4,1,edad,Brats18_CBICA_AQU_1,0.35789287263096536,30.0,317.0,0,0
4,1,edad,Brats18_CBICA_AQV_1,-0.2241531227629242,84.0,424.0,0,2
4,1,edad,Brats18_CBICA_AQZ_1,0.07356502920803429,286.0,362.0,0,1
4,1,edad,Brats18_CBICA_ARZ_1,-0.18052278555632173,871.0,407.0,2,2
4,1,edad,Brats18_CBICA_ASG_1,-0.09448483419538663,208.0,387.0,0,1
4,1,edad,Brats18_CBICA_ASW_1,0.22309511174658833,239.0,336.0,0,0
4,1,edad,Brats18_CBICA_ATF_1,0.2340399741900766,152.0,336.0,0,0
4,1,edad,Brats18_CBICA_ATP_1,-0.2770284391452252,385.0,430.0,1,2
4,1,edad,Brats18_CBICA_AXJ_1,-0.9861481644347626,1767.0,616.0,2,2
4,1,edad,Brats18_CBICA_AXQ_1,0.1611537512694091,114.0,350.0,0,0
4,1,edad,Brats18_CBICA_AYA_1,0.41625553149174516,50.0,287.0,0,0
4,1,edad,Brats18_CBICA_AYW_1,-0.32817404974626624,734.0,438.0,2,2
4,1,edad,Brats18_TCIA01_203_1,-0.44591333292580587,268.0,453.0,0,2
4,1,edad,Brats18_TCIA01_335_1,-0.1909904877842901,355.0,407.0,1,2
4,1,edad,Brats18_TCIA01_460_1,-1.249659893455637,630.0,804.0,2,2
4,1,edad,Brats18_TCIA02_179_1,-0.4235166253098398,405.0,448.0,1,2
4,1,edad,Brats18_TCIA02_290_1,-0.5298338858303714,737.0,468.0,2,2
4,1,edad,Brats18_TCIA02_322_1,-0.10486306888294482,621.0,387.0,2,1
4,1,edad,Brats18_TCIA02_471_1,0.46927996044139614,111.0,265.0,0,0
4,1,edad,Brats18_TCIA03_419_1,0.28968878432508693,327.0,329.0,1,0
4,1,edad,Brats18_TCIA04_343_1,-0.2445218994629307,296.0,425.0,0,2
4,1,edad,Brats18_TCIA04_479_1,-0.13355232684107995,372.0,394.0,1,1
4,1,coxnet,Brats18_2013_27_1,0.18464485821273302,120.0,345.0,0,0
4,1,coxnet,Brats18_CBICA_AAB_1,0.048346181433063636,289.0,362.0,0,1
4,1,coxnet,Brats18_CBICA_ABB_1,0.2804587749287949,465.0,322.0,2,0
4,1,coxnet,Brats18_CBICA_ABO_1,0.3348190978108541,1155.0,317.0,2,0
4,1,coxnet,Brats18_CBICA_ALU_1,0.049098577706450534,495.0,359.0,2,1
4,1,coxnet,Brats18_CBICA_ALX_1,-0.23282715773343934,698.0,421.0,2,2
4,1,coxnet,Brats18_CBICA_ANP_1,-0.21149231355397555,486.0,407.0,2,2
4,1,coxnet,Brats18_CBICA_AOP_1,0.0784259206474725,332.0,357.0,1,1
4,1,coxnet,Brats18_CBICA_AOZ_1,-0.42913521607930755,331.0,448.0,1,2
4,1,coxnet,Brats18_CBICA_APR_1,0.1074952577571181,23.0,355.0,0,1
4,1,coxnet,Brats18_CBICA_AQQ_1,0.5922514899418676,33.0,232.0,0,0
4,1,coxnet,Brats18_CBICA_AQU_1,0.5168594897049594,30.0,254.0,0,0
4,1,coxnet,Brats18_CBICA_AQV_1,-0.393538876275329,84.0,439.0,0,2
4,1,coxnet,Brats18_CBICA_AQZ_1,0.2416814784480227,286.0,333.0,0,0
4,1,coxnet,Brats18_CBICA_ARZ_1,0.011408837968462048,871.0,368.0,2,1
4,1,coxnet,Brats18_CBICA_ASG_1,0.23304537719142013,208.0,333.0,0,0
4,1,coxnet,Brats18_CBICA_ASW_1,0.4101102659320509,239.0,287.0,0,0
4,1,coxnet,Brats18_CBICA_ATF_1,0.33693427845723295,152.0,317.0,0,0
4,1,coxnet,Brats18_CBICA_ATP_1,-0.3804086290900569,385.0,438.0,1,2
4,1,coxnet,Brats18_CBICA_AXJ_1,-0.7142602743332437,1767.0,508.0,2,2
4,1,coxnet,Brats18_CBICA_AXQ_1,0.054168193040452194,114.0,359.0,0,1
4,1,coxnet,Brats18_CBICA_AYA_1,0.4943139764492709,50.0,262.0,0,0
4,1,coxnet,Brats18_CBICA_AYW_1,-0.2660212172086452,734.0,424.0,2,2
4,1,coxnet,Brats18_TCIA01_203_1,-0.1780228586133638,268.0,394.0,0,2
4,1,coxnet,Brats18_TCIA01_335_1,-0.23188019446612093,355.0,421.0,1,2
4,1,coxnet,Brats18_TCIA01_460_1,-1.0126788529924555,630.0,616.0,2,2
4,1,coxnet,Brats18_TCIA02_179_1,-0.3838409353803333,405.0,438.0,1,2
4,1,coxnet,Brats18_TCIA02_290_1,-0.18593446177072456,737.0,401.0,2,2
4,1,coxnet,Brats18_TCIA02_322_1,-0.3967756232368224,621.0,439.0,2,2
4,1,coxnet,Brats18_TCIA02_471_1,0.48634707482127787,111.0,262.0,0,0
4,1,coxnet,Brats18_TCIA03_419_1,0.40445486691396443,327.0,287.0,1,0
4,1,coxnet,Brats18_TCIA04_343_1,-0.2753549564385242,296.0,424.0,0,2
4,1,coxnet,Brats18_TCIA04_479_1,-0.15268287385232224,372.0,394.0,1,2
4,1,genetico,Brats18_2013_27_1,-0.2818938657035212,120.0,425.0,0,2
4,1,genetico,Brats18_CBICA_AAB_1,0.24656132114568013,289.0,345.0,0,0
4,1,genetico,Brats18_CBICA_ABB_1,0.2664990058230601,465.0,336.0,2,0
4,1,genetico,Brats18_CBICA_ABO_1,0.7504756024997321,1155.0,213.0,2,0
4,1,genetico,Brats18_CBICA_ALU_1,-0.2796975832833204,495.0,425.0,2,2
4,1,genetico,Brats18_CBICA_ALX_1,-0.027347224939619497,698.0,376.0,2,1
4,1,genetico,Brats18_CBICA_ANP_1,-0.8626734918977925,486.0,522.0,2,2
4,1,genetico,Brats18_CBICA_AOP_1,-0.22030495049898646,332.0,421.0,1,1
4,1,genetico,Brats18_CBICA_AOZ_1,0.3055697124307246,331.0,333.0,1,0
4,1,genetico,Brats18_CBICA_APR_1,0.4070997646353496,23.0,318.0,0,0
4,1,genetico,Brats18_CBICA_AQQ_1,0.9110295968529156,33.0,199.0,0,0
4,1,genetico,Brats18_CBICA_AQU_1,1.308604981810149,30.0,150.0,0,0
4,1,genetico,Brats18_CBICA_AQV_1,-0.7464906916550912,84.0,503.0,0,2
4,1,genetico,Brats18_CBICA_AQZ_1,0.6662736803262469,286.0,232.0,0,0
4,1,genetico,Brats18_CBICA_ARZ_1,0.43432849468099743,871.0,317.0,2,0
4,1,genetico,Brats18_CBICA_ASG_1,1.310247058345308,208.0,150.0,0,0
4,1,genetico,Brats18_CBICA_ASW_1,0.6292225399486022,239.0,244.0,0,0
4,1,genetico,Brats18_CBICA_ATF_1,0.23816896681197458,152.0,346.0,0,0
4,1,genetico,Brats18_CBICA_ATP_1,-0.16195119614159548,385.0,401.0,1,1
4,1,genetico,Brats18_CBICA_AXJ_1,-1.3181000628105064,1767.0,747.0,2,2
4,1,genetico,Brats18_CBICA_AXQ_1,0.6041263934908812,114.0,254.0,0,0
4,1,genetico,Brats18_CBICA_AYA_1,0.8537821595329171,50.0,208.0,0,0
4,1,genetico,Brats18_CBICA_AYW_1,0.47977457836301374,734.0,287.0,2,0
4,1,genetico,Brats18_TCIA01_203_1,0.4224112490198483,268.0,317.0,0,0
4,1,genetico,Brats18_TCIA01_335_1,-0.3390150316684213,355.0,434.0,1,2
4,1,genetico,Brats18_TCIA01_460_1,-0.46496957342054246,630.0,448.0,2,2
4,1,genetico,Brats18_TCIA02_179_1,-0.355626608621451,405.0,436.0,1,2
4,1,genetico,Brats18_TCIA02_290_1,0.40050828828345075,737.0,318.0,2,0
4,1,genetico,Brats18_TCIA02_322_1,-0.9347432906317207,621.0,576.0,2,2
4,1,genetico,Brats18_TCIA02_471_1,0.4957819230422525,111.0,287.0,0,0
4,1,genetico,Brats18_TCIA03_419_1,0.636703303316714,327.0,244.0,1,0
4,1,genetico,Brats18_TCIA04_343_1,0.019889582277127033,296.0,375.0,0,1
4,1,genetico,Brats18_TCIA04_479_1,-0.31941702000753075,372.0,434.0,1,2
4,2,edad,Brats18_CBICA_ABM_1,0.3722503197526326,503.0,287.0,2,0
4,2,edad,Brats18_CBICA_ABY_1,-0.42712628118148754,515.0,448.0,2,2
4,2,edad,Brats18_CBICA_ALN_1,0.039439546469780005,421.0,355.0,1,1
4,2,edad,Brats18_CBICA_ANG_1,-0.1528634900881937,368.0,387.0,1,2
4,2,edad,Brats18_CBICA_AOD_1,0.02604548970778349,55.0,355.0,0,1
4,2,edad,Brats18_CBICA_AOO_1,-0.5831429257360465,350.0,486.0,1,2
4,2,edad,Brats18_CBICA_APY_1,-0.5317186524060539,203.0,466.0,0,2
4,2,edad,Brats18_CBICA_APZ_1,0.006826316847079165,336.0,359.0,1,1
4,2,edad,Brats18_CBICA_AQA_1,0.6117479275052315,106.0,239.0,0,0
4,2,edad,Brats18_CBICA_AQO_1,0.29611568131601995,473.0,296.0,2,0
4,2,edad,Brats18_CBICA_ASA_1,0.14414322564527726,210.0,332.0,0,0
4,2,edad,Brats18_CBICA_ASU_1,0.7942187617309914,85.0,199.0,0,0
4,2,edad,Brats18_CBICA_ASY_1,0.24602710339719625,610.0,318.0,2,0
4,2,edad,Brats18_CBICA_ATB_1,0.4172929372292639,208.0,269.0,0,0
4,2,edad,Brats18_CBICA_ATX_1,-0.8568862797249969,1592.0,614.0,2,2
4,2,edad,Brats18_CBICA_AUN_1,0.3200097881158147,376.0,291.0,1,0
4,2,edad,Brats18_CBICA_AUQ_1,0.03476461253068986,1337.0,355.0,2,1
4,2,edad,Brats18_CBICA_AWG_1,-0.16128579170861831,180.0,387.0,0,2
4,2,edad,Brats18_CBICA_AWH_1,-0.2639859277673623,139.0,407.0,0,2
4,2,edad,Brats18_CBICA_AXN_1,0.9603273271699357,345.0,172.0,1,0
4,2,edad,Brats18_CBICA_BHB_1,-0.15894832473907308,510.0,387.0,2,2
4,2,edad,Brats18_TCIA01_190_1,0.06110749425096025,322.0,355.0,1,1
4,2,edad,Brats18_TCIA01_401_1,0.7017218545075633,448.0,213.0,1,0
4,2,edad,Brats18_TCIA01_429_1,-0.1815438387780093,86.0,394.0,0,2
4,2,edad,Brats18_TCIA02_274_1,-0.1822487891339038,357.0,394.0,1,2
4,2,edad,Brats18_TCIA02_394_1,0.16206380574512305,616.0,331.0,2,0
4,2,edad,Brats18_TCIA03_133_1,0.14406902034465668,382.0,332.0,1,0
4,2,edad,Brats18_TCIA03_338_1,0.6138998812232251,468.0,239.0,2,0
4,2,edad,Brats18_TCIA03_474_1,0.05672938151435187,635.0,355.0,2,1
4,2,edad,Brats18_TCIA04_149_1,-0.8543632995039007,448.0,614.0,1,2
4,2,edad,Brats18_TCIA04_192_1,0.5967213541295843,121.0,239.0,0,0
4,2,edad,Brats18_TCIA06_409_1,0.3482820076522176,99.0,289.0,0,0
4,2,edad,Brats18_TCIA08_469_1,0.1491520834371596,519.0,331.0,2,0
4,2,coxnet,Brats18_CBICA_ABM_1,0.302201955144032,503.0,291.0,2,0
4,2,coxnet,Brats18_CBICA_ABY_1,-0.5983187169674837,515.0,466.0,2,2
4,2,coxnet,Brats18_CBICA_ALN_1,0.005621027031462928,421.0,355.0,1,1
4,2,coxnet,Brats18_CBICA_ANG_1,-0.23694047485766026,368.0,394.0,1,1
4,2,coxnet,Brats18_CBICA_AOD_1,0.651914314949599,55.0,232.0,0,0
4,2,coxnet,Brats18_CBICA_AOO_1,-0.527575502510746,350.0,453.0,1,2
4,2,coxnet,Brats18_CBICA_APY_1,-1.5122154660800848,203.0,871.0,0,2
4,2,coxnet,Brats18_CBICA_APZ_1,0.13016830823290437,336.0,331.0,1,1
4,2,coxnet,Brats18_CBICA_AQA_1,0.719399808541754,106.0,213.0,0,0
4,2,coxnet,Brats18_CBICA_AQO_1,0.2941690952857786,473.0,291.0,2,0
4,2,coxnet,Brats18_CBICA_ASA_1,0.7606123690517808,210.0,208.0,0,0
4,2,coxnet,Brats18_CBICA_ASU_1,1.0284131274784896,85.0,169.0,0,0
4,2,coxnet,Brats18_CBICA_ASY_1,0.22610082571274606,610.0,318.0,2,0
4,2,coxnet,Brats18_CBICA_ATB_1,0.7254959642376622,208.0,209.0,0,0
4,2,coxnet,Brats18_CBICA_ATX_1,-1.3402641900541867,1592.0,788.0,2,2
4,2,coxnet,Brats18_CBICA_AUN_1,0.5481080039897105,376.0,254.0,1,0
4,2,coxnet,Brats18_CBICA_AUQ_1,-0.014949556418433683,1337.0,359.0,2,1
4,2,coxnet,Brats18_CBICA_AWG_1,-0.02280539601834002,180.0,359.0,0,1
4,2,coxnet,Brats18_CBICA_AWH_1,-0.29149354439666114,139.0,405.0,0,2
4,2,coxnet,Brats18_CBICA_AXN_1,1.1979087608652221,345.0,150.0,1,0
4,2,coxnet,Brats18_CBICA_BHB_1,-0.40703869514684965,510.0,434.0,2,2
4,2,coxnet,Brats18_TCIA01_190_1,-0.14013140624308718,322.0,385.0,1,1
4,2,coxnet,Brats18_TCIA01_401_1,0.650227018985777,448.0,232.0,1,0
4,2,coxnet,Brats18_TCIA01_429_1,-0.21520464483116417,86.0,394.0,0,1
4,2,coxnet,Brats18_TCIA02_274_1,-0.14970864312072044,357.0,385.0,1,1
4,2,coxnet,Brats18_TCIA02_394_1,0.48301784193511876,616.0,265.0,2,0
4,2,coxnet,Brats18_TCIA03_133_1,-0.1110257095116696,382.0,375.0,1,1
4,2,coxnet,Brats18_TCIA03_338_1,0.771451469166531,468.0,208.0,2,0
4,2,coxnet,Brats18_TCIA03_474_1,0.4744453344161444,635.0,265.0,2,0
4,2,coxnet,Brats18_TCIA04_149_1,-0.926857618632724,448.0,600.0,1,2
4,2,coxnet,Brats18_TCIA04_192_1,0.1983593322522944,121.0,327.0,0,0
4,2,coxnet,Brats18_TCIA06_409_1,0.14958518247897284,99.0,331.0,0,0
4,2,coxnet,Brats18_TCIA08_469_1,-0.03148108692045998,519.0,359.0,2,1
4,2,genetico,Brats18_CBICA_ABM_1,0.20213660784752852,503.0,331.0,2,0
4,2,genetico,Brats18_CBICA_ABY_1,-0.6853726786905235,515.0,476.0,2,2
4,2,genetico,Brats18_CBICA_ALN_1,0.5534358551122416,421.0,268.0,1,0
4,2,genetico,Brats18_CBICA_ANG_1,-0.49176834350665266,368.0,439.0,1,2
4,2,genetico,Brats18_CBICA_AOD_1,1.325001016728283,55.0,152.0,0,0
4,2,genetico,Brats18_CBICA_AOO_1,-0.5703233511743893,350.0,464.0,1,2
4,2,genetico,Brats18_CBICA_APY_1,-3.9745003434418207,203.0,1767.0,0,2
4,2,genetico,Brats18_CBICA_APZ_1,-0.03342598228212562,336.0,370.0,1,1
4,2,genetico,Brats18_CBICA_AQA_1,0.6366977239787018,106.0,254.0,0,0
4,2,genetico,Brats18_CBICA_AQO_1,-0.0310699395361978,473.0,370.0,2,1
4,2,genetico,Brats18_CBICA_ASA_1,1.384471565934219,210.0,150.0,0,0
4,2,genetico,Brats18_CBICA_ASU_1,0.9493736567818336,85.0,199.0,0,0
4,2,genetico,Brats18_CBICA_ASY_1,0.18900457108437063,610.0,331.0,2,0
4,2,genetico,Brats18_CBICA_ATB_1,0.7410438633907159,208.0,232.0,0,0
4,2,genetico,Brats18_CBICA_ATX_1,-2.4069494488333874,1592.0,1561.0,2,2
4,2,genetico,Brats18_CBICA_AUN_1,0.5743538883024535,376.0,265.0,1,0
4,2,genetico,Brats18_CBICA_AUQ_1,0.3365937688411108,1337.0,296.0,2,0
4,2,genetico,Brats18_CBICA_AWG_1,-0.08618100394070512,180.0,375.0,0,1
4,2,genetico,Brats18_CBICA_AWH_1,-0.6202854861815604,139.0,466.0,0,2
4,2,genetico,Brats18_CBICA_AXN_1,1.554830477461669,345.0,114.0,1,0
4,2,genetico,Brats18_CBICA_BHB_1,-0.5101634382141165,510.0,448.0,2,2
4,2,genetico,Brats18_TCIA01_190_1,0.5094107315199464,322.0,269.0,1,0
4,2,genetico,Brats18_TCIA01_401_1,0.3444935278729738,448.0,296.0,1,0
4,2,genetico,Brats18_TCIA01_429_1,-0.3065142220768947,86.0,407.0,0,1
4,2,genetico,Brats18_TCIA02_274_1,-0.12058676379450883,357.0,385.0,1,1
4,2,genetico,Brats18_TCIA02_394_1,0.8129361782104306,616.0,213.0,2,0
4,2,genetico,Brats18_TCIA03_133_1,-0.20777865661541667,382.0,394.0,1,1
4,2,genetico,Brats18_TCIA03_338_1,0.6141274069527243,468.0,262.0,2,0
4,2,genetico,Brats18_TCIA03_474_1,1.2569350816439315,635.0,153.0,2,0
4,2,genetico,Brats18_TCIA04_149_1,-1.4782600540645956,448.0,804.0,1,2
4,2,genetico,Brats18_TCIA04_192_1,-0.5226502021644631,121.0,448.0,0,2
4,2,genetico,Brats18_TCIA06_409_1,0.18254467688156278,99.0,331.0,0,0
4,2,genetico,Brats18_TCIA08_469_1,-1.5356599448722803,519.0,822.0,2,2
4,3,edad,Brats18_CBICA_AAG_1,-0.27921680508010205,616.0,421.0,2,2
4,3,edad,Brats18_CBICA_ABN_1,0.2749306991514712,1278.0,329.0,2,0
4,3,edad,Brats18_CBICA_ANI_1,-0.07186976426944888,439.0,376.0,1,1
4,3,edad,Brats18_CBICA_AQD_1,0.4392519319940756,32.0,286.0,0,0
4,3,edad,Brats18_CBICA_AQN_1,0.0987808277838891,488.0,355.0,2,1
4,3,edad,Brats18_CBICA_AQT_1,0.5410058926387694,172.0,254.0,0,0
4,3,edad,Brats18_CBICA_AQY_1,-0.0905465619404668,229.0,382.0,0,1
4,3,edad,Brats18_CBICA_ASE_1,-0.4676795282456146,318.0,464.0,1,2
4,3,edad,Brats18_CBICA_ASH_1,-0.47611867385992634,660.0,464.0,2,2
4,3,edad,Brats18_CBICA_ATD_1,0.30581658863335837,355.0,327.0,1,0
4,3,edad,Brats18_CBICA_ATV_1,0.0630528055724788,453.0,359.0,2,1
4,3,edad,Brats18_CBICA_AUR_1,0.34296266400127173,12.0,296.0,0,0
4,3,edad,Brats18_CBICA_AWI_1,-0.4767758204446472,375.0,464.0,1,2
4,3,edad,Brats18_CBICA_AYU_1,0.11915237191024011,58.0,350.0,0,1
4,3,edad,Brats18_TCIA01_150_1,-0.3189222934621919,1489.0,430.0,2,2
4,3,edad,Brats18_TCIA01_235_1,-0.08172696304026404,804.0,382.0,2,1
4,3,edad,Brats18_TCIA01_411_1,-0.6029133780487258,822.0,476.0,2,2
4,3,edad,Brats18_TCIA01_412_1,0.29132477710714266,291.0,327.0,0,0
4,3,edad,Brats18_TCIA01_448_1,-0.5494769847122025,199.0,468.0,0,2
4,3,edad,Brats18_TCIA01_499_1,-0.35465031567360217,600.0,434.0,2,2
4,3,edad,Brats18_TCIA02_283_1,0.5015079242308019,262.0,268.0,0,0
4,3,edad,Brats18_TCIA02_368_1,0.07699123050103474,317.0,357.0,1,1
4,3,edad,Brats18_TCIA02_430_1,-0.22377438532706165,71.0,401.0,0,2
4,3,edad,Brats18_TCIA03_138_1,0.39906223033903304,82.0,287.0,0,0
4,3,edad,Brats18_TCIA03_257_1,0.31093541466171126,425.0,327.0,1,0
4,3,edad,Brats18_TCIA03_265_1,-0.026007849988393682,103.0,370.0,0,1
4,3,edad,Brats18_TCIA03_375_1,-0.011619798449239225,946.0,370.0,2,1
4,3,edad,Brats18_TCIA04_111_1,0.5162764290558479,626.0,265.0,2,0
4,3,edad,Brats18_TCIA05_478_1,-0.03738686190277316,30.0,372.0,0,1
4,3,edad,Brats18_TCIA08_105_1,0.21758601296897534,77.0,332.0,0,0
4,3,edad,Brats18_TCIA08_218_1,-0.10344738699841084,346.0,385.0,1,1
4,3,edad,Brats18_TCIA08_278_1,-0.3401585041473865,1458.0,434.0,2,2
4,3,coxnet,Brats18_CBICA_AAG_1,-0.27918540351447996,616.0,421.0,2,2
4,3,coxnet,Brats18_CBICA_ABN_1,0.27489977961427375,1278.0,329.0,2,0
4,3,coxnet,Brats18_CBICA_ANI_1,-0.07186168157858673,439.0,376.0,1,1
4,3,coxnet,Brats18_CBICA_AQD_1,0.4392025323944954,32.0,286.0,0,0
4,3,coxnet,Brats18_CBICA_AQN_1,0.09876971859350599,488.0,355.0,2,1
4,3,coxnet,Brats18_CBICA_AQT_1,0.5409450494813004,172.0,254.0,0,0
4,3,coxnet,Brats18_CBICA_AQY_1,-0.09053637880050201,229.0,382.0,0,1
4,3,coxnet,Brats18_CBICA_ASE_1,-0.4676269315926586,318.0,464.0,1,2
4,3,coxnet,Brats18_CBICA_ASH_1,-0.47606512811515367,660.0,464.0,2,2
4,3,coxnet,Brats18_CBICA_ATD_1,0.3057821955757004,355.0,327.0,1,0
4,3,coxnet,Brats18_CBICA_ATV_1,0.06304571446343464,453.0,359.0,2,1
4,3,coxnet,Brats18_CBICA_AUR_1,0.34292409338373187,12.0,296.0,0,0
4,3,coxnet,Brats18_CBICA_AWI_1,-0.4767222007951839,375.0,464.0,1,2
4,3,coxnet,Brats18_CBICA_AYU_1,0.1191389716744469,58.0,350.0,0,1
4,3,coxnet,Brats18_TCIA01_150_1,-0.3188864264973664,1489.0,430.0,2,2
4,3,coxnet,Brats18_TCIA01_235_1,-0.08171777177904216,804.0,382.0,2,1
4,3,coxnet,Brats18_TCIA01_411_1,-0.6028455725883786,822.0,476.0,2,2
4,3,coxnet,Brats18_TCIA01_412_1,0.2912920138423995,291.0,327.0,0,0
4,3,coxnet,Brats18_TCIA01_448_1,-0.5494151888701211,199.0,468.0,0,2
4,3,coxnet,Brats18_TCIA01_499_1,-0.35461043062743774,600.0,434.0,2,2
4,3,coxnet,Brats18_TCIA02_283_1,0.5014515231342129,262.0,268.0,0,0
4,3,coxnet,Brats18_TCIA02_368_1,0.0769825718346047,317.0,357.0,1,1
4,3,coxnet,Brats18_TCIA02_430_1,-0.223749218983498,71.0,401.0,0,2
4,3,coxnet,Brats18_TCIA03_138_1,0.39901735059474414,82.0,287.0,0,0
4,3,coxnet,Brats18_TCIA03_257_1,0.3109004459254104,425.0,327.0,1,0
4,3,coxnet,Brats18_TCIA03_265_1,-0.026004925066994686,103.0,370.0,0,1
4,3,coxnet,Brats18_TCIA03_375_1,-0.011618491651593375,946.0,370.0,2,1
4,3,coxnet,Brats18_TCIA04_111_1,0.5162183670485796,626.0,265.0,2,0
4,3,coxnet,Brats18_TCIA05_478_1,-0.03738265726330977,30.0,372.0,0,1
4,3,coxnet,Brats18_TCIA08_105_1,0.2175615425884671,77.0,332.0,0,0
4,3,coxnet,Brats18_TCIA08_218_1,-0.103435752992677,346.0,385.0,1,1
4,3,coxnet,Brats18_TCIA08_278_1,-0.34012024889413695,1458.0,434.0,2,2
4,3,genetico,Brats18_CBICA_AAG_1,-0.3759716142872616,616.0,430.0,2,2
4,3,genetico,Brats18_CBICA_ABN_1,-0.2239017831318618,1278.0,394.0,2,2
4,3,genetico,Brats18_CBICA_ANI_1,-0.04131690155311281,439.0,368.0,1,1
4,3,genetico,Brats18_CBICA_AQD_1,0.12892609080453155,32.0,336.0,0,0
4,3,genetico,Brats18_CBICA_AQN_1,0.17648508332240193,488.0,332.0,2,0
4,3,genetico,Brats18_CBICA_AQT_1,0.2835198458096495,172.0,322.0,0,0
4,3,genetico,Brats18_CBICA_AQY_1,0.06181906389766065,229.0,355.0,0,1
4,3,genetico,Brats18_CBICA_ASE_1,-0.2775466746068056,318.0,405.0,1,2
4,3,genetico,Brats18_CBICA_ASH_1,-0.817847164263285,660.0,515.0,2,2
4,3,genetico,Brats18_CBICA_ATD_1,-0.0699338634989814,355.0,372.0,1,1
4,3,genetico,Brats18_CBICA_ATV_1,-0.13513558708518553,453.0,385.0,2,1
4,3,genetico,Brats18_CBICA_AUR_1,0.2807283201151159,12.0,322.0,0,0
4,3,genetico,Brats18_CBICA_AWI_1,0.2720403485553855,375.0,327.0,1,0
4,3,genetico,Brats18_CBICA_AYU_1,-0.15353565035162364,58.0,385.0,0,2
4,3,genetico,Brats18_TCIA01_150_1,-0.2963872774061239,1489.0,407.0,2,2
4,3,genetico,Brats18_TCIA01_235_1,-0.1765616017763701,804.0,387.0,2,2
4,3,genetico,Brats18_TCIA01_411_1,-0.47830412334265027,822.0,448.0,2,2
4,3,genetico,Brats18_TCIA01_412_1,0.24883309650680346,291.0,329.0,0,0
4,3,genetico,Brats18_TCIA01_448_1,-0.12395405270051837,199.0,382.0,0,1
4,3,genetico,Brats18_TCIA01_499_1,-0.13727079274639112,600.0,385.0,2,1
4,3,genetico,Brats18_TCIA02_283_1,0.2701412905071011,262.0,327.0,0,0
4,3,genetico,Brats18_TCIA02_368_1,-0.052684700478901406,317.0,370.0,1,1
4,3,genetico,Brats18_TCIA02_430_1,-0.06319990076702509,71.0,370.0,0,1
4,3,genetico,Brats18_TCIA03_138_1,0.32551774822142265,82.0,296.0,0,0
4,3,genetico,Brats18_TCIA03_257_1,0.13602954512188212,425.0,336.0,1,0
4,3,genetico,Brats18_TCIA03_265_1,0.00012260684284738557,103.0,362.0,0,1
4,3,genetico,Brats18_TCIA03_375_1,-0.07092140619070329,946.0,372.0,2,1
4,3,genetico,Brats18_TCIA04_111_1,0.20663480376315738,626.0,331.0,2,0
4,3,genetico,Brats18_TCIA05_478_1,0.06689137683174826,30.0,355.0,0,1
4,3,genetico,Brats18_TCIA08_105_1,0.29103775681351507,77.0,322.0,0,0
4,3,genetico,Brats18_TCIA08_218_1,-0.3137941206337248,346.0,421.0,1,2
4,3,genetico,Brats18_TCIA08_278_1,-0.12812693043248782,1458.0,382.0,2,1
4,4,edad,Brats18_CBICA_AAP_1,-0.7916338106496646,788.0,600.0,2,2
4,4,edad,Brats18_CBICA_AME_1,-0.31744349564971575,359.0,434.0,1,2
4,4,edad,Brats18_CBICA_AMH_1,0.08988246575873539,169.0,346.0,0,1
4,4,edad,Brats18_CBICA_AOH_1,-0.1232523410701536,576.0,382.0,2,1
4,4,edad,Brats18_CBICA_AQP_1,-0.5151912647820173,1283.0,466.0,2,2
4,4,edad,Brats18_CBICA_ASK_1,0.6410828453374698,522.0,213.0,2,0
4,4,edad,Brats18_CBICA_ASV_1,-0.20449290506430248,597.0,405.0,2,2
4,4,edad,Brats18_CBICA_AXL_1,0.539738049608363,168.0,262.0,0,0
4,4,edad,Brats18_CBICA_AXO_1,-0.14646393078276745,394.0,385.0,1,1
4,4,edad,Brats18_CBICA_AYI_1,0.21369009024198465,387.0,327.0,1,0
4,4,edad,Brats18_CBICA_AZH_1,-0.19835306520483678,401.0,394.0,1,2
4,4,edad,Brats18_CBICA_BHM_1,0.06801864577137014,436.0,350.0,1,1
4,4,edad,Brats18_TCIA01_147_1,0.04503168434629744,209.0,355.0,0,1
4,4,edad,Brats18_TCIA01_186_1,-0.9855628988937619,370.0,630.0,1,2
4,4,edad,Brats18_TCIA01_201_1,0.019311745422804335,430.0,355.0,1,1
4,4,edad,Brats18_TCIA01_378_1,0.5215805963654312,110.0,262.0,0,0
4,4,edad,Brats18_TCIA01_390_1,0.1258604298132872,634.0,336.0,2,1
4,4,edad,Brats18_TCIA01_425_1,-0.14994566923965966,558.0,385.0,2,1
4,4,edad,Brats18_TCIA02_118_1,-0.4826576011364342,104.0,464.0,0,2
4,4,edad,Brats18_TCIA02_135_1,0.34258928924283916,828.0,291.0,2,0
4,4,edad,Brats18_TCIA02_226_1,0.5003532231927668,329.0,265.0,1,0
4,4,edad,Brats18_TCIA02_300_1,0.1559231822959145,127.0,332.0,0,0
4,4,edad,Brats18_TCIA02_314_1,-0.7435259190678759,362.0,519.0,1,2
4,4,edad,Brats18_TCIA02_331_1,0.922130271099716,187.0,175.0,0,0
4,4,edad,Brats18_TCIA03_296_1,0.00800545494988594,22.0,355.0,0,1
4,4,edad,Brats18_TCIA03_498_1,-0.03486110992260284,467.0,368.0,2,1
4,4,edad,Brats18_TCIA04_361_1,0.5900173479697189,476.0,239.0,2,0
4,4,edad,Brats18_TCIA04_437_1,-0.49643480277230806,333.0,465.0,1,2
4,4,edad,Brats18_TCIA05_277_1,0.38013965131018074,232.0,287.0,0,0
4,4,edad,Brats18_TCIA08_280_1,-0.10674216193585874,508.0,376.0,2,1
4,4,edad,Brats18_TCIA08_319_1,0.17396832139507568,254.0,331.0,0,0
4,4,edad,Brats18_TCIA08_406_1,0.6937956168138576,82.0,210.0,0,0
4,4,coxnet,Brats18_CBICA_AAP_1,-0.791624462781793,788.0,600.0,2,2
4,4,coxnet,Brats18_CBICA_AME_1,-0.31743974717432955,359.0,434.0,1,2
4,4,coxnet,Brats18_CBICA_AMH_1,0.08988140439753209,169.0,346.0,0,1
4,4,coxnet,Brats18_CBICA_AOH_1,-0.12325088566667824,576.0,382.0,2,1
4,4,coxnet,Brats18_CBICA_AQP_1,-0.5151851812370661,1283.0,466.0,2,2
4,4,coxnet,Brats18_CBICA_ASK_1,0.6410752752240508,522.0,213.0,2,0
4,4,coxnet,Brats18_CBICA_ASV_1,-0.20449049034599265,597.0,405.0,2,2
4,4,coxnet,Brats18_CBICA_AXL_1,0.5397316762070441,168.0,262.0,0,0
4,4,coxnet,Brats18_CBICA_AXO_1,-0.1464622012893394,394.0,385.0,1,1
4,4,coxnet,Brats18_CBICA_AYI_1,0.21368756692034005,387.0,327.0,1,0
4,4,coxnet,Brats18_CBICA_AZH_1,-0.19835072298774026,401.0,394.0,1,2
4,4,coxnet,Brats18_CBICA_BHM_1,0.06801784258521906,436.0,350.0,1,1
4,4,coxnet,Brats18_TCIA01_147_1,0.04503115259761567,209.0,355.0,0,1
4,4,coxnet,Brats18_TCIA01_186_1,-0.9855512610485433,370.0,630.0,1,2
4,4,coxnet,Brats18_TCIA01_201_1,0.01931151738347339,430.0,355.0,1,1
4,4,coxnet,Brats18_TCIA01_378_1,0.5215744373731882,110.0,262.0,0,0
4,4,coxnet,Brats18_TCIA01_390_1,0.1258589436126572,634.0,336.0,2,1
4,4,coxnet,Brats18_TCIA01_425_1,-0.1499438986327387,558.0,385.0,2,1
4,4,coxnet,Brats18_TCIA02_118_1,-0.48265190175949757,104.0,464.0,0,2
4,4,coxnet,Brats18_TCIA02_135_1,0.34258524383779587,828.0,291.0,2,0
4,4,coxnet,Brats18_TCIA02_226_1,0.5003473148602063,329.0,265.0,1,0
4,4,coxnet,Brats18_TCIA02_300_1,0.15592134110458772,127.0,332.0,0,0
4,4,coxnet,Brats18_TCIA02_314_1,-0.7435171392735352,362.0,519.0,1,2
4,4,coxnet,Brats18_TCIA02_331_1,0.9221193822874665,187.0,175.0,0,0
4,4,coxnet,Brats18_TCIA03_296_1,0.008005360418886798,22.0,355.0,0,1
4,4,coxnet,Brats18_TCIA03_498_1,-0.03486069827135061,467.0,368.0,2,1
4,4,coxnet,Brats18_TCIA04_361_1,0.590010380854196,476.0,239.0,2,0
4,4,coxnet,Brats18_TCIA04_437_1,-0.49642894070972204,333.0,465.0,1,2
4,4,coxnet,Brats18_TCIA05_277_1,0.38013516249832685,232.0,287.0,0,0
4,4,coxnet,Brats18_TCIA08_280_1,-0.10674090148991425,508.0,376.0,2,1
4,4,coxnet,Brats18_TCIA08_319_1,0.17396626712091465,254.0,331.0,0,0
4,4,coxnet,Brats18_TCIA08_406_1,0.6937874242509977,82.0,210.0,0,0
4,4,genetico,Brats18_CBICA_AAP_1,-1.0814230442786132,788.0,621.0,2,2
4,4,genetico,Brats18_CBICA_AME_1,0.1834811784211426,359.0,336.0,1,1
4,4,genetico,Brats18_CBICA_AMH_1,0.2149544364206205,169.0,332.0,0,1
4,4,genetico,Brats18_CBICA_AOH_1,-0.8013436847266263,576.0,510.0,2,2
4,4,genetico,Brats18_CBICA_AQP_1,-0.4052434645397061,1283.0,448.0,2,2
4,4,genetico,Brats18_CBICA_ASK_1,0.548597273105672,522.0,269.0,2,0
4,4,genetico,Brats18_CBICA_ASV_1,0.37682453439290986,597.0,317.0,2,0
4,4,genetico,Brats18_CBICA_AXL_1,0.9326325277988967,168.0,203.0,0,0
4,4,genetico,Brats18_CBICA_AXO_1,1.2096406811204397,394.0,153.0,1,0
4,4,genetico,Brats18_CBICA_AYI_1,0.3359505488519058,387.0,318.0,1,0
4,4,genetico,Brats18_CBICA_AZH_1,-0.6379279951776697,401.0,486.0,1,2
4,4,genetico,Brats18_CBICA_BHM_1,0.09931756493243077,436.0,350.0,1,1
4,4,genetico,Brats18_TCIA01_147_1,-0.28898193079387346,209.0,424.0,0,1
4,4,genetico,Brats18_TCIA01_186_1,-1.4959841292231881,370.0,804.0,1,2
4,4,genetico,Brats18_TCIA01_201_1,0.02434559907312578,430.0,357.0,1,1
4,4,genetico,Brats18_TCIA01_378_1,0.6621411121933916,110.0,262.0,0,0
4,4,genetico,Brats18_TCIA01_390_1,0.10982392758959894,634.0,350.0,2,1
4,4,genetico,Brats18_TCIA01_425_1,-2.0097285989111637,558.0,1337.0,2,2
4,4,genetico,Brats18_TCIA02_118_1,1.1008739899596862,104.0,172.0,0,0
4,4,genetico,Brats18_TCIA02_135_1,-0.41787008796891745,828.0,448.0,2,2
4,4,genetico,Brats18_TCIA02_226_1,-0.44110550680852745,329.0,448.0,1,2
4,4,genetico,Brats18_TCIA02_300_1,1.0672755383771526,127.0,175.0,0,0
4,4,genetico,Brats18_TCIA02_314_1,-0.2955408894815072,362.0,424.0,1,1
4,4,genetico,Brats18_TCIA02_331_1,0.1604444963683993,187.0,345.0,0,1
4,4,genetico,Brats18_TCIA03_296_1,0.2501166185633944,22.0,331.0,0,1
4,4,genetico,Brats18_TCIA03_498_1,-0.4337778412717883,467.0,448.0,2,2
4,4,genetico,Brats18_TCIA04_361_1,0.37915032888399186,476.0,317.0,2,0
4,4,genetico,Brats18_TCIA04_437_1,-2.1380714035401964,333.0,1458.0,1,2
4,4,genetico,Brats18_TCIA05_277_1,-0.30140372472654453,232.0,425.0,0,1
4,4,genetico,Brats18_TCIA08_280_1,-1.4225159516029164,508.0,747.0,2,2
4,4,genetico,Brats18_TCIA08_319_1,0.13514968821634507,254.0,346.0,0,1
4,4,genetico,Brats18_TCIA08_406_1,0.09948404646080666,82.0,350.0,0,1
5,0,edad,Brats18_CBICA_ABB_1,0.28385184434099786,465.0,322.0,2,0
5,0,edad,Brats18_CBICA_ABN_1,0.2769855525035193,1278.0,327.0,2,0
5,0,edad,Brats18_CBICA_ANG_1,-0.13651046459387228,368.0,385.0,1,2
5,0,edad,Brats18_CBICA_ANP_1,0.05647194926141675,486.0,355.0,2,1
5,0,edad,Brats18_CBICA_ANZ_1,0.26919495214945727,287.0,327.0,0,0
5,0,edad,Brats18_CBICA_AQJ_1,0.20399819071185932,170.0,332.0,0,0
5,0,edad,Brats18_CBICA_AQN_1,0.10886043554064091,488.0,346.0,2,1
5,0,edad,Brats18_CBICA_AQR_1,0.3788245444199696,89.0,291.0,0,0
5,0,edad,Brats18_CBICA_AQT_1,0.5309393174348807,172.0,254.0,0,0
5,0,edad,Brats18_CBICA_ARZ_1,-0.16734275582562724,871.0,387.0,2,2
5,0,edad,Brats18_CBICA_ASA_1,0.1277427380937073,210.0,346.0,0,1
5,0,edad,Brats18_CBICA_ASH_1,-0.43984871312556095,660.0,453.0,2,2
5,0,edad,Brats18_CBICA_ASU_1,0.7061287923459344,85.0,208.0,0,0
5,0,edad,Brats18_CBICA_ASV_1,-0.16978557119088425,597.0,394.0,2,2
5,0,edad,Brats18_CBICA_ASW_1,0.27942836786877606,239.0,327.0,0,0
5,0,edad,Brats18_CBICA_AVG_1,0.11437327562169353,579.0,346.0,2,1
5,0,edad,Brats18_CBICA_AVV_1,0.4092937144487811,387.0,289.0,1,0
5,0,edad,Brats18_CBICA_AWI_1,-0.44047592247609985,375.0,453.0,1,2
5,0,edad,Brats18_CBICA_AXW_1,0.6376639400818446,191.0,229.0,0,0
5,0,edad,Brats18_CBICA_AZH_1,-0.16437176416517987,401.0,387.0,1,2
5,0,edad,Brats18_CBICA_BHM_1,0.07050163210241892,436.0,355.0,1,1
5,0,edad,Brats18_TCIA01_201_1,0.02755429709972793,430.0,357.0,1,1
5,0,edad,Brats18_TCIA01_203_1,-0.46110780900698517,268.0,464.0,0,2
5,0,edad,Brats18_TCIA02_151_1,-0.39353425424102956,1731.0,448.0,2,2
5,0,edad,Brats18_TCIA02_226_1,0.45171287315628134,329.0,269.0,1,0
5,0,edad,Brats18_TCIA02_300_1,0.14801150342164895,127.0,345.0,0,0
5,0,edad,Brats18_TCIA02_377_1,0.12767671605680836,812.0,346.0,2,1
5,0,edad,Brats18_TCIA03_138_1,0.39546209771847524,82.0,289.0,0,0
5,0,edad,Brats18_TCIA04_149_1,-0.7606497904169911,448.0,558.0,1,2
5,0,edad,Brats18_TCIA04_343_1,-0.2381844014180752,296.0,407.0,0,2
5,0,edad,Brats18_TCIA06_165_1,-0.26865357144688673,5.0,421.0,0,2
5,0,edad,Brats18_TCIA06_372_1,0.482842263554081,213.0,265.0,0,0
5,0,edad,Brats18_TCIA08_280_1,-0.0835938020194575,508.0,376.0,2,1
5,0,coxnet,Brats18_CBICA_ABB_1,0.40908996340623555,465.0,286.0,2,0
5,0,coxnet,Brats18_CBICA_ABN_1,0.2216014400029211,1278.0,331.0,2,0
5,0,coxnet,Brats18_CBICA_ANG_1,-0.1963388823844854,368.0,387.0,1,2
5,0,coxnet,Brats18_CBICA_ANP_1,0.07924700439246901,486.0,350.0,2,1
5,0,coxnet,Brats18_CBICA_ANZ_1,0.1350561491384518,287.0,345.0,0,0
5,0,coxnet,Brats18_CBICA_AQJ_1,0.3958626889508479,170.0,289.0,0,0
5,0,coxnet,Brats18_CBICA_AQN_1,0.03895599570378167,488.0,355.0,2,1
5,0,coxnet,Brats18_CBICA_AQR_1,0.2891789676004496,89.0,322.0,0,0
5,0,coxnet,Brats18_CBICA_AQT_1,0.5630522850697055,172.0,244.0,0,0
5,0,coxnet,Brats18_CBICA_ARZ_1,0.02186857880729012,871.0,355.0,2,1
5,0,coxnet,Brats18_CBICA_ASA_1,0.4198917054250277,210.0,286.0,0,0
5,0,coxnet,Brats18_CBICA_ASH_1,-0.6268845938046999,660.0,495.0,2,2
5,0,coxnet,Brats18_CBICA_ASU_1,0.6630625304557993,85.0,209.0,0,0
5,0,coxnet,Brats18_CBICA_ASV_1,-0.2387450067374346,597.0,394.0,2,2
5,0,coxnet,Brats18_CBICA_ASW_1,0.36190659836079325,239.0,291.0,0,0
5,0,coxnet,Brats18_CBICA_AVG_1,-0.05392678408165883,579.0,362.0,2,1
5,0,coxnet,Brats18_CBICA_AVV_1,0.5652012956239584,387.0,244.0,1,0
5,0,coxnet,Brats18_CBICA_AWI_1,-0.043734422365866145,375.0,362.0,1,1
5,0,coxnet,Brats18_CBICA_AXW_1,0.5190293494477355,191.0,262.0,0,0
5,0,coxnet,Brats18_CBICA_AZH_1,-0.29233724959209095,401.0,421.0,1,2
5,0,coxnet,Brats18_CBICA_BHM_1,0.12676490142443997,436.0,345.0,1,1
5,0,coxnet,Brats18_TCIA01_201_1,0.0850775864588959,430.0,350.0,1,1
5,0,coxnet,Brats18_TCIA01_203_1,-0.261742062842616,268.0,405.0,0,2
5,0,coxnet,Brats18_TCIA02_151_1,-0.526475014692402,1731.0,466.0,2,2
5,0,coxnet,Brats18_TCIA02_226_1,0.4408443652318203,329.0,269.0,1,0
5,0,coxnet,Brats18_TCIA02_300_1,0.31249881199400786,127.0,318.0,0,0
5,0,coxnet,Brats18_TCIA02_377_1,0.09198183722402131,812.0,346.0,2,1
5,0,coxnet,Brats18_TCIA03_138_1,0.43597851682394767,82.0,269.0,0,0
5,0,coxnet,Brats18_TCIA04_149_1,-0.8969766993145363,448.0,610.0,1,2
5,0,coxnet,Brats18_TCIA04_343_1,-0.12190386398929208,296.0,376.0,0,1
5,0,coxnet,Brats18_TCIA06_165_1,-0.3275244548676727,5.0,424.0,0,2
5,0,coxnet,Brats18_TCIA06_372_1,0.4957111368653439,213.0,262.0,0,0
5,0,coxnet,Brats18_TCIA08_280_1,-0.4115869372681218,508.0,439.0,2,2
5,0,genetico,Brats18_CBICA_ABB_1,1.0850278338386734,465.0,168.0,2,0
5,0,genetico,Brats18_CBICA_ABN_1,-0.05699561771094719,1278.0,370.0,2,1
5,0,genetico,Brats18_CBICA_ANG_1,-0.2143044053971887,368.0,394.0,1,1
5,0,genetico,Brats18_CBICA_ANP_1,0.31181705271083376,486.0,327.0,2,0
5,0,genetico,Brats18_CBICA_ANZ_1,-0.4155150067555774,287.0,438.0,0,2
5,0,genetico,Brats18_CBICA_AQJ_1,0.3352559008111933,170.0,322.0,0,0
5,0,genetico,Brats18_CBICA_AQN_1,-0.2247922866440658,488.0,394.0,2,1
5,0,genetico,Brats18_CBICA_AQR_1,-0.4587254918014805,89.0,439.0,0,2
5,0,genetico,Brats18_CBICA_AQT_1,0.1979133459341504,172.0,336.0,0,0
5,0,genetico,Brats18_CBICA_ARZ_1,-0.029567112319860034,871.0,362.0,2,1
5,0,genetico,Brats18_CBICA_ASA_1,0.48439500436046967,210.0,286.0,0,0
5,0,genetico,Brats18_CBICA_ASH_1,-0.27932727997827533,660.0,405.0,2,2
5,0,genetico,Brats18_CBICA_ASU_1,0.43080809335747083,85.0,291.0,0,0
5,0,genetico,Brats18_CBICA_ASV_1,-0.8533958639887059,597.0,522.0,2,2
5,0,genetico,Brats18_CBICA_ASW_1,0.7896585031653565,239.0,208.0,0,0
5,0,genetico,Brats18_CBICA_AVG_1,-0.9423708953078449,579.0,600.0,2,2
5,0,genetico,Brats18_CBICA_AVV_1,0.36595536217774755,387.0,318.0,1,0
5,0,genetico,Brats18_CBICA_AWI_1,0.8848344841732574,375.0,199.0,1,0
5,0,genetico,Brats18_CBICA_AXW_1,-0.40235213247134066,191.0,434.0,0,2
5,0,genetico,Brats18_CBICA_AZH_1,-1.2073388599040524,401.0,635.0,1,2
5,0,genetico,Brats18_CBICA_BHM_1,0.8303830511287718,436.0,208.0,1,0
5,0,genetico,Brats18_TCIA01_201_1,-0.09475955060136454,430.0,372.0,1,1
5,0,genetico,Brats18_TCIA01_203_1,-0.19853112747074464,268.0,387.0,0,1
5,0,genetico,Brats18_TCIA02_151_1,-0.08210610422741327,1731.0,372.0,2,1
5,0,genetico,Brats18_TCIA02_226_1,0.11562583832398571,329.0,350.0,1,1
5,0,genetico,Brats18_TCIA02_300_1,-0.2551232060953297,127.0,394.0,0,1
5,0,genetico,Brats18_TCIA02_377_1,0.08528676296141291,812.0,355.0,2,1
5,0,genetico,Brats18_TCIA03_138_1,0.41370286202341844,82.0,317.0,0,0
5,0,genetico,Brats18_TCIA04_149_1,-1.21203943592622,448.0,635.0,1,2
5,0,genetico,Brats18_TCIA04_343_1,0.2293116125927728,296.0,333.0,0,0
5,0,genetico,Brats18_TCIA06_165_1,-0.16703384461129625,5.0,385.0,0,1
5,0,genetico,Brats18_TCIA06_372_1,0.39255892348528026,213.0,317.0,0,0
5,0,genetico,Brats18_TCIA08_280_1,-0.8150924774471933,508.0,515.0,2,2
5,1,edad,Brats18_2013_11_1,-1.1048654830252878,150.0,698.0,0,2
5,1,edad,Brats18_CBICA_AAP_1,-0.7606358514681261,788.0,522.0,2,2
5,1,edad,Brats18_CBICA_ABO_1,-0.16024096434022964,1155.0,394.0,2,1
5,1,edad,Brats18_CBICA_AOD_1,-0.016223701921561626,55.0,368.0,0,1
5,1,edad,Brats18_CBICA_AOO_1,-0.5843686879023658,350.0,486.0,1,2
5,1,edad,Brats18_CBICA_AOP_1,0.2347165160169723,332.0,327.0,1,0
5,1,edad,Brats18_CBICA_AQO_1,0.23565079426908767,473.0,327.0,2,0
5,1,edad,Brats18_CBICA_AQP_1,-0.5051280509636947,1283.0,466.0,2,2
5,1,edad,Brats18_CBICA_AQY_1,-0.11529179954401376,229.0,387.0,0,1
5,1,edad,Brats18_CBICA_ASE_1,-0.49260180180570384,318.0,465.0,1,2
5,1,edad,Brats18_CBICA_ATV_1,0.038379671479845674,453.0,355.0,2,1
5,1,edad,Brats18_CBICA_AUN_1,0.25793506072695,376.0,317.0,1,0
5,1,edad,Brats18_CBICA_AZD_1,-0.5118410132196344,448.0,466.0,1,2
5,1,edad,Brats18_TCIA01_147_1,0.012669718097560605,209.0,359.0,0,1
5,1,edad,Brats18_TCIA01_150_1,-0.34377473653355334,1489.0,434.0,2,2
5,1,edad,Brats18_TCIA01_190_1,0.016476036902475164,322.0,359.0,1,1
5,1,edad,Brats18_TCIA01_390_1,0.08737737536856124,634.0,346.0,2,1
5,1,edad,Brats18_TCIA01_448_1,-0.5744376561113621,199.0,486.0,0,2
5,1,edad,Brats18_TCIA01_460_1,-1.4559118855330688,630.0,946.0,2,2
5,1,edad,Brats18_TCIA02_198_1,-0.23429116654492646,394.0,407.0,1,2
5,1,edad,Brats18_TCIA02_274_1,-0.21048437256509878,357.0,405.0,1,2
5,1,edad,Brats18_TCIA02_290_1,-0.6207017310401843,737.0,495.0,2,2
5,1,edad,Brats18_TCIA02_321_1,0.6976340884910083,67.0,210.0,0,0
5,1,edad,Brats18_TCIA02_331_1,0.8233464177478607,187.0,191.0,0,0
5,1,edad,Brats18_TCIA02_394_1,0.11063052297676507,616.0,345.0,2,0
5,1,edad,Brats18_TCIA02_473_1,-0.0009638238036779532,175.0,362.0,0,1
5,1,edad,Brats18_TCIA02_491_1,0.6942084015665853,82.0,210.0,0,0
5,1,edad,Brats18_TCIA03_133_1,0.09384811733691552,382.0,346.0,1,1
5,1,edad,Brats18_TCIA03_498_1,-0.06117286671777749,467.0,370.0,2,1
5,1,edad,Brats18_TCIA04_479_1,-0.16089841940653296,372.0,394.0,1,1
5,1,edad,Brats18_TCIA06_409_1,0.28430246917553836,99.0,296.0,0,0
5,1,edad,Brats18_TCIA08_242_1,0.18786419181829953,147.0,331.0,0,0
5,1,edad,Brats18_TCIA08_469_1,0.0985887143939452,519.0,346.0,2,0
5,1,coxnet,Brats18_2013_11_1,-1.4317663012701654,150.0,812.0,0,2
5,1,coxnet,Brats18_CBICA_AAP_1,-0.7096732063533178,788.0,495.0,2,2
5,1,coxnet,Brats18_CBICA_ABO_1,0.47725364558128336,1155.0,265.0,2,0
5,1,coxnet,Brats18_CBICA_AOD_1,0.9238068192091522,55.0,172.0,0,0
5,1,coxnet,Brats18_CBICA_AOO_1,-0.5368356816335709,350.0,464.0,1,2
5,1,coxnet,Brats18_CBICA_AOP_1,0.09459113173714764,332.0,345.0,1,0
5,1,coxnet,Brats18_CBICA_AQO_1,0.1517261134404613,473.0,333.0,2,0
5,1,coxnet,Brats18_CBICA_AQP_1,-0.11990129871720313,1283.0,385.0,2,1
5,1,coxnet,Brats18_CBICA_AQY_1,0.1594791074982179,229.0,333.0,0,0
5,1,coxnet,Brats18_CBICA_ASE_1,-0.7137481220899106,318.0,495.0,1,2
5,1,coxnet,Brats18_CBICA_ATV_1,0.017719104580240452,453.0,355.0,2,1
5,1,coxnet,Brats18_CBICA_AUN_1,0.4568617148454997,376.0,268.0,1,0
5,1,coxnet,Brats18_CBICA_AZD_1,-0.5405172384217847,448.0,464.0,1,2
5,1,coxnet,Brats18_TCIA01_147_1,-0.13267917165965223,209.0,385.0,0,1
5,1,coxnet,Brats18_TCIA01_150_1,-0.7601382171155753,1489.0,503.0,2,2
5,1,coxnet,Brats18_TCIA01_190_1,-0.2554068866871042,322.0,405.0,1,2
5,1,coxnet,Brats18_TCIA01_390_1,-0.00876989268035661,634.0,359.0,2,1
5,1,coxnet,Brats18_TCIA01_448_1,-0.5642830047771312,199.0,465.0,0,2
5,1,coxnet,Brats18_TCIA01_460_1,-1.061329716179297,630.0,614.0,2,2
5,1,coxnet,Brats18_TCIA02_198_1,-0.5649942162165694,394.0,465.0,1,2
5,1,coxnet,Brats18_TCIA02_274_1,-0.14169274060509573,357.0,387.0,1,1
5,1,coxnet,Brats18_TCIA02_290_1,-0.3617036149817294,737.0,430.0,2,2
5,1,coxnet,Brats18_TCIA02_321_1,0.8375959741633324,67.0,191.0,0,0
5,1,coxnet,Brats18_TCIA02_331_1,0.7302467093209446,187.0,208.0,0,0
5,1,coxnet,Brats18_TCIA02_394_1,0.31069182808016144,616.0,291.0,2,0
5,1,coxnet,Brats18_TCIA02_473_1,-0.21080472946698034,175.0,394.0,0,1
5,1,coxnet,Brats18_TCIA02_491_1,0.9703876167131563,82.0,170.0,0,0
5,1,coxnet,Brats18_TCIA03_133_1,-0.2430319934850511,382.0,405.0,1,2
5,1,coxnet,Brats18_TCIA03_498_1,-0.3410686474053919,467.0,425.0,2,2
5,1,coxnet,Brats18_TCIA04_479_1,-0.1360235248336017,372.0,385.0,1,1
5,1,coxnet,Brats18_TCIA06_409_1,-0.010607106540682169,99.0,359.0,0,1
5,1,coxnet,Brats18_TCIA08_242_1,0.25922615841334906,147.0,317.0,0,0
5,1,coxnet,Brats18_TCIA08_469_1,0.505725032964475,519.0,262.0,2,0
5,1,genetico,Brats18_2013_11_1,-1.1703228251295552,150.0,621.0,0,2
5,1,genetico,Brats18_CBICA_AAP_1,-0.4857302249824981,788.0,439.0,2,2
5,1,genetico,Brats18_CBICA_ABO_1,0.7224224950845686,1155.0,232.0,2,0
5,1,genetico,Brats18_CBICA_AOD_1,0.9835472856150629,55.0,180.0,0,0
5,1,genetico,Brats18_CBICA_AOO_1,-0.5020842056045544,350.0,448.0,1,2
5,1,genetico,Brats18_CBICA_AOP_1,0.13480617708139153,332.0,345.0,1,0
5,1,genetico,Brats18_CBICA_AQO_1,0.10095191210320041,473.0,346.0,2,0
5,1,genetico,Brats18_CBICA_AQP_1,0.026930076142641833,1283.0,355.0,2,1
5,1,genetico,Brats18_CBICA_AQY_1,0.27150772321691885,229.0,327.0,0,0
5,1,genetico,Brats18_CBICA_ASE_1,-0.5899486205995988,318.0,466.0,1,2
5,1,genetico,Brats18_CBICA_ATV_1,-0.29072685010467275,453.0,421.0,2,1
5,1,genetico,Brats18_CBICA_AUN_1,0.7823469436057546,376.0,213.0,1,0
5,1,genetico,Brats18_CBICA_AZD_1,-0.9449030493078586,448.0,576.0,1,2
5,1,genetico,Brats18_TCIA01_147_1,0.03881783365198779,209.0,355.0,0,1
5,1,genetico,Brats18_TCIA01_150_1,-0.5865788516533652,1489.0,466.0,2,2
5,1,genetico,Brats18_TCIA01_190_1,-0.206484369982064,322.0,394.0,1,1
5,1,genetico,Brats18_TCIA01_390_1,0.46805717817006254,634.0,286.0,2,0
5,1,genetico,Brats18_TCIA01_448_1,-0.27923061227547835,199.0,407.0,0,1
5,1,genetico,Brats18_TCIA01_460_1,-0.06692422839063955,630.0,370.0,2,1
5,1,genetico,Brats18_TCIA02_198_1,-0.41786337293471987,394.0,436.0,1,2
5,1,genetico,Brats18_TCIA02_274_1,-0.24144209287500049,357.0,405.0,1,1
5,1,genetico,Brats18_TCIA02_290_1,0.4823800549277104,737.0,269.0,2,0
5,1,genetico,Brats18_TCIA02_321_1,0.8269516760280186,67.0,208.0,0,0
5,1,genetico,Brats18_TCIA02_331_1,0.8752566459731932,187.0,208.0,0,0
5,1,genetico,Brats18_TCIA02_394_1,0.9233686320158568,616.0,203.0,2,0
5,1,genetico,Brats18_TCIA02_473_1,-0.25963731710919896,175.0,405.0,0,1
5,1,genetico,Brats18_TCIA02_491_1,3.7441632292526097,82.0,22.0,0,0
5,1,genetico,Brats18_TCIA03_133_1,-0.36688121400841733,382.0,430.0,1,2
5,1,genetico,Brats18_TCIA03_498_1,-0.6897632283516054,467.0,486.0,2,2
5,1,genetico,Brats18_TCIA04_479_1,-0.43913191317575295,372.0,438.0,1,2
5,1,genetico,Brats18_TCIA06_409_1,0.20820873715660196,99.0,331.0,0,0
5,1,genetico,Brats18_TCIA08_242_1,0.523683584021555,147.0,268.0,0,0
5,1,genetico,Brats18_TCIA08_469_1,0.5813392962407264,519.0,262.0,2,0
5,2,edad,Brats18_CBICA_ABE_1,0.2862556777680859,269.0,322.0,0,0
5,2,edad,Brats18_CBICA_ALX_1,0.01052182507363462,698.0,362.0,2,1
5,2,edad,Brats18_CBICA_AME_1,-0.28472447300185777,359.0,407.0,1,2
5,2,edad,Brats18_CBICA_AMH_1,0.11887895997481737,169.0,336.0,0,1
5,2,edad,Brats18_CBICA_ANI_1,-0.042710796830917504,439.0,370.0,1,1
5,2,edad,Brats18_CBICA_AOH_1,-0.09230802016637855,576.0,375.0,2,1
5,2,edad,Brats18_CBICA_APR_1,0.12221759131377896,23.0,336.0,0,1
5,2,edad,Brats18_CBICA_AQD_1,0.5054924690265555,32.0,265.0,0,0
5,2,edad,Brats18_CBICA_AQU_1,0.4996684121352563,30.0,265.0,0,0
5,2,edad,Brats18_CBICA_ASG_1,-0.06303935209481629,208.0,372.0,0,1
5,2,edad,Brats18_CBICA_ASY_1,0.263404601048083,610.0,327.0,2,0
5,2,edad,Brats18_CBICA_AXJ_1,-1.1721697788015824,1767.0,734.0,2,2
5,2,edad,Brats18_CBICA_AXL_1,0.5646233396299396,168.0,244.0,0,0
5,2,edad,Brats18_CBICA_AXN_1,0.9775749403557072,345.0,180.0,1,0
5,2,edad,Brats18_CBICA_AYI_1,0.24155511372976857,387.0,329.0,1,0
5,2,edad,Brats18_CBICA_AYU_1,0.1621698796700178,58.0,333.0,0,0
5,2,edad,Brats18_TCIA01_231_1,0.16306018136040756,1561.0,333.0,2,0
5,2,edad,Brats18_TCIA01_335_1,-0.18308169668236435,355.0,387.0,1,2
5,2,edad,Brats18_TCIA01_378_1,0.5466318263033139,110.0,254.0,0,0
5,2,edad,Brats18_TCIA01_401_1,0.7190164911050246,448.0,210.0,1,0
5,2,edad,Brats18_TCIA01_429_1,-0.1640885939540502,86.0,385.0,0,1
5,2,edad,Brats18_TCIA02_135_1,0.36927631039692776,828.0,291.0,2,0
5,2,edad,Brats18_TCIA02_283_1,0.5722650958057849,262.0,244.0,0,0
5,2,edad,Brats18_TCIA02_368_1,0.11694997297897299,317.0,336.0,1,1
5,2,edad,Brats18_TCIA03_121_1,-1.075831716720661,747.0,630.0,2,2
5,2,edad,Brats18_TCIA03_257_1,0.3678666660538103,425.0,291.0,1,0
5,2,edad,Brats18_TCIA03_296_1,0.03775021843805377,22.0,357.0,0,1
5,2,edad,Brats18_TCIA03_338_1,0.6312104868903378,468.0,232.0,2,0
5,2,edad,Brats18_TCIA03_375_1,0.02191026752986993,946.0,357.0,2,1
5,2,edad,Brats18_TCIA03_474_1,0.07414130003273384,635.0,350.0,2,1
5,2,edad,Brats18_TCIA04_192_1,0.6140350834465695,121.0,232.0,0,0
5,2,edad,Brats18_TCIA04_361_1,0.614443138387998,476.0,232.0,2,0
5,2,edad,Brats18_TCIA06_184_1,0.06520118722507036,434.0,355.0,1,1
5,2,coxnet,Brats18_CBICA_ABE_1,0.41917151271123393,269.0,287.0,0,0
5,2,coxnet,Brats18_CBICA_ALX_1,-0.46871249735326626,698.0,448.0,2,2
5,2,coxnet,Brats18_CBICA_AME_1,-0.16037669526115692,359.0,382.0,1,1
5,2,coxnet,Brats18_CBICA_AMH_1,0.09008631804197925,169.0,346.0,0,1
5,2,coxnet,Brats18_CBICA_ANI_1,-0.022529024585549003,439.0,362.0,1,1
5,2,coxnet,Brats18_CBICA_AOH_1,-0.19570052650853614,576.0,385.0,2,1
5,2,coxnet,Brats18_CBICA_APR_1,0.1706447582413147,23.0,331.0,0,1
5,2,coxnet,Brats18_CBICA_AQD_1,0.42343809151683187,32.0,286.0,0,0
5,2,coxnet,Brats18_CBICA_AQU_1,0.786222962143056,30.0,208.0,0,0
5,2,coxnet,Brats18_CBICA_ASG_1,0.23243476162953627,208.0,327.0,0,0
5,2,coxnet,Brats18_CBICA_ASY_1,0.3070883128563126,610.0,296.0,2,0
5,2,coxnet,Brats18_CBICA_AXJ_1,-1.0026067909136995,1767.0,614.0,2,2
5,2,coxnet,Brats18_CBICA_AXL_1,0.7149195638174728,168.0,210.0,0,0
5,2,coxnet,Brats18_CBICA_AXN_1,1.0941417239632307,345.0,170.0,1,0
5,2,coxnet,Brats18_CBICA_AYI_1,0.04085546942700332,387.0,350.0,1,1
5,2,coxnet,Brats18_CBICA_AYU_1,0.09253174501110076,58.0,336.0,0,1
5,2,coxnet,Brats18_TCIA01_231_1,0.2034370502620121,1561.0,329.0,2,0
5,2,coxnet,Brats18_TCIA01_335_1,-0.22417271955099652,355.0,387.0,1,2
5,2,coxnet,Brats18_TCIA01_378_1,0.6063893608980876,110.0,239.0,0,0
5,2,coxnet,Brats18_TCIA01_401_1,0.7710419111871372,448.0,209.0,1,0
5,2,coxnet,Brats18_TCIA01_429_1,-0.08899337657923817,86.0,372.0,0,1
5,2,coxnet,Brats18_TCIA02_135_1,0.47288545197601195,828.0,268.0,2,0
5,2,coxnet,Brats18_TCIA02_283_1,0.4858242938817068,262.0,265.0,0,0
5,2,coxnet,Brats18_TCIA02_368_1,0.3186892938548844,317.0,296.0,1,0
5,2,coxnet,Brats18_TCIA03_121_1,-1.105124801498552,747.0,626.0,2,2
5,2,coxnet,Brats18_TCIA03_257_1,0.5434140712115075,425.0,254.0,1,0
5,2,coxnet,Brats18_TCIA03_296_1,0.42323294691634084,22.0,286.0,0,0
5,2,coxnet,Brats18_TCIA03_338_1,0.572077778614018,468.0,244.0,2,0
5,2,coxnet,Brats18_TCIA03_375_1,-0.12828912359256983,946.0,375.0,2,1
5,2,coxnet,Brats18_TCIA03_474_1,0.32866353182710023,635.0,296.0,2,0
5,2,coxnet,Brats18_TCIA04_192_1,0.5114916203788185,121.0,265.0,0,0
5,2,coxnet,Brats18_TCIA04_361_1,0.6719622788652567,476.0,229.0,2,0
5,2,coxnet,Brats18_TCIA06_184_1,0.3036708058649799,434.0,318.0,1,0
5,2,genetico,Brats18_CBICA_ABE_1,0.2906105572738331,269.0,322.0,0,0
5,2,genetico,Brats18_CBICA_ALX_1,-0.27038623355376934,698.0,394.0,2,2
5,2,genetico,Brats18_CBICA_AME_1,-0.2776173758588918,359.0,394.0,1,2
5,2,genetico,Brats18_CBICA_AMH_1,-0.04290086844381651,169.0,368.0,0,1
5,2,genetico,Brats18_CBICA_ANI_1,-0.3913469200605947,439.0,424.0,1,2
5,2,genetico,Brats18_CBICA_AOH_1,-0.5200276259715196,576.0,448.0,2,2
5,2,genetico,Brats18_CBICA_APR_1,0.11921645623256424,23.0,336.0,0,1
5,2,genetico,Brats18_CBICA_AQD_1,-0.04764903244526242,32.0,368.0,0,1
5,2,genetico,Brats18_CBICA_AQU_1,1.331178341180421,30.0,150.0,0,0
5,2,genetico,Brats18_CBICA_ASG_1,0.5502769577939469,208.0,265.0,0,0
5,2,genetico,Brats18_CBICA_ASY_1,0.6661727911415276,610.0,232.0,2,0
5,2,genetico,Brats18_CBICA_AXJ_1,-1.2787125622157112,1767.0,726.0,2,2
5,2,genetico,Brats18_CBICA_AXL_1,0.8975374757775365,168.0,203.0,0,0
5,2,genetico,Brats18_CBICA_AXN_1,1.4282680838115853,345.0,139.0,1,0
5,2,genetico,Brats18_CBICA_AYI_1,-0.48657285700549685,387.0,448.0,1,2
5,2,genetico,Brats18_CBICA_AYU_1,-0.18090359221831137,58.0,382.0,0,1
5,2,genetico,Brats18_TCIA01_231_1,0.2072358226911936,1561.0,331.0,2,0
5,2,genetico,Brats18_TCIA01_335_1,-0.30986266798243345,355.0,405.0,1,2
5,2,genetico,Brats18_TCIA01_378_1,0.9077845919559543,110.0,203.0,0,0
5,2,genetico,Brats18_TCIA01_401_1,0.9910941246247469,448.0,187.0,1,0
5,2,genetico,Brats18_TCIA01_429_1,-0.27106488518816524,86.0,394.0,0,2
5,2,genetico,Brats18_TCIA02_135_1,0.36149442926803643,828.0,296.0,2,0
5,2,genetico,Brats18_TCIA02_283_1,0.4704723388078555,262.0,286.0,0,0
5,2,genetico,Brats18_TCIA02_368_1,0.5083450644076226,317.0,268.0,1,0
5,2,genetico,Brats18_TCIA03_121_1,-1.7022873703943635,747.0,1282.0,2,2
5,2,genetico,Brats18_TCIA03_257_1,0.846518007173894,425.0,208.0,1,0
5,2,genetico,Brats18_TCIA03_296_1,0.8424194074811105,22.0,208.0,0,0
5,2,genetico,Brats18_TCIA03_338_1,0.2526298674247869,468.0,327.0,2,0
5,2,genetico,Brats18_TCIA03_375_1,-0.13424184233364256,946.0,376.0,2,1
5,2,genetico,Brats18_TCIA03_474_1,0.5178822028772007,635.0,268.0,2,0
5,2,genetico,Brats18_TCIA04_192_1,0.27596109598207713,121.0,327.0,0,0
5,2,genetico,Brats18_TCIA04_361_1,0.6870280695657479,476.0,232.0,2,0
5,2,genetico,Brats18_TCIA06_184_1,1.1108012916404901,434.0,172.0,1,0
5,3,edad,Brats18_2013_27_1,0.2671736851645764,120.0,329.0,0,0
5,3,edad,Brats18_CBICA_AAL_1,-0.23400432143125324,464.0,424.0,2,2
5,3,edad,Brats18_CBICA_ABM_1,0.33629160837175737,503.0,318.0,2,0
5,3,edad,Brats18_CBICA_ALU_1,0.18969000909563896,495.0,345.0,2,0
5,3,edad,Brats18_CBICA_AOZ_1,-0.5129236362762976,331.0,467.0,1,2
5,3,edad,Brats18_CBICA_APZ_1,-0.023508828027566965,336.0,375.0,1,1
5,3,edad,Brats18_CBICA_AQZ_1,0.09638811910032222,286.0,355.0,0,1
5,3,edad,Brats18_CBICA_ARF_1,0.5335626365529277,726.0,268.0,2,0
5,3,edad,Brats18_CBICA_ARW_1,-0.595119898018452,495.0,486.0,2,2
5,3,edad,Brats18_CBICA_ASN_1,-0.775147977069713,407.0,576.0,1,2
5,3,edad,Brats18_CBICA_ASO_1,-0.30535067662344345,265.0,434.0,0,2
5,3,edad,Brats18_CBICA_ATD_1,0.30947736120787195,355.0,322.0,1,0
5,3,edad,Brats18_CBICA_ATP_1,-0.33307821558446354,385.0,438.0,1,2
5,3,edad,Brats18_CBICA_AUQ_1,0.003999520902140735,1337.0,370.0,2,1
5,3,edad,Brats18_CBICA_AUR_1,0.3487123768127936,12.0,318.0,0,0
5,3,edad,Brats18_CBICA_AWG_1,-0.18903383334032356,180.0,405.0,0,2
5,3,edad,Brats18_CBICA_AWH_1,-0.29015350111911603,139.0,434.0,0,2
5,3,edad,Brats18_CBICA_AXO_1,-0.16094097766044924,394.0,401.0,1,2
5,3,edad,Brats18_CBICA_AXQ_1,0.20368163942774778,114.0,333.0,0,0
5,3,edad,Brats18_CBICA_BHB_1,-0.18673233801154315,510.0,405.0,2,2
5,3,edad,Brats18_TCIA01_411_1,-0.6503557859091796,822.0,508.0,2,2
5,3,edad,Brats18_TCIA02_118_1,-0.4889953911913592,104.0,466.0,0,2
5,3,edad,Brats18_TCIA02_314_1,-0.7435480808888402,362.0,558.0,1,2
5,3,edad,Brats18_TCIA02_322_1,-0.12218087379003777,621.0,387.0,2,1
5,3,edad,Brats18_TCIA02_471_1,0.5811268733477213,111.0,244.0,0,0
5,3,edad,Brats18_TCIA03_199_1,-0.43405175667571444,1282.0,448.0,2,2
5,3,edad,Brats18_TCIA05_277_1,0.3529135190796152,232.0,317.0,0,0
5,3,edad,Brats18_TCIA05_478_1,-0.05302641891097176,30.0,376.0,0,1
5,3,edad,Brats18_TCIA08_105_1,0.21628506622821142,77.0,333.0,0,0
5,3,edad,Brats18_TCIA08_278_1,-0.37282467459578095,1458.0,439.0,2,2
5,3,edad,Brats18_TCIA08_319_1,0.15173360200670624,254.0,346.0,0,0
5,3,edad,Brats18_TCIA08_406_1,0.6589758661355131,82.0,229.0,0,0
5,3,coxnet,Brats18_2013_27_1,0.2671698403212527,120.0,329.0,0,0
5,3,coxnet,Brats18_CBICA_AAL_1,-0.2340009539216406,464.0,424.0,2,2
5,3,coxnet,Brats18_CBICA_ABM_1,0.3362867688661582,503.0,318.0,2,0
5,3,coxnet,Brats18_CBICA_ALU_1,0.18968727930447482,495.0,345.0,2,0
5,3,coxnet,Brats18_CBICA_AOZ_1,-0.5129162548943422,331.0,467.0,1,2
5,3,coxnet,Brats18_CBICA_APZ_1,-0.023508489716702028,336.0,375.0,1,1
5,3,coxnet,Brats18_CBICA_AQZ_1,0.09638673199808583,286.0,355.0,0,1
5,3,coxnet,Brats18_CBICA_ARF_1,0.5335549581592277,726.0,268.0,2,0
5,3,coxnet,Brats18_CBICA_ARW_1,-0.5951113337664546,495.0,486.0,2,2
5,3,coxnet,Brats18_CBICA_ASN_1,-0.7751368220694634,407.0,576.0,1,2
5,3,coxnet,Brats18_CBICA_ASO_1,-0.3053462823826343,265.0,434.0,0,2
5,3,coxnet,Brats18_CBICA_ATD_1,0.30947290758076657,355.0,322.0,1,0
5,3,coxnet,Brats18_CBICA_ATP_1,-0.3330734223221602,385.0,438.0,1,2
5,3,coxnet,Brats18_CBICA_AUQ_1,0.0039994633458316,1337.0,370.0,2,1
5,3,coxnet,Brats18_CBICA_AUR_1,0.34870735856238816,12.0,318.0,0,0
5,3,coxnet,Brats18_CBICA_AWG_1,-0.18903111299205397,180.0,405.0,0,2
5,3,coxnet,Brats18_CBICA_AWH_1,-0.2901493255778347,139.0,434.0,0,2
5,3,coxnet,Brats18_CBICA_AXO_1,-0.160938661590874,394.0,401.0,1,2
5,3,coxnet,Brats18_CBICA_AXQ_1,0.20367870828581647,114.0,333.0,0,0
5,3,coxnet,Brats18_CBICA_BHB_1,-0.18672965078363474,510.0,405.0,2,2
5,3,coxnet,Brats18_TCIA01_411_1,-0.650346426768514,822.0,508.0,2,2
5,3,coxnet,Brats18_TCIA02_118_1,-0.4889883541560161,104.0,466.0,0,2
5,3,coxnet,Brats18_TCIA02_314_1,-0.7435373806364068,362.0,558.0,1,2
5,3,coxnet,Brats18_TCIA02_322_1,-0.12217911550940234,621.0,387.0,2,1
5,3,coxnet,Brats18_TCIA02_471_1,0.5811185104665569,111.0,244.0,0,0
5,3,coxnet,Brats18_TCIA03_199_1,-0.4340455103232795,1282.0,448.0,2,2
5,3,coxnet,Brats18_TCIA05_277_1,0.3529084403714076,232.0,317.0,0,0
5,3,coxnet,Brats18_TCIA05_478_1,-0.05302565581833172,30.0,376.0,0,1
5,3,coxnet,Brats18_TCIA08_105_1,0.21628195371287368,77.0,333.0,0,0
5,3,coxnet,Brats18_TCIA08_278_1,-0.37281930935009727,1458.0,439.0,2,2
5,3,coxnet,Brats18_TCIA08_319_1,0.15173141843864152,254.0,346.0,0,0
5,3,coxnet,Brats18_TCIA08_406_1,0.6589663829449889,82.0,229.0,0,0
5,3,genetico,Brats18_2013_27_1,0.5491105248609232,120.0,269.0,0,0
5,3,genetico,Brats18_CBICA_AAL_1,-1.4173723224529535,464.0,747.0,2,2
5,3,genetico,Brats18_CBICA_ABM_1,0.40102869127897456,503.0,317.0,2,0
5,3,genetico,Brats18_CBICA_ALU_1,0.541234590213767,495.0,269.0,2,0
5,3,genetico,Brats18_CBICA_AOZ_1,0.6950947470260734,331.0,229.0,1,0
5,3,genetico,Brats18_CBICA_APZ_1,-0.425827065335058,336.0,448.0,1,2
5,3,genetico,Brats18_CBICA_AQZ_1,0.7914281902583338,286.0,210.0,0,0
5,3,genetico,Brats18_CBICA_ARF_1,1.4542403495793763,726.0,127.0,2,0
5,3,genetico,Brats18_CBICA_ARW_1,-0.3349304158281029,495.0,436.0,2,2
5,3,genetico,Brats18_CBICA_ASN_1,-0.34785418059415585,407.0,438.0,1,2
5,3,genetico,Brats18_CBICA_ASO_1,-0.4904031958769952,265.0,453.0,0,2
5,3,genetico,Brats18_CBICA_ATD_1,-0.3514923687341838,355.0,438.0,1,2
5,3,genetico,Brats18_CBICA_ATP_1,-0.015971537563773494,385.0,375.0,1,1
5,3,genetico,Brats18_CBICA_AUQ_1,-0.10962010014575871,1337.0,387.0,2,1
5,3,genetico,Brats18_CBICA_AUR_1,0.20896494426420836,12.0,345.0,0,1
5,3,genetico,Brats18_CBICA_AWG_1,0.4623153702197146,180.0,291.0,0,0
5,3,genetico,Brats18_CBICA_AWH_1,-1.0444878703221154,139.0,616.0,0,2
5,3,genetico,Brats18_CBICA_AXO_1,-0.10421742463648889,394.0,387.0,1,1
5,3,genetico,Brats18_CBICA_AXQ_1,0.7145992479166517,114.0,229.0,0,0
5,3,genetico,Brats18_CBICA_BHB_1,0.10649778831888361,510.0,357.0,2,1
5,3,genetico,Brats18_TCIA01_411_1,0.3394156074817558,822.0,322.0,2,0
5,3,genetico,Brats18_TCIA02_118_1,-0.03652632905167701,104.0,376.0,0,1
5,3,genetico,Brats18_TCIA02_314_1,-0.14246663502765378,362.0,394.0,1,1
5,3,genetico,Brats18_TCIA02_322_1,0.5430824848944397,621.0,269.0,2,0
5,3,genetico,Brats18_TCIA02_471_1,0.573833255859266,111.0,268.0,0,0
5,3,genetico,Brats18_TCIA03_199_1,-1.2143304712227043,1282.0,635.0,2,2
5,3,genetico,Brats18_TCIA05_277_1,-0.2736465231378311,232.0,430.0,0,2
5,3,genetico,Brats18_TCIA05_478_1,-0.06759862532359712,30.0,382.0,0,1
5,3,genetico,Brats18_TCIA08_105_1,0.5327651255521607,77.0,287.0,0,0
5,3,genetico,Brats18_TCIA08_278_1,0.02809311819350495,1458.0,370.0,2,1
5,3,genetico,Brats18_TCIA08_319_1,-0.03324737475459802,254.0,376.0,0,1
5,3,genetico,Brats18_TCIA08_406_1,0.2946159394238853,82.0,329.0,0,0
5,4,edad,Brats18_CBICA_AAB_1,-0.004891559673849584,289.0,368.0,0,1
5,4,edad,Brats18_CBICA_AAG_1,-0.2919606921940142,616.0,430.0,2,2
5,4,edad,Brats18_CBICA_ABY_1,-0.42835353857188757,515.0,448.0,2,2
5,4,edad,Brats18_CBICA_ALN_1,0.011877478677023413,421.0,362.0,1,1
5,4,edad,Brats18_CBICA_APY_1,-0.5270423049833928,203.0,468.0,0,2
5,4,edad,Brats18_CBICA_AQA_1,0.5518825236920891,106.0,254.0,0,0
5,4,edad,Brats18_CBICA_AQG_1,-0.24497937806693368,466.0,401.0,2,2
5,4,edad,Brats18_CBICA_AQQ_1,0.32870377737305884,33.0,317.0,0,0
5,4,edad,Brats18_CBICA_AQV_1,-0.25348642675015304,84.0,407.0,0,2
5,4,edad,Brats18_CBICA_ASK_1,0.5858407015633769,522.0,239.0,2,0
5,4,edad,Brats18_CBICA_ATB_1,0.3684033378947498,208.0,287.0,0,0
5,4,edad,Brats18_CBICA_ATF_1,0.2843831039864088,152.0,322.0,0,0
5,4,edad,Brats18_CBICA_ATX_1,-0.8338561924720175,1592.0,597.0,2,2
5,4,edad,Brats18_CBICA_AVJ_1,-0.5376848679451159,614.0,468.0,2,2
5,4,edad,Brats18_CBICA_AXM_1,0.22164799600151427,438.0,331.0,1,0
5,4,edad,Brats18_CBICA_AYA_1,0.4982846161447265,50.0,265.0,0,0
5,4,edad,Brats18_CBICA_AYW_1,-0.37559583336360836,734.0,448.0,2,2
5,4,edad,Brats18_TCIA01_186_1,-0.9352406080547487,370.0,621.0,1,2
5,4,edad,Brats18_TCIA01_235_1,-0.09206255235375327,804.0,376.0,2,1
5,4,edad,Brats18_TCIA01_412_1,0.28553838220264854,291.0,322.0,0,0
5,4,edad,Brats18_TCIA01_425_1,-0.15385243270717894,558.0,387.0,2,2
5,4,edad,Brats18_TCIA01_499_1,-0.3683140797582189,600.0,439.0,2,2
5,4,edad,Brats18_TCIA02_179_1,-0.48751778661567746,405.0,465.0,1,2
5,4,edad,Brats18_TCIA02_430_1,-0.23584217762940152,71.0,401.0,0,2
5,4,edad,Brats18_TCIA02_455_1,-0.20160393231175255,424.0,394.0,1,2
5,4,edad,Brats18_TCIA03_265_1,-0.035663970342779336,103.0,372.0,0,1
5,4,edad,Brats18_TCIA03_419_1,0.34970883585014384,327.0,296.0,1,0
5,4,edad,Brats18_TCIA04_111_1,0.5132332160942524,626.0,262.0,2,0
5,4,edad,Brats18_TCIA04_437_1,-0.4778554597162181,333.0,464.0,1,2
5,4,edad,Brats18_TCIA06_247_1,0.5635053227160761,244.0,254.0,0,0
5,4,edad,Brats18_TCIA08_167_1,0.5007702147311816,153.0,265.0,0,0
5,4,edad,Brats18_TCIA08_218_1,-0.11404784689310246,346.0,382.0,1,1
5,4,coxnet,Brats18_CBICA_AAB_1,0.11749749503246505,289.0,350.0,0,1
5,4,coxnet,Brats18_CBICA_AAG_1,-0.362988484181357,616.0,434.0,2,2
5,4,coxnet,Brats18_CBICA_ABY_1,-0.4827286976262932,515.0,453.0,2,2
5,4,coxnet,Brats18_CBICA_ALN_1,-0.023162661033333944,421.0,368.0,1,1
5,4,coxnet,Brats18_CBICA_APY_1,-0.8172629692144122,203.0,519.0,0,2
5,4,coxnet,Brats18_CBICA_AQA_1,0.518260895945475,106.0,262.0,0,0
5,4,coxnet,Brats18_CBICA_AQG_1,0.0703368419467882,466.0,355.0,2,1
5,4,coxnet,Brats18_CBICA_AQQ_1,0.4903044478410589,33.0,265.0,0,0
5,4,coxnet,Brats18_CBICA_AQV_1,-0.5038482290603135,84.0,464.0,0,2
5,4,coxnet,Brats18_CBICA_ASK_1,0.6727340375395118,522.0,213.0,2,0
5,4,coxnet,Brats18_CBICA_ATB_1,0.4425459280130814,208.0,269.0,0,0
5,4,coxnet,Brats18_CBICA_ATF_1,0.24384563144405663,152.0,329.0,0,0
5,4,coxnet,Brats18_CBICA_ATX_1,-1.3392727113057883,1592.0,822.0,2,2
5,4,coxnet,Brats18_CBICA_AVJ_1,-0.5831266027319764,614.0,468.0,2,2
5,4,coxnet,Brats18_CBICA_AXM_1,-0.12843656738733483,438.0,382.0,1,1
5,4,coxnet,Brats18_CBICA_AYA_1,0.5733071170929842,50.0,239.0,0,0
5,4,coxnet,Brats18_CBICA_AYW_1,-0.4099083987145821,734.0,448.0,2,2
5,4,coxnet,Brats18_TCIA01_186_1,-1.0002743944414616,370.0,621.0,1,2
5,4,coxnet,Brats18_TCIA01_235_1,-0.17831706986433804,804.0,387.0,2,2
5,4,coxnet,Brats18_TCIA01_412_1,0.3657550352457713,291.0,287.0,0,0
5,4,coxnet,Brats18_TCIA01_425_1,-0.37798400197552123,558.0,436.0,2,2
5,4,coxnet,Brats18_TCIA01_499_1,-0.4518728717951274,600.0,448.0,2,2
5,4,coxnet,Brats18_TCIA02_179_1,-0.4746733246378824,405.0,448.0,1,2
5,4,coxnet,Brats18_TCIA02_430_1,-0.2306333399770434,71.0,394.0,0,2
5,4,coxnet,Brats18_TCIA02_455_1,-0.35995465548439304,424.0,434.0,1,2
5,4,coxnet,Brats18_TCIA03_265_1,-0.15003847268462855,103.0,385.0,0,1
5,4,coxnet,Brats18_TCIA03_419_1,0.36844625375845,327.0,287.0,1,0
5,4,coxnet,Brats18_TCIA04_111_1,0.475018184058324,626.0,265.0,2,0
5,4,coxnet,Brats18_TCIA04_437_1,-0.6624484885429289,333.0,488.0,1,2
5,4,coxnet,Brats18_TCIA06_247_1,0.6389100172196523,244.0,229.0,0,0
5,4,coxnet,Brats18_TCIA08_167_1,0.6871032715119852,153.0,210.0,0,0
5,4,coxnet,Brats18_TCIA08_218_1,-0.4288044641703251,346.0,448.0,1,2
5,4,genetico,Brats18_CBICA_AAB_1,0.2872128856581675,289.0,332.0,0,0
5,4,genetico,Brats18_CBICA_AAG_1,-0.34897175651532286,616.0,430.0,2,2
5,4,genetico,Brats18_CBICA_ABY_1,-0.9930256079220694,515.0,576.0,2,2
5,4,genetico,Brats18_CBICA_ALN_1,-0.8851361947921181,421.0,503.0,1,2
5,4,genetico,Brats18_CBICA_APY_1,-1.9501154447218894,203.0,1278.0,0,2
5,4,genetico,Brats18_CBICA_AQA_1,-0.6835772479679656,106.0,473.0,0,2
5,4,genetico,Brats18_CBICA_AQG_1,2.006192749654483,466.0,89.0,2,0
5,4,genetico,Brats18_CBICA_AQQ_1,0.06407482558572566,33.0,362.0,0,1
5,4,genetico,Brats18_CBICA_AQV_1,-1.5233014562399019,84.0,788.0,0,2
5,4,genetico,Brats18_CBICA_ASK_1,1.5145244512614413,522.0,127.0,2,0
5,4,genetico,Brats18_CBICA_ATB_1,1.0546880451406389,208.0,191.0,0,0
5,4,genetico,Brats18_CBICA_ATF_1,-1.1101309818053857,152.0,610.0,0,2
5,4,genetico,Brats18_CBICA_ATX_1,-3.803259828338554,1592.0,1767.0,2,2
5,4,genetico,Brats18_CBICA_AVJ_1,0.3275989696461339,614.0,331.0,2,0
5,4,genetico,Brats18_CBICA_AXM_1,-3.776160194174424,438.0,1767.0,1,2
5,4,genetico,Brats18_CBICA_AYA_1,0.44165690209656294,50.0,317.0,0,0
5,4,genetico,Brats18_CBICA_AYW_1,-1.0141734027390208,734.0,579.0,2,2
5,4,genetico,Brats18_TCIA01_186_1,-1.8217017728932365,370.0,1155.0,1,2
5,4,genetico,Brats18_TCIA01_235_1,-0.8707807384173136,804.0,503.0,2,2
5,4,genetico,Brats18_TCIA01_412_1,0.7922932411790258,291.0,232.0,0,0
5,4,genetico,Brats18_TCIA01_425_1,-1.5359971059249522,558.0,788.0,2,2
5,4,genetico,Brats18_TCIA01_499_1,-0.44716414925650816,600.0,439.0,2,2
5,4,genetico,Brats18_TCIA02_179_1,-1.1762502417750569,405.0,621.0,1,2
5,4,genetico,Brats18_TCIA02_430_1,-0.6109483738317664,71.0,465.0,0,2
5,4,genetico,Brats18_TCIA02_455_1,-1.6803068707081454,424.0,828.0,1,2
5,4,genetico,Brats18_TCIA03_265_1,0.5373212343139967,103.0,287.0,0,0
5,4,genetico,Brats18_TCIA03_419_1,-0.7749781903857214,327.0,488.0,1,2
5,4,genetico,Brats18_TCIA04_111_1,0.06333156337042978,626.0,362.0,2,1
5,4,genetico,Brats18_TCIA04_437_1,-1.7857020461660038,333.0,946.0,1,2
5,4,genetico,Brats18_TCIA06_247_1,0.18246594635944635,244.0,355.0,0,1
5,4,genetico,Brats18_TCIA08_167_1,0.2031758884497094,153.0,350.0,0,1
5,4,genetico,Brats18_TCIA08_218_1,-2.0044627882392323,346.0,1282.0,1,2
6,0,edad,Brats18_CBICA_AAB_1,0.030378461113733993,289.0,359.0,0,1
6,0,edad,Brats18_CBICA_AAG_1,-0.27490104592109127,616.0,425.0,2,2
6,0,edad,Brats18_CBICA_ABN_1,0.321585327458417,1278.0,318.0,2,0
6,0,edad,Brats18_CBICA_ABO_1,-0.12017645674587991,1155.0,387.0,2,1
6,0,edad,Brats18_CBICA_APR_1,0.11380911663386119,23.0,346.0,0,1
6,0,edad,Brats18_CBICA_APY_1,-0.5248951788160728,203.0,468.0,0,2
6,0,edad,Brats18_CBICA_AQA_1,0.622471787928595,106.0,239.0,0,0
6,0,edad,Brats18_CBICA_AQG_1,-0.22493944855026993,466.0,405.0,2,2
6,0,edad,Brats18_CBICA_AQN_1,0.13197697022325078,488.0,346.0,2,1
6,0,edad,Brats18_CBICA_AQO_1,0.3057629139840512,473.0,322.0,2,0
6,0,edad,Brats18_CBICA_AQV_1,-0.23398614613678956,84.0,407.0,0,2
6,0,edad,Brats18_CBICA_ARF_1,0.5831949733039923,726.0,254.0,2,0
6,0,edad,Brats18_CBICA_ASK_1,0.6585841198583242,522.0,229.0,2,0
6,0,edad,Brats18_CBICA_AWI_1,-0.4875542830165694,375.0,465.0,1,2
6,0,edad,Brats18_CBICA_AYW_1,-0.36384162425111516,734.0,439.0,2,2
6,0,edad,Brats18_CBICA_AZD_1,-0.49846244101183806,448.0,467.0,1,2
6,0,edad,Brats18_CBICA_AZH_1,-0.1761691858410478,401.0,394.0,1,2
6,0,edad,Brats18_TCIA01_147_1,0.06585789650448852,209.0,355.0,0,1
6,0,edad,Brats18_TCIA01_201_1,0.04028143048827825,430.0,359.0,1,1
6,0,edad,Brats18_TCIA01_335_1,-0.19258726664621345,355.0,394.0,1,2
6,0,edad,Brats18_TCIA01_412_1,0.3392319721333571,291.0,318.0,0,0
6,0,edad,Brats18_TCIA02_226_1,0.5186395263285795,329.0,265.0,1,0
6,0,edad,Brats18_TCIA02_290_1,-0.615585529930321,737.0,495.0,2,2
6,0,edad,Brats18_TCIA02_321_1,0.8028100723281915,67.0,208.0,0,0
6,0,edad,Brats18_TCIA02_331_1,0.938063785627889,187.0,175.0,0,0
6,0,edad,Brats18_TCIA02_394_1,0.17125378484785325,616.0,336.0,2,0
6,0,edad,Brats18_TCIA02_455_1,-0.1788124596214712,424.0,394.0,1,2
6,0,edad,Brats18_TCIA02_471_1,0.6316674023478148,111.0,232.0,0,0
6,0,edad,Brats18_TCIA03_133_1,0.15319761888298863,382.0,345.0,1,1
6,0,edad,Brats18_TCIA03_296_1,0.02903820961943471,22.0,359.0,0,1
6,0,edad,Brats18_TCIA06_247_1,0.6348318850426876,244.0,232.0,0,0
6,0,edad,Brats18_TCIA08_242_1,0.25434937749440567,147.0,331.0,0,0
6,0,edad,Brats18_TCIA08_406_1,0.7110028449686943,82.0,213.0,0,0
6,0,coxnet,Brats18_CBICA_AAB_1,0.2608349339147099,289.0,327.0,0,0
6,0,coxnet,Brats18_CBICA_AAG_1,-0.6661487989753572,616.0,486.0,2,2
6,0,coxnet,Brats18_CBICA_ABN_1,0.21150594033971606,1278.0,332.0,2,0
6,0,coxnet,Brats18_CBICA_ABO_1,0.40766964968375,1155.0,287.0,2,0
6,0,coxnet,Brats18_CBICA_APR_1,0.13716768221557823,23.0,345.0,0,1
6,0,coxnet,Brats18_CBICA_APY_1,-1.0877530144038385,203.0,621.0,0,2
6,0,coxnet,Brats18_CBICA_AQA_1,0.6193675878117527,106.0,239.0,0,0
6,0,coxnet,Brats18_CBICA_AQG_1,0.5002816742679566,466.0,268.0,2,0
6,0,coxnet,Brats18_CBICA_AQN_1,0.23264881494497702,488.0,331.0,2,0
6,0,coxnet,Brats18_CBICA_AQO_1,0.15275123345802374,473.0,336.0,2,1
6,0,coxnet,Brats18_CBICA_AQV_1,-0.49412080229905303,84.0,448.0,0,2
6,0,coxnet,Brats18_CBICA_ARF_1,0.6318662620445454,726.0,239.0,2,0
6,0,coxnet,Brats18_CBICA_ASK_1,0.7721986657889857,522.0,210.0,2,0
6,0,coxnet,Brats18_CBICA_AWI_1,-0.2623555258471375,375.0,405.0,1,2
6,0,coxnet,Brats18_CBICA_AYW_1,-0.30435749311502536,734.0,407.0,2,2
6,0,coxnet,Brats18_CBICA_AZD_1,-0.6855517828647434,448.0,495.0,1,2
6,0,coxnet,Brats18_CBICA_AZH_1,-0.3908966764552716,401.0,436.0,1,2
6,0,coxnet,Brats18_TCIA01_147_1,0.02857824724873016,209.0,357.0,0,1
6,0,coxnet,Brats18_TCIA01_201_1,-0.09336472828578835,430.0,372.0,1,1
6,0,coxnet,Brats18_TCIA01_335_1,-0.1786955881924347,355.0,387.0,1,1
6,0,coxnet,Brats18_TCIA01_412_1,0.47563883627297937,291.0,269.0,0,0
6,0,coxnet,Brats18_TCIA02_226_1,0.44951736505266743,329.0,286.0,1,0
6,0,coxnet,Brats18_TCIA02_290_1,-0.12678769343733315,737.0,376.0,2,1
6,0,coxnet,Brats18_TCIA02_321_1,0.836755566636535,67.0,208.0,0,0
6,0,coxnet,Brats18_TCIA02_331_1,0.9831957476653627,187.0,175.0,0,0
6,0,coxnet,Brats18_TCIA02_394_1,0.36187467095957787,616.0,317.0,2,0
6,0,coxnet,Brats18_TCIA02_455_1,-0.5642801380564353,424.0,465.0,1,2
6,0,coxnet,Brats18_TCIA02_471_1,0.5308421351206174,111.0,265.0,0,0
6,0,coxnet,Brats18_TCIA03_133_1,-0.12832837923023963,382.0,376.0,1,1
6,0,coxnet,Brats18_TCIA03_296_1,0.22851802581101438,22.0,331.0,0,0
6,0,coxnet,Brats18_TCIA06_247_1,0.7094868418800692,244.0,213.0,0,0
6,0,coxnet,Brats18_TCIA08_242_1,0.2980280890485546,147.0,322.0,0,0
6,0,coxnet,Brats18_TCIA08_406_1,0.37513412989838396,82.0,296.0,0,0
6,0,genetico,Brats18_CBICA_AAB_1,0.2850899992902788,289.0,332.0,0,0
6,0,genetico,Brats18_CBICA_AAG_1,-1.184985924299164,616.0,614.0,2,2
6,0,genetico,Brats18_CBICA_ABN_1,0.604221056336604,1278.0,268.0,2,0
6,0,genetico,Brats18_CBICA_ABO_1,1.6399188274905419,1155.0,121.0,2,0
6,0,genetico,Brats18_CBICA_APR_1,0.4408578928205746,23.0,317.0,0,0
6,0,genetico,Brats18_CBICA_APY_1,-0.682450142709278,203.0,468.0,0,2
6,0,genetico,Brats18_CBICA_AQA_1,0.6613514524710461,106.0,262.0,0,0
6,0,genetico,Brats18_CBICA_AQG_1,0.45915923308485557,466.0,296.0,2,0
6,0,genetico,Brats18_CBICA_AQN_1,0.4500049223411897,488.0,317.0,2,0
6,0,genetico,Brats18_CBICA_AQO_1,0.32623753717732956,473.0,327.0,2,0
6,0,genetico,Brats18_CBICA_AQV_1,-0.6313636940547005,84.0,467.0,0,2
6,0,genetico,Brats18_CBICA_ARF_1,0.7943852911218985,726.0,232.0,2,0
6,0,genetico,Brats18_CBICA_ASK_1,0.8856076849596498,522.0,213.0,2,0
6,0,genetico,Brats18_CBICA_AWI_1,-0.21073830367675028,375.0,394.0,1,1
6,0,genetico,Brats18_CBICA_AYW_1,-0.4762175179468718,734.0,439.0,2,2
6,0,genetico,Brats18_CBICA_AZD_1,-1.4862867765984535,448.0,747.0,1,2
6,0,genetico,Brats18_CBICA_AZH_1,-0.49629010479932795,401.0,448.0,1,2
6,0,genetico,Brats18_TCIA01_147_1,0.023205784524125778,209.0,359.0,0,1
6,0,genetico,Brats18_TCIA01_201_1,-0.05591728312384016,430.0,370.0,1,1
6,0,genetico,Brats18_TCIA01_335_1,-0.21664510373464524,355.0,394.0,1,1
6,0,genetico,Brats18_TCIA01_412_1,0.9240928668206632,291.0,210.0,0,0
6,0,genetico,Brats18_TCIA02_226_1,0.6559330628648732,329.0,265.0,1,0
6,0,genetico,Brats18_TCIA02_290_1,0.6706680800767945,737.0,262.0,2,0
6,0,genetico,Brats18_TCIA02_321_1,1.1398673518759923,67.0,175.0,0,0
6,0,genetico,Brats18_TCIA02_331_1,1.015270645602132,187.0,199.0,0,0
6,0,genetico,Brats18_TCIA02_394_1,0.8750383935104247,616.0,213.0,2,0
6,0,genetico,Brats18_TCIA02_455_1,-0.8538599713633305,424.0,508.0,1,2
6,0,genetico,Brats18_TCIA02_471_1,0.6389688323902,111.0,265.0,0,0
6,0,genetico,Brats18_TCIA03_133_1,-1.0346707692171035,382.0,579.0,1,2
6,0,genetico,Brats18_TCIA03_296_1,0.49266665598691756,22.0,287.0,0,0
6,0,genetico,Brats18_TCIA06_247_1,1.0072201875578568,244.0,199.0,0,0
6,0,genetico,Brats18_TCIA08_242_1,0.6319143861382172,147.0,265.0,0,0
6,0,genetico,Brats18_TCIA08_406_1,-0.08496771581396834,82.0,372.0,0,1
6,1,edad,Brats18_CBICA_ANI_1,-0.07515290034080224,439.0,375.0,1,1
6,1,edad,Brats18_CBICA_ANZ_1,0.25469040047877634,287.0,327.0,0,0
6,1,edad,Brats18_CBICA_AOD_1,0.0031052947162788303,55.0,362.0,0,1
6,1,edad,Brats18_CBICA_AQJ_1,0.1881557748921488,170.0,332.0,0,0
6,1,edad,Brats18_CBICA_AQP_1,-0.47287836346774986,1283.0,464.0,2,2
6,1,edad,Brats18_CBICA_AQZ_1,0.0962200821195383,286.0,350.0,0,1
6,1,edad,Brats18_CBICA_ARW_1,-0.5414679825535085,495.0,467.0,2,2
6,1,edad,Brats18_CBICA_ASH_1,-0.46890313014156143,660.0,464.0,2,2
6,1,edad,Brats18_CBICA_ASW_1,0.265133810064525,239.0,327.0,0,0
6,1,edad,Brats18_CBICA_ATF_1,0.27749745947733134,152.0,322.0,0,0
6,1,edad,Brats18_CBICA_ATP_1,-0.29982096010648196,385.0,425.0,1,2
6,1,edad,Brats18_CBICA_AXL_1,0.4763938794588235,168.0,268.0,0,0
6,1,edad,Brats18_CBICA_AYI_1,0.18300144693531162,387.0,332.0,1,0
6,1,edad,Brats18_TCIA01_150_1,-0.3157892702472724,1489.0,430.0,2,2
6,1,edad,Brats18_TCIA01_186_1,-0.896139647452755,370.0,610.0,1,2
6,1,edad,Brats18_TCIA01_235_1,-0.08475409947608782,804.0,376.0,2,1
6,1,edad,Brats18_TCIA01_411_1,-0.592404870597549,822.0,488.0,2,2
6,1,edad,Brats18_TCIA01_425_1,-0.14421415727882056,558.0,387.0,2,1
6,1,edad,Brats18_TCIA02_179_1,-0.4652984694135771,405.0,464.0,1,2
6,1,edad,Brats18_TCIA02_274_1,-0.18602148403983543,357.0,394.0,1,2
6,1,edad,Brats18_TCIA02_300_1,0.1310202179326958,127.0,336.0,0,0
6,1,edad,Brats18_TCIA02_377_1,0.1102681524332718,812.0,345.0,2,1
6,1,edad,Brats18_TCIA03_138_1,0.38354859939971225,82.0,291.0,0,0
6,1,edad,Brats18_TCIA03_265_1,-0.030482058048210976,103.0,368.0,0,1
6,1,edad,Brats18_TCIA03_338_1,0.5368645898021127,468.0,262.0,2,0
6,1,edad,Brats18_TCIA03_375_1,-0.016467676152496176,946.0,368.0,2,1
6,1,edad,Brats18_TCIA04_361_1,0.5216374248577301,476.0,265.0,2,0
6,1,edad,Brats18_TCIA05_277_1,0.3327801534457646,232.0,317.0,0,0
6,1,edad,Brats18_TCIA06_165_1,-0.2941949942973848,5.0,425.0,0,2
6,1,edad,Brats18_TCIA06_184_1,0.022846707675146412,434.0,359.0,1,1
6,1,edad,Brats18_TCIA08_105_1,0.20678547005640432,77.0,331.0,0,0
6,1,edad,Brats18_TCIA08_218_1,-0.10591042599173438,346.0,376.0,1,1
6,1,edad,Brats18_TCIA08_319_1,0.14725803541763466,254.0,336.0,0,0
6,1,coxnet,Brats18_CBICA_ANI_1,-0.07306464796781893,439.0,372.0,1,1
6,1,coxnet,Brats18_CBICA_ANZ_1,0.24826598035687272,287.0,327.0,0,0
6,1,coxnet,Brats18_CBICA_AOD_1,0.20985072756126935,55.0,331.0,0,0
6,1,coxnet,Brats18_CBICA_AQJ_1,0.29451844931344784,170.0,322.0,0,0
6,1,coxnet,Brats18_CBICA_AQP_1,-0.3988760700781676,1283.0,448.0,2,2
6,1,coxnet,Brats18_CBICA_AQZ_1,0.13437851579389143,286.0,336.0,0,1
6,1,coxnet,Brats18_CBICA_ARW_1,-0.6127658619219309,495.0,486.0,2,2
6,1,coxnet,Brats18_CBICA_ASH_1,-0.8889369217710056,660.0,600.0,2,2
6,1,coxnet,Brats18_CBICA_ASW_1,0.3696607193289267,239.0,296.0,0,0
6,1,coxnet,Brats18_CBICA_ATF_1,0.24166670452717365,152.0,329.0,0,0
6,1,coxnet,Brats18_CBICA_ATP_1,-0.38510029110418587,385.0,438.0,1,2
6,1,coxnet,Brats18_CBICA_AXL_1,0.6213238865047455,168.0,213.0,0,0
6,1,coxnet,Brats18_CBICA_AYI_1,0.15963307271661406,387.0,333.0,1,0
6,1,coxnet,Brats18_TCIA01_150_1,-0.3678068213378621,1489.0,436.0,2,2
6,1,coxnet,Brats18_TCIA01_186_1,-0.9154916679399046,370.0,610.0,1,2
6,1,coxnet,Brats18_TCIA01_235_1,-0.11226340378036435,804.0,376.0,2,1
6,1,coxnet,Brats18_TCIA01_411_1,-0.657887659197061,822.0,495.0,2,2
6,1,coxnet,Brats18_TCIA01_425_1,-0.46271941257362537,558.0,453.0,2,2
6,1,coxnet,Brats18_TCIA02_179_1,-0.4729898489364051,405.0,453.0,1,2
6,1,coxnet,Brats18_TCIA02_274_1,-0.12110296654382492,357.0,382.0,1,1
6,1,coxnet,Brats18_TCIA02_300_1,0.15687599757048906,127.0,333.0,0,0
6,1,coxnet,Brats18_TCIA02_377_1,0.12464169172732745,812.0,336.0,2,1
6,1,coxnet,Brats18_TCIA03_138_1,0.5916256623788346,82.0,229.0,0,0
6,1,coxnet,Brats18_TCIA03_265_1,-0.003928205526437849,103.0,362.0,0,1
6,1,coxnet,Brats18_TCIA03_338_1,0.5273774975483444,468.0,262.0,2,0
6,1,coxnet,Brats18_TCIA03_375_1,-0.006208233296890589,946.0,362.0,2,1
6,1,coxnet,Brats18_TCIA04_361_1,0.5113078431270756,476.0,265.0,2,0
6,1,coxnet,Brats18_TCIA05_277_1,0.23415295261166438,232.0,329.0,0,0
6,1,coxnet,Brats18_TCIA06_165_1,-0.35780326260446826,5.0,436.0,0,2
6,1,coxnet,Brats18_TCIA06_184_1,-0.1122823836446856,434.0,376.0,1,1
6,1,coxnet,Brats18_TCIA08_105_1,0.3897378614669762,77.0,291.0,0,0
6,1,coxnet,Brats18_TCIA08_218_1,-0.2008583399699214,346.0,394.0,1,2
6,1,coxnet,Brats18_TCIA08_319_1,0.1675168257620288,254.0,332.0,0,0
6,1,genetico,Brats18_CBICA_ANI_1,-0.18191751305184778,439.0,394.0,1,1
6,1,genetico,Brats18_CBICA_ANZ_1,0.2645651347382061,287.0,329.0,0,0
6,1,genetico,Brats18_CBICA_AOD_1,0.3097287092058794,55.0,322.0,0,0
6,1,genetico,Brats18_CBICA_AQJ_1,0.1912018169591433,170.0,333.0,0,0
6,1,genetico,Brats18_CBICA_AQP_1,-0.25683545097267774,1283.0,407.0,2,2
6,1,genetico,Brats18_CBICA_AQZ_1,0.22485725819211091,286.0,331.0,0,0
6,1,genetico,Brats18_CBICA_ARW_1,-0.5748646984309135,495.0,466.0,2,2
6,1,genetico,Brats18_CBICA_ASH_1,-0.2278399291058823,660.0,401.0,2,1
6,1,genetico,Brats18_CBICA_ASW_1,0.7006711237744202,239.0,210.0,0,0
6,1,genetico,Brats18_CBICA_ATF_1,0.21936327507420145,152.0,332.0,0,0
6,1,genetico,Brats18_CBICA_ATP_1,-0.7442796689529824,385.0,503.0,1,2
6,1,genetico,Brats18_CBICA_AXL_1,0.9614128377641412,168.0,180.0,0,0
6,1,genetico,Brats18_CBICA_AYI_1,-0.23240185309027261,387.0,401.0,1,1
6,1,genetico,Brats18_TCIA01_150_1,0.479944139299907,1489.0,269.0,2,0
6,1,genetico,Brats18_TCIA01_186_1,-1.1132786277152973,370.0,621.0,1,2
6,1,genetico,Brats18_TCIA01_235_1,-0.7362111729662951,804.0,503.0,2,2
6,1,genetico,Brats18_TCIA01_411_1,-1.6527233560751948,822.0,1278.0,2,2
6,1,genetico,Brats18_TCIA01_425_1,-0.28585457268627074,558.0,421.0,2,2
6,1,genetico,Brats18_TCIA02_179_1,-0.2412370867350156,405.0,401.0,1,1
6,1,genetico,Brats18_TCIA02_274_1,0.14586682364399772,357.0,336.0,1,1
6,1,genetico,Brats18_TCIA02_300_1,0.08162264022025795,127.0,355.0,0,1
6,1,genetico,Brats18_TCIA02_377_1,0.14084692534864052,812.0,345.0,2,1
6,1,genetico,Brats18_TCIA03_138_1,0.7373036496462579,82.0,209.0,0,0
6,1,genetico,Brats18_TCIA03_265_1,0.16490450808518725,103.0,336.0,0,0
6,1,genetico,Brats18_TCIA03_338_1,0.5734910000776219,468.0,262.0,2,0
6,1,genetico,Brats18_TCIA03_375_1,-0.21333839548901326,946.0,394.0,2,1
6,1,genetico,Brats18_TCIA04_361_1,0.07143925218647529,476.0,355.0,2,1
6,1,genetico,Brats18_TCIA05_277_1,1.3294789625477064,232.0,121.0,0,0
6,1,genetico,Brats18_TCIA06_165_1,-0.7532270405488153,5.0,508.0,0,2
6,1,genetico,Brats18_TCIA06_184_1,1.2192119159108292,434.0,147.0,1,0
6,1,genetico,Brats18_TCIA08_105_1,0.36301838694520916,77.0,317.0,0,0
6,1,genetico,Brats18_TCIA08_218_1,0.007420389939453265,346.0,362.0,1,1
6,1,genetico,Brats18_TCIA08_319_1,0.44487911102609967,254.0,291.0,0,0
6,2,edad,Brats18_CBICA_ABM_1,0.33134354673136285,503.0,296.0,2,0
6,2,edad,Brats18_CBICA_ALN_1,0.013522324105447164,421.0,370.0,1,1
6,2,edad,Brats18_CBICA_ANP_1,0.03701345795171036,486.0,368.0,2,1
6,2,edad,Brats18_CBICA_AOO_1,-0.5810194948090301,350.0,476.0,1,2
6,2,edad,Brats18_CBICA_AOZ_1,-0.49229883243943245,331.0,465.0,1,2
6,2,edad,Brats18_CBICA_APZ_1,-0.01762202981742675,336.0,375.0,1,1
6,2,edad,Brats18_CBICA_AQT_1,0.5462714772161789,172.0,254.0,0,0
6,2,edad,Brats18_CBICA_AQU_1,0.43646902806147336,30.0,286.0,0,0
6,2,edad,Brats18_CBICA_ASA_1,0.11351022714338857,210.0,357.0,0,1
6,2,edad,Brats18_CBICA_ASG_1,-0.1009925244482829,208.0,387.0,0,1
6,2,edad,Brats18_CBICA_ASO_1,-0.2909766265352572,265.0,434.0,0,2
6,2,edad,Brats18_CBICA_ATX_1,-0.8424336509443707,1592.0,610.0,2,2
6,2,edad,Brats18_CBICA_AUN_1,0.28145588993567844,376.0,317.0,1,0
6,2,edad,Brats18_CBICA_AUQ_1,0.009057945727424353,1337.0,370.0,2,1
6,2,edad,Brats18_CBICA_AUR_1,0.34339028203713856,12.0,291.0,0,0
6,2,edad,Brats18_CBICA_AVG_1,0.0991604394997435,579.0,359.0,2,1
6,2,edad,Brats18_CBICA_AWG_1,-0.17816249355410735,180.0,405.0,0,2
6,2,edad,Brats18_CBICA_AXN_1,0.8929340014270996,345.0,175.0,1,0
6,2,edad,Brats18_CBICA_AXO_1,-0.150915612818396,394.0,401.0,1,2
6,2,edad,Brats18_CBICA_AXQ_1,0.2027269315549887,114.0,332.0,0,0
6,2,edad,Brats18_CBICA_BHB_1,-0.17593030436509582,510.0,405.0,2,2
6,2,edad,Brats18_TCIA01_190_1,0.034214363571839095,322.0,368.0,1,1
6,2,edad,Brats18_TCIA01_231_1,0.11496292169496732,1561.0,357.0,2,1
6,2,edad,Brats18_TCIA01_429_1,-0.1975081331922065,86.0,407.0,0,2
6,2,edad,Brats18_TCIA01_448_1,-0.5708506329479781,199.0,473.0,0,2
6,2,edad,Brats18_TCIA01_460_1,-1.473434559946035,630.0,871.0,2,2
6,2,edad,Brats18_TCIA01_499_1,-0.37126457419081166,600.0,448.0,2,2
6,2,edad,Brats18_TCIA02_491_1,0.7281771803333974,82.0,209.0,0,0
6,2,edad,Brats18_TCIA03_419_1,0.3554370173429147,327.0,291.0,1,0
6,2,edad,Brats18_TCIA04_192_1,0.5457045720253191,121.0,254.0,0,0
6,2,edad,Brats18_TCIA04_437_1,-0.4821299705783801,333.0,465.0,1,2
6,2,edad,Brats18_TCIA08_278_1,-0.35641874450516425,1458.0,439.0,2,2
6,2,edad,Brats18_TCIA08_280_1,-0.11332271234948893,508.0,387.0,2,1
6,2,coxnet,Brats18_CBICA_ABM_1,0.3313084598905974,503.0,296.0,2,0
6,2,coxnet,Brats18_CBICA_ALN_1,0.01352089219093643,421.0,370.0,1,1
6,2,coxnet,Brats18_CBICA_ANP_1,0.03700953849917211,486.0,368.0,2,1
6,2,coxnet,Brats18_CBICA_AOO_1,-0.5809579691245939,350.0,476.0,1,2
6,2,coxnet,Brats18_CBICA_AOZ_1,-0.4922467016195828,331.0,465.0,1,2
6,2,coxnet,Brats18_CBICA_APZ_1,-0.017620163774281085,336.0,375.0,1,1
6,2,coxnet,Brats18_CBICA_AQT_1,0.5462136310908358,172.0,254.0,0,0
6,2,coxnet,Brats18_CBICA_AQU_1,0.436422809206639,30.0,286.0,0,0
6,2,coxnet,Brats18_CBICA_ASA_1,0.11349820724650425,210.0,357.0,0,1
6,2,coxnet,Brats18_CBICA_ASG_1,-0.1009818300839023,208.0,387.0,0,1
6,2,coxnet,Brats18_CBICA_ASO_1,-0.29094581425397825,265.0,434.0,0,2
6,2,coxnet,Brats18_CBICA_ATX_1,-0.8423444434265,1592.0,610.0,2,2
6,2,coxnet,Brats18_CBICA_AUN_1,0.28142608583027157,376.0,317.0,1,0
6,2,coxnet,Brats18_CBICA_AUQ_1,0.00905698655769713,1337.0,370.0,2,1
6,2,coxnet,Brats18_CBICA_AUR_1,0.34335391953584615,12.0,291.0,0,0
6,2,coxnet,Brats18_CBICA_AVG_1,0.09914993913966334,579.0,359.0,2,1
6,2,coxnet,Brats18_CBICA_AWG_1,-0.1781436274584689,180.0,405.0,0,2
6,2,coxnet,Brats18_CBICA_AXN_1,0.8928394462941225,345.0,175.0,1,0
6,2,coxnet,Brats18_CBICA_AXO_1,-0.15089963196671408,394.0,401.0,1,2
6,2,coxnet,Brats18_CBICA_AXQ_1,0.2027054642663196,114.0,332.0,0,0
6,2,coxnet,Brats18_CBICA_BHB_1,-0.17591167464184912,510.0,405.0,2,2
6,2,coxnet,Brats18_TCIA01_190_1,0.034210740522776215,322.0,368.0,1,1
6,2,coxnet,Brats18_TCIA01_231_1,0.11495074796843123,1561.0,357.0,2,1
6,2,coxnet,Brats18_TCIA01_429_1,-0.19748721853583953,86.0,407.0,0,2
6,2,coxnet,Brats18_TCIA01_448_1,-0.5707901840711043,199.0,473.0,0,2
6,2,coxnet,Brats18_TCIA01_460_1,-1.4732785340801517,630.0,871.0,2,2
6,2,coxnet,Brats18_TCIA01_499_1,-0.371225260007315,600.0,448.0,2,2
6,2,coxnet,Brats18_TCIA02_491_1,0.7281000717340975,82.0,209.0,0,0
6,2,coxnet,Brats18_TCIA03_419_1,0.3553993791810954,327.0,291.0,1,0
6,2,coxnet,Brats18_TCIA04_192_1,0.5456467859310596,121.0,254.0,0,0
6,2,coxnet,Brats18_TCIA04_437_1,-0.48207891656609286,333.0,465.0,1,2
6,2,coxnet,Brats18_TCIA08_278_1,-0.35638100238566983,1458.0,439.0,2,2
6,2,coxnet,Brats18_TCIA08_280_1,-0.1133107123090396,508.0,387.0,2,1
6,2,genetico,Brats18_CBICA_ABM_1,0.03271395736727059,503.0,372.0,2,1
6,2,genetico,Brats18_CBICA_ALN_1,0.4257624022875437,421.0,289.0,1,0
6,2,genetico,Brats18_CBICA_ANP_1,0.18834589912784216,486.0,355.0,2,1
6,2,genetico,Brats18_CBICA_AOO_1,-0.2354739997741061,350.0,424.0,1,1
6,2,genetico,Brats18_CBICA_AOZ_1,0.19563212092109994,331.0,355.0,1,1
6,2,genetico,Brats18_CBICA_APZ_1,0.16306465026977376,336.0,357.0,1,1
6,2,genetico,Brats18_CBICA_AQT_1,1.1181556502166459,172.0,169.0,0,0
6,2,genetico,Brats18_CBICA_AQU_1,0.2887456642653565,30.0,329.0,0,0
6,2,genetico,Brats18_CBICA_ASA_1,1.2372876502746972,210.0,152.0,0,0
6,2,genetico,Brats18_CBICA_ASG_1,0.24685986795451587,208.0,346.0,0,1
6,2,genetico,Brats18_CBICA_ASO_1,-0.5982845491732012,265.0,468.0,0,2
6,2,genetico,Brats18_CBICA_ATX_1,-2.0129705815037484,1592.0,1278.0,2,2
6,2,genetico,Brats18_CBICA_AUN_1,1.123211948387937,376.0,168.0,1,0
6,2,genetico,Brats18_CBICA_AUQ_1,-0.5121107240727204,1337.0,465.0,2,2
6,2,genetico,Brats18_CBICA_AUR_1,0.836067406139529,12.0,209.0,0,0
6,2,genetico,Brats18_CBICA_AVG_1,0.11239829475171301,579.0,362.0,2,1
6,2,genetico,Brats18_CBICA_AWG_1,-0.0036169587930335867,180.0,375.0,0,1
6,2,genetico,Brats18_CBICA_AXN_1,0.8795709901785537,345.0,208.0,1,0
6,2,genetico,Brats18_CBICA_AXO_1,0.5010746465282417,394.0,286.0,1,0
6,2,genetico,Brats18_CBICA_AXQ_1,0.4685821335406023,114.0,287.0,0,0
6,2,genetico,Brats18_CBICA_BHB_1,-1.581782886560728,510.0,804.0,2,2
6,2,genetico,Brats18_TCIA01_190_1,-1.8011651158509645,322.0,871.0,1,2
6,2,genetico,Brats18_TCIA01_231_1,0.28643698266744133,1561.0,329.0,2,0
6,2,genetico,Brats18_TCIA01_429_1,-0.3641518500731601,86.0,439.0,0,2
6,2,genetico,Brats18_TCIA01_448_1,-1.106964834244077,199.0,626.0,0,2
6,2,genetico,Brats18_TCIA01_460_1,-2.238225075885908,630.0,1283.0,2,2
6,2,genetico,Brats18_TCIA01_499_1,0.6905422626960871,600.0,239.0,2,0
6,2,genetico,Brats18_TCIA02_491_1,2.040085728838219,82.0,84.0,0,0
6,2,genetico,Brats18_TCIA03_419_1,-0.2465004869248557,327.0,425.0,1,1
6,2,genetico,Brats18_TCIA04_192_1,0.15422972221422893,121.0,357.0,0,1
6,2,genetico,Brats18_TCIA04_437_1,-1.5856382712890031,333.0,804.0,1,2
6,2,genetico,Brats18_TCIA08_278_1,-1.1261011658039728,1458.0,626.0,2,2
6,2,genetico,Brats18_TCIA08_280_1,-0.8272518922768765,508.0,522.0,2,2
6,3,edad,Brats18_2013_27_1,0.24347688675782503,120.0,329.0,0,0
6,3,edad,Brats18_CBICA_AAL_1,-0.17232251291549167,464.0,387.0,2,2
6,3,edad,Brats18_CBICA_AAP_1,-0.6340086602457371,788.0,495.0,2,2
6,3,edad,Brats18_CBICA_ABB_1,0.25781270686464614,465.0,327.0,2,0
6,3,edad,Brats18_CBICA_ALU_1,0.17919300843527214,495.0,332.0,2,0
6,3,edad,Brats18_CBICA_ALX_1,-0.008900225355281526,698.0,359.0,2,1
6,3,edad,Brats18_CBICA_AMH_1,0.07963028316908309,169.0,350.0,0,1
6,3,edad,Brats18_CBICA_AOH_1,-0.0929147990045587,576.0,375.0,2,1
6,3,edad,Brats18_CBICA_AQD_1,0.39550325812318393,32.0,287.0,0,0
6,3,edad,Brats18_CBICA_AQQ_1,0.30324483020529086,33.0,322.0,0,0
6,3,edad,Brats18_CBICA_AQY_1,-0.06875909366600376,229.0,370.0,0,1
6,3,edad,Brats18_CBICA_ARZ_1,-0.15644097013330502,871.0,385.0,2,2
6,3,edad,Brats18_CBICA_ASV_1,-0.15868378342697276,597.0,385.0,2,2
6,3,edad,Brats18_CBICA_ATB_1,0.33761442851635887,208.0,291.0,0,0
6,3,edad,Brats18_CBICA_ATD_1,0.27857388397494737,355.0,327.0,1,0
6,3,edad,Brats18_CBICA_ATV_1,0.06584001224180279,453.0,350.0,2,1
6,3,edad,Brats18_CBICA_AVV_1,0.3729842003232516,387.0,289.0,1,0
6,3,edad,Brats18_CBICA_AXJ_1,-0.9751890554729787,1767.0,626.0,2,2
6,3,edad,Brats18_CBICA_AYU_1,0.11500005497597583,58.0,345.0,0,0
6,3,edad,Brats18_CBICA_BHM_1,0.061930243121760736,436.0,350.0,1,1
6,3,edad,Brats18_TCIA02_135_1,0.2842112254968688,828.0,322.0,2,0
6,3,edad,Brats18_TCIA02_198_1,-0.17298929524604142,394.0,387.0,1,2
6,3,edad,Brats18_TCIA02_283_1,0.45005817607726,262.0,269.0,0,0
6,3,edad,Brats18_TCIA02_368_1,0.07805425220596536,317.0,350.0,1,1
6,3,edad,Brats18_TCIA02_430_1,-0.1855066180877268,71.0,387.0,0,2
6,3,edad,Brats18_TCIA02_473_1,0.03137948906747803,175.0,357.0,0,1
6,3,edad,Brats18_TCIA03_257_1,0.2830595105622824,425.0,322.0,1,0
6,3,edad,Brats18_TCIA04_343_1,-0.22148255564966468,296.0,401.0,0,2
6,3,edad,Brats18_TCIA04_479_1,-0.10870541692348855,372.0,376.0,1,1
6,3,edad,Brats18_TCIA06_409_1,0.2812410132971469,99.0,322.0,0,0
6,3,edad,Brats18_TCIA08_167_1,0.45221006450767076,153.0,269.0,0,0
6,3,edad,Brats18_TCIA08_469_1,0.11857643293074312,519.0,345.0,2,0
6,3,coxnet,Brats18_2013_27_1,0.28294795119913657,120.0,322.0,0,0
6,3,coxnet,Brats18_CBICA_AAL_1,-0.4030247295771189,464.0,434.0,2,2
6,3,coxnet,Brats18_CBICA_AAP_1,-0.7093874652157942,788.0,503.0,2,2
6,3,coxnet,Brats18_CBICA_ABB_1,0.28951462988245474,465.0,318.0,2,0
6,3,coxnet,Brats18_CBICA_ALU_1,0.08612536415902335,495.0,345.0,2,1
6,3,coxnet,Brats18_CBICA_ALX_1,-0.35457194746361514,698.0,424.0,2,2
6,3,coxnet,Brats18_CBICA_AMH_1,0.010116228757457855,169.0,355.0,0,1
6,3,coxnet,Brats18_CBICA_AOH_1,-0.15956501536933476,576.0,382.0,2,1
6,3,coxnet,Brats18_CBICA_AQD_1,0.34357779133072885,32.0,291.0,0,0
6,3,coxnet,Brats18_CBICA_AQQ_1,0.6163104487406033,33.0,232.0,0,0
6,3,coxnet,Brats18_CBICA_AQY_1,0.0828935356106058,229.0,345.0,0,1
6,3,coxnet,Brats18_CBICA_ARZ_1,-0.07409841845449984,871.0,368.0,2,1
6,3,coxnet,Brats18_CBICA_ASV_1,-0.22561560961570234,597.0,387.0,2,2
6,3,coxnet,Brats18_CBICA_ATB_1,0.6305352652369473,208.0,232.0,0,0
6,3,coxnet,Brats18_CBICA_ATD_1,0.15171388645341594,355.0,333.0,1,0
6,3,coxnet,Brats18_CBICA_ATV_1,-0.06759431776159497,453.0,368.0,2,1
6,3,coxnet,Brats18_CBICA_AVV_1,0.47259401498822967,387.0,268.0,1,0
6,3,coxnet,Brats18_CBICA_AXJ_1,-0.8049784002450241,1767.0,522.0,2,2
6,3,coxnet,Brats18_CBICA_AYU_1,0.035069660464965624,58.0,350.0,0,1
6,3,coxnet,Brats18_CBICA_BHM_1,-0.06471185048703357,436.0,368.0,1,1
6,3,coxnet,Brats18_TCIA02_135_1,0.36954584466884344,828.0,289.0,2,0
6,3,coxnet,Brats18_TCIA02_198_1,-0.41657996348786674,394.0,438.0,1,2
6,3,coxnet,Brats18_TCIA02_283_1,0.37660308139018717,262.0,287.0,0,0
6,3,coxnet,Brats18_TCIA02_368_1,0.21397128361056425,317.0,329.0,1,0
6,3,coxnet,Brats18_TCIA02_430_1,-0.15369005005395117,71.0,376.0,0,1
6,3,coxnet,Brats18_TCIA02_473_1,-0.05855957928733322,175.0,362.0,0,1
6,3,coxnet,Brats18_TCIA03_257_1,0.43082254334712294,425.0,269.0,1,0
6,3,coxnet,Brats18_TCIA04_343_1,-0.32699551762202894,296.0,421.0,0,2
6,3,coxnet,Brats18_TCIA04_479_1,-0.13048444550627972,372.0,375.0,1,1
6,3,coxnet,Brats18_TCIA06_409_1,0.2376109358905626,99.0,327.0,0,0
6,3,coxnet,Brats18_TCIA08_167_1,0.691025971565175,153.0,210.0,0,0
6,3,coxnet,Brats18_TCIA08_469_1,0.3010252124595133,519.0,318.0,2,0
6,3,genetico,Brats18_2013_27_1,-0.16445066311252396,120.0,382.0,0,1
6,3,genetico,Brats18_CBICA_AAL_1,-0.6548342774677918,464.0,486.0,2,2
6,3,genetico,Brats18_CBICA_AAP_1,-0.9841846424346556,788.0,614.0,2,2
6,3,genetico,Brats18_CBICA_ABB_1,0.398765910837134,465.0,289.0,2,0
6,3,genetico,Brats18_CBICA_ALU_1,-0.2318782746364169,495.0,394.0,2,2
6,3,genetico,Brats18_CBICA_ALX_1,0.14573340549558722,698.0,336.0,2,1
6,3,genetico,Brats18_CBICA_AMH_1,0.25919763880891344,169.0,329.0,0,0
6,3,genetico,Brats18_CBICA_AOH_1,-0.15228453107051226,576.0,382.0,2,1
6,3,genetico,Brats18_CBICA_AQD_1,0.28721678663958494,32.0,327.0,0,0
6,3,genetico,Brats18_CBICA_AQQ_1,0.8075180033502884,33.0,208.0,0,0
6,3,genetico,Brats18_CBICA_AQY_1,0.3736497743096916,229.0,291.0,0,0
6,3,genetico,Brats18_CBICA_ARZ_1,0.4321865522326678,871.0,287.0,2,0
6,3,genetico,Brats18_CBICA_ASV_1,-0.1311891338360626,597.0,376.0,2,1
6,3,genetico,Brats18_CBICA_ATB_1,0.8659445635556713,208.0,199.0,0,0
6,3,genetico,Brats18_CBICA_ATD_1,-0.10900536834291835,355.0,375.0,1,1
6,3,genetico,Brats18_CBICA_ATV_1,-0.1416092654687184,453.0,376.0,2,1
6,3,genetico,Brats18_CBICA_AVV_1,0.5658552808478048,387.0,254.0,1,0
6,3,genetico,Brats18_CBICA_AXJ_1,-0.6638048961136196,1767.0,486.0,2,2
6,3,genetico,Brats18_CBICA_AYU_1,-0.17478737633764746,58.0,382.0,0,1
6,3,genetico,Brats18_CBICA_BHM_1,-0.22350324470707716,436.0,387.0,1,2
6,3,genetico,Brats18_TCIA02_135_1,0.20825155744450996,828.0,331.0,2,1
6,3,genetico,Brats18_TCIA02_198_1,-1.1565787054106338,394.0,634.0,1,2
6,3,genetico,Brats18_TCIA02_283_1,0.6338718763255418,262.0,239.0,0,0
6,3,genetico,Brats18_TCIA02_368_1,0.4262604067090691,317.0,287.0,1,0
6,3,genetico,Brats18_TCIA02_430_1,-0.23132736344373886,71.0,394.0,0,2
6,3,genetico,Brats18_TCIA02_473_1,-0.1719768636023482,175.0,382.0,0,1
6,3,genetico,Brats18_TCIA03_257_1,0.6178817769238645,425.0,244.0,1,0
6,3,genetico,Brats18_TCIA04_343_1,-0.5055594954873406,296.0,448.0,0,2
6,3,genetico,Brats18_TCIA04_479_1,-0.3488931054129405,372.0,424.0,1,2
6,3,genetico,Brats18_TCIA06_409_1,0.22214885333096313,99.0,331.0,0,1
6,3,genetico,Brats18_TCIA08_167_1,0.8486628455927232,153.0,203.0,0,0
6,3,genetico,Brats18_TCIA08_469_1,0.3412695741457952,519.0,318.0,2,0
6,4,edad,Brats18_2013_11_1,-1.257484617983695,150.0,804.0,0,2
6,4,edad,Brats18_CBICA_ABE_1,0.24245795765496087,269.0,329.0,0,0
6,4,edad,Brats18_CBICA_ABY_1,-0.4978836404191735,515.0,465.0,2,2
6,4,edad,Brats18_CBICA_AME_1,-0.36500181512381596,359.0,434.0,1,2
6,4,edad,Brats18_CBICA_ANG_1,-0.20615140026969855,368.0,394.0,1,2
6,4,edad,Brats18_CBICA_AOP_1,0.2703603783510751,332.0,322.0,1,0
6,4,edad,Brats18_CBICA_AQR_1,0.4099514137148054,89.0,287.0,0,0
6,4,edad,Brats18_CBICA_ASE_1,-0.5591742476908366,318.0,473.0,1,2
6,4,edad,Brats18_CBICA_ASN_1,-0.8483017356961198,407.0,576.0,1,2
6,4,edad,Brats18_CBICA_ASU_1,0.8012562244672461,85.0,203.0,0,0
6,4,edad,Brats18_CBICA_ASY_1,0.21814693764250462,610.0,329.0,2,0
6,4,edad,Brats18_CBICA_AVJ_1,-0.6211357759693371,614.0,486.0,2,2
6,4,edad,Brats18_CBICA_AWH_1,-0.3243518952977933,139.0,425.0,0,2
6,4,edad,Brats18_CBICA_AXM_1,0.2348804968718573,438.0,329.0,1,0
6,4,edad,Brats18_CBICA_AXW_1,0.7194038616330997,191.0,209.0,0,0
6,4,edad,Brats18_CBICA_AYA_1,0.5467403672264503,50.0,244.0,0,0
6,4,edad,Brats18_TCIA01_203_1,-0.594220003812689,268.0,476.0,0,2
6,4,edad,Brats18_TCIA01_378_1,0.5194694015955942,110.0,254.0,0,0
6,4,edad,Brats18_TCIA01_390_1,0.10231439910912943,634.0,346.0,2,1
6,4,edad,Brats18_TCIA01_401_1,0.70286763211164,448.0,209.0,1,0
6,4,edad,Brats18_TCIA02_118_1,-0.5391650153104548,104.0,468.0,0,2
6,4,edad,Brats18_TCIA02_151_1,-0.5134332214011665,1731.0,466.0,2,2
6,4,edad,Brats18_TCIA02_314_1,-0.8141636962305765,362.0,522.0,1,2
6,4,edad,Brats18_TCIA02_322_1,-0.14288749591910213,621.0,387.0,2,1
6,4,edad,Brats18_TCIA03_121_1,-1.2066524852303773,747.0,788.0,2,2
6,4,edad,Brats18_TCIA03_199_1,-0.4798082391761458,1282.0,464.0,2,2
6,4,edad,Brats18_TCIA03_474_1,0.016791703708167238,635.0,357.0,2,1
6,4,edad,Brats18_TCIA03_498_1,-0.06711288808806991,467.0,375.0,2,1
6,4,edad,Brats18_TCIA04_111_1,0.5635923242805395,626.0,244.0,2,0
6,4,edad,Brats18_TCIA04_149_1,-0.9523339576974749,448.0,600.0,1,2
6,4,edad,Brats18_TCIA05_478_1,-0.06817846851069356,30.0,375.0,0,1
6,4,edad,Brats18_TCIA06_372_1,0.5343085956291715,213.0,254.0,0,0
6,4,coxnet,Brats18_2013_11_1,-1.2574850841654452,150.0,804.0,0,2
6,4,coxnet,Brats18_CBICA_ABE_1,0.24245804517861685,269.0,329.0,0,0
6,4,coxnet,Brats18_CBICA_ABY_1,-0.49788369682303935,515.0,465.0,2,2
6,4,coxnet,Brats18_CBICA_AME_1,-0.36500183788183044,359.0,434.0,1,2
6,4,coxnet,Brats18_CBICA_ANG_1,-0.2061514268410862,368.0,394.0,1,2
6,4,coxnet,Brats18_CBICA_AOP_1,0.27036050035550074,332.0,322.0,1,0
6,4,coxnet,Brats18_CBICA_AQR_1,0.4099515881580798,89.0,287.0,0,0
6,4,coxnet,Brats18_CBICA_ASE_1,-0.5591743179070482,318.0,473.0,1,2
6,4,coxnet,Brats18_CBICA_ASN_1,-0.8483018817375301,407.0,576.0,1,2
6,4,coxnet,Brats18_CBICA_ASU_1,0.8012564935698434,85.0,203.0,0,0
6,4,coxnet,Brats18_CBICA_ASY_1,0.21814704686604552,610.0,329.0,2,0
6,4,coxnet,Brats18_CBICA_AVJ_1,-0.6211358896019714,614.0,486.0,2,2
6,4,coxnet,Brats18_CBICA_AWH_1,-0.3243519114259864,139.0,425.0,0,2
6,4,coxnet,Brats18_CBICA_AXM_1,0.23488062397571713,438.0,329.0,1,0
6,4,coxnet,Brats18_CBICA_AXW_1,0.7194041000460294,191.0,209.0,0,0
6,4,coxnet,Brats18_CBICA_AYA_1,0.5467405818690512,50.0,244.0,0,0
6,4,coxnet,Brats18_TCIA01_203_1,-0.5942201128923905,268.0,476.0,0,2
6,4,coxnet,Brats18_TCIA01_378_1,0.5194695803692363,110.0,254.0,0,0
6,4,coxnet,Brats18_TCIA01_390_1,0.1023140163922821,634.0,346.0,2,1
6,4,coxnet,Brats18_TCIA01_401_1,0.7028676482164815,448.0,209.0,1,0
6,4,coxnet,Brats18_TCIA02_118_1,-0.5391651001247536,104.0,468.0,0,2
6,4,coxnet,Brats18_TCIA02_151_1,-0.5134333134281973,1731.0,466.0,2,2
6,4,coxnet,Brats18_TCIA02_314_1,-0.8141638501962887,362.0,522.0,1,2
6,4,coxnet,Brats18_TCIA02_322_1,-0.1428874636784098,621.0,387.0,2,1
6,4,coxnet,Brats18_TCIA03_121_1,-1.2066528546030075,747.0,788.0,2,2
6,4,coxnet,Brats18_TCIA03_199_1,-0.4798083794644946,1282.0,464.0,2,2
6,4,coxnet,Brats18_TCIA03_474_1,0.01679176367519288,635.0,357.0,2,1
6,4,coxnet,Brats18_TCIA03_498_1,-0.06711289010135298,467.0,375.0,2,1
6,4,coxnet,Brats18_TCIA04_111_1,0.5635924678334471,626.0,244.0,2,0
6,4,coxnet,Brats18_TCIA04_149_1,-0.9523341956349322,448.0,600.0,1,2
6,4,coxnet,Brats18_TCIA05_478_1,-0.06817849102236001,30.0,375.0,0,1
6,4,coxnet,Brats18_TCIA06_372_1,0.5343086878975111,213.0,254.0,0,0
6,4,genetico,Brats18_2013_11_1,-1.1790854007641833,150.0,660.0,0,2
6,4,genetico,Brats18_CBICA_ABE_1,0.09285239246176642,269.0,346.0,0,1
6,4,genetico,Brats18_CBICA_ABY_1,-0.7387691863235866,515.0,488.0,2,2
6,4,genetico,Brats18_CBICA_AME_1,-0.23064222741780568,359.0,394.0,1,1
6,4,genetico,Brats18_CBICA_ANG_1,-0.1334540825068356,368.0,382.0,1,1
6,4,genetico,Brats18_CBICA_AOP_1,0.35933292988453563,332.0,296.0,1,0
6,4,genetico,Brats18_CBICA_AQR_1,0.011253837331953684,89.0,355.0,0,1
6,4,genetico,Brats18_CBICA_ASE_1,-0.5492652102660179,318.0,464.0,1,2
6,4,genetico,Brats18_CBICA_ASN_1,-0.6376041289660415,407.0,473.0,1,2
6,4,genetico,Brats18_CBICA_ASU_1,0.7998859317403029,85.0,208.0,0,0
6,4,genetico,Brats18_CBICA_ASY_1,0.6611473514333859,610.0,232.0,2,0
6,4,genetico,Brats18_CBICA_AVJ_1,-0.7492259524077384,614.0,495.0,2,2
6,4,genetico,Brats18_CBICA_AWH_1,0.04286035868973326,139.0,355.0,0,1
6,4,genetico,Brats18_CBICA_AXM_1,-0.45416814277814765,438.0,436.0,1,2
6,4,genetico,Brats18_CBICA_AXW_1,0.5129957749666996,191.0,265.0,0,0
6,4,genetico,Brats18_CBICA_AYA_1,0.4398311272474722,50.0,287.0,0,0
6,4,genetico,Brats18_TCIA01_203_1,0.04638295459397575,268.0,355.0,0,1
6,4,genetico,Brats18_TCIA01_378_1,0.17245756132118106,110.0,333.0,0,0
6,4,genetico,Brats18_TCIA01_390_1,0.01961663647043045,634.0,355.0,2,1
6,4,genetico,Brats18_TCIA01_401_1,0.4855044781137054,448.0,286.0,1,0
6,4,genetico,Brats18_TCIA02_118_1,0.37851365166167805,104.0,291.0,0,0
6,4,genetico,Brats18_TCIA02_151_1,-1.110014806059732,1731.0,616.0,2,2
6,4,genetico,Brats18_TCIA02_314_1,0.027810158944313164,362.0,355.0,1,1
6,4,genetico,Brats18_TCIA02_322_1,-1.1410077380374744,621.0,630.0,2,2
6,4,genetico,Brats18_TCIA03_121_1,-1.4490543595705507,747.0,822.0,2,2
6,4,genetico,Brats18_TCIA03_199_1,-0.5864683147878655,1282.0,465.0,2,2
6,4,genetico,Brats18_TCIA03_474_1,0.4715642504384675,635.0,286.0,2,0
6,4,genetico,Brats18_TCIA03_498_1,-0.6678476998572296,467.0,476.0,2,2
6,4,genetico,Brats18_TCIA04_111_1,0.3300708980158791,626.0,317.0,2,0
6,4,genetico,Brats18_TCIA04_149_1,-1.3148513617855084,448.0,737.0,1,2
6,4,genetico,Brats18_TCIA05_478_1,-0.7075732813434491,30.0,486.0,0,2
6,4,genetico,Brats18_TCIA06_372_1,1.3968852717139884,213.0,121.0,0,0
7,0,edad,Brats18_CBICA_ABE_1,0.25103683752178685,269.0,327.0,0,0
7,0,edad,Brats18_CBICA_ABM_1,0.3583668267246794,503.0,291.0,2,0
7,0,edad,Brats18_CBICA_ABY_1,-0.47164918812683515,515.0,465.0,2,2
7,0,edad,Brats18_CBICA_ALN_1,0.01279970427315526,421.0,359.0,1,1
7,0,edad,Brats18_CBICA_ANI_1,-0.09060075912259605,439.0,376.0,1,1
7,0,edad,Brats18_CBICA_AQJ_1,0.21050878704029236,170.0,331.0,0,0
7,0,edad,Brats18_CBICA_AQP_1,-0.545424108917768,1283.0,473.0,2,2
7,0,edad,Brats18_CBICA_AQQ_1,0.36144880774988797,33.0,291.0,0,0
7,0,edad,Brats18_CBICA_AUR_1,0.37146524608181586,12.0,291.0,0,0
7,0,edad,Brats18_CBICA_AVJ_1,-0.5919620223984191,614.0,486.0,2,2
7,0,edad,Brats18_CBICA_AWG_1,-0.19561926255658227,180.0,394.0,0,1
7,0,edad,Brats18_CBICA_BHM_1,0.05471464621599342,436.0,355.0,1,1
7,0,edad,Brats18_TCIA01_147_1,0.031060441847516593,209.0,357.0,0,1
7,0,edad,Brats18_TCIA01_190_1,0.035298165757178784,322.0,357.0,1,1
7,0,edad,Brats18_TCIA01_201_1,0.004593929793537098,430.0,359.0,1,1
7,0,edad,Brats18_TCIA01_231_1,0.12309610021281109,1561.0,345.0,2,0
7,0,edad,Brats18_TCIA01_390_1,0.11423540476533622,634.0,350.0,2,1
7,0,edad,Brats18_TCIA01_460_1,-1.6039690167885061,630.0,1282.0,2,2
7,0,edad,Brats18_TCIA02_118_1,-0.5119460900314386,104.0,468.0,0,2
7,0,edad,Brats18_TCIA02_135_1,0.3372552567019998,828.0,296.0,2,0
7,0,edad,Brats18_TCIA02_179_1,-0.5367560372843686,405.0,473.0,1,2
7,0,edad,Brats18_TCIA02_314_1,-0.780386637327115,362.0,558.0,1,2
7,0,edad,Brats18_TCIA02_321_1,0.7936581217725908,67.0,208.0,0,0
7,0,edad,Brats18_TCIA02_322_1,-0.12511894660493336,621.0,385.0,2,1
7,0,edad,Brats18_TCIA02_331_1,0.93361858507988,187.0,175.0,0,0
7,0,edad,Brats18_TCIA02_394_1,0.14012404537708908,616.0,345.0,2,0
7,0,edad,Brats18_TCIA03_296_1,-0.007040548576625676,22.0,368.0,0,1
7,0,edad,Brats18_TCIA03_498_1,-0.051151401999925114,467.0,375.0,2,1
7,0,edad,Brats18_TCIA04_437_1,-0.5261232027473984,333.0,468.0,1,2
7,0,edad,Brats18_TCIA04_479_1,-0.16217976843306792,372.0,387.0,1,1
7,0,edad,Brats18_TCIA08_105_1,0.2318129808770473,77.0,329.0,0,0
7,0,edad,Brats18_TCIA08_218_1,-0.1257738675727903,346.0,385.0,1,1
7,0,edad,Brats18_TCIA08_242_1,0.22611131598041137,147.0,329.0,0,0
7,0,coxnet,Brats18_CBICA_ABE_1,0.25546565413477074,269.0,327.0,0,0
7,0,coxnet,Brats18_CBICA_ABM_1,0.36510845841576917,503.0,291.0,2,0
7,0,coxnet,Brats18_CBICA_ABY_1,-0.4741779401383097,515.0,465.0,2,2
7,0,coxnet,Brats18_CBICA_ALN_1,0.015363549116507304,421.0,359.0,1,1
7,0,coxnet,Brats18_CBICA_ANI_1,-0.08809843956236602,439.0,376.0,1,1
7,0,coxnet,Brats18_CBICA_AQJ_1,0.21663048531589135,170.0,331.0,0,0
7,0,coxnet,Brats18_CBICA_AQP_1,-0.5467415473791397,1283.0,473.0,2,2
7,0,coxnet,Brats18_CBICA_AQQ_1,0.36878836303668017,33.0,291.0,0,0
7,0,coxnet,Brats18_CBICA_AUR_1,0.37743270063084927,12.0,289.0,0,0
7,0,coxnet,Brats18_CBICA_AVJ_1,-0.594928477398703,614.0,486.0,2,2
7,0,coxnet,Brats18_CBICA_AWG_1,-0.19411164074004614,180.0,394.0,0,1
7,0,coxnet,Brats18_CBICA_BHM_1,0.05717568079298093,436.0,355.0,1,1
7,0,coxnet,Brats18_TCIA01_147_1,0.03255137420743619,209.0,357.0,0,1
7,0,coxnet,Brats18_TCIA01_190_1,0.03390092983681174,322.0,357.0,1,1
7,0,coxnet,Brats18_TCIA01_201_1,0.0034194414347023306,430.0,359.0,1,1
7,0,coxnet,Brats18_TCIA01_231_1,0.12413125338472054,1561.0,345.0,2,1
7,0,coxnet,Brats18_TCIA01_390_1,0.09493640753138397,634.0,355.0,2,1
7,0,coxnet,Brats18_TCIA01_460_1,-1.6170312645119864,630.0,1282.0,2,2
7,0,coxnet,Brats18_TCIA02_118_1,-0.5136148696546142,104.0,468.0,0,2
7,0,coxnet,Brats18_TCIA02_135_1,0.3401318741379409,828.0,296.0,2,0
7,0,coxnet,Brats18_TCIA02_179_1,-0.5396342949125658,405.0,473.0,1,2
7,0,coxnet,Brats18_TCIA02_314_1,-0.7845206559460948,362.0,558.0,1,2
7,0,coxnet,Brats18_TCIA02_321_1,0.8035455924962425,67.0,208.0,0,0
7,0,coxnet,Brats18_TCIA02_322_1,-0.12501674862823256,621.0,385.0,2,1
7,0,coxnet,Brats18_TCIA02_331_1,0.9380167522730831,187.0,175.0,0,0
7,0,coxnet,Brats18_TCIA02_394_1,0.14188538192144662,616.0,345.0,2,0
7,0,coxnet,Brats18_TCIA03_296_1,-0.005677064207106873,22.0,368.0,0,1
7,0,coxnet,Brats18_TCIA03_498_1,-0.05034569511641096,467.0,375.0,2,1
7,0,coxnet,Brats18_TCIA04_437_1,-0.5570047769093743,333.0,476.0,1,2
7,0,coxnet,Brats18_TCIA04_479_1,-0.16296976875205155,372.0,387.0,1,1
7,0,coxnet,Brats18_TCIA08_105_1,0.236104609211264,77.0,329.0,0,0
7,0,coxnet,Brats18_TCIA08_218_1,-0.1277080545186829,346.0,385.0,1,1
7,0,coxnet,Brats18_TCIA08_242_1,0.22070223915010342,147.0,329.0,0,0
7,0,genetico,Brats18_CBICA_ABE_1,0.23422907506457624,269.0,331.0,0,0
7,0,genetico,Brats18_CBICA_ABM_1,-0.004685639898821939,503.0,368.0,2,1
7,0,genetico,Brats18_CBICA_ABY_1,-0.7411538647922258,515.0,510.0,2,2
7,0,genetico,Brats18_CBICA_ALN_1,0.04752181529557692,421.0,357.0,1,1
7,0,genetico,Brats18_CBICA_ANI_1,-0.20172834669393933,439.0,394.0,1,1
7,0,genetico,Brats18_CBICA_AQJ_1,0.5077419131103267,170.0,268.0,0,0
7,0,genetico,Brats18_CBICA_AQP_1,-0.5601915002851818,1283.0,473.0,2,2
7,0,genetico,Brats18_CBICA_AQQ_1,0.7343437189576526,33.0,229.0,0,0
7,0,genetico,Brats18_CBICA_AUR_1,0.4455391929313207,12.0,287.0,0,0
7,0,genetico,Brats18_CBICA_AVJ_1,-0.7169825613687824,614.0,508.0,2,2
7,0,genetico,Brats18_CBICA_AWG_1,-0.30635549049977223,180.0,425.0,0,2
7,0,genetico,Brats18_CBICA_BHM_1,0.08350996562408652,436.0,355.0,1,1
7,0,genetico,Brats18_TCIA01_147_1,0.4369477616944398,209.0,287.0,0,0
7,0,genetico,Brats18_TCIA01_190_1,-0.6736571440531052,322.0,495.0,1,2
7,0,genetico,Brats18_TCIA01_201_1,-0.010445711411072228,430.0,368.0,1,1
7,0,genetico,Brats18_TCIA01_231_1,0.0688143816210627,1561.0,355.0,2,1
7,0,genetico,Brats18_TCIA01_390_1,-0.026964583639840806,634.0,370.0,2,1
7,0,genetico,Brats18_TCIA01_460_1,-1.6161182115791062,630.0,1155.0,2,2
7,0,genetico,Brats18_TCIA02_118_1,0.21733948739529868,104.0,331.0,0,0
7,0,genetico,Brats18_TCIA02_135_1,0.36506229131527906,828.0,296.0,2,0
7,0,genetico,Brats18_TCIA02_179_1,-0.2855574367384932,405.0,424.0,1,2
7,0,genetico,Brats18_TCIA02_314_1,0.12391604418009021,362.0,350.0,1,1
7,0,genetico,Brats18_TCIA02_321_1,1.127411409943915,67.0,168.0,0,0
7,0,genetico,Brats18_TCIA02_322_1,-0.1682127872857812,621.0,387.0,2,1
7,0,genetico,Brats18_TCIA02_331_1,0.9294565278283082,187.0,199.0,0,0
7,0,genetico,Brats18_TCIA02_394_1,0.3930216839867539,616.0,291.0,2,0
7,0,genetico,Brats18_TCIA03_296_1,-0.0036738404534534808,22.0,368.0,0,1
7,0,genetico,Brats18_TCIA03_498_1,-0.43854165325857103,467.0,453.0,2,2
7,0,genetico,Brats18_TCIA04_437_1,-0.8666396915393229,333.0,576.0,1,2
7,0,genetico,Brats18_TCIA04_479_1,-0.09165478676968093,372.0,382.0,1,1
7,0,genetico,Brats18_TCIA08_105_1,0.20788181233181802,77.0,332.0,0,1
7,0,genetico,Brats18_TCIA08_218_1,-0.33612199736745096,346.0,434.0,1,2
7,0,genetico,Brats18_TCIA08_242_1,0.1614023759838098,147.0,345.0,0,1
7,1,edad,Brats18_CBICA_ALU_1,0.18433702063213686,495.0,333.0,2,0
7,1,edad,Brats18_CBICA_ANP_1,0.046889532664034624,486.0,355.0,2,1
7,1,edad,Brats18_CBICA_ANZ_1,0.2531567922044285,287.0,322.0,0,0
7,1,edad,Brats18_CBICA_AOD_1,0.014112115877976004,55.0,357.0,0,1
7,1,edad,Brats18_CBICA_AOH_1,-0.10304154177532027,576.0,382.0,2,1
7,1,edad,Brats18_CBICA_AOZ_1,-0.4312958475771105,331.0,453.0,1,2
7,1,edad,Brats18_CBICA_APR_1,0.08206763915610372,23.0,350.0,0,1
7,1,edad,Brats18_CBICA_AQN_1,0.09768812684320986,488.0,350.0,2,1
7,1,edad,Brats18_CBICA_AQT_1,0.506957707923823,172.0,262.0,0,0
7,1,edad,Brats18_CBICA_AQV_1,-0.21696227062452267,84.0,401.0,0,2
7,1,edad,Brats18_CBICA_ASE_1,-0.42655848655725037,318.0,448.0,1,2
7,1,edad,Brats18_CBICA_ASU_1,0.6768305115211024,85.0,210.0,0,0
7,1,edad,Brats18_CBICA_AUN_1,0.2677209764208901,376.0,322.0,1,0
7,1,edad,Brats18_CBICA_AUQ_1,0.021634276956807846,1337.0,357.0,2,1
7,1,edad,Brats18_CBICA_AVG_1,0.10303366258859255,579.0,346.0,2,1
7,1,edad,Brats18_CBICA_AVV_1,0.3890038203685238,387.0,286.0,1,0
7,1,edad,Brats18_CBICA_AWI_1,-0.434976905126326,375.0,453.0,1,2
7,1,edad,Brats18_CBICA_AXL_1,0.46380931160780026,168.0,268.0,0,0
7,1,edad,Brats18_CBICA_AXM_1,0.21746653857507706,438.0,332.0,1,0
7,1,edad,Brats18_CBICA_AXQ_1,0.19659654273082863,114.0,333.0,0,0
7,1,edad,Brats18_CBICA_AZD_1,-0.4443555995778056,448.0,453.0,1,2
7,1,edad,Brats18_TCIA01_186_1,-0.8403093550890827,370.0,610.0,1,2
7,1,edad,Brats18_TCIA01_378_1,0.44828485150893455,110.0,268.0,0,0
7,1,edad,Brats18_TCIA01_499_1,-0.3219524337673673,600.0,430.0,2,2
7,1,edad,Brats18_TCIA02_226_1,0.4301356373314979,329.0,269.0,1,0
7,1,edad,Brats18_TCIA02_290_1,-0.5450565304459122,737.0,468.0,2,2
7,1,edad,Brats18_TCIA02_300_1,0.13565103339425064,127.0,345.0,0,0
7,1,edad,Brats18_TCIA03_199_1,-0.3621879932400977,1282.0,436.0,2,2
7,1,edad,Brats18_TCIA03_257_1,0.2940325355987612,425.0,317.0,1,0
7,1,edad,Brats18_TCIA03_375_1,-0.004485227044582854,946.0,359.0,2,1
7,1,edad,Brats18_TCIA05_277_1,0.32735410871818266,232.0,296.0,0,0
7,1,edad,Brats18_TCIA06_409_1,0.2921119838339534,99.0,317.0,0,0
7,1,edad,Brats18_TCIA08_278_1,-0.3085405806097906,1458.0,430.0,2,2
7,1,coxnet,Brats18_CBICA_ALU_1,0.1843370659956955,495.0,333.0,2,0
7,1,coxnet,Brats18_CBICA_ANP_1,0.04688985993055103,486.0,355.0,2,1
7,1,coxnet,Brats18_CBICA_ANZ_1,0.2531567190568774,287.0,322.0,0,0
7,1,coxnet,Brats18_CBICA_AOD_1,0.014112451430436384,55.0,357.0,0,1
7,1,coxnet,Brats18_CBICA_AOH_1,-0.10304101427046347,576.0,382.0,2,1
7,1,coxnet,Brats18_CBICA_AOZ_1,-0.4312945774816586,331.0,453.0,1,2
7,1,coxnet,Brats18_CBICA_APR_1,0.08206788055782781,23.0,350.0,0,1
7,1,coxnet,Brats18_CBICA_AQN_1,0.09768831777911681,488.0,350.0,2,1
7,1,coxnet,Brats18_CBICA_AQT_1,0.5069570848197238,172.0,262.0,0,0
7,1,coxnet,Brats18_CBICA_AQV_1,-0.2169616492299895,84.0,401.0,0,2
7,1,coxnet,Brats18_CBICA_ASE_1,-0.4265572225929599,318.0,448.0,1,2
7,1,coxnet,Brats18_CBICA_ASU_1,0.6768295467094851,85.0,210.0,0,0
7,1,coxnet,Brats18_CBICA_AUN_1,0.26772072602440744,376.0,322.0,1,0
7,1,coxnet,Brats18_CBICA_AUQ_1,0.021634667215071735,1337.0,357.0,2,1
7,1,coxnet,Brats18_CBICA_AVG_1,0.10303353962776227,579.0,346.0,2,1
7,1,coxnet,Brats18_CBICA_AVV_1,0.3890033703307353,387.0,286.0,1,0
7,1,coxnet,Brats18_CBICA_AWI_1,-0.4349757557383169,375.0,453.0,1,2
7,1,coxnet,Brats18_CBICA_AXL_1,0.4638086939535953,168.0,268.0,0,0
7,1,coxnet,Brats18_CBICA_AXM_1,0.2174664978620609,438.0,332.0,1,0
7,1,coxnet,Brats18_CBICA_AXQ_1,0.19659647988925655,114.0,333.0,0,0
7,1,coxnet,Brats18_CBICA_AZD_1,-0.44435429645130997,448.0,453.0,1,2
7,1,coxnet,Brats18_TCIA01_186_1,-0.8403073144824522,370.0,610.0,1,2
7,1,coxnet,Brats18_TCIA01_378_1,0.4482842447945755,110.0,268.0,0,0
7,1,coxnet,Brats18_TCIA01_499_1,-0.321951462411546,600.0,430.0,2,2
7,1,coxnet,Brats18_TCIA02_226_1,0.43013395342971195,329.0,269.0,1,0
7,1,coxnet,Brats18_TCIA02_290_1,-0.545055276297274,737.0,468.0,2,2
7,1,coxnet,Brats18_TCIA02_300_1,0.13565107274857902,127.0,345.0,0,0
7,1,coxnet,Brats18_TCIA03_199_1,-0.3621873235327108,1282.0,436.0,2,2
7,1,coxnet,Brats18_TCIA03_257_1,0.2940321448871174,425.0,317.0,1,0
7,1,coxnet,Brats18_TCIA03_375_1,-0.004484909749873023,946.0,359.0,2,1
7,1,coxnet,Brats18_TCIA05_277_1,0.32735381941888586,232.0,296.0,0,0
7,1,coxnet,Brats18_TCIA06_409_1,0.2921114964671399,99.0,317.0,0,0
7,1,coxnet,Brats18_TCIA08_278_1,-0.3085396090076144,1458.0,430.0,2,2
7,1,genetico,Brats18_CBICA_ALU_1,0.07986050744151031,495.0,350.0,2,1
7,1,genetico,Brats18_CBICA_ANP_1,-0.10193565865881161,486.0,372.0,2,1
7,1,genetico,Brats18_CBICA_ANZ_1,0.25569890697027975,287.0,322.0,0,0
7,1,genetico,Brats18_CBICA_AOD_1,0.22275424063180985,55.0,332.0,0,0
7,1,genetico,Brats18_CBICA_AOH_1,-0.4027792710957935,576.0,436.0,2,2
7,1,genetico,Brats18_CBICA_AOZ_1,-0.3369662660634573,331.0,424.0,1,2
7,1,genetico,Brats18_CBICA_APR_1,0.1123662467320948,23.0,346.0,0,0
7,1,genetico,Brats18_CBICA_AQN_1,-0.04897827566385829,488.0,362.0,2,1
7,1,genetico,Brats18_CBICA_AQT_1,0.14219959168955307,172.0,345.0,0,0
7,1,genetico,Brats18_CBICA_AQV_1,-0.1740440624635703,84.0,387.0,0,2
7,1,genetico,Brats18_CBICA_ASE_1,-0.4274656273290843,318.0,439.0,1,2
7,1,genetico,Brats18_CBICA_ASU_1,0.45871554916379637,85.0,268.0,0,0
7,1,genetico,Brats18_CBICA_AUN_1,0.5440678994786773,376.0,262.0,1,0
7,1,genetico,Brats18_CBICA_AUQ_1,-0.23561517673243648,1337.0,401.0,2,2
7,1,genetico,Brats18_CBICA_AVG_1,-0.16439509924482615,579.0,387.0,2,2
7,1,genetico,Brats18_CBICA_AVV_1,0.45740280881173145,387.0,269.0,1,0
7,1,genetico,Brats18_CBICA_AWI_1,-0.5370015791933191,375.0,465.0,1,2
7,1,genetico,Brats18_CBICA_AXL_1,0.8797100081224201,168.0,203.0,0,0
7,1,genetico,Brats18_CBICA_AXM_1,-0.06949749715270435,438.0,368.0,1,1
7,1,genetico,Brats18_CBICA_AXQ_1,0.16854453032870204,114.0,336.0,0,0
7,1,genetico,Brats18_CBICA_AZD_1,-0.28235086106428625,448.0,407.0,1,2
7,1,genetico,Brats18_TCIA01_186_1,-0.9495146613686313,370.0,616.0,1,2
7,1,genetico,Brats18_TCIA01_378_1,0.13997783471760525,110.0,345.0,0,0
7,1,genetico,Brats18_TCIA01_499_1,-0.38439965803983406,600.0,434.0,2,2
7,1,genetico,Brats18_TCIA02_226_1,0.4807092952543155,329.0,268.0,1,0
7,1,genetico,Brats18_TCIA02_290_1,-0.12012439194020953,737.0,382.0,2,1
7,1,genetico,Brats18_TCIA02_300_1,0.1388895051928375,127.0,345.0,0,0
7,1,genetico,Brats18_TCIA03_199_1,-0.5313169861896794,1282.0,465.0,2,2
7,1,genetico,Brats18_TCIA03_257_1,-0.7473368367640598,425.0,510.0,1,2
7,1,genetico,Brats18_TCIA03_375_1,-0.05900306146963229,946.0,368.0,2,1
7,1,genetico,Brats18_TCIA05_277_1,-1.036608164879763,232.0,626.0,0,2
7,1,genetico,Brats18_TCIA06_409_1,-0.05108027812848369,99.0,362.0,0,1
7,1,genetico,Brats18_TCIA08_278_1,-1.286176416370243,1458.0,747.0,2,2
7,2,edad,Brats18_2013_11_1,-1.0511940910901951,150.0,634.0,0,2
7,2,edad,Brats18_2013_27_1,0.23827170779091433,120.0,332.0,0,0
7,2,edad,Brats18_CBICA_AAG_1,-0.2840448113085623,616.0,430.0,2,2
7,2,edad,Brats18_CBICA_APY_1,-0.5066351156655454,203.0,467.0,0,2
7,2,edad,Brats18_CBICA_AQA_1,0.5149599089030129,106.0,286.0,0,0
7,2,edad,Brats18_CBICA_AQD_1,0.4045431845823707,32.0,296.0,0,0
7,2,edad,Brats18_CBICA_AQG_1,-0.23955989865821659,466.0,424.0,2,2
7,2,edad,Brats18_CBICA_AQO_1,0.23296799242276595,473.0,332.0,2,0
7,2,edad,Brats18_CBICA_ARF_1,0.4799885356942833,726.0,287.0,2,0
7,2,edad,Brats18_CBICA_ARW_1,-0.5441589018951964,495.0,476.0,2,2
7,2,edad,Brats18_CBICA_ASN_1,-0.7075133352341708,407.0,519.0,1,2
7,2,edad,Brats18_CBICA_ASO_1,-0.2812272125192334,265.0,425.0,0,2
7,2,edad,Brats18_CBICA_ATD_1,0.2766573477678893,355.0,329.0,1,0
7,2,edad,Brats18_CBICA_ATP_1,-0.3063867122968879,385.0,434.0,1,2
7,2,edad,Brats18_CBICA_AXJ_1,-1.09458511244586,1767.0,660.0,2,2
7,2,edad,Brats18_CBICA_AYA_1,0.46420998247404144,50.0,287.0,0,0
7,2,edad,Brats18_CBICA_AYI_1,0.16869359180501625,387.0,345.0,1,0
7,2,edad,Brats18_CBICA_AYU_1,0.09775639875602951,58.0,350.0,0,0
7,2,edad,Brats18_TCIA01_203_1,-0.49410508810829457,268.0,465.0,0,2
7,2,edad,Brats18_TCIA01_235_1,-0.09476846910776185,804.0,382.0,2,1
7,2,edad,Brats18_TCIA01_335_1,-0.21075409456495994,355.0,405.0,1,2
7,2,edad,Brats18_TCIA01_411_1,-0.5942790121241998,822.0,488.0,2,2
7,2,edad,Brats18_TCIA02_151_1,-0.4262506796170445,1731.0,448.0,2,2
7,2,edad,Brats18_TCIA02_283_1,0.46420998247404144,262.0,287.0,0,0
7,2,edad,Brats18_TCIA03_138_1,0.3660249517211918,82.0,317.0,0,0
7,2,edad,Brats18_TCIA03_419_1,0.32352893233390195,327.0,318.0,1,0
7,2,edad,Brats18_TCIA03_474_1,0.019095670202176816,635.0,368.0,2,1
7,2,edad,Brats18_TCIA04_149_1,-0.7948920459244179,448.0,576.0,1,2
7,2,edad,Brats18_TCIA05_478_1,-0.0522724497204717,30.0,375.0,0,1
7,2,edad,Brats18_TCIA06_372_1,0.4537682928429992,213.0,289.0,0,0
7,2,edad,Brats18_TCIA08_167_1,0.46656350616865727,153.0,287.0,0,0
7,2,edad,Brats18_TCIA08_280_1,-0.11502203216987893,508.0,387.0,2,1
7,2,edad,Brats18_TCIA08_319_1,0.13352332926998114,254.0,346.0,0,0
7,2,coxnet,Brats18_2013_11_1,-1.649739053313549,150.0,1155.0,0,2
7,2,coxnet,Brats18_2013_27_1,0.13047060379052136,120.0,345.0,0,1
7,2,coxnet,Brats18_CBICA_AAG_1,-0.3736537805963927,616.0,434.0,2,2
7,2,coxnet,Brats18_CBICA_APY_1,-2.1103073590047052,203.0,1489.0,0,2
7,2,coxnet,Brats18_CBICA_AQA_1,0.3490340226632627,106.0,317.0,0,0
7,2,coxnet,Brats18_CBICA_AQD_1,0.14337399137367957,32.0,345.0,0,1
7,2,coxnet,Brats18_CBICA_AQG_1,-0.11132513365077669,466.0,376.0,2,1
7,2,coxnet,Brats18_CBICA_AQO_1,0.18027319274821005,473.0,333.0,2,0
7,2,coxnet,Brats18_CBICA_ARF_1,0.5370107766647042,726.0,269.0,2,0
7,2,coxnet,Brats18_CBICA_ARW_1,-0.6770196792727097,495.0,488.0,2,2
7,2,coxnet,Brats18_CBICA_ASN_1,-0.3606005735565461,407.0,430.0,1,2
7,2,coxnet,Brats18_CBICA_ASO_1,-0.16445195392552556,265.0,387.0,0,1
7,2,coxnet,Brats18_CBICA_ATD_1,0.2327743045127555,355.0,331.0,1,0
7,2,coxnet,Brats18_CBICA_ATP_1,-0.6172908677627238,385.0,468.0,1,2
7,2,coxnet,Brats18_CBICA_AXJ_1,-1.1528710418879766,1767.0,630.0,2,2
7,2,coxnet,Brats18_CBICA_AYA_1,0.3749157439628823,50.0,296.0,0,0
7,2,coxnet,Brats18_CBICA_AYI_1,-0.22996962895274697,387.0,401.0,1,2
7,2,coxnet,Brats18_CBICA_AYU_1,-0.012209504844186904,58.0,368.0,0,1
7,2,coxnet,Brats18_TCIA01_203_1,-0.1851407715567555,268.0,394.0,0,1
7,2,coxnet,Brats18_TCIA01_235_1,-0.6173557252634767,804.0,468.0,2,2
7,2,coxnet,Brats18_TCIA01_335_1,-0.013987265810225278,355.0,368.0,1,1
7,2,coxnet,Brats18_TCIA01_411_1,-1.1299480661979597,822.0,626.0,2,2
7,2,coxnet,Brats18_TCIA02_151_1,-0.5139683620663751,1731.0,453.0,2,2
7,2,coxnet,Brats18_TCIA02_283_1,0.5240040882263362,262.0,269.0,0,0
7,2,coxnet,Brats18_TCIA03_138_1,0.8876978409883668,82.0,187.0,0,0
7,2,coxnet,Brats18_TCIA03_419_1,0.5233066580434433,327.0,269.0,1,0
7,2,coxnet,Brats18_TCIA03_474_1,0.5019042516300989,635.0,286.0,2,0
7,2,coxnet,Brats18_TCIA04_149_1,-1.0054480792572957,448.0,610.0,1,2
7,2,coxnet,Brats18_TCIA05_478_1,-0.2918721376094539,30.0,421.0,0,2
7,2,coxnet,Brats18_TCIA06_372_1,0.36899727632839874,213.0,296.0,0,0
7,2,coxnet,Brats18_TCIA08_167_1,0.6952981238589754,153.0,210.0,0,0
7,2,coxnet,Brats18_TCIA08_280_1,-0.9177222025586095,508.0,579.0,2,2
7,2,coxnet,Brats18_TCIA08_319_1,0.05337937095223643,254.0,357.0,0,1
7,2,genetico,Brats18_2013_11_1,-1.4516687342991295,150.0,828.0,0,2
7,2,genetico,Brats18_2013_27_1,-0.2116925793059384,120.0,405.0,0,1
7,2,genetico,Brats18_CBICA_AAG_1,-0.706081566045277,616.0,503.0,2,2
7,2,genetico,Brats18_CBICA_APY_1,-0.20209878781880883,203.0,401.0,0,1
7,2,genetico,Brats18_CBICA_AQA_1,0.19359288157764853,106.0,336.0,0,1
7,2,genetico,Brats18_CBICA_AQD_1,-0.3433625703240731,32.0,434.0,0,2
7,2,genetico,Brats18_CBICA_AQG_1,-0.4142409876322096,466.0,439.0,2,2
7,2,genetico,Brats18_CBICA_AQO_1,-0.01879772700908875,473.0,372.0,2,1
7,2,genetico,Brats18_CBICA_ARF_1,0.8131359986927569,726.0,208.0,2,0
7,2,genetico,Brats18_CBICA_ARW_1,-1.0210347011933762,495.0,614.0,2,2
7,2,genetico,Brats18_CBICA_ASN_1,0.039101347134808395,407.0,362.0,1,1
7,2,genetico,Brats18_CBICA_ASO_1,0.1324801779882674,265.0,350.0,0,1
7,2,genetico,Brats18_CBICA_ATD_1,-0.040755988173902497,355.0,372.0,1,1
7,2,genetico,Brats18_CBICA_ATP_1,-1.3565966005845789,385.0,747.0,1,2
7,2,genetico,Brats18_CBICA_AXJ_1,-1.7992110927819134,1767.0,1283.0,2,2
7,2,genetico,Brats18_CBICA_AYA_1,0.15346936966363134,50.0,346.0,0,1
7,2,genetico,Brats18_CBICA_AYI_1,-0.07399029178857347,387.0,376.0,1,1
7,2,genetico,Brats18_CBICA_AYU_1,0.478532951702908,58.0,289.0,0,0
7,2,genetico,Brats18_TCIA01_203_1,-0.4595815122620088,268.0,448.0,0,2
7,2,genetico,Brats18_TCIA01_235_1,-0.6013588242730606,804.0,476.0,2,2
7,2,genetico,Brats18_TCIA01_335_1,-0.2024691640554606,355.0,401.0,1,1
7,2,genetico,Brats18_TCIA01_411_1,-1.7519780722750888,822.0,1283.0,2,2
7,2,genetico,Brats18_TCIA02_151_1,0.08485606081499619,1731.0,357.0,2,1
7,2,genetico,Brats18_TCIA02_283_1,0.1932710141498355,262.0,336.0,0,1
7,2,genetico,Brats18_TCIA03_138_1,1.0227423652249379,82.0,175.0,0,0
7,2,genetico,Brats18_TCIA03_419_1,0.9386905582978973,327.0,187.0,1,0
7,2,genetico,Brats18_TCIA03_474_1,0.9308191991153707,635.0,191.0,2,0
7,2,genetico,Brats18_TCIA04_149_1,-1.1430119715614584,448.0,630.0,1,2
7,2,genetico,Brats18_TCIA05_478_1,0.35797928395552886,30.0,318.0,0,0
7,2,genetico,Brats18_TCIA06_372_1,0.34938092269847887,213.0,322.0,0,0
7,2,genetico,Brats18_TCIA08_167_1,0.8053487432086355,153.0,208.0,0,0
7,2,genetico,Brats18_TCIA08_280_1,-0.7412207150811824,508.0,510.0,2,2
7,2,genetico,Brats18_TCIA08_319_1,-0.14706624086039582,254.0,394.0,0,1
7,3,edad,Brats18_CBICA_AAL_1,-0.18008346886795693,464.0,387.0,2,2
7,3,edad,Brats18_CBICA_ABN_1,0.2984158696557181,1278.0,327.0,2,0
7,3,edad,Brats18_CBICA_ALX_1,0.004417992324810146,698.0,362.0,2,1
7,3,edad,Brats18_CBICA_AMH_1,0.10436768968090676,169.0,355.0,0,1
7,3,edad,Brats18_CBICA_AQR_1,0.40397725833889475,89.0,289.0,0,0
7,3,edad,Brats18_CBICA_AQU_1,0.45561166207403675,30.0,269.0,0,0
7,3,edad,Brats18_CBICA_AQZ_1,0.12938077724246336,286.0,350.0,0,1
7,3,edad,Brats18_CBICA_ASA_1,0.1437179642305513,210.0,346.0,0,1
7,3,edad,Brats18_CBICA_ASG_1,-0.06343556805079387,208.0,372.0,0,1
7,3,edad,Brats18_CBICA_ASH_1,-0.44461996673169646,660.0,453.0,2,2
7,3,edad,Brats18_CBICA_ASV_1,-0.16468553534853103,597.0,387.0,2,2
7,3,edad,Brats18_CBICA_ASW_1,0.30094797427891257,239.0,327.0,0,0
7,3,edad,Brats18_CBICA_ASY_1,0.23767957632909345,610.0,331.0,2,0
7,3,edad,Brats18_CBICA_ATB_1,0.3956281566083615,208.0,289.0,0,0
7,3,edad,Brats18_CBICA_ATX_1,-0.7794736943341484,1592.0,519.0,2,2
7,3,edad,Brats18_CBICA_AWH_1,-0.23267596624430767,139.0,407.0,0,2
7,3,edad,Brats18_CBICA_AXN_1,0.8964373899201828,345.0,175.0,1,0
7,3,edad,Brats18_CBICA_AYW_1,-0.33156491706906605,734.0,430.0,2,2
7,3,edad,Brats18_CBICA_AZH_1,-0.15907384402145128,401.0,387.0,1,2
7,3,edad,Brats18_CBICA_BHB_1,-0.13580585559209635,510.0,385.0,2,2
7,3,edad,Brats18_TCIA01_401_1,0.6579405085192949,448.0,213.0,1,0
7,3,edad,Brats18_TCIA01_412_1,0.31463502629618034,291.0,322.0,0,0
7,3,edad,Brats18_TCIA02_198_1,-0.1808362567289066,394.0,387.0,1,2
7,3,edad,Brats18_TCIA02_368_1,0.10258837291866199,317.0,355.0,1,1
7,3,edad,Brats18_TCIA02_377_1,0.14364952897046487,812.0,346.0,2,1
7,3,edad,Brats18_TCIA02_471_1,0.5834145102852729,111.0,254.0,0,0
7,3,edad,Brats18_TCIA02_491_1,0.7373254102194468,82.0,203.0,0,0
7,3,edad,Brats18_TCIA03_133_1,0.14364952897046487,382.0,346.0,1,1
7,3,edad,Brats18_TCIA04_111_1,0.5371864920969517,626.0,262.0,2,0
7,3,edad,Brats18_TCIA06_165_1,-0.26716733732782205,5.0,421.0,0,2
7,3,edad,Brats18_TCIA06_184_1,0.05485477900844138,434.0,357.0,1,1
7,3,edad,Brats18_TCIA06_247_1,0.5863230088389421,244.0,254.0,0,0
7,3,coxnet,Brats18_CBICA_AAL_1,-0.2008993616190341,464.0,394.0,2,2
7,3,coxnet,Brats18_CBICA_ABN_1,0.28010127773752175,1278.0,327.0,2,0
7,3,coxnet,Brats18_CBICA_ALX_1,-0.15669088352767202,698.0,387.0,2,1
7,3,coxnet,Brats18_CBICA_AMH_1,0.07296483553812463,169.0,355.0,0,1
7,3,coxnet,Brats18_CBICA_AQR_1,0.3747166426781226,89.0,296.0,0,0
7,3,coxnet,Brats18_CBICA_AQU_1,0.4890363492560808,30.0,268.0,0,0
7,3,coxnet,Brats18_CBICA_AQZ_1,0.13424749031454633,286.0,346.0,0,0
7,3,coxnet,Brats18_CBICA_ASA_1,0.2112472328915802,210.0,332.0,0,0
7,3,coxnet,Brats18_CBICA_ASG_1,-0.00588629721019343,208.0,362.0,0,1
7,3,coxnet,Brats18_CBICA_ASH_1,-0.5597025648835803,660.0,473.0,2,2
7,3,coxnet,Brats18_CBICA_ASV_1,-0.16538187219117026,597.0,387.0,2,2
7,3,coxnet,Brats18_CBICA_ASW_1,0.31776293252969845,239.0,322.0,0,0
7,3,coxnet,Brats18_CBICA_ASY_1,0.21894107111559963,610.0,332.0,2,0
7,3,coxnet,Brats18_CBICA_ATB_1,0.4316029826003499,208.0,287.0,0,0
7,3,coxnet,Brats18_CBICA_ATX_1,-0.9537507549445023,1592.0,616.0,2,2
7,3,coxnet,Brats18_CBICA_AWH_1,-0.26505896788404787,139.0,421.0,0,2
7,3,coxnet,Brats18_CBICA_AXN_1,0.9416100932582604,345.0,172.0,1,0
7,3,coxnet,Brats18_CBICA_AYW_1,-0.3595947140223518,734.0,436.0,2,2
7,3,coxnet,Brats18_CBICA_AZH_1,-0.17845652387961303,401.0,387.0,1,2
7,3,coxnet,Brats18_CBICA_BHB_1,-0.17161960286018768,510.0,387.0,2,2
7,3,coxnet,Brats18_TCIA01_401_1,0.6686685519746027,448.0,213.0,1,0
7,3,coxnet,Brats18_TCIA01_412_1,0.3532040356415965,291.0,318.0,0,0
7,3,coxnet,Brats18_TCIA02_198_1,-0.26893453461991146,394.0,421.0,1,2
7,3,coxnet,Brats18_TCIA02_368_1,0.09912886827113794,317.0,355.0,1,1
7,3,coxnet,Brats18_TCIA02_377_1,0.14712235057856987,812.0,346.0,2,0
7,3,coxnet,Brats18_TCIA02_471_1,0.6095448529167242,111.0,232.0,0,0
7,3,coxnet,Brats18_TCIA02_491_1,0.7906814248570272,82.0,191.0,0,0
7,3,coxnet,Brats18_TCIA03_133_1,0.11208417322543054,382.0,350.0,1,1
7,3,coxnet,Brats18_TCIA04_111_1,0.5349958683932328,626.0,262.0,2,0
7,3,coxnet,Brats18_TCIA06_165_1,-0.26393207883935604,5.0,421.0,0,2
7,3,coxnet,Brats18_TCIA06_184_1,0.061234151934295815,434.0,355.0,1,1
7,3,coxnet,Brats18_TCIA06_247_1,0.6168740291289171,244.0,229.0,0,0
7,3,genetico,Brats18_CBICA_AAL_1,-0.544807353511749,464.0,466.0,2,2
7,3,genetico,Brats18_CBICA_ABN_1,0.04811741876786957,1278.0,357.0,2,1
7,3,genetico,Brats18_CBICA_ALX_1,-0.23365564543881365,698.0,405.0,2,2
7,3,genetico,Brats18_CBICA_AMH_1,-0.1432228510539286,169.0,385.0,0,1
7,3,genetico,Brats18_CBICA_AQR_1,0.3668637207880585,89.0,318.0,0,0
7,3,genetico,Brats18_CBICA_AQU_1,0.617643315669498,30.0,232.0,0,0
7,3,genetico,Brats18_CBICA_AQZ_1,0.5238800964373681,286.0,265.0,0,0
7,3,genetico,Brats18_CBICA_ASA_1,0.9526659418601694,210.0,175.0,0,0
7,3,genetico,Brats18_CBICA_ASG_1,0.479553874310205,208.0,269.0,0,0
7,3,genetico,Brats18_CBICA_ASH_1,-1.4907812522446455,660.0,946.0,2,2
7,3,genetico,Brats18_CBICA_ASV_1,-0.3342892199503522,597.0,425.0,2,2
7,3,genetico,Brats18_CBICA_ASW_1,0.5044639805581591,239.0,268.0,0,0
7,3,genetico,Brats18_CBICA_ASY_1,-0.08127992486373152,610.0,372.0,2,1
7,3,genetico,Brats18_CBICA_ATB_1,0.3754912191073354,208.0,296.0,0,0
7,3,genetico,Brats18_CBICA_ATX_1,-2.4530906392503176,1592.0,1767.0,2,2
7,3,genetico,Brats18_CBICA_AWH_1,-0.47085657859098357,139.0,448.0,0,2
7,3,genetico,Brats18_CBICA_AXN_1,1.351555724977951,345.0,120.0,1,0
7,3,genetico,Brats18_CBICA_AYW_1,-0.10847694516816149,734.0,375.0,2,1
7,3,genetico,Brats18_CBICA_AZH_1,-0.5502233081634523,401.0,466.0,1,2
7,3,genetico,Brats18_CBICA_BHB_1,0.0767404396251554,510.0,355.0,2,1
7,3,genetico,Brats18_TCIA01_401_1,0.426004551385863,448.0,289.0,1,0
7,3,genetico,Brats18_TCIA01_412_1,0.5442347256650284,291.0,265.0,0,0
7,3,genetico,Brats18_TCIA02_198_1,-0.4789313079543678,394.0,448.0,1,2
7,3,genetico,Brats18_TCIA02_368_1,0.19680079530858227,317.0,333.0,1,0
7,3,genetico,Brats18_TCIA02_377_1,-0.019433858941889356,812.0,362.0,2,1
7,3,genetico,Brats18_TCIA02_471_1,0.6478281731824513,111.0,229.0,0,0
7,3,genetico,Brats18_TCIA02_491_1,1.3310066647970409,82.0,121.0,0,0
7,3,genetico,Brats18_TCIA03_133_1,0.17227200333877946,382.0,336.0,1,1
7,3,genetico,Brats18_TCIA04_111_1,0.5502894863330211,626.0,262.0,2,0
7,3,genetico,Brats18_TCIA06_165_1,-0.35173127088130446,5.0,430.0,0,2
7,3,genetico,Brats18_TCIA06_184_1,0.4957884483672773,434.0,268.0,1,0
7,3,genetico,Brats18_TCIA06_247_1,0.7750162164327288,244.0,199.0,0,0
7,4,edad,Brats18_CBICA_AAB_1,-0.0023634475272951566,289.0,370.0,0,1
7,4,edad,Brats18_CBICA_AAP_1,-0.7993963845852736,788.0,597.0,2,2
7,4,edad,Brats18_CBICA_ABB_1,0.29678001985179164,465.0,317.0,2,0
7,4,edad,Brats18_CBICA_ABO_1,-0.1530155249969127,1155.0,387.0,2,2
7,4,edad,Brats18_CBICA_AME_1,-0.327546925329543,359.0,434.0,1,2
7,4,edad,Brats18_CBICA_ANG_1,-0.17760265930204303,368.0,394.0,1,2
7,4,edad,Brats18_CBICA_AOO_1,-0.6096284116302214,350.0,495.0,1,2
7,4,edad,Brats18_CBICA_AOP_1,0.2721928855466613,332.0,318.0,1,0
7,4,edad,Brats18_CBICA_APZ_1,-0.017264741045555976,336.0,372.0,1,1
7,4,edad,Brats18_CBICA_AQY_1,-0.1046235742963603,229.0,385.0,0,1
7,4,edad,Brats18_CBICA_ARZ_1,-0.21239717966718205,871.0,405.0,2,2
7,4,edad,Brats18_CBICA_ASK_1,0.6262476195405398,522.0,232.0,2,0
7,4,edad,Brats18_CBICA_ATF_1,0.3054600233261787,152.0,317.0,0,0
7,4,edad,Brats18_CBICA_ATV_1,0.060818036990130865,453.0,355.0,2,1
7,4,edad,Brats18_CBICA_AXO_1,-0.1574114065847995,394.0,387.0,1,2
7,4,edad,Brats18_CBICA_AXW_1,0.6960601796735918,191.0,209.0,0,0
7,4,edad,Brats18_TCIA01_150_1,-0.3506066770490517,1489.0,436.0,2,2
7,4,edad,Brats18_TCIA01_425_1,-0.16087595732779528,558.0,387.0,2,2
7,4,edad,Brats18_TCIA01_429_1,-0.20639940902608228,86.0,401.0,0,2
7,4,edad,Brats18_TCIA01_448_1,-0.5989367335308692,199.0,488.0,0,2
7,4,edad,Brats18_TCIA02_274_1,-0.2071072204681996,357.0,401.0,1,2
7,4,edad,Brats18_TCIA02_430_1,-0.2481230308772126,71.0,407.0,0,2
7,4,edad,Brats18_TCIA02_455_1,-0.21168936822506473,424.0,405.0,1,2
7,4,edad,Brats18_TCIA02_473_1,0.01846111016447432,175.0,362.0,0,1
7,4,edad,Brats18_TCIA03_121_1,-1.1220093892556213,747.0,698.0,2,2
7,4,edad,Brats18_TCIA03_265_1,-0.035109040033673336,103.0,375.0,0,1
7,4,edad,Brats18_TCIA03_338_1,0.5922726703189047,468.0,239.0,2,0
7,4,edad,Brats18_TCIA04_192_1,0.575024423071518,121.0,239.0,0,0
7,4,edad,Brats18_TCIA04_343_1,-0.29234261939265166,296.0,425.0,0,2
7,4,edad,Brats18_TCIA04_361_1,0.57543420864327,476.0,239.0,2,0
7,4,edad,Brats18_TCIA08_406_1,0.6787001727248181,82.0,210.0,0,0
7,4,edad,Brats18_TCIA08_469_1,0.1256386637945657,519.0,345.0,2,1
7,4,coxnet,Brats18_CBICA_AAB_1,0.2736126001124744,289.0,318.0,0,0
7,4,coxnet,Brats18_CBICA_AAP_1,-0.9611387201742555,788.0,610.0,2,2
7,4,coxnet,Brats18_CBICA_ABB_1,0.5033509812280353,465.0,262.0,2,0
7,4,coxnet,Brats18_CBICA_ABO_1,0.32594256607452,1155.0,291.0,2,0
7,4,coxnet,Brats18_CBICA_AME_1,-0.24068759593851166,359.0,401.0,1,1
7,4,coxnet,Brats18_CBICA_ANG_1,-0.382773476988121,368.0,434.0,1,2
7,4,coxnet,Brats18_CBICA_AOO_1,-0.6061308988780252,350.0,467.0,1,2
7,4,coxnet,Brats18_CBICA_AOP_1,0.1523011582637751,332.0,331.0,1,0
7,4,coxnet,Brats18_CBICA_APZ_1,-0.0649808615577915,336.0,372.0,1,1
7,4,coxnet,Brats18_CBICA_AQY_1,0.12924573138306084,229.0,333.0,0,0
7,4,coxnet,Brats18_CBICA_ARZ_1,-0.2053235619676595,871.0,387.0,2,1
7,4,coxnet,Brats18_CBICA_ASK_1,0.5971949843233793,522.0,239.0,2,0
7,4,coxnet,Brats18_CBICA_ATF_1,0.4875615451372713,152.0,262.0,0,0
7,4,coxnet,Brats18_CBICA_ATV_1,-0.0384109726345023,453.0,370.0,2,1
7,4,coxnet,Brats18_CBICA_AXO_1,0.18562069874628823,394.0,329.0,1,0
7,4,coxnet,Brats18_CBICA_AXW_1,0.47983675624311956,191.0,262.0,0,0
7,4,coxnet,Brats18_TCIA01_150_1,-0.5306508911227551,1489.0,448.0,2,2
7,4,coxnet,Brats18_TCIA01_425_1,-0.5626607789703547,558.0,464.0,2,2
7,4,coxnet,Brats18_TCIA01_429_1,-0.22519574954221178,86.0,394.0,0,1
7,4,coxnet,Brats18_TCIA01_448_1,-0.5429562759114176,199.0,448.0,0,2
7,4,coxnet,Brats18_TCIA02_274_1,-0.2124518106459018,357.0,387.0,1,1
7,4,coxnet,Brats18_TCIA02_430_1,-0.26460898494273644,71.0,405.0,0,2
7,4,coxnet,Brats18_TCIA02_455_1,-0.39089201980517346,424.0,434.0,1,2
7,4,coxnet,Brats18_TCIA02_473_1,-0.08289496426642887,175.0,375.0,0,1
7,4,coxnet,Brats18_TCIA03_121_1,-1.3314765365526682,747.0,737.0,2,2
7,4,coxnet,Brats18_TCIA03_265_1,0.08406361935169672,103.0,346.0,0,1
7,4,coxnet,Brats18_TCIA03_338_1,0.5249676470617215,468.0,254.0,2,0
7,4,coxnet,Brats18_TCIA04_192_1,0.20357590105151108,121.0,327.0,0,0
7,4,coxnet,Brats18_TCIA04_343_1,-0.38717593452305815,296.0,434.0,0,2
7,4,coxnet,Brats18_TCIA04_361_1,0.45233533832974465,476.0,265.0,2,0
7,4,coxnet,Brats18_TCIA08_406_1,0.3427876572367149,82.0,287.0,0,0
7,4,coxnet,Brats18_TCIA08_469_1,0.3440037032218843,519.0,287.0,2,0
7,4,genetico,Brats18_CBICA_AAB_1,0.1480180797619069,289.0,333.0,0,1
7,4,genetico,Brats18_CBICA_AAP_1,-1.2531073932154893,788.0,698.0,2,2
7,4,genetico,Brats18_CBICA_ABB_1,0.34466017868703736,465.0,291.0,2,0
7,4,genetico,Brats18_CBICA_ABO_1,1.7598591458226904,1155.0,89.0,2,0
7,4,genetico,Brats18_CBICA_AME_1,0.23946459227385608,359.0,327.0,1,0
7,4,genetico,Brats18_CBICA_ANG_1,-0.37979875488979964,368.0,434.0,1,2
7,4,genetico,Brats18_CBICA_AOO_1,-0.29420546622602384,350.0,407.0,1,1
7,4,genetico,Brats18_CBICA_AOP_1,-0.03939729586269397,332.0,372.0,1,1
7,4,genetico,Brats18_CBICA_APZ_1,-0.23270376824987454,336.0,401.0,1,1
7,4,genetico,Brats18_CBICA_AQY_1,0.3208215230750106,229.0,317.0,0,0
7,4,genetico,Brats18_CBICA_ARZ_1,0.11329916453292216,871.0,346.0,2,1
7,4,genetico,Brats18_CBICA_ASK_1,0.3235529664685203,522.0,317.0,2,0
7,4,genetico,Brats18_CBICA_ATF_1,0.2848353719291969,152.0,318.0,0,0
7,4,genetico,Brats18_CBICA_ATV_1,-0.10017290557658413,453.0,376.0,2,1
7,4,genetico,Brats18_CBICA_AXO_1,-0.14297520546181733,394.0,385.0,1,1
7,4,genetico,Brats18_CBICA_AXW_1,0.12814554230265277,191.0,345.0,0,1
7,4,genetico,Brats18_TCIA01_150_1,-0.4295997551996073,1489.0,438.0,2,2
7,4,genetico,Brats18_TCIA01_425_1,-1.4041016997897509,558.0,804.0,2,2
7,4,genetico,Brats18_TCIA01_429_1,-0.2507451293712688,86.0,401.0,0,1
7,4,genetico,Brats18_TCIA01_448_1,-0.24944175083065795,199.0,401.0,0,1
7,4,genetico,Brats18_TCIA02_274_1,-0.14333900673010724,357.0,385.0,1,1
7,4,genetico,Brats18_TCIA02_430_1,-0.4187412942971346,71.0,436.0,0,2
7,4,genetico,Brats18_TCIA02_455_1,-0.7365067493999291,424.0,495.0,1,2
7,4,genetico,Brats18_TCIA02_473_1,-0.17441772811640688,175.0,387.0,0,1
7,4,genetico,Brats18_TCIA03_121_1,-1.6420710410533463,747.0,1278.0,2,2
7,4,genetico,Brats18_TCIA03_265_1,0.4331989638620282,103.0,286.0,0,0
7,4,genetico,Brats18_TCIA03_338_1,0.20349323132524216,468.0,329.0,2,0
7,4,genetico,Brats18_TCIA04_192_1,-0.3467194206623465,121.0,425.0,0,2
7,4,genetico,Brats18_TCIA04_343_1,-0.7269138070148433,296.0,495.0,0,2
7,4,genetico,Brats18_TCIA04_361_1,0.2924241008561511,476.0,318.0,2,0
7,4,genetico,Brats18_TCIA08_406_1,0.12472466933008525,82.0,345.0,0,1
7,4,genetico,Brats18_TCIA08_469_1,0.395431130698178,519.0,287.0,2,0
8,0,edad,Brats18_CBICA_ABE_1,0.22311276962191942,269.0,327.0,0,0
8,0,edad,Brats18_CBICA_ABY_1,-0.4441962512717282,515.0,453.0,2,2
8,0,edad,Brats18_CBICA_ALN_1,0.0031309483517921086,421.0,359.0,1,1
8,0,edad,Brats18_CBICA_ALX_1,-0.04129940332453217,698.0,370.0,2,1
8,0,edad,Brats18_CBICA_AOD_1,-0.009710810619507255,55.0,359.0,0,1
8,0,edad,Brats18_CBICA_AOH_1,-0.1399070373091363,576.0,394.0,2,1
8,0,edad,Brats18_CBICA_AOO_1,-0.5937796210066706,350.0,488.0,1,2
8,0,edad,Brats18_CBICA_AQR_1,0.3740834761986367,89.0,289.0,0,0
8,0,edad,Brats18_CBICA_ASN_1,-0.7600466055824427,407.0,522.0,1,2
8,0,edad,Brats18_CBICA_AUN_1,0.27213200469796006,376.0,318.0,1,0
8,0,edad,Brats18_CBICA_AWI_1,-0.5087963462630849,375.0,466.0,1,2
8,0,edad,Brats18_CBICA_AXJ_1,-1.1754294851056113,1767.0,734.0,2,2
8,0,edad,Brats18_CBICA_AXL_1,0.4900506070751911,168.0,265.0,0,0
8,0,edad,Brats18_CBICA_AXQ_1,0.19308937745633256,114.0,329.0,0,0
8,0,edad,Brats18_TCIA01_147_1,0.01999242689028492,209.0,355.0,0,1
8,0,edad,Brats18_TCIA01_231_1,0.10497570163387068,1561.0,336.0,2,1
8,0,edad,Brats18_TCIA01_411_1,-0.6385301273387888,822.0,495.0,2,2
8,0,edad,Brats18_TCIA01_448_1,-0.58357024476079,199.0,486.0,0,2
8,0,edad,Brats18_TCIA02_274_1,-0.20941617035600382,357.0,405.0,1,2
8,0,edad,Brats18_TCIA02_314_1,-0.7292761858866696,362.0,519.0,1,2
8,0,edad,Brats18_TCIA02_491_1,0.7206331047260585,82.0,210.0,0,0
8,0,edad,Brats18_TCIA03_121_1,-1.083047080539227,747.0,634.0,2,2
8,0,edad,Brats18_TCIA03_133_1,0.10344607383396523,382.0,336.0,1,1
8,0,edad,Brats18_TCIA03_296_1,-0.015189012507540945,22.0,368.0,0,1
8,0,edad,Brats18_TCIA03_338_1,0.5539036745363616,468.0,254.0,2,0
8,0,edad,Brats18_TCIA03_375_1,-0.03037857228799764,946.0,368.0,2,1
8,0,edad,Brats18_TCIA03_474_1,0.01970784497402359,635.0,355.0,2,1
8,0,edad,Brats18_TCIA04_361_1,0.5378247962675878,476.0,254.0,2,0
8,0,edad,Brats18_TCIA04_479_1,-0.1584404346056655,372.0,394.0,1,1
8,0,edad,Brats18_TCIA06_165_1,-0.3236402369954569,5.0,436.0,0,2
8,0,edad,Brats18_TCIA06_409_1,0.2992384322218664,99.0,317.0,0,0
8,0,edad,Brats18_TCIA08_218_1,-0.12482419574727768,346.0,387.0,1,1
8,0,edad,Brats18_TCIA08_406_1,0.6364324302521922,82.0,232.0,0,0
8,0,coxnet,Brats18_CBICA_ABE_1,0.3829365171694203,269.0,287.0,0,0
8,0,coxnet,Brats18_CBICA_ABY_1,-0.5229601421529243,515.0,465.0,2,2
8,0,coxnet,Brats18_CBICA_ALN_1,-7.161350404928894e-05,421.0,355.0,1,1
8,0,coxnet,Brats18_CBICA_ALX_1,-0.6084555941766934,698.0,486.0,2,2
8,0,coxnet,Brats18_CBICA_AOD_1,0.2998621193729097,55.0,296.0,0,0
8,0,coxnet,Brats18_CBICA_AOH_1,-0.23350782439023005,576.0,405.0,2,2
8,0,coxnet,Brats18_CBICA_AOO_1,-0.49500479484168997,350.0,464.0,1,2
8,0,coxnet,Brats18_CBICA_AQR_1,0.29406886730333187,89.0,317.0,0,0
8,0,coxnet,Brats18_CBICA_ASN_1,-0.49115815732774276,407.0,464.0,1,2
8,0,coxnet,Brats18_CBICA_AUN_1,0.4004788157519797,376.0,287.0,1,0
8,0,coxnet,Brats18_CBICA_AWI_1,-0.30232644357427174,375.0,430.0,1,2
8,0,coxnet,Brats18_CBICA_AXJ_1,-1.0488957161009052,1767.0,621.0,2,2
8,0,coxnet,Brats18_CBICA_AXL_1,0.6637540070663874,168.0,229.0,0,0
8,0,coxnet,Brats18_CBICA_AXQ_1,0.2268021677911824,114.0,322.0,0,0
8,0,coxnet,Brats18_TCIA01_147_1,0.07988337683614426,209.0,336.0,0,1
8,0,coxnet,Brats18_TCIA01_231_1,0.07883336670360754,1561.0,336.0,2,1
8,0,coxnet,Brats18_TCIA01_411_1,-0.6842551274834545,822.0,495.0,2,2
8,0,coxnet,Brats18_TCIA01_448_1,-0.4876667511462163,199.0,453.0,0,2
8,0,coxnet,Brats18_TCIA02_274_1,-0.08996481911238222,357.0,385.0,1,1
8,0,coxnet,Brats18_TCIA02_314_1,-0.3577698909722509,362.0,438.0,1,2
8,0,coxnet,Brats18_TCIA02_491_1,0.8956720279321144,82.0,187.0,0,0
8,0,coxnet,Brats18_TCIA03_121_1,-1.0303263851408615,747.0,616.0,2,2
8,0,coxnet,Brats18_TCIA03_133_1,-0.02061845211206082,382.0,359.0,1,1
8,0,coxnet,Brats18_TCIA03_296_1,0.21236337273034836,22.0,327.0,0,0
8,0,coxnet,Brats18_TCIA03_338_1,0.5343357353895866,468.0,254.0,2,0
8,0,coxnet,Brats18_TCIA03_375_1,-0.15008013152960126,946.0,394.0,2,1
8,0,coxnet,Brats18_TCIA03_474_1,0.24471456081403278,635.0,318.0,2,0
8,0,coxnet,Brats18_TCIA04_361_1,0.5191976668476965,476.0,262.0,2,0
8,0,coxnet,Brats18_TCIA04_479_1,-0.1227647845509412,372.0,387.0,1,1
8,0,coxnet,Brats18_TCIA06_165_1,-0.31366550934185133,5.0,434.0,0,2
8,0,coxnet,Brats18_TCIA06_409_1,0.2668102063726255,99.0,318.0,0,0
8,0,coxnet,Brats18_TCIA08_218_1,-0.32216417732909175,346.0,434.0,1,2
8,0,coxnet,Brats18_TCIA08_406_1,0.5052334197161436,82.0,262.0,0,0
8,0,genetico,Brats18_CBICA_ABE_1,0.7594978957499883,269.0,210.0,0,0
8,0,genetico,Brats18_CBICA_ABY_1,-0.7236817116409486,515.0,503.0,2,2
8,0,genetico,Brats18_CBICA_ALN_1,0.03282718567134954,421.0,355.0,1,1
8,0,genetico,Brats18_CBICA_ALX_1,-0.2441347554206444,698.0,405.0,2,2
8,0,genetico,Brats18_CBICA_AOD_1,0.7584598440757016,55.0,210.0,0,0
8,0,genetico,Brats18_CBICA_AOH_1,-0.362686710614038,576.0,436.0,2,2
8,0,genetico,Brats18_CBICA_AOO_1,-0.1701826651506419,350.0,394.0,1,1
8,0,genetico,Brats18_CBICA_AQR_1,-0.1706781083474716,89.0,394.0,0,1
8,0,genetico,Brats18_CBICA_ASN_1,-0.04220428985658249,407.0,368.0,1,1
8,0,genetico,Brats18_CBICA_AUN_1,1.1771771001980686,376.0,169.0,1,0
8,0,genetico,Brats18_CBICA_AWI_1,-0.2570665202351966,375.0,424.0,1,2
8,0,genetico,Brats18_CBICA_AXJ_1,-2.2017840777952227,1767.0,1592.0,2,2
8,0,genetico,Brats18_CBICA_AXL_1,1.1197667429641682,168.0,170.0,0,0
8,0,genetico,Brats18_CBICA_AXQ_1,0.16228997507937637,114.0,331.0,0,1
8,0,genetico,Brats18_TCIA01_147_1,0.034377793066024676,209.0,355.0,0,1
8,0,genetico,Brats18_TCIA01_231_1,0.3549475125040533,1561.0,291.0,2,0
8,0,genetico,Brats18_TCIA01_411_1,-1.6420164566050202,822.0,1278.0,2,2
8,0,genetico,Brats18_TCIA01_448_1,-0.2874734362236797,199.0,425.0,0,2
8,0,genetico,Brats18_TCIA02_274_1,-0.006150415727726961,357.0,359.0,1,1
8,0,genetico,Brats18_TCIA02_314_1,-0.11940462651672687,362.0,387.0,1,1
8,0,genetico,Brats18_TCIA02_491_1,4.8097871882461565,82.0,12.0,0,0
8,0,genetico,Brats18_TCIA03_121_1,-0.7490438805828511,747.0,508.0,2,2
8,0,genetico,Brats18_TCIA03_133_1,-0.5212416011037476,382.0,464.0,1,2
8,0,genetico,Brats18_TCIA03_296_1,0.4306909301486404,22.0,287.0,0,0
8,0,genetico,Brats18_TCIA03_338_1,0.28829764781242506,468.0,318.0,2,0
8,0,genetico,Brats18_TCIA03_375_1,-0.2014141193881632,946.0,401.0,2,2
8,0,genetico,Brats18_TCIA03_474_1,0.4915980539370965,635.0,268.0,2,0
8,0,genetico,Brats18_TCIA04_361_1,0.458170657712309,476.0,286.0,2,0
8,0,genetico,Brats18_TCIA04_479_1,-0.21949233467259957,372.0,401.0,1,2
8,0,genetico,Brats18_TCIA06_165_1,-0.9790824957365447,5.0,610.0,0,2
8,0,genetico,Brats18_TCIA06_409_1,-0.2423250615556788,99.0,405.0,0,2
8,0,genetico,Brats18_TCIA08_218_1,-0.2635027935258216,346.0,424.0,1,2
8,0,genetico,Brats18_TCIA08_406_1,-0.7175176558899499,82.0,495.0,0,2
8,1,edad,Brats18_CBICA_ABB_1,0.3225902110858217,465.0,296.0,2,0
8,1,edad,Brats18_CBICA_ABN_1,0.3144361806342985,1278.0,317.0,2,0
8,1,edad,Brats18_CBICA_AME_1,-0.33439727130397745,359.0,434.0,1,2
8,1,edad,Brats18_CBICA_AOP_1,0.2967168452300269,332.0,317.0,1,0
8,1,edad,Brats18_CBICA_APZ_1,-0.00788323461774083,336.0,372.0,1,1
8,1,edad,Brats18_CBICA_AQU_1,0.4945304878184231,30.0,268.0,0,0
8,1,edad,Brats18_CBICA_AQV_1,-0.2705763021930166,84.0,424.0,0,2
8,1,edad,Brats18_CBICA_ARF_1,0.5899091228595579,726.0,244.0,2,0
8,1,edad,Brats18_CBICA_ARW_1,-0.6212780157474739,495.0,488.0,2,2
8,1,edad,Brats18_CBICA_ASO_1,-0.3103272006441926,265.0,430.0,0,2
8,1,edad,Brats18_CBICA_ATB_1,0.4258092600226525,208.0,287.0,0,0
8,1,edad,Brats18_CBICA_ATF_1,0.3317242932743071,152.0,296.0,0,0
8,1,edad,Brats18_CBICA_ATP_1,-0.3400815713783568,385.0,436.0,1,2
8,1,edad,Brats18_CBICA_ATV_1,0.07428430300914725,453.0,355.0,2,1
8,1,edad,Brats18_CBICA_AVG_1,0.12132678638331999,579.0,346.0,2,1
8,1,edad,Brats18_CBICA_AVJ_1,-0.5888187022192946,614.0,486.0,2,2
8,1,edad,Brats18_CBICA_AYW_1,-0.40731312053394503,734.0,448.0,2,2
8,1,edad,Brats18_TCIA01_186_1,-1.0339974032168817,370.0,626.0,1,2
8,1,edad,Brats18_TCIA01_335_1,-0.2269836009329501,355.0,407.0,1,2
8,1,edad,Brats18_TCIA01_401_1,0.7263323246446587,448.0,210.0,1,0
8,1,edad,Brats18_TCIA02_135_1,0.3567352136015757,828.0,291.0,2,0
8,1,edad,Brats18_TCIA02_179_1,-0.5326421366566367,405.0,468.0,1,2
8,1,edad,Brats18_TCIA02_290_1,-0.6723975143474079,737.0,503.0,2,2
8,1,edad,Brats18_TCIA02_321_1,0.8211621307130949,67.0,208.0,0,0
8,1,edad,Brats18_TCIA02_331_1,0.9635832491284023,187.0,180.0,0,0
8,1,edad,Brats18_TCIA02_473_1,0.029711550012118657,175.0,362.0,0,1
8,1,edad,Brats18_TCIA03_138_1,0.45513240799255317,82.0,286.0,0,0
8,1,edad,Brats18_TCIA03_199_1,-0.44843609141686763,1282.0,448.0,2,2
8,1,edad,Brats18_TCIA04_192_1,0.6153904680205682,121.0,239.0,0,0
8,1,edad,Brats18_TCIA04_437_1,-0.5218223654805769,333.0,468.0,1,2
8,1,edad,Brats18_TCIA05_478_1,-0.0395585067563504,30.0,375.0,0,1
8,1,edad,Brats18_TCIA08_242_1,0.2436372431561688,147.0,327.0,0,0
8,1,edad,Brats18_TCIA08_278_1,-0.38273342297094004,1458.0,438.0,2,2
8,1,coxnet,Brats18_CBICA_ABB_1,0.31650995646259145,465.0,296.0,2,0
8,1,coxnet,Brats18_CBICA_ABN_1,0.20806016584814763,1278.0,327.0,2,0
8,1,coxnet,Brats18_CBICA_AME_1,-0.2922727776416966,359.0,424.0,1,2
8,1,coxnet,Brats18_CBICA_AOP_1,0.23026849518451156,332.0,327.0,1,0
8,1,coxnet,Brats18_CBICA_APZ_1,-0.0006908281201806022,336.0,368.0,1,1
8,1,coxnet,Brats18_CBICA_AQU_1,0.6351049024088867,30.0,232.0,0,0
8,1,coxnet,Brats18_CBICA_AQV_1,-0.35974203141399985,84.0,434.0,0,2
8,1,coxnet,Brats18_CBICA_ARF_1,0.5695238276291918,726.0,244.0,2,0
8,1,coxnet,Brats18_CBICA_ARW_1,-0.6687668720776937,495.0,495.0,2,2
8,1,coxnet,Brats18_CBICA_ASO_1,-0.3333067023506727,265.0,430.0,0,2
8,1,coxnet,Brats18_CBICA_ATB_1,0.5758275628081228,208.0,244.0,0,0
8,1,coxnet,Brats18_CBICA_ATF_1,0.33854701431688616,152.0,296.0,0,0
8,1,coxnet,Brats18_CBICA_ATP_1,-0.45836472489217395,385.0,448.0,1,2
8,1,coxnet,Brats18_CBICA_ATV_1,0.03731053380869144,453.0,357.0,2,1
8,1,coxnet,Brats18_CBICA_AVG_1,-0.022616250716882932,579.0,372.0,2,1
8,1,coxnet,Brats18_CBICA_AVJ_1,-0.4600328463984427,614.0,448.0,2,2
8,1,coxnet,Brats18_CBICA_AYW_1,-0.4663954679657527,734.0,448.0,2,2
8,1,coxnet,Brats18_TCIA01_186_1,-1.0579825631204605,370.0,621.0,1,2
8,1,coxnet,Brats18_TCIA01_335_1,-0.22545865168118773,355.0,407.0,1,2
8,1,coxnet,Brats18_TCIA01_401_1,0.7499850904669565,448.0,210.0,1,0
8,1,coxnet,Brats18_TCIA02_135_1,0.3876206506312031,828.0,289.0,2,0
8,1,coxnet,Brats18_TCIA02_179_1,-0.561544380122217,405.0,468.0,1,2
8,1,coxnet,Brats18_TCIA02_290_1,-0.590757771460279,737.0,476.0,2,2
8,1,coxnet,Brats18_TCIA02_321_1,0.8675037065062013,67.0,199.0,0,0
8,1,coxnet,Brats18_TCIA02_331_1,0.9403440946058946,187.0,180.0,0,0
8,1,coxnet,Brats18_TCIA02_473_1,-0.0608952865560521,175.0,375.0,0,1
8,1,coxnet,Brats18_TCIA03_138_1,0.5825320329696713,82.0,244.0,0,0
8,1,coxnet,Brats18_TCIA03_199_1,-0.48470197214540706,1282.0,464.0,2,2
8,1,coxnet,Brats18_TCIA04_192_1,0.5607304413704348,121.0,254.0,0,0
8,1,coxnet,Brats18_TCIA04_437_1,-0.6249986096742343,333.0,486.0,1,2
8,1,coxnet,Brats18_TCIA05_478_1,0.06585762043128375,30.0,355.0,0,1
8,1,coxnet,Brats18_TCIA08_242_1,0.2799627795464361,147.0,318.0,0,0
8,1,coxnet,Brats18_TCIA08_278_1,-0.3940272335410381,1458.0,438.0,2,2
8,1,genetico,Brats18_CBICA_ABB_1,1.4112629504827037,465.0,114.0,2,0
8,1,genetico,Brats18_CBICA_ABN_1,-0.2702849870849019,1278.0,401.0,2,2
8,1,genetico,Brats18_CBICA_AME_1,0.07437017233095101,359.0,350.0,1,1
8,1,genetico,Brats18_CBICA_AOP_1,0.3840604920225902,332.0,289.0,1,0
8,1,genetico,Brats18_CBICA_APZ_1,0.1856337698330286,336.0,329.0,1,1
8,1,genetico,Brats18_CBICA_AQU_1,0.8084579705087334,30.0,209.0,0,0
8,1,genetico,Brats18_CBICA_AQV_1,-0.33385070288150864,84.0,424.0,0,2
8,1,genetico,Brats18_CBICA_ARF_1,0.3526067866662126,726.0,291.0,2,0
8,1,genetico,Brats18_CBICA_ARW_1,-0.982319042286812,495.0,576.0,2,2
8,1,genetico,Brats18_CBICA_ASO_1,-0.28531268041855445,265.0,407.0,0,2
8,1,genetico,Brats18_CBICA_ATB_1,0.8001683106974365,208.0,209.0,0,0
8,1,genetico,Brats18_CBICA_ATF_1,0.2609461606938543,152.0,318.0,0,0
8,1,genetico,Brats18_CBICA_ATP_1,-0.8329801329488256,385.0,510.0,1,2
8,1,genetico,Brats18_CBICA_ATV_1,-0.39944070722403724,453.0,434.0,2,2
8,1,genetico,Brats18_CBICA_AVG_1,-0.34818692640424165,579.0,425.0,2,2
8,1,genetico,Brats18_CBICA_AVJ_1,-0.20430133382188054,614.0,394.0,2,1
8,1,genetico,Brats18_CBICA_AYW_1,-0.08293739949178466,734.0,375.0,2,1
8,1,genetico,Brats18_TCIA01_186_1,-1.246492200016093,370.0,634.0,1,2
8,1,genetico,Brats18_TCIA01_335_1,0.4415971459804676,355.0,286.0,1,0
8,1,genetico,Brats18_TCIA01_401_1,0.008228561192500572,448.0,357.0,1,1
8,1,genetico,Brats18_TCIA02_135_1,0.34091108735338416,828.0,291.0,2,0
8,1,genetico,Brats18_TCIA02_179_1,-0.21623802929407643,405.0,394.0,1,1
8,1,genetico,Brats18_TCIA02_290_1,-0.3320937103034812,737.0,424.0,2,2
8,1,genetico,Brats18_TCIA02_321_1,1.1927546539402643,67.0,153.0,0,0
8,1,genetico,Brats18_TCIA02_331_1,1.1508866364399595,187.0,168.0,0,0
8,1,genetico,Brats18_TCIA02_473_1,0.17112266505129603,175.0,329.0,0,1
8,1,genetico,Brats18_TCIA03_138_1,1.3622737800285276,82.0,120.0,0,0
8,1,genetico,Brats18_TCIA03_199_1,-0.5637909712476358,1282.0,464.0,2,2
8,1,genetico,Brats18_TCIA04_192_1,0.26484680199565325,121.0,318.0,0,0
8,1,genetico,Brats18_TCIA04_437_1,-0.9783233520055454,333.0,576.0,1,2
8,1,genetico,Brats18_TCIA05_478_1,-0.4868161733343783,30.0,439.0,0,2
8,1,genetico,Brats18_TCIA08_242_1,0.15356366122616333,147.0,331.0,0,1
8,1,genetico,Brats18_TCIA08_278_1,-0.7083484002472309,1458.0,486.0,2,2
8,2,edad,Brats18_2013_27_1,0.24194173207736275,120.0,332.0,0,0
8,2,edad,Brats18_CBICA_AAL_1,-0.18274508509099133,464.0,387.0,2,2
8,2,edad,Brats18_CBICA_AAP_1,-0.6542994466279505,788.0,515.0,2,2
8,2,edad,Brats18_CBICA_ALU_1,0.17628383141302298,495.0,345.0,2,0
8,2,edad,Brats18_CBICA_AMH_1,0.07459302345340163,169.0,355.0,0,1
8,2,edad,Brats18_CBICA_ANZ_1,0.24283945914915273,287.0,332.0,0,0
8,2,edad,Brats18_CBICA_AQA_1,0.5003323482231646,106.0,265.0,0,0
8,2,edad,Brats18_CBICA_AQD_1,0.3972175593910494,32.0,291.0,0,0
8,2,edad,Brats18_CBICA_AQG_1,-0.20429053481394321,466.0,394.0,2,2
8,2,edad,Brats18_CBICA_AQJ_1,0.1817011499496846,170.0,336.0,0,0
8,2,edad,Brats18_CBICA_AQN_1,0.09248565267734725,488.0,355.0,2,1
8,2,edad,Brats18_CBICA_AQO_1,0.23698875512955786,473.0,332.0,2,0
8,2,edad,Brats18_CBICA_AQT_1,0.4882904230188135,172.0,268.0,0,0
8,2,edad,Brats18_CBICA_AQZ_1,0.09722193688368573,286.0,355.0,0,1
8,2,edad,Brats18_CBICA_ASA_1,0.11019254526575017,210.0,350.0,0,1
8,2,edad,Brats18_CBICA_AYI_1,0.17696486574334633,387.0,345.0,1,0
8,2,edad,Brats18_CBICA_AZD_1,-0.4317250450359635,448.0,453.0,1,2
8,2,edad,Brats18_CBICA_BHM_1,0.05651465759391353,436.0,357.0,1,1
8,2,edad,Brats18_TCIA01_190_1,0.04091278020832787,322.0,357.0,1,1
8,2,edad,Brats18_TCIA01_201_1,0.01624076378707413,430.0,359.0,1,1
8,2,edad,Brats18_TCIA01_235_1,-0.06907426413886686,804.0,372.0,2,1
8,2,edad,Brats18_TCIA01_378_1,0.43154788086052254,110.0,289.0,0,0
8,2,edad,Brats18_TCIA01_460_1,-1.276300482954486,630.0,828.0,2,2
8,2,edad,Brats18_TCIA02_151_1,-0.3786353233766789,1731.0,439.0,2,2
8,2,edad,Brats18_TCIA02_322_1,-0.08798844485829709,621.0,375.0,2,1
8,2,edad,Brats18_TCIA02_368_1,0.07298330594536502,317.0,355.0,1,1
8,2,edad,Brats18_TCIA02_455_1,-0.16593591957437814,424.0,387.0,1,2
8,2,edad,Brats18_TCIA02_471_1,0.5079785063863387,111.0,265.0,0,0
8,2,edad,Brats18_TCIA03_265_1,-0.01920397749565522,103.0,368.0,0,1
8,2,edad,Brats18_TCIA04_149_1,-0.7228981773550496,448.0,576.0,1,2
8,2,edad,Brats18_TCIA06_372_1,0.44318737668786445,213.0,269.0,0,0
8,2,edad,Brats18_TCIA08_319_1,0.14412043735821425,254.0,346.0,0,0
8,2,edad,Brats18_TCIA08_469_1,0.11437161956546057,519.0,350.0,2,0
8,2,coxnet,Brats18_2013_27_1,0.23109754602247237,120.0,332.0,0,0
8,2,coxnet,Brats18_CBICA_AAL_1,-0.216303623560943,464.0,394.0,2,2
8,2,coxnet,Brats18_CBICA_AAP_1,-0.6610772065984027,788.0,515.0,2,2
8,2,coxnet,Brats18_CBICA_ALU_1,0.12505808256496023,495.0,346.0,2,0
8,2,coxnet,Brats18_CBICA_AMH_1,0.06359209827933772,169.0,355.0,0,1
8,2,coxnet,Brats18_CBICA_ANZ_1,0.2045967097909127,287.0,333.0,0,0
8,2,coxnet,Brats18_CBICA_AQA_1,0.4423333801072283,106.0,269.0,0,0
8,2,coxnet,Brats18_CBICA_AQD_1,0.3571843740784395,32.0,296.0,0,0
8,2,coxnet,Brats18_CBICA_AQG_1,-0.18304544244068433,466.0,387.0,2,2
8,2,coxnet,Brats18_CBICA_AQJ_1,0.22043879896792185,170.0,333.0,0,0
8,2,coxnet,Brats18_CBICA_AQN_1,0.05306979998124901,488.0,355.0,2,1
8,2,coxnet,Brats18_CBICA_AQO_1,0.23611022554230565,473.0,332.0,2,0
8,2,coxnet,Brats18_CBICA_AQT_1,0.5107811683933159,172.0,265.0,0,0
8,2,coxnet,Brats18_CBICA_AQZ_1,0.11710438950068616,286.0,350.0,0,0
8,2,coxnet,Brats18_CBICA_ASA_1,0.1583262776668421,210.0,345.0,0,0
8,2,coxnet,Brats18_CBICA_AYI_1,0.05677496147844346,387.0,355.0,1,1
8,2,coxnet,Brats18_CBICA_AZD_1,-0.5022266863752962,448.0,468.0,1,2
8,2,coxnet,Brats18_CBICA_BHM_1,0.029173823114301823,436.0,357.0,1,1
8,2,coxnet,Brats18_TCIA01_190_1,-0.028651776033996868,322.0,368.0,1,1
8,2,coxnet,Brats18_TCIA01_201_1,0.06658080884331198,430.0,355.0,1,1
8,2,coxnet,Brats18_TCIA01_235_1,-0.09645074195043639,804.0,375.0,2,1
8,2,coxnet,Brats18_TCIA01_378_1,0.45099901784135726,110.0,269.0,0,0
8,2,coxnet,Brats18_TCIA01_460_1,-1.2390040102582942,630.0,822.0,2,2
8,2,coxnet,Brats18_TCIA02_151_1,-0.3685985851304898,1731.0,438.0,2,2
8,2,coxnet,Brats18_TCIA02_322_1,-0.19078359414036433,621.0,387.0,2,2
8,2,coxnet,Brats18_TCIA02_368_1,0.10422171539748339,317.0,350.0,1,0
8,2,coxnet,Brats18_TCIA02_455_1,-0.20238610188641654,424.0,394.0,1,2
8,2,coxnet,Brats18_TCIA02_471_1,0.5238471411981155,111.0,262.0,0,0
8,2,coxnet,Brats18_TCIA03_265_1,-0.023821652801394266,103.0,368.0,0,1
8,2,coxnet,Brats18_TCIA04_149_1,-0.7374771576990825,448.0,576.0,1,2
8,2,coxnet,Brats18_TCIA06_372_1,0.4992381050230214,213.0,265.0,0,0
8,2,coxnet,Brats18_TCIA08_319_1,0.11154564909384783,254.0,350.0,0,0
8,2,coxnet,Brats18_TCIA08_469_1,0.17024418896036114,519.0,345.0,2,0
8,2,genetico,Brats18_2013_27_1,0.25223602272751444,120.0,333.0,0,1
8,2,genetico,Brats18_CBICA_AAL_1,-0.6115977743671,464.0,476.0,2,2
8,2,genetico,Brats18_CBICA_AAP_1,-0.700005181446473,788.0,503.0,2,2
8,2,genetico,Brats18_CBICA_ALU_1,-0.3209063706614891,495.0,405.0,2,2
8,2,genetico,Brats18_CBICA_AMH_1,-0.46231842775658266,169.0,439.0,0,2
8,2,genetico,Brats18_CBICA_ANZ_1,-0.7496813662820241,287.0,510.0,0,2
8,2,genetico,Brats18_CBICA_AQA_1,-0.40042748351635515,106.0,434.0,0,2
8,2,genetico,Brats18_CBICA_AQD_1,-0.6446755552369097,32.0,486.0,0,2
8,2,genetico,Brats18_CBICA_AQG_1,0.9335965624295868,466.0,199.0,2,0
8,2,genetico,Brats18_CBICA_AQJ_1,0.47119948627899294,170.0,291.0,0,0
8,2,genetico,Brats18_CBICA_AQN_1,-0.1858120898101397,488.0,385.0,2,1
8,2,genetico,Brats18_CBICA_AQO_1,-0.3387988594464395,473.0,407.0,2,2
8,2,genetico,Brats18_CBICA_AQT_1,0.2814685451067011,172.0,332.0,0,1
8,2,genetico,Brats18_CBICA_AQZ_1,0.21689813915773648,286.0,336.0,0,1
8,2,genetico,Brats18_CBICA_ASA_1,0.8601037746725471,210.0,208.0,0,0
8,2,genetico,Brats18_CBICA_AYI_1,-1.3512372636106258,387.0,737.0,1,2
8,2,genetico,Brats18_CBICA_AZD_1,-3.373819686274916,448.0,1767.0,1,2
8,2,genetico,Brats18_CBICA_BHM_1,0.11663083555037054,436.0,355.0,1,1
8,2,genetico,Brats18_TCIA01_190_1,-0.9958711661810592,322.0,614.0,1,2
8,2,genetico,Brats18_TCIA01_201_1,0.30137968213136856,430.0,332.0,1,1
8,2,genetico,Brats18_TCIA01_235_1,-0.7576547033094293,804.0,510.0,2,2
8,2,genetico,Brats18_TCIA01_378_1,1.4167405911622466,110.0,127.0,0,0
8,2,genetico,Brats18_TCIA01_460_1,-1.2579980413265988,630.0,726.0,2,2
8,2,genetico,Brats18_TCIA02_151_1,0.44243222847658426,1731.0,296.0,2,0
8,2,genetico,Brats18_TCIA02_322_1,-0.06498252080081413,621.0,370.0,2,1
8,2,genetico,Brats18_TCIA02_368_1,0.8487417063051736,317.0,208.0,1,0
8,2,genetico,Brats18_TCIA02_455_1,0.6658693920667922,424.0,244.0,1,0
8,2,genetico,Brats18_TCIA02_471_1,-0.02024750535554809,111.0,368.0,0,1
8,2,genetico,Brats18_TCIA03_265_1,0.34642420626247566,103.0,329.0,0,0
8,2,genetico,Brats18_TCIA04_149_1,0.3347139660416306,448.0,329.0,1,0
8,2,genetico,Brats18_TCIA06_372_1,0.5292461882084316,213.0,269.0,0,0
8,2,genetico,Brats18_TCIA08_319_1,0.5987237556715796,254.0,265.0,0,0
8,2,genetico,Brats18_TCIA08_469_1,0.309201268486402,519.0,331.0,2,0
8,3,edad,Brats18_2013_11_1,-1.076111024123538,150.0,698.0,0,2
8,3,edad,Brats18_CBICA_AAB_1,0.029176458506471943,289.0,362.0,0,1
8,3,edad,Brats18_CBICA_ABO_1,-0.11343218073532897,1155.0,385.0,2,1
8,3,edad,Brats18_CBICA_ANG_1,-0.13670658773324884,368.0,387.0,1,1
8,3,edad,Brats18_CBICA_AQQ_1,0.36520952560219894,33.0,317.0,0,0
8,3,edad,Brats18_CBICA_ASH_1,-0.4607498087997442,660.0,453.0,2,2
8,3,edad,Brats18_CBICA_ASK_1,0.6242254640866268,522.0,213.0,2,0
8,3,edad,Brats18_CBICA_ASV_1,-0.17225295478461766,597.0,394.0,2,2
8,3,edad,Brats18_CBICA_ASW_1,0.30762300040886015,239.0,331.0,0,0
8,3,edad,Brats18_CBICA_AUQ_1,0.04162473982505648,1337.0,359.0,2,1
8,3,edad,Brats18_CBICA_AUR_1,0.374378231389258,12.0,317.0,0,0
8,3,edad,Brats18_CBICA_AVV_1,0.4463525718176746,387.0,286.0,1,0
8,3,edad,Brats18_CBICA_AXW_1,0.6903106742595085,191.0,209.0,0,0
8,3,edad,Brats18_CBICA_AYA_1,0.5360295672657207,50.0,265.0,0,0
8,3,edad,Brats18_CBICA_AYU_1,0.14618325005056063,58.0,350.0,0,0
8,3,edad,Brats18_CBICA_AZH_1,-0.16646961728816478,401.0,394.0,1,2
8,3,edad,Brats18_TCIA01_150_1,-0.30047377879134046,1489.0,434.0,2,2
8,3,edad,Brats18_TCIA01_425_1,-0.12087293812405789,558.0,385.0,2,1
8,3,edad,Brats18_TCIA01_499_1,-0.336901752168388,600.0,438.0,2,2
8,3,edad,Brats18_TCIA02_226_1,0.49166713695756425,329.0,269.0,1,0
8,3,edad,Brats18_TCIA02_283_1,0.5360295672657207,262.0,265.0,0,0
8,3,edad,Brats18_TCIA02_300_1,0.16723600910777014,127.0,346.0,0,0
8,3,edad,Brats18_TCIA02_394_1,0.16261639196121327,616.0,346.0,2,0
8,3,edad,Brats18_TCIA02_430_1,-0.2034618187136467,71.0,405.0,0,2
8,3,edad,Brats18_TCIA03_257_1,0.34172353308611564,425.0,318.0,1,0
8,3,edad,Brats18_TCIA03_419_1,0.38636807741848966,327.0,317.0,1,0
8,3,edad,Brats18_TCIA04_111_1,0.5510874033083146,626.0,265.0,2,0
8,3,edad,Brats18_TCIA04_343_1,-0.24532048705687548,296.0,421.0,0,2
8,3,edad,Brats18_TCIA05_277_1,0.3784336204873807,232.0,317.0,0,0
8,3,edad,Brats18_TCIA06_247_1,0.601726870655304,244.0,229.0,0,0
8,3,edad,Brats18_TCIA08_105_1,0.24654531416583372,77.0,333.0,0,0
8,3,edad,Brats18_TCIA08_280_1,-0.0801779901307249,508.0,382.0,2,1
8,3,coxnet,Brats18_2013_11_1,-1.089639093613852,150.0,726.0,0,2
8,3,coxnet,Brats18_CBICA_AAB_1,0.0316129189872159,289.0,362.0,0,1
8,3,coxnet,Brats18_CBICA_ABO_1,-0.1113495475265017,1155.0,385.0,2,1
8,3,coxnet,Brats18_CBICA_ANG_1,-0.136130544428934,368.0,387.0,1,1
8,3,coxnet,Brats18_CBICA_AQQ_1,0.37289869011935267,33.0,317.0,0,0
8,3,coxnet,Brats18_CBICA_ASH_1,-0.4924092790282918,660.0,465.0,2,2
8,3,coxnet,Brats18_CBICA_ASK_1,0.6354550826718772,522.0,213.0,2,0
8,3,coxnet,Brats18_CBICA_ASV_1,-0.16903975576418143,597.0,394.0,2,2
8,3,coxnet,Brats18_CBICA_ASW_1,0.3200274294087093,239.0,322.0,0,0
8,3,coxnet,Brats18_CBICA_AUQ_1,0.02780067180995048,1337.0,362.0,2,1
8,3,coxnet,Brats18_CBICA_AUR_1,0.3687791624182461,12.0,317.0,0,0
8,3,coxnet,Brats18_CBICA_AVV_1,0.4562931797370066,387.0,286.0,1,0
8,3,coxnet,Brats18_CBICA_AXW_1,0.6874312319285032,191.0,209.0,0,0
8,3,coxnet,Brats18_CBICA_AYA_1,0.5450998987088279,50.0,265.0,0,0
8,3,coxnet,Brats18_CBICA_AYU_1,0.14153571491879205,58.0,350.0,0,0
8,3,coxnet,Brats18_CBICA_AZH_1,-0.18221610041051575,401.0,394.0,1,2
8,3,coxnet,Brats18_TCIA01_150_1,-0.29505681708990444,1489.0,430.0,2,2
8,3,coxnet,Brats18_TCIA01_425_1,-0.1352409772077945,558.0,387.0,2,1
8,3,coxnet,Brats18_TCIA01_499_1,-0.3301657642509783,600.0,436.0,2,2
8,3,coxnet,Brats18_TCIA02_226_1,0.491715279833548,329.0,269.0,1,0
8,3,coxnet,Brats18_TCIA02_283_1,0.5356192886765996,262.0,265.0,0,0
8,3,coxnet,Brats18_TCIA02_300_1,0.16595734038399734,127.0,346.0,0,0
8,3,coxnet,Brats18_TCIA02_394_1,0.16998000488944123,616.0,346.0,2,0
8,3,coxnet,Brats18_TCIA02_430_1,-0.1950982720008638,71.0,405.0,0,2
8,3,coxnet,Brats18_TCIA03_257_1,0.3428462591934706,425.0,318.0,1,0
8,3,coxnet,Brats18_TCIA03_419_1,0.38605797350462734,327.0,317.0,1,0
8,3,coxnet,Brats18_TCIA04_111_1,0.5590850144886343,626.0,254.0,2,0
8,3,coxnet,Brats18_TCIA04_343_1,-0.24855807150557227,296.0,421.0,0,2
8,3,coxnet,Brats18_TCIA05_277_1,0.377528588774474,232.0,317.0,0,0
8,3,coxnet,Brats18_TCIA06_247_1,0.6133736002846146,244.0,229.0,0,0
8,3,coxnet,Brats18_TCIA08_105_1,0.2610599287533773,77.0,332.0,0,0
8,3,coxnet,Brats18_TCIA08_280_1,-0.06969848720237737,508.0,376.0,2,1
8,3,genetico,Brats18_2013_11_1,-1.5621769233179739,150.0,828.0,0,2
8,3,genetico,Brats18_CBICA_AAB_1,0.5274794018108611,289.0,286.0,0,0
8,3,genetico,Brats18_CBICA_ABO_1,1.345276591214178,1155.0,147.0,2,0
8,3,genetico,Brats18_CBICA_ANG_1,-0.38411896060717066,368.0,436.0,1,2
8,3,genetico,Brats18_CBICA_AQQ_1,1.688858731581583,33.0,110.0,0,0
8,3,genetico,Brats18_CBICA_ASH_1,-1.3596506830604271,660.0,747.0,2,2
8,3,genetico,Brats18_CBICA_ASK_1,1.066424688199041,522.0,175.0,2,0
8,3,genetico,Brats18_CBICA_ASV_1,-0.6246619340553441,597.0,467.0,2,2
8,3,genetico,Brats18_CBICA_ASW_1,1.0439942352167628,239.0,175.0,0,0
8,3,genetico,Brats18_CBICA_AUQ_1,-0.7974178738637914,1337.0,495.0,2,2
8,3,genetico,Brats18_CBICA_AUR_1,1.4524915632073603,12.0,121.0,0,0
8,3,genetico,Brats18_CBICA_AVV_1,0.9870144677001085,387.0,187.0,1,0
8,3,genetico,Brats18_CBICA_AXW_1,-0.06878199766956417,191.0,376.0,0,1
8,3,genetico,Brats18_CBICA_AYA_1,0.8109635796593978,50.0,209.0,0,0
8,3,genetico,Brats18_CBICA_AYU_1,-0.04926736632201681,58.0,375.0,0,1
8,3,genetico,Brats18_CBICA_AZH_1,-1.217463645234047,401.0,698.0,1,2
8,3,genetico,Brats18_TCIA01_150_1,-0.5510080939318578,1489.0,464.0,2,2
8,3,genetico,Brats18_TCIA01_425_1,-0.8592200420541015,558.0,510.0,2,2
8,3,genetico,Brats18_TCIA01_499_1,-0.3137332786264476,600.0,424.0,2,2
8,3,genetico,Brats18_TCIA02_226_1,0.2816292673276253,329.0,333.0,1,0
8,3,genetico,Brats18_TCIA02_283_1,0.3748707156653428,262.0,322.0,0,0
8,3,genetico,Brats18_TCIA02_300_1,-0.224890286686147,127.0,405.0,0,1
8,3,genetico,Brats18_TCIA02_394_1,0.8958276225011792,616.0,203.0,2,0
8,3,genetico,Brats18_TCIA02_430_1,0.02970610706764082,71.0,362.0,0,1
8,3,genetico,Brats18_TCIA03_257_1,0.4720404646868369,425.0,291.0,1,0
8,3,genetico,Brats18_TCIA03_419_1,0.2029374065207181,327.0,346.0,1,0
8,3,genetico,Brats18_TCIA04_111_1,0.6655657759229602,626.0,254.0,2,0
8,3,genetico,Brats18_TCIA04_343_1,-0.0314473017134973,296.0,372.0,0,1
8,3,genetico,Brats18_TCIA05_277_1,1.5645260908929108,232.0,114.0,0,0
8,3,genetico,Brats18_TCIA06_247_1,0.7602458444984455,244.0,210.0,0,0
8,3,genetico,Brats18_TCIA08_105_1,0.870287224870095,77.0,208.0,0,0
8,3,genetico,Brats18_TCIA08_280_1,-0.7432161308233164,508.0,488.0,2,2
8,4,edad,Brats18_CBICA_AAG_1,-0.2988788626208271,616.0,421.0,2,2
8,4,edad,Brats18_CBICA_ABM_1,0.3254388818184657,503.0,296.0,2,0
8,4,edad,Brats18_CBICA_ANI_1,-0.08681104699877701,439.0,375.0,1,1
8,4,edad,Brats18_CBICA_ANP_1,0.031586113783041124,486.0,357.0,2,1
8,4,edad,Brats18_CBICA_AOZ_1,-0.49686778072534965,331.0,465.0,1,2
8,4,edad,Brats18_CBICA_APR_1,0.07046226547088659,23.0,355.0,0,1
8,4,edad,Brats18_CBICA_APY_1,-0.5364160405861421,203.0,466.0,0,2
8,4,edad,Brats18_CBICA_AQP_1,-0.504437841199598,1283.0,465.0,2,2
8,4,edad,Brats18_CBICA_AQY_1,-0.10591306875622601,229.0,375.0,0,1
8,4,edad,Brats18_CBICA_ARZ_1,-0.20825038161604092,871.0,387.0,2,2
8,4,edad,Brats18_CBICA_ASE_1,-0.4916324117992339,318.0,464.0,1,2
8,4,edad,Brats18_CBICA_ASG_1,-0.10619606167115128,208.0,375.0,0,1
8,4,edad,Brats18_CBICA_ASU_1,0.7277486844989612,85.0,208.0,0,0
8,4,edad,Brats18_CBICA_ASY_1,0.20509614474653676,610.0,329.0,2,0
8,4,edad,Brats18_CBICA_ATD_1,0.2994742818740809,355.0,317.0,1,0
8,4,edad,Brats18_CBICA_ATX_1,-0.8464347788866668,1592.0,579.0,2,2
8,4,edad,Brats18_CBICA_AWG_1,-0.18324088275952918,180.0,387.0,0,2
8,4,edad,Brats18_CBICA_AWH_1,-0.28115643132363805,139.0,407.0,0,2
8,4,edad,Brats18_CBICA_AXM_1,0.22009476923757054,438.0,329.0,1,0
8,4,edad,Brats18_CBICA_AXN_1,0.88611859451396,345.0,175.0,1,0
8,4,edad,Brats18_CBICA_AXO_1,-0.15603818881234693,394.0,385.0,1,2
8,4,edad,Brats18_CBICA_BHB_1,-0.18101231355449338,510.0,387.0,2,2
8,4,edad,Brats18_TCIA01_203_1,-0.5230446253559278,268.0,466.0,0,2
8,4,edad,Brats18_TCIA01_390_1,0.10127311908336463,634.0,350.0,2,1
8,4,edad,Brats18_TCIA01_412_1,0.2846525279548752,291.0,317.0,0,0
8,4,edad,Brats18_TCIA01_429_1,-0.20255514920317208,86.0,387.0,0,2
8,4,edad,Brats18_TCIA02_118_1,-0.47369773581585134,104.0,464.0,0,2
8,4,edad,Brats18_TCIA02_198_1,-0.22756464805968382,394.0,401.0,1,2
8,4,edad,Brats18_TCIA02_377_1,0.10788807846974043,812.0,346.0,2,1
8,4,edad,Brats18_TCIA03_498_1,-0.050587953888355366,467.0,370.0,2,1
8,4,edad,Brats18_TCIA06_184_1,0.016092251690888185,434.0,359.0,1,1
8,4,edad,Brats18_TCIA08_167_1,0.5021325830748689,153.0,262.0,0,0
8,4,coxnet,Brats18_CBICA_AAG_1,-0.29482550092962445,616.0,407.0,2,2
8,4,coxnet,Brats18_CBICA_ABM_1,0.2528945586552086,503.0,322.0,2,0
8,4,coxnet,Brats18_CBICA_ANI_1,-0.0193117840516569,439.0,362.0,1,1
8,4,coxnet,Brats18_CBICA_ANP_1,-0.11610840395082224,486.0,375.0,2,1
8,4,coxnet,Brats18_CBICA_AOZ_1,-0.43262726810979146,331.0,448.0,1,2
8,4,coxnet,Brats18_CBICA_APR_1,0.11742764834583366,23.0,336.0,0,1
8,4,coxnet,Brats18_CBICA_APY_1,-0.8048489286161357,203.0,558.0,0,2
8,4,coxnet,Brats18_CBICA_AQP_1,-0.41108102205390246,1283.0,448.0,2,2
8,4,coxnet,Brats18_CBICA_AQY_1,-0.025212453281585834,229.0,362.0,0,1
8,4,coxnet,Brats18_CBICA_ARZ_1,-0.16063525070965592,871.0,382.0,2,1
8,4,coxnet,Brats18_CBICA_ASE_1,-0.6193730766618021,318.0,476.0,1,2
8,4,coxnet,Brats18_CBICA_ASG_1,0.024434700304835903,208.0,357.0,0,1
8,4,coxnet,Brats18_CBICA_ASU_1,0.7540131705928368,85.0,199.0,0,0
8,4,coxnet,Brats18_CBICA_ASY_1,0.20347131646223407,610.0,329.0,2,0
8,4,coxnet,Brats18_CBICA_ATD_1,0.2783269983505436,355.0,317.0,1,0
8,4,coxnet,Brats18_CBICA_ATX_1,-1.0268184777258176,1592.0,626.0,2,2
8,4,coxnet,Brats18_CBICA_AWG_1,-0.11309036356447821,180.0,375.0,0,1
8,4,coxnet,Brats18_CBICA_AWH_1,-0.31998454809442184,139.0,421.0,0,2
8,4,coxnet,Brats18_CBICA_AXM_1,0.1243094695594124,438.0,336.0,1,1
8,4,coxnet,Brats18_CBICA_AXN_1,0.9960766230530995,345.0,169.0,1,0
8,4,coxnet,Brats18_CBICA_AXO_1,-0.049173261035759856,394.0,368.0,1,1
8,4,coxnet,Brats18_CBICA_BHB_1,-0.2509872074073001,510.0,401.0,2,2
8,4,coxnet,Brats18_TCIA01_203_1,-0.5123835698480091,268.0,464.0,0,2
8,4,coxnet,Brats18_TCIA01_390_1,0.08901901432834997,634.0,350.0,2,1
8,4,coxnet,Brats18_TCIA01_412_1,0.3100164555925746,291.0,296.0,0,0
8,4,coxnet,Brats18_TCIA01_429_1,-0.21873110724227038,86.0,387.0,0,2
8,4,coxnet,Brats18_TCIA02_118_1,-0.33451870126296146,104.0,424.0,0,2
8,4,coxnet,Brats18_TCIA02_198_1,-0.3888190789779565,394.0,436.0,1,2
8,4,coxnet,Brats18_TCIA02_377_1,0.11163420601511351,812.0,346.0,2,1
8,4,coxnet,Brats18_TCIA03_498_1,-0.16922480779683485,467.0,385.0,2,1
8,4,coxnet,Brats18_TCIA06_184_1,0.06198991618198978,434.0,355.0,1,1
8,4,coxnet,Brats18_TCIA08_167_1,0.5769320379983753,153.0,239.0,0,0
8,4,genetico,Brats18_CBICA_AAG_1,-0.5446519453950993,616.0,453.0,2,2
8,4,genetico,Brats18_CBICA_ABM_1,-0.2741301710855021,503.0,401.0,2,2
8,4,genetico,Brats18_CBICA_ANI_1,0.3577334862962157,439.0,296.0,1,0
8,4,genetico,Brats18_CBICA_ANP_1,-0.4802818527802478,486.0,448.0,2,2
8,4,genetico,Brats18_CBICA_AOZ_1,-0.24229622319479863,331.0,387.0,1,1
8,4,genetico,Brats18_CBICA_APR_1,0.2673824201214612,23.0,327.0,0,0
8,4,genetico,Brats18_CBICA_APY_1,-5.173868349680175,203.0,1767.0,0,2
8,4,genetico,Brats18_CBICA_AQP_1,-0.5987453276276544,1283.0,465.0,2,2
8,4,genetico,Brats18_CBICA_AQY_1,0.19995742220754345,229.0,332.0,0,0
8,4,genetico,Brats18_CBICA_ARZ_1,0.1992914138183698,871.0,332.0,2,1
8,4,genetico,Brats18_CBICA_ASE_1,-0.9356166791185674,318.0,576.0,1,2
8,4,genetico,Brats18_CBICA_ASG_1,0.3441901424319315,208.0,296.0,0,0
8,4,genetico,Brats18_CBICA_ASU_1,0.6890415542724585,85.0,232.0,0,0
8,4,genetico,Brats18_CBICA_ASY_1,0.12882684865706326,610.0,336.0,2,1
8,4,genetico,Brats18_CBICA_ATD_1,0.22905478021540185,355.0,329.0,1,0
8,4,genetico,Brats18_CBICA_ATX_1,-3.3969813463878213,1592.0,1767.0,2,2
8,4,genetico,Brats18_CBICA_AWG_1,-0.004593021270298786,180.0,359.0,0,1
8,4,genetico,Brats18_CBICA_AWH_1,-0.5415360051140927,139.0,453.0,0,2
8,4,genetico,Brats18_CBICA_AXM_1,-1.3068173234058598,438.0,698.0,1,2
8,4,genetico,Brats18_CBICA_AXN_1,1.463703310318364,345.0,120.0,1,0
8,4,genetico,Brats18_CBICA_AXO_1,0.13591935454487664,394.0,336.0,1,1
8,4,genetico,Brats18_CBICA_BHB_1,0.19582036060129326,510.0,332.0,2,1
8,4,genetico,Brats18_TCIA01_203_1,-0.20877159842097628,268.0,385.0,0,1
8,4,genetico,Brats18_TCIA01_390_1,0.06049042335618693,634.0,355.0,2,1
8,4,genetico,Brats18_TCIA01_412_1,0.8552999385500917,291.0,199.0,0,0
8,4,genetico,Brats18_TCIA01_429_1,-0.3555354842760171,86.0,421.0,0,2
8,4,genetico,Brats18_TCIA02_118_1,1.2249170295965812,104.0,152.0,0,0
8,4,genetico,Brats18_TCIA02_198_1,-0.9823501241493493,394.0,579.0,1,2
8,4,genetico,Brats18_TCIA02_377_1,0.17769476123721611,812.0,333.0,2,1
8,4,genetico,Brats18_TCIA03_498_1,-0.45860326554904773,467.0,436.0,2,2
8,4,genetico,Brats18_TCIA06_184_1,5.474195433141067,434.0,5.0,1,0
8,4,genetico,Brats18_TCIA08_167_1,1.7748804112049137,153.0,103.0,0,0
9,0,edad,Brats18_2013_11_1,-1.2609855755057233,150.0,804.0,0,2
9,0,edad,Brats18_2013_27_1,0.3188750434887744,120.0,318.0,0,0
9,0,edad,Brats18_CBICA_AAB_1,0.01195970421521622,289.0,359.0,0,1
9,0,edad,Brats18_CBICA_ABE_1,0.28256667862036644,269.0,329.0,0,0
9,0,edad,Brats18_CBICA_ABY_1,-0.4792997828633815,515.0,464.0,2,2
9,0,edad,Brats18_CBICA_AMH_1,0.09931909217041311,169.0,355.0,0,1
9,0,edad,Brats18_CBICA_ANG_1,-0.17908565187090508,368.0,401.0,1,1
9,0,edad,Brats18_CBICA_AOP_1,0.3112803407702148,332.0,322.0,1,0
9,0,edad,Brats18_CBICA_AQN_1,0.1227936278459613,488.0,350.0,2,1
9,0,edad,Brats18_CBICA_AQP_1,-0.5570744123074551,1283.0,468.0,2,2
9,0,edad,Brats18_CBICA_AQU_1,0.516215474020761,30.0,262.0,0,0
9,0,edad,Brats18_CBICA_AQZ_1,0.12900747552478278,286.0,350.0,0,1
9,0,edad,Brats18_CBICA_ASK_1,0.6972699377605418,522.0,210.0,2,0
9,0,edad,Brats18_CBICA_ASW_1,0.33264298050263386,239.0,318.0,0,0
9,0,edad,Brats18_CBICA_ATB_1,0.4450202127072043,208.0,287.0,0,0
9,0,edad,Brats18_CBICA_AVJ_1,-0.6061353796016801,614.0,486.0,2,2
9,0,edad,Brats18_CBICA_AYI_1,0.23362755147670666,387.0,333.0,1,0
9,0,edad,Brats18_CBICA_AZD_1,-0.5649534087106666,448.0,468.0,1,2
9,0,edad,Brats18_CBICA_BHB_1,-0.18574624676846552,510.0,401.0,2,1
9,0,edad,Brats18_TCIA01_147_1,0.05066425871140516,209.0,357.0,0,1
9,0,edad,Brats18_TCIA01_186_1,-1.0673409628742128,370.0,698.0,1,2
9,0,edad,Brats18_TCIA01_201_1,0.02276286423199086,430.0,359.0,1,1
9,0,edad,Brats18_TCIA01_231_1,0.1476896319447692,1561.0,346.0,2,0
9,0,edad,Brats18_TCIA02_118_1,-0.5217813820270896,104.0,466.0,0,2
9,0,edad,Brats18_TCIA02_322_1,-0.11398239808560477,621.0,387.0,2,1
9,0,edad,Brats18_TCIA02_394_1,0.16564074746136476,616.0,345.0,2,0
9,0,edad,Brats18_TCIA03_265_1,-0.023739459900366303,103.0,375.0,0,1
9,0,edad,Brats18_TCIA03_419_1,0.42333266590661117,327.0,287.0,1,0
9,0,edad,Brats18_TCIA04_111_1,0.6130377803365163,626.0,232.0,2,0
9,0,edad,Brats18_TCIA04_192_1,0.6414265354181912,121.0,229.0,0,0
9,0,edad,Brats18_TCIA04_361_1,0.6418732826369299,476.0,229.0,2,0
9,0,edad,Brats18_TCIA04_479_1,-0.1530524730334894,372.0,394.0,1,1
9,0,edad,Brats18_TCIA08_167_1,0.5985794158027875,153.0,244.0,0,0
9,0,coxnet,Brats18_2013_11_1,-1.7108566581971933,150.0,1282.0,0,2
9,0,coxnet,Brats18_2013_27_1,0.4290720658471596,120.0,287.0,0,0
9,0,coxnet,Brats18_CBICA_AAB_1,0.20668283304953028,289.0,333.0,0,0
9,0,coxnet,Brats18_CBICA_ABE_1,0.4422904767727264,269.0,287.0,0,0
9,0,coxnet,Brats18_CBICA_ABY_1,-0.5181447272024814,515.0,464.0,2,2
9,0,coxnet,Brats18_CBICA_AMH_1,-0.07149610858742111,169.0,376.0,0,1
9,0,coxnet,Brats18_CBICA_ANG_1,-0.1282410767276928,368.0,385.0,1,1
9,0,coxnet,Brats18_CBICA_AOP_1,0.2695904592703263,332.0,329.0,1,0
9,0,coxnet,Brats18_CBICA_AQN_1,0.21222579223903185,488.0,333.0,2,0
9,0,coxnet,Brats18_CBICA_AQP_1,-0.36870754745817524,1283.0,436.0,2,2
9,0,coxnet,Brats18_CBICA_AQU_1,0.6470583951459304,30.0,229.0,0,0
9,0,coxnet,Brats18_CBICA_AQZ_1,0.16402431212070967,286.0,345.0,0,1
9,0,coxnet,Brats18_CBICA_ASK_1,0.8476160207806868,522.0,191.0,2,0
9,0,coxnet,Brats18_CBICA_ASW_1,0.4442974370723409,239.0,287.0,0,0
9,0,coxnet,Brats18_CBICA_ATB_1,0.5208150637420718,208.0,262.0,0,0
9,0,coxnet,Brats18_CBICA_AVJ_1,-0.5311800748750696,614.0,465.0,2,2
9,0,coxnet,Brats18_CBICA_AYI_1,0.10606051870474768,387.0,350.0,1,1
9,0,coxnet,Brats18_CBICA_AZD_1,-0.5983934835924053,448.0,468.0,1,2
9,0,coxnet,Brats18_CBICA_BHB_1,-0.5095734260186696,510.0,464.0,2,2
9,0,coxnet,Brats18_TCIA01_147_1,0.057573441242407535,209.0,355.0,0,1
9,0,coxnet,Brats18_TCIA01_186_1,-1.1011453654439345,370.0,660.0,1,2
9,0,coxnet,Brats18_TCIA01_201_1,0.12896777733410744,430.0,346.0,1,1
9,0,coxnet,Brats18_TCIA01_231_1,0.16402835603626797,1561.0,345.0,2,1
9,0,coxnet,Brats18_TCIA02_118_1,-0.2642007252373826,104.0,407.0,0,2
9,0,coxnet,Brats18_TCIA02_322_1,-0.37902771915343997,621.0,436.0,2,2
9,0,coxnet,Brats18_TCIA02_394_1,0.35176180834685855,616.0,317.0,2,0
9,0,coxnet,Brats18_TCIA03_265_1,-0.029243851414056627,103.0,362.0,0,1
9,0,coxnet,Brats18_TCIA03_419_1,0.4406608100820648,327.0,287.0,1,0
9,0,coxnet,Brats18_TCIA04_111_1,0.6102585545838073,626.0,232.0,2,0
9,0,coxnet,Brats18_TCIA04_192_1,0.5056059148162285,121.0,262.0,0,0
9,0,coxnet,Brats18_TCIA04_361_1,0.644937548994028,476.0,229.0,2,0
9,0,coxnet,Brats18_TCIA04_479_1,-0.052470398867289,372.0,375.0,1,1
9,0,coxnet,Brats18_TCIA08_167_1,0.8054738537538713,153.0,199.0,0,0
9,0,genetico,Brats18_2013_11_1,-1.765051559684397,150.0,1282.0,0,2
9,0,genetico,Brats18_2013_27_1,0.4208101930259764,120.0,296.0,0,0
9,0,genetico,Brats18_CBICA_AAB_1,0.6689776019638372,289.0,232.0,0,0
9,0,genetico,Brats18_CBICA_ABE_1,0.583708763156677,269.0,254.0,0,0
9,0,genetico,Brats18_CBICA_ABY_1,-1.3231941139908168,515.0,747.0,2,2
9,0,genetico,Brats18_CBICA_AMH_1,-0.3463700598578322,169.0,425.0,0,2
9,0,genetico,Brats18_CBICA_ANG_1,-0.5039430650266544,368.0,453.0,1,2
9,0,genetico,Brats18_CBICA_AOP_1,-0.11473999085792413,332.0,385.0,1,1
9,0,genetico,Brats18_CBICA_AQN_1,0.37195986888664845,488.0,317.0,2,0
9,0,genetico,Brats18_CBICA_AQP_1,-0.37923153842117124,1283.0,436.0,2,2
9,0,genetico,Brats18_CBICA_AQU_1,1.3393927586549033,30.0,127.0,0,0
9,0,genetico,Brats18_CBICA_AQZ_1,0.3105914376675293,286.0,322.0,0,0
9,0,genetico,Brats18_CBICA_ASK_1,1.0158750343871419,522.0,175.0,2,0
9,0,genetico,Brats18_CBICA_ASW_1,0.4837772889724805,239.0,287.0,0,0
9,0,genetico,Brats18_CBICA_ATB_1,1.2329837417197913,208.0,147.0,0,0
9,0,genetico,Brats18_CBICA_AVJ_1,-0.2867259683470229,614.0,421.0,2,2
9,0,genetico,Brats18_CBICA_AYI_1,0.07647508866051674,387.0,355.0,1,1
9,0,genetico,Brats18_CBICA_AZD_1,-0.44541992511843037,448.0,439.0,1,2
9,0,genetico,Brats18_CBICA_BHB_1,-1.0443209212457996,510.0,630.0,2,2
9,0,genetico,Brats18_TCIA01_147_1,0.29058030507418176,209.0,329.0,0,0
9,0,genetico,Brats18_TCIA01_186_1,-1.9104235445773057,370.0,1458.0,1,2
9,0,genetico,Brats18_TCIA01_201_1,0.37813724900679724,430.0,317.0,1,0
9,0,genetico,Brats18_TCIA01_231_1,0.3655225064891806,1561.0,317.0,2,0
9,0,genetico,Brats18_TCIA02_118_1,0.04330172032210383,104.0,357.0,0,1
9,0,genetico,Brats18_TCIA02_322_1,-0.7805899910694057,621.0,508.0,2,2
9,0,genetico,Brats18_TCIA02_394_1,0.8527907931118808,616.0,203.0,2,0
9,0,genetico,Brats18_TCIA03_265_1,0.3433109238298444,103.0,318.0,0,0
9,0,genetico,Brats18_TCIA03_419_1,0.7838581745193786,327.0,210.0,1,0
9,0,genetico,Brats18_TCIA04_111_1,0.9977250887712601,626.0,180.0,2,0
9,0,genetico,Brats18_TCIA04_192_1,0.005580587791552488,121.0,359.0,0,1
9,0,genetico,Brats18_TCIA04_361_1,0.7032967672926627,476.0,229.0,2,0
9,0,genetico,Brats18_TCIA04_479_1,0.14973257270215248,372.0,346.0,1,1
9,0,genetico,Brats18_TCIA08_167_1,1.5423113680714045,153.0,106.0,0,0
9,1,edad,Brats18_CBICA_AAP_1,-0.6924807363111821,788.0,510.0,2,2
9,1,edad,Brats18_CBICA_ABB_1,0.24532065580704093,465.0,332.0,2,0
9,1,edad,Brats18_CBICA_ABM_1,0.29054547060451824,503.0,329.0,2,0
9,1,edad,Brats18_CBICA_ANP_1,0.0257938592425441,486.0,362.0,2,1
9,1,edad,Brats18_CBICA_ANZ_1,0.23116997379852847,287.0,332.0,0,0
9,1,edad,Brats18_CBICA_APY_1,-0.4859572691599131,203.0,466.0,0,2
9,1,edad,Brats18_CBICA_AQQ_1,0.29309514303848444,33.0,329.0,0,0
9,1,edad,Brats18_CBICA_AQR_1,0.33701325071355365,89.0,318.0,0,0
9,1,edad,Brats18_CBICA_ASA_1,0.09460314405420932,210.0,355.0,0,1
9,1,edad,Brats18_CBICA_ASO_1,-0.26923511227277924,265.0,425.0,0,2
9,1,edad,Brats18_CBICA_ASY_1,0.18212065035010205,610.0,345.0,2,0
9,1,edad,Brats18_CBICA_ATX_1,-0.7652738843009195,1592.0,522.0,2,2
9,1,edad,Brats18_CBICA_AXO_1,-0.14324942312942024,394.0,385.0,1,2
9,1,edad,Brats18_CBICA_AYU_1,0.09514494944642704,58.0,355.0,0,1
9,1,edad,Brats18_TCIA01_150_1,-0.3085319386612845,1489.0,436.0,2,2
9,1,edad,Brats18_TCIA01_190_1,0.023276057714002606,322.0,362.0,1,1
9,1,edad,Brats18_TCIA01_235_1,-0.08996126925952504,804.0,376.0,2,1
9,1,edad,Brats18_TCIA01_378_1,0.4254550132667588,110.0,289.0,0,0
9,1,edad,Brats18_TCIA01_390_1,0.08857954292896399,634.0,355.0,2,1
9,1,edad,Brats18_TCIA01_412_1,0.253798316649979,291.0,331.0,0,0
9,1,edad,Brats18_TCIA01_448_1,-0.5209833942215251,199.0,468.0,0,2
9,1,edad,Brats18_TCIA01_460_1,-1.3328628390072383,630.0,871.0,2,2
9,1,edad,Brats18_TCIA02_179_1,-0.4499750169355641,405.0,453.0,1,2
9,1,edad,Brats18_TCIA02_198_1,-0.20769239389791797,394.0,401.0,1,2
9,1,edad,Brats18_TCIA02_283_1,0.4474778089151426,262.0,286.0,0,0
9,1,edad,Brats18_TCIA02_300_1,0.11417187998490047,127.0,355.0,0,0
9,1,edad,Brats18_TCIA02_321_1,0.6506548309968307,67.0,229.0,0,0
9,1,edad,Brats18_TCIA02_455_1,-0.1896853323330312,424.0,387.0,1,2
9,1,edad,Brats18_TCIA02_473_1,0.007213121380014873,175.0,362.0,0,1
9,1,edad,Brats18_TCIA02_491_1,0.6474996113597974,82.0,229.0,0,0
9,1,edad,Brats18_TCIA03_121_1,-0.968482777288032,747.0,616.0,2,2
9,1,edad,Brats18_TCIA04_437_1,-0.4411786470383802,333.0,453.0,1,2
9,1,edad,Brats18_TCIA06_184_1,0.011834402666578857,434.0,362.0,1,1
9,1,coxnet,Brats18_CBICA_AAP_1,-0.7042219000794229,788.0,510.0,2,2
9,1,coxnet,Brats18_CBICA_ABB_1,0.24160956289932875,465.0,331.0,2,0
9,1,coxnet,Brats18_CBICA_ABM_1,0.2143965164608695,503.0,336.0,2,0
9,1,coxnet,Brats18_CBICA_ANP_1,-0.07907648849436567,486.0,375.0,2,1
9,1,coxnet,Brats18_CBICA_ANZ_1,0.20970432500164402,287.0,336.0,0,0
9,1,coxnet,Brats18_CBICA_APY_1,-0.44431804161057487,203.0,448.0,0,2
9,1,coxnet,Brats18_CBICA_AQQ_1,0.43264719284572556,33.0,286.0,0,0
9,1,coxnet,Brats18_CBICA_AQR_1,0.2544787436101161,89.0,331.0,0,0
9,1,coxnet,Brats18_CBICA_ASA_1,0.26243990888099383,210.0,331.0,0,0
9,1,coxnet,Brats18_CBICA_ASO_1,-0.3016039778463233,265.0,430.0,0,2
9,1,coxnet,Brats18_CBICA_ASY_1,0.14576612680567372,610.0,346.0,2,0
9,1,coxnet,Brats18_CBICA_ATX_1,-0.8430841442413487,1592.0,579.0,2,2
9,1,coxnet,Brats18_CBICA_AXO_1,0.07485009246832323,394.0,355.0,1,1
9,1,coxnet,Brats18_CBICA_AYU_1,0.03543744941208206,58.0,359.0,0,1
9,1,coxnet,Brats18_TCIA01_150_1,-0.33446238825052726,1489.0,436.0,2,2
9,1,coxnet,Brats18_TCIA01_190_1,-0.07205510272366826,322.0,372.0,1,1
9,1,coxnet,Brats18_TCIA01_235_1,-0.13096158305332486,804.0,382.0,2,1
9,1,coxnet,Brats18_TCIA01_378_1,0.4510449043869788,110.0,286.0,0,0
9,1,coxnet,Brats18_TCIA01_390_1,0.05415939158556719,634.0,357.0,2,1
9,1,coxnet,Brats18_TCIA01_412_1,0.41365195488531087,291.0,289.0,0,0
9,1,coxnet,Brats18_TCIA01_448_1,-0.5523134959194221,199.0,468.0,0,2
9,1,coxnet,Brats18_TCIA01_460_1,-1.2427808232961046,630.0,812.0,2,2
9,1,coxnet,Brats18_TCIA02_179_1,-0.5043100644331028,405.0,466.0,1,2
9,1,coxnet,Brats18_TCIA02_198_1,-0.2798295599009399,394.0,425.0,1,2
9,1,coxnet,Brats18_TCIA02_283_1,0.37130958320893764,262.0,317.0,0,0
9,1,coxnet,Brats18_TCIA02_300_1,0.17580784611125647,127.0,345.0,0,0
9,1,coxnet,Brats18_TCIA02_321_1,0.6976329725060694,67.0,213.0,0,0
9,1,coxnet,Brats18_TCIA02_455_1,-0.21969077327318992,424.0,401.0,1,2
9,1,coxnet,Brats18_TCIA02_473_1,-0.09509974411577986,175.0,375.0,0,1
9,1,coxnet,Brats18_TCIA02_491_1,0.7544109467574758,82.0,208.0,0,0
9,1,coxnet,Brats18_TCIA03_121_1,-1.0000788029227217,747.0,621.0,2,2
9,1,coxnet,Brats18_TCIA04_437_1,-0.5841038630500885,333.0,476.0,1,2
9,1,coxnet,Brats18_TCIA06_184_1,0.13030273815412832,434.0,350.0,1,0
9,1,genetico,Brats18_CBICA_AAP_1,-0.9267489205690488,788.0,579.0,2,2
9,1,genetico,Brats18_CBICA_ABB_1,0.38961560437606224,465.0,318.0,2,0
9,1,genetico,Brats18_CBICA_ABM_1,0.012648955228474895,503.0,362.0,2,1
9,1,genetico,Brats18_CBICA_ANP_1,-0.14585965876655826,486.0,382.0,2,1
9,1,genetico,Brats18_CBICA_ANZ_1,0.33803709769731827,287.0,329.0,0,0
9,1,genetico,Brats18_CBICA_APY_1,-2.395077143426598,203.0,1767.0,0,2
9,1,genetico,Brats18_CBICA_AQQ_1,0.9130566547835567,33.0,191.0,0,0
9,1,genetico,Brats18_CBICA_AQR_1,-0.21340126586551605,89.0,387.0,0,1
9,1,genetico,Brats18_CBICA_ASA_1,0.4289339766738784,210.0,296.0,0,0
9,1,genetico,Brats18_CBICA_ASO_1,-0.25986052471620213,265.0,407.0,0,2
9,1,genetico,Brats18_CBICA_ASY_1,0.09632642527362384,610.0,355.0,2,1
9,1,genetico,Brats18_CBICA_ATX_1,-1.2198222842330273,1592.0,726.0,2,2
9,1,genetico,Brats18_CBICA_AXO_1,0.5947234987009669,394.0,254.0,1,0
9,1,genetico,Brats18_CBICA_AYU_1,-0.10089367571814468,58.0,376.0,0,1
9,1,genetico,Brats18_TCIA01_150_1,0.11537801582575047,1489.0,355.0,2,1
9,1,genetico,Brats18_TCIA01_190_1,-0.5884670899911075,322.0,467.0,1,2
9,1,genetico,Brats18_TCIA01_235_1,-1.01266761213568,804.0,614.0,2,2
9,1,genetico,Brats18_TCIA01_378_1,0.29170150932712025,110.0,331.0,0,0
9,1,genetico,Brats18_TCIA01_390_1,0.24615231699773615,634.0,336.0,2,0
9,1,genetico,Brats18_TCIA01_412_1,0.6030764312274581,291.0,254.0,0,0
9,1,genetico,Brats18_TCIA01_448_1,-0.3315050887979196,199.0,430.0,0,2
9,1,genetico,Brats18_TCIA01_460_1,-0.840722850619708,630.0,522.0,2,2
9,1,genetico,Brats18_TCIA02_179_1,-0.5505376395139232,405.0,466.0,1,2
9,1,genetico,Brats18_TCIA02_198_1,-0.55276874110905,394.0,466.0,1,2
9,1,genetico,Brats18_TCIA02_283_1,0.47396102742268426,262.0,289.0,0,0
9,1,genetico,Brats18_TCIA02_300_1,0.11655125647620226,127.0,355.0,0,1
9,1,genetico,Brats18_TCIA02_321_1,0.9174097334721243,67.0,187.0,0,0
9,1,genetico,Brats18_TCIA02_455_1,-0.3756060279796921,424.0,438.0,1,2
9,1,genetico,Brats18_TCIA02_473_1,-0.3502972015527212,175.0,436.0,0,2
9,1,genetico,Brats18_TCIA02_491_1,1.4145526796212309,82.0,120.0,0,0
9,1,genetico,Brats18_TCIA03_121_1,-1.3074615879701892,747.0,737.0,2,2
9,1,genetico,Brats18_TCIA04_437_1,-1.1340173976622612,333.0,635.0,1,2
9,1,genetico,Brats18_TCIA06_184_1,0.17379465325113855,434.0,346.0,1,1
9,2,edad,Brats18_CBICA_ALN_1,0.04823818786990567,421.0,355.0,1,1
9,2,edad,Brats18_CBICA_ALU_1,0.2281812885659741,495.0,327.0,2,0
9,2,edad,Brats18_CBICA_AOD_1,0.035133596513988744,55.0,355.0,0,1
9,2,edad,Brats18_CBICA_AOH_1,-0.0977273573991868,576.0,372.0,2,1
9,2,edad,Brats18_CBICA_APR_1,0.11220020994504641,23.0,336.0,0,1
9,2,edad,Brats18_CBICA_AQG_1,-0.21810083367680702,466.0,394.0,2,2
9,2,edad,Brats18_CBICA_AQJ_1,0.234533929804992,170.0,327.0,0,0
9,2,edad,Brats18_CBICA_AQT_1,0.5940571231263276,172.0,239.0,0,0
9,2,edad,Brats18_CBICA_AQY_1,-0.0687956141563449,229.0,370.0,0,1
9,2,edad,Brats18_CBICA_ARF_1,0.5698807856109795,726.0,244.0,2,0
9,2,edad,Brats18_CBICA_ASE_1,-0.4646196145577834,318.0,464.0,1,2
9,2,edad,Brats18_CBICA_ASH_1,-0.4734770114853285,660.0,464.0,2,2
9,2,edad,Brats18_CBICA_AUN_1,0.3227448910096415,376.0,296.0,1,0
9,2,edad,Brats18_CBICA_AUQ_1,0.04366428617781283,1337.0,355.0,2,1
9,2,edad,Brats18_CBICA_AVG_1,0.13597723858251362,579.0,333.0,2,1
9,2,edad,Brats18_CBICA_AWI_1,-0.47416672681985034,375.0,464.0,1,2
9,2,edad,Brats18_CBICA_AXM_1,0.26575262389388016,438.0,322.0,1,0
9,2,edad,Brats18_CBICA_AXN_1,0.9492242195980515,345.0,175.0,1,0
9,2,edad,Brats18_CBICA_AXW_1,0.7114176324162994,191.0,208.0,0,0
9,2,edad,Brats18_CBICA_AZH_1,-0.17054677640187255,401.0,387.0,1,1
9,2,edad,Brats18_CBICA_BHM_1,0.0877334659730573,436.0,346.0,1,1
9,2,edad,Brats18_TCIA01_425_1,-0.12360983284729996,558.0,382.0,2,1
9,2,edad,Brats18_TCIA02_274_1,-0.16865913443370725,357.0,387.0,1,1
9,2,edad,Brats18_TCIA03_257_1,0.3525841544294854,425.0,291.0,1,0
9,2,edad,Brats18_TCIA03_296_1,0.029543272223652824,22.0,355.0,0,1
9,2,edad,Brats18_TCIA03_474_1,0.06515436396923349,635.0,350.0,2,1
9,2,edad,Brats18_TCIA05_478_1,-0.013001273674227282,30.0,359.0,0,1
9,2,edad,Brats18_TCIA06_372_1,0.5411668472106185,213.0,262.0,0,0
9,2,edad,Brats18_TCIA08_242_1,0.24923575667243358,147.0,327.0,0,0
9,2,edad,Brats18_TCIA08_280_1,-0.08171870147686147,508.0,370.0,2,1
9,2,edad,Brats18_TCIA08_319_1,0.19046475000974752,254.0,331.0,0,0
9,2,edad,Brats18_TCIA08_406_1,0.6945014563169719,82.0,209.0,0,0
9,2,edad,Brats18_TCIA08_469_1,0.155579674405769,519.0,332.0,2,0
9,2,coxnet,Brats18_CBICA_ALN_1,0.029059191110796963,421.0,355.0,1,1
9,2,coxnet,Brats18_CBICA_ALU_1,0.18089609669706938,495.0,331.0,2,0
9,2,coxnet,Brats18_CBICA_AOD_1,0.3578625213267281,55.0,289.0,0,0
9,2,coxnet,Brats18_CBICA_AOH_1,-0.19592470168226397,576.0,387.0,2,1
9,2,coxnet,Brats18_CBICA_APR_1,0.11513950343495086,23.0,333.0,0,1
9,2,coxnet,Brats18_CBICA_AQG_1,0.10809532855534482,466.0,336.0,2,1
9,2,coxnet,Brats18_CBICA_AQJ_1,0.3396704815974026,170.0,291.0,0,0
9,2,coxnet,Brats18_CBICA_AQT_1,0.6494538152899079,172.0,210.0,0,0
9,2,coxnet,Brats18_CBICA_AQY_1,0.01477384759911614,229.0,355.0,0,1
9,2,coxnet,Brats18_CBICA_ARF_1,0.6404479368659272,726.0,232.0,2,0
9,2,coxnet,Brats18_CBICA_ASE_1,-0.48518697353155815,318.0,464.0,1,2
9,2,coxnet,Brats18_CBICA_ASH_1,-0.6732267666821,660.0,495.0,2,2
9,2,coxnet,Brats18_CBICA_AUN_1,0.3850447645901541,376.0,287.0,1,0
9,2,coxnet,Brats18_CBICA_AUQ_1,-0.04172883122083825,1337.0,362.0,2,1
9,2,coxnet,Brats18_CBICA_AVG_1,-0.027924589027422623,579.0,359.0,2,1
9,2,coxnet,Brats18_CBICA_AWI_1,-0.3908825082233866,375.0,439.0,1,2
9,2,coxnet,Brats18_CBICA_AXM_1,0.15427201658783873,438.0,332.0,1,0
9,2,coxnet,Brats18_CBICA_AXN_1,1.204244197918017,345.0,127.0,1,0
9,2,coxnet,Brats18_CBICA_AXW_1,0.6477120637125089,191.0,210.0,0,0
9,2,coxnet,Brats18_CBICA_AZH_1,-0.2789215368473494,401.0,405.0,1,2
9,2,coxnet,Brats18_CBICA_BHM_1,0.15423629707681796,436.0,332.0,1,0
9,2,coxnet,Brats18_TCIA01_425_1,-0.25566484641335036,558.0,394.0,2,2
9,2,coxnet,Brats18_TCIA02_274_1,-0.20827975631167422,357.0,387.0,1,2
9,2,coxnet,Brats18_TCIA03_257_1,0.34025453327751054,425.0,291.0,1,0
9,2,coxnet,Brats18_TCIA03_296_1,0.14405512595820696,22.0,332.0,0,0
9,2,coxnet,Brats18_TCIA03_474_1,0.20310113257889498,635.0,329.0,2,0
9,2,coxnet,Brats18_TCIA05_478_1,0.061683415664112375,30.0,346.0,0,1
9,2,coxnet,Brats18_TCIA06_372_1,0.6327889722704745,213.0,232.0,0,0
9,2,coxnet,Brats18_TCIA08_242_1,0.33666839203144855,147.0,291.0,0,0
9,2,coxnet,Brats18_TCIA08_280_1,-0.4571806886947082,508.0,448.0,2,2
9,2,coxnet,Brats18_TCIA08_319_1,0.15724685725079607,254.0,332.0,0,0
9,2,coxnet,Brats18_TCIA08_406_1,0.5703298587910551,82.0,244.0,0,0
9,2,coxnet,Brats18_TCIA08_469_1,0.25940944041827246,519.0,322.0,2,0
9,2,genetico,Brats18_CBICA_ALN_1,0.0922298177394219,421.0,350.0,1,1
9,2,genetico,Brats18_CBICA_ALU_1,-0.01929648690444019,495.0,362.0,2,1
9,2,genetico,Brats18_CBICA_AOD_1,0.7433007476651994,55.0,239.0,0,0
9,2,genetico,Brats18_CBICA_AOH_1,-0.8766459950209655,576.0,515.0,2,2
9,2,genetico,Brats18_CBICA_APR_1,0.7350476519606133,23.0,239.0,0,0
9,2,genetico,Brats18_CBICA_AQG_1,2.965539298114108,466.0,58.0,2,0
9,2,genetico,Brats18_CBICA_AQJ_1,0.8172169259797977,170.0,210.0,0,0
9,2,genetico,Brats18_CBICA_AQT_1,0.5677320949980703,172.0,269.0,0,0
9,2,genetico,Brats18_CBICA_AQY_1,0.039710134610732306,229.0,355.0,0,1
9,2,genetico,Brats18_CBICA_ARF_1,0.6774635330349087,726.0,262.0,2,0
9,2,genetico,Brats18_CBICA_ASE_1,-0.0901705025799048,318.0,370.0,1,1
9,2,genetico,Brats18_CBICA_ASH_1,-1.9568015929610947,660.0,1458.0,2,2
9,2,genetico,Brats18_CBICA_AUN_1,0.5888202673917843,376.0,268.0,1,0
9,2,genetico,Brats18_CBICA_AUQ_1,-0.44524278551152113,1337.0,448.0,2,2
9,2,genetico,Brats18_CBICA_AVG_1,-0.6661685889426793,579.0,473.0,2,2
9,2,genetico,Brats18_CBICA_AWI_1,0.3423364780137042,375.0,322.0,1,0
9,2,genetico,Brats18_CBICA_AXM_1,-0.7563211187035219,438.0,488.0,1,2
9,2,genetico,Brats18_CBICA_AXN_1,2.734191671147685,345.0,67.0,1,0
9,2,genetico,Brats18_CBICA_AXW_1,0.435598331565057,191.0,291.0,0,0
9,2,genetico,Brats18_CBICA_AZH_1,-0.7746256418889196,401.0,495.0,1,2
9,2,genetico,Brats18_CBICA_BHM_1,0.9798733076316429,436.0,199.0,1,0
9,2,genetico,Brats18_TCIA01_425_1,-0.8654631544760517,558.0,515.0,2,2
9,2,genetico,Brats18_TCIA02_274_1,-0.6315679066815656,357.0,468.0,1,2
9,2,genetico,Brats18_TCIA03_257_1,-0.5755464873384323,425.0,465.0,1,2
9,2,genetico,Brats18_TCIA03_296_1,-0.09047930188359218,22.0,370.0,0,1
9,2,genetico,Brats18_TCIA03_474_1,-0.04179395238672318,635.0,368.0,2,1
9,2,genetico,Brats18_TCIA05_478_1,-0.3901821123628817,30.0,434.0,0,2
9,2,genetico,Brats18_TCIA06_372_1,1.3380926177881247,213.0,150.0,0,0
9,2,genetico,Brats18_TCIA08_242_1,0.8330957934672579,147.0,210.0,0,0
9,2,genetico,Brats18_TCIA08_280_1,-2.332584569071122,508.0,1592.0,2,2
9,2,genetico,Brats18_TCIA08_319_1,-0.16294557478059196,254.0,385.0,0,1
9,2,genetico,Brats18_TCIA08_406_1,-0.3236205102896576,82.0,407.0,0,1
9,2,genetico,Brats18_TCIA08_469_1,0.107647132494753,519.0,350.0,2,1
9,3,edad,Brats18_CBICA_AAG_1,-0.30575741369021386,616.0,425.0,2,2
9,3,edad,Brats18_CBICA_ALX_1,-0.04396419714189605,698.0,368.0,2,1
9,3,edad,Brats18_CBICA_AOO_1,-0.5911930593507687,350.0,488.0,1,2
9,3,edad,Brats18_CBICA_AQD_1,0.42617131946701453,32.0,269.0,0,0
9,3,edad,Brats18_CBICA_AQV_1,-0.26703456779699686,84.0,421.0,0,2
9,3,edad,Brats18_CBICA_ARW_1,-0.5822434662143929,495.0,486.0,2,2
9,3,edad,Brats18_CBICA_ARZ_1,-0.21548632071621773,871.0,401.0,2,2
9,3,edad,Brats18_CBICA_ASG_1,-0.1138344459191926,208.0,375.0,0,1
9,3,edad,Brats18_CBICA_ASN_1,-0.7558796669075436,407.0,522.0,1,2
9,3,edad,Brats18_CBICA_ATD_1,0.2902361607263132,355.0,296.0,1,0
9,3,edad,Brats18_CBICA_ATF_1,0.27431011309780184,152.0,318.0,0,0
9,3,edad,Brats18_CBICA_ATP_1,-0.3295055466583923,385.0,430.0,1,2
9,3,edad,Brats18_CBICA_ATV_1,0.042924372441973675,453.0,355.0,2,1
9,3,edad,Brats18_CBICA_AUR_1,0.32807814115335127,12.0,291.0,0,0
9,3,edad,Brats18_CBICA_AVV_1,0.3999919978121829,387.0,286.0,1,0
9,3,edad,Brats18_CBICA_AWG_1,-0.1905754453326835,180.0,394.0,0,2
9,3,edad,Brats18_CBICA_AXQ_1,0.18819670512416933,114.0,329.0,0,0
9,3,edad,Brats18_TCIA01_411_1,-0.6355182096088822,822.0,495.0,2,2
9,3,edad,Brats18_TCIA01_429_1,-0.2098135471140269,86.0,401.0,0,2
9,3,edad,Brats18_TCIA01_499_1,-0.38260411695964597,600.0,438.0,2,2
9,3,edad,Brats18_TCIA02_314_1,-0.7254017217777595,362.0,515.0,1,2
9,3,edad,Brats18_TCIA02_331_1,0.8422216964525508,187.0,203.0,0,0
9,3,edad,Brats18_TCIA02_368_1,0.05712392375677471,317.0,346.0,1,1
9,3,edad,Brats18_TCIA02_377_1,0.09940546613335374,812.0,336.0,2,1
9,3,edad,Brats18_TCIA03_133_1,0.09940546613335374,382.0,336.0,1,1
9,3,edad,Brats18_TCIA03_199_1,-0.4268940325991123,1282.0,448.0,2,2
9,3,edad,Brats18_TCIA03_338_1,0.5455814420622027,468.0,254.0,2,0
9,3,edad,Brats18_TCIA03_498_1,-0.058445625405874384,467.0,370.0,2,1
9,3,edad,Brats18_TCIA04_149_1,-0.8487581216614287,448.0,579.0,1,2
9,3,edad,Brats18_TCIA06_165_1,-0.3236213653443184,5.0,430.0,0,2
9,3,edad,Brats18_TCIA06_409_1,0.29333680716726257,99.0,296.0,0,0
9,3,edad,Brats18_TCIA08_278_1,-0.3678408117464906,1458.0,436.0,2,2
9,3,coxnet,Brats18_CBICA_AAG_1,-0.33297244936756587,616.0,430.0,2,2
9,3,coxnet,Brats18_CBICA_ALX_1,-0.11508683699805822,698.0,375.0,2,1
9,3,coxnet,Brats18_CBICA_AOO_1,-0.5817200071020683,350.0,486.0,1,2
9,3,coxnet,Brats18_CBICA_AQD_1,0.41507973332427195,32.0,286.0,0,0
9,3,coxnet,Brats18_CBICA_AQV_1,-0.2912448737527499,84.0,424.0,0,2
9,3,coxnet,Brats18_CBICA_ARW_1,-0.6039790645716521,495.0,488.0,2,2
9,3,coxnet,Brats18_CBICA_ARZ_1,-0.23220601457552828,871.0,401.0,2,2
9,3,coxnet,Brats18_CBICA_ASG_1,-0.061298883853711995,208.0,370.0,0,1
9,3,coxnet,Brats18_CBICA_ASN_1,-0.7005758805529886,407.0,510.0,1,2
9,3,coxnet,Brats18_CBICA_ATD_1,0.27106747394334996,355.0,318.0,1,0
9,3,coxnet,Brats18_CBICA_ATF_1,0.2599464999374427,152.0,318.0,0,0
9,3,coxnet,Brats18_CBICA_ATP_1,-0.3516076778146584,385.0,434.0,1,2
9,3,coxnet,Brats18_CBICA_ATV_1,0.051101250249582196,453.0,346.0,2,1
9,3,coxnet,Brats18_CBICA_AUR_1,0.35428719787095103,12.0,289.0,0,0
9,3,coxnet,Brats18_CBICA_AVV_1,0.41535040820187663,387.0,286.0,1,0
9,3,coxnet,Brats18_CBICA_AWG_1,-0.18160706843794194,180.0,394.0,0,2
9,3,coxnet,Brats18_CBICA_AXQ_1,0.18430404058267008,114.0,329.0,0,0
9,3,coxnet,Brats18_TCIA01_411_1,-0.6581899624070771,822.0,503.0,2,2
9,3,coxnet,Brats18_TCIA01_429_1,-0.20115885226275565,86.0,394.0,0,2
9,3,coxnet,Brats18_TCIA01_499_1,-0.3743095775208599,600.0,436.0,2,2
9,3,coxnet,Brats18_TCIA02_314_1,-0.684706865637307,362.0,508.0,1,2
9,3,coxnet,Brats18_TCIA02_331_1,0.8311770743253293,187.0,203.0,0,0
9,3,coxnet,Brats18_TCIA02_368_1,0.057979052560345676,317.0,346.0,1,1
9,3,coxnet,Brats18_TCIA02_377_1,0.10317832023445055,812.0,336.0,2,1
9,3,coxnet,Brats18_TCIA03_133_1,0.07750134750104296,382.0,345.0,1,1
9,3,coxnet,Brats18_TCIA03_199_1,-0.44141268103057096,1282.0,448.0,2,2
9,3,coxnet,Brats18_TCIA03_338_1,0.529340777638136,468.0,262.0,2,0
9,3,coxnet,Brats18_TCIA03_498_1,-0.0573268942930506,467.0,370.0,2,1
9,3,coxnet,Brats18_TCIA04_149_1,-0.8242039219777257,448.0,576.0,1,2
9,3,coxnet,Brats18_TCIA06_165_1,-0.32766924338611614,5.0,430.0,0,2
9,3,coxnet,Brats18_TCIA06_409_1,0.28408797883259174,99.0,318.0,0,0
9,3,coxnet,Brats18_TCIA08_278_1,-0.3652640380546269,1458.0,436.0,2,2
9,3,genetico,Brats18_CBICA_AAG_1,-0.789333427645915,616.0,510.0,2,2
9,3,genetico,Brats18_CBICA_ALX_1,0.4761207093931237,698.0,286.0,2,0
9,3,genetico,Brats18_CBICA_AOO_1,-0.4606517226786324,350.0,439.0,1,2
9,3,genetico,Brats18_CBICA_AQD_1,-0.08933325103554873,32.0,372.0,0,1
9,3,genetico,Brats18_CBICA_AQV_1,-0.9481091646574256,84.0,576.0,0,2
9,3,genetico,Brats18_CBICA_ARW_1,-0.8150044010295213,495.0,515.0,2,2
9,3,genetico,Brats18_CBICA_ARZ_1,-0.9753798556497584,871.0,579.0,2,2
9,3,genetico,Brats18_CBICA_ASG_1,0.4914883702804164,208.0,269.0,0,0
9,3,genetico,Brats18_CBICA_ASN_1,0.08577458297182661,407.0,345.0,1,1
9,3,genetico,Brats18_CBICA_ATD_1,-0.10526336483658486,355.0,372.0,1,1
9,3,genetico,Brats18_CBICA_ATF_1,-0.6359494147769694,152.0,476.0,0,2
9,3,genetico,Brats18_CBICA_ATP_1,-1.1684539283474875,385.0,630.0,1,2
9,3,genetico,Brats18_CBICA_ATV_1,0.5970771321117838,453.0,262.0,2,0
9,3,genetico,Brats18_CBICA_AUR_1,0.5210745786857623,12.0,268.0,0,0
9,3,genetico,Brats18_CBICA_AVV_1,0.9051602094737331,387.0,208.0,1,0
9,3,genetico,Brats18_CBICA_AWG_1,0.1170582471765455,180.0,336.0,0,1
9,3,genetico,Brats18_CBICA_AXQ_1,-0.4106673194664499,114.0,436.0,0,2
9,3,genetico,Brats18_TCIA01_411_1,-1.7413121365950117,822.0,1278.0,2,2
9,3,genetico,Brats18_TCIA01_429_1,-0.06805532204738213,86.0,370.0,0,1
9,3,genetico,Brats18_TCIA01_499_1,0.24399031610101218,600.0,327.0,2,0
9,3,genetico,Brats18_TCIA02_314_1,1.2874492977495116,362.0,153.0,1,0
9,3,genetico,Brats18_TCIA02_331_1,0.9875133952897219,187.0,199.0,0,0
9,3,genetico,Brats18_TCIA02_368_1,0.21939808730296,317.0,329.0,1,0
9,3,genetico,Brats18_TCIA02_377_1,0.05726099821956515,812.0,346.0,2,1
9,3,genetico,Brats18_TCIA03_133_1,-0.7760952196542859,382.0,508.0,1,2
9,3,genetico,Brats18_TCIA03_199_1,-0.5736606353512899,1282.0,465.0,2,2
9,3,genetico,Brats18_TCIA03_338_1,0.9645773626044744,468.0,199.0,2,0
9,3,genetico,Brats18_TCIA03_498_1,-0.01222904491592447,467.0,359.0,2,1
9,3,genetico,Brats18_TCIA04_149_1,-0.5394718995119313,448.0,464.0,1,2
9,3,genetico,Brats18_TCIA06_165_1,-0.32240373183118387,5.0,424.0,0,2
9,3,genetico,Brats18_TCIA06_409_1,-0.0757177931996012,99.0,370.0,0,1
9,3,genetico,Brats18_TCIA08_278_1,-0.7589036460575267,1458.0,508.0,2,2
9,4,edad,Brats18_CBICA_AAL_1,-0.17993581437992084,464.0,394.0,2,2
9,4,edad,Brats18_CBICA_ABN_1,0.2505291961664959,1278.0,327.0,2,0
9,4,edad,Brats18_CBICA_ABO_1,-0.11473809610637188,1155.0,387.0,2,1
9,4,edad,Brats18_CBICA_AME_1,-0.258954956404567,359.0,421.0,1,2
9,4,edad,Brats18_CBICA_ANI_1,-0.05812874582069803,439.0,382.0,1,1
9,4,edad,Brats18_CBICA_AOZ_1,-0.41496158351049117,331.0,448.0,1,2
9,4,edad,Brats18_CBICA_APZ_1,-0.0025660066876686963,336.0,372.0,1,1
9,4,edad,Brats18_CBICA_AQA_1,0.499314823686243,106.0,265.0,0,0
9,4,edad,Brats18_CBICA_AQO_1,0.23744655675844195,473.0,327.0,2,0
9,4,edad,Brats18_CBICA_ASU_1,0.6507040486481477,85.0,210.0,0,0
9,4,edad,Brats18_CBICA_ASV_1,-0.1660836079478638,597.0,394.0,2,2
9,4,edad,Brats18_CBICA_AWH_1,-0.2272487950156361,139.0,405.0,0,2
9,4,edad,Brats18_CBICA_AXJ_1,-0.9953690330136867,1767.0,616.0,2,2
9,4,edad,Brats18_CBICA_AXL_1,0.44584530685850204,168.0,269.0,0,0
9,4,edad,Brats18_CBICA_AYA_1,0.45218653913628826,50.0,269.0,0,0
9,4,edad,Brats18_CBICA_AYW_1,-0.31621074299040336,734.0,430.0,2,2
9,4,edad,Brats18_TCIA01_203_1,-0.437740767420985,268.0,448.0,0,2
9,4,edad,Brats18_TCIA01_335_1,-0.174610410573819,355.0,394.0,1,2
9,4,edad,Brats18_TCIA01_401_1,0.5739628250145511,448.0,239.0,1,0
9,4,edad,Brats18_TCIA02_135_1,0.2837437089224732,828.0,322.0,2,0
9,4,edad,Brats18_TCIA02_151_1,-0.37472861949560493,1731.0,436.0,2,2
9,4,edad,Brats18_TCIA02_226_1,0.4134619264884486,329.0,287.0,1,0
9,4,edad,Brats18_TCIA02_290_1,-0.5243632316427825,737.0,467.0,2,2
9,4,edad,Brats18_TCIA02_430_1,-0.19332628059757617,71.0,401.0,0,2
9,4,edad,Brats18_TCIA02_471_1,0.5069181458833943,111.0,262.0,0,0
9,4,edad,Brats18_TCIA03_138_1,0.36100823813239186,82.0,291.0,0,0
9,4,edad,Brats18_TCIA03_375_1,-0.004505315588156774,946.0,372.0,2,1
9,4,edad,Brats18_TCIA04_343_1,-0.22986532289724693,296.0,407.0,0,2
9,4,edad,Brats18_TCIA05_277_1,0.3146187379254806,232.0,317.0,0,0
9,4,edad,Brats18_TCIA06_247_1,0.5095346737650049,244.0,262.0,0,0
9,4,edad,Brats18_TCIA08_105_1,0.19949151113460514,77.0,333.0,0,0
9,4,edad,Brats18_TCIA08_218_1,-0.08623333353729416,346.0,385.0,1,1
9,4,coxnet,Brats18_CBICA_AAL_1,-0.25962334114849117,464.0,407.0,2,2
9,4,coxnet,Brats18_CBICA_ABN_1,0.13629520653386956,1278.0,350.0,2,0
9,4,coxnet,Brats18_CBICA_ABO_1,0.05894121111074308,1155.0,362.0,2,1
9,4,coxnet,Brats18_CBICA_AME_1,-0.19788477604133003,359.0,394.0,1,2
9,4,coxnet,Brats18_CBICA_ANI_1,-0.021530061412100756,439.0,375.0,1,1
9,4,coxnet,Brats18_CBICA_AOZ_1,-0.3464577041539127,331.0,430.0,1,2
9,4,coxnet,Brats18_CBICA_APZ_1,-0.0039221994658275305,336.0,372.0,1,1
9,4,coxnet,Brats18_CBICA_AQA_1,0.4576024652551002,106.0,269.0,0,0
9,4,coxnet,Brats18_CBICA_AQO_1,0.2344378560480789,473.0,327.0,2,0
9,4,coxnet,Brats18_CBICA_ASU_1,0.5892915920579392,85.0,229.0,0,0
9,4,coxnet,Brats18_CBICA_ASV_1,-0.15489847507507132,597.0,387.0,2,2
9,4,coxnet,Brats18_CBICA_AWH_1,-0.20440254054410997,139.0,401.0,0,2
9,4,coxnet,Brats18_CBICA_AXJ_1,-0.8491272204291593,1767.0,558.0,2,2
9,4,coxnet,Brats18_CBICA_AXL_1,0.5067425901554543,168.0,262.0,0,0
9,4,coxnet,Brats18_CBICA_AYA_1,0.41587835725987965,50.0,286.0,0,0
9,4,coxnet,Brats18_CBICA_AYW_1,-0.3825529877188581,734.0,436.0,2,2
9,4,coxnet,Brats18_TCIA01_203_1,-0.2675782090516482,268.0,407.0,0,2
9,4,coxnet,Brats18_TCIA01_335_1,-0.12759707974045859,355.0,387.0,1,2
9,4,coxnet,Brats18_TCIA01_401_1,0.5884180472875505,448.0,229.0,1,0
9,4,coxnet,Brats18_TCIA02_135_1,0.3189390154391799,828.0,317.0,2,0
9,4,coxnet,Brats18_TCIA02_151_1,-0.48787012411558917,1731.0,465.0,2,2
9,4,coxnet,Brats18_TCIA02_226_1,0.3161233184487352,329.0,317.0,1,0
9,4,coxnet,Brats18_TCIA02_290_1,-0.38884081592443914,737.0,436.0,2,2
9,4,coxnet,Brats18_TCIA02_430_1,-0.15293887157041713,71.0,387.0,0,2
9,4,coxnet,Brats18_TCIA02_471_1,0.5454577605131424,111.0,254.0,0,0
9,4,coxnet,Brats18_TCIA03_138_1,0.4897264070430531,82.0,265.0,0,0
9,4,coxnet,Brats18_TCIA03_375_1,-0.04244770585965123,946.0,375.0,2,1
9,4,coxnet,Brats18_TCIA04_343_1,-0.25623461070919756,296.0,407.0,0,2
9,4,coxnet,Brats18_TCIA05_277_1,0.2822186565948849,232.0,318.0,0,0
9,4,coxnet,Brats18_TCIA06_247_1,0.5406315560130163,244.0,254.0,0,0
9,4,coxnet,Brats18_TCIA08_105_1,0.31802796583033466,77.0,317.0,0,0
9,4,coxnet,Brats18_TCIA08_218_1,-0.23497216027336765,346.0,405.0,1,2
9,4,genetico,Brats18_CBICA_AAL_1,-0.7782468100904315,464.0,503.0,2,2
9,4,genetico,Brats18_CBICA_ABN_1,-0.3182950699298518,1278.0,421.0,2,2
9,4,genetico,Brats18_CBICA_ABO_1,1.8436190203876084,1155.0,99.0,2,0
9,4,genetico,Brats18_CBICA_AME_1,0.027007614691574033,359.0,370.0,1,1
9,4,genetico,Brats18_CBICA_ANI_1,-0.45521194954959754,439.0,438.0,1,2
9,4,genetico,Brats18_CBICA_AOZ_1,0.5265420218275303,331.0,265.0,1,0
9,4,genetico,Brats18_CBICA_APZ_1,-0.47270172354905915,336.0,448.0,1,2
9,4,genetico,Brats18_CBICA_AQA_1,0.31670117756685356,106.0,318.0,0,0
9,4,genetico,Brats18_CBICA_AQO_1,0.03330599031661585,473.0,368.0,2,1
9,4,genetico,Brats18_CBICA_ASU_1,0.38750694201531827,85.0,291.0,0,0
9,4,genetico,Brats18_CBICA_ASV_1,-0.4874413448828252,597.0,448.0,2,2
9,4,genetico,Brats18_CBICA_AWH_1,0.6241505480435283,139.0,239.0,0,0
9,4,genetico,Brats18_CBICA_AXJ_1,-0.9171426765933088,1767.0,522.0,2,2
9,4,genetico,Brats18_CBICA_AXL_1,0.5821810133400525,168.0,254.0,0,0
9,4,genetico,Brats18_CBICA_AYA_1,0.5389441842914172,50.0,265.0,0,0
9,4,genetico,Brats18_CBICA_AYW_1,-0.60410592623202,734.0,467.0,2,2
9,4,genetico,Brats18_TCIA01_203_1,-0.2575572438607475,268.0,405.0,0,1
9,4,genetico,Brats18_TCIA01_335_1,-0.3488349904739986,355.0,425.0,1,2
9,4,genetico,Brats18_TCIA01_401_1,0.27966777352538974,448.0,322.0,1,0
9,4,genetico,Brats18_TCIA02_135_1,0.4769770717813244,828.0,286.0,2,0
9,4,genetico,Brats18_TCIA02_151_1,-0.9957879739361924,1731.0,579.0,2,2
9,4,genetico,Brats18_TCIA02_226_1,0.4590215349130032,329.0,286.0,1,0
9,4,genetico,Brats18_TCIA02_290_1,0.2918634090793128,737.0,322.0,2,0
9,4,genetico,Brats18_TCIA02_430_1,0.10853457836133956,71.0,355.0,0,1
9,4,genetico,Brats18_TCIA02_471_1,1.1591468670334133,111.0,169.0,0,0
9,4,genetico,Brats18_TCIA03_138_1,0.6200133690470213,82.0,239.0,0,0
9,4,genetico,Brats18_TCIA03_375_1,-0.46269164776941724,946.0,438.0,2,2
9,4,genetico,Brats18_TCIA04_343_1,-0.2867251690872066,296.0,407.0,0,1
9,4,genetico,Brats18_TCIA05_277_1,0.6897562396856624,232.0,213.0,0,0
9,4,genetico,Brats18_TCIA06_247_1,0.5513590162577774,244.0,262.0,0,0
9,4,genetico,Brats18_TCIA08_105_1,0.293223369946929,77.0,322.0,0,0
9,4,genetico,Brats18_TCIA08_218_1,-0.8732700912539966,346.0,519.0,1,2
