repeticion,fold,brazo,paciente_id,riesgo,dias,dias_pred,clase,clase_pred
0,0,edad,Brats18_2013_27_1,0.21134405933031658,120.0,318.0,0,0
0,0,edad,Brats18_CBICA_AAL_1,-0.25264047776318166,464.0,387.0,2,2
0,0,edad,Brats18_CBICA_AAP_1,-0.7678293729847914,788.0,495.0,2,2
0,0,edad,Brats18_CBICA_ABM_1,0.2753325967004532,503.0,291.0,2,0
0,0,edad,Brats18_CBICA_ABY_1,-0.4533317995149727,515.0,434.0,2,2
0,0,edad,Brats18_CBICA_ALU_1,0.13961060913895362,495.0,329.0,2,0
0,0,edad,Brats18_CBICA_AMH_1,0.0285100038213544,169.0,345.0,0,1
0,0,edad,Brats18_CBICA_AOZ_1,-0.5108606061040857,331.0,448.0,1,2
0,0,edad,Brats18_CBICA_APY_1,-0.41026451042352596,203.0,425.0,0,2
0,0,edad,Brats18_CBICA_ASH_1,-0.5141073817845999,660.0,448.0,2,2
0,0,edad,Brats18_CBICA_ASO_1,-0.18028456638709564,265.0,382.0,0,1
0,0,edad,Brats18_CBICA_ASU_1,0.7983815572279319,85.0,175.0,0,0
0,0,edad,Brats18_CBICA_ATD_1,0.2505082909765205,355.0,296.0,1,0
0,0,edad,Brats18_CBICA_AVG_1,0.05370633592534585,579.0,336.0,2,1
0,0,edad,Brats18_CBICA_AVJ_1,-0.5589534708717039,614.0,448.0,2,2
0,0,edad,Brats18_CBICA_AWG_1,-0.21100734377658686,180.0,385.0,0,2
0,0,edad,Brats18_CBICA_AYW_1,-0.413204571057513,734.0,430.0,2,2
0,0,edad,Brats18_CBICA_BHM_1,0.14716628922477493,436.0,327.0,1,0
0,0,edad,Brats18_TCIA01_390_1,0.050171195595888965,634.0,336.0,2,1
0,0,edad,Brats18_TCIA01_425_1,-0.19898501730357926,558.0,382.0,2,2
0,0,edad,Brats18_TCIA01_460_1,-1.458226672643052,630.0,1278.0,2,2
0,0,edad,Brats18_TCIA01_499_1,-0.40616989041639867,600.0,425.0,2,2
0,0,edad,Brats18_TCIA02_179_1,-0.5213289653346407,405.0,448.0,1,2
0,0,edad,Brats18_TCIA02_314_1,-0.735210313288521,362.0,486.0,1,2
0,0,edad,Brats18_TCIA02_377_1,0.056495644056890726,812.0,336.0,2,1
0,0,edad,Brats18_TCIA03_199_1,-0.44868235948313295,1282.0,434.0,2,2
0,0,edad,Brats18_TCIA03_375_1,-0.0707373779232639,946.0,359.0,2,1
0,0,edad,Brats18_TCIA04_192_1,0.46910672012225135,121.0,244.0,0,0
0,0,edad,Brats18_TCIA04_479_1,-0.19249146594255068,372.0,382.0,1,1
0,0,edad,Brats18_TCIA06_372_1,0.42037126433453126,213.0,268.0,0,0
0,0,edad,Brats18_TCIA08_280_1,-0.1599560679773967,508.0,376.0,2,1
0,0,edad,Brats18_TCIA08_319_1,0.09363064090277314,254.0,333.0,0,1
0,0,coxnet,Brats18_2013_27_1,0.21132998488314475,120.0,318.0,0,0
0,0,coxnet,Brats18_CBICA_AAL_1,-0.2526445359037946,464.0,387.0,2,2
0,0,coxnet,Brats18_CBICA_AAP_1,-0.7678223094403098,788.0,495.0,2,2
0,0,coxnet,Brats18_CBICA_ABM_1,0.2753171408951642,503.0,291.0,2,0
0,0,coxnet,Brats18_CBICA_ABY_1,-0.45333152521421816,515.0,434.0,2,2
0,0,coxnet,Brats18_CBICA_ALU_1,0.1395980832438783,495.0,329.0,2,0
0,0,coxnet,Brats18_CBICA_AMH_1,0.02849987632026155,169.0,345.0,0,1
0,0,coxnet,Brats18_CBICA_AOZ_1,-0.5108590898952142,331.0,448.0,1,2
0,0,coxnet,Brats18_CBICA_APY_1,-0.41025555781529655,203.0,425.0,0,2
0,0,coxnet,Brats18_CBICA_ASH_1,-0.5141057954856759,660.0,448.0,2,2
0,0,coxnet,Brats18_CBICA_ASO_1,-0.1802805784909152,265.0,382.0,0,1
0,0,coxnet,Brats18_CBICA_ASU_1,0.7983644180840297,85.0,175.0,0,0
0,0,coxnet,Brats18_CBICA_ATD_1,0.25049337106809094,355.0,296.0,1,0
0,0,coxnet,Brats18_CBICA_AVG_1,0.05369566449624174,579.0,336.0,2,1
0,0,coxnet,Brats18_CBICA_AVJ_1,-0.5589509164539304,614.0,448.0,2,2
0,0,coxnet,Brats18_CBICA_AWG_1,-0.2110123006761016,180.0,385.0,0,2
0,0,coxnet,Brats18_CBICA_AYW_1,-0.4131889489057157,734.0,430.0,2,2
0,0,coxnet,Brats18_CBICA_BHM_1,0.14716320824712326,436.0,327.0,1,0
0,0,coxnet,Brats18_TCIA01_390_1,0.050176814583012236,634.0,336.0,2,1
0,0,coxnet,Brats18_TCIA01_425_1,-0.1989740196350347,558.0,382.0,2,2
0,0,coxnet,Brats18_TCIA01_460_1,-1.4581884909857248,630.0,1278.0,2,2
0,0,coxnet,Brats18_TCIA01_499_1,-0.40615442012638175,600.0,425.0,2,2
0,0,coxnet,Brats18_TCIA02_179_1,-0.5213110090380757,405.0,448.0,1,2
0,0,coxnet,Brats18_TCIA02_314_1,-0.7351877398097504,362.0,486.0,1,2
0,0,coxnet,Brats18_TCIA02_377_1,0.05650112651443265,812.0,336.0,2,1
0,0,coxnet,Brats18_TCIA03_199_1,-0.4486659714514916,1282.0,434.0,2,2
0,0,coxnet,Brats18_TCIA03_375_1,-0.07072914881179135,946.0,359.0,2,1
0,0,coxnet,Brats18_TCIA04_192_1,0.46910329530229355,121.0,244.0,0,0
0,0,coxnet,Brats18_TCIA04_479_1,-0.19248060845411097,372.0,382.0,1,1
0,0,coxnet,Brats18_TCIA06_372_1,0.42036889159546503,213.0,268.0,0,0
0,0,coxnet,Brats18_TCIA08_280_1,-0.159945912849691,508.0,376.0,2,1
0,0,coxnet,Brats18_TCIA08_319_1,0.09363532170534006,254.0,333.0,0,1
0,0,genetico,Brats18_2013_27_1,-0.13398136894951573,120.0,370.0,0,1
0,0,genetico,Brats18_CBICA_AAL_1,-1.5893275679378407,464.0,1155.0,2,2
0,0,genetico,Brats18_CBICA_AAP_1,-0.7665364438594287,788.0,473.0,2,2
0,0,genetico,Brats18_CBICA_ABM_1,0.056218554320271286,503.0,345.0,2,1
0,0,genetico,Brats18_CBICA_ABY_1,-0.37613616447106846,515.0,407.0,2,2
0,0,genetico,Brats18_CBICA_ALU_1,0.2897605723858082,495.0,317.0,2,0
0,0,genetico,Brats18_CBICA_AMH_1,0.011628200058258362,169.0,350.0,0,1
0,0,genetico,Brats18_CBICA_AOZ_1,-0.5813638968621,331.0,448.0,1,2
0,0,genetico,Brats18_CBICA_APY_1,-0.6803273680892673,203.0,465.0,0,2
0,0,genetico,Brats18_CBICA_ASH_1,-0.8142696278867887,660.0,486.0,2,2
0,0,genetico,Brats18_CBICA_ASO_1,-0.08878014321666194,265.0,359.0,0,1
0,0,genetico,Brats18_CBICA_ASU_1,1.1542929580971564,85.0,150.0,0,0
0,0,genetico,Brats18_CBICA_ATD_1,-0.5994751388785065,355.0,448.0,1,2
0,0,genetico,Brats18_CBICA_AVG_1,-0.023472213478742426,579.0,355.0,2,1
0,0,genetico,Brats18_CBICA_AVJ_1,-0.577825750775688,614.0,448.0,2,2
0,0,genetico,Brats18_CBICA_AWG_1,0.05216704454900567,180.0,345.0,0,1
0,0,genetico,Brats18_CBICA_AYW_1,-0.16424841524587447,734.0,375.0,2,1
0,0,genetico,Brats18_CBICA_BHM_1,0.7652013319655768,436.0,208.0,1,0
0,0,genetico,Brats18_TCIA01_390_1,-0.6531912712836984,634.0,453.0,2,2
0,0,genetico,Brats18_TCIA01_425_1,-1.2364283457728915,558.0,698.0,2,2
0,0,genetico,Brats18_TCIA01_460_1,-1.4012592654669735,630.0,804.0,2,2
0,0,genetico,Brats18_TCIA01_499_1,-0.5455820559306357,600.0,438.0,2,2
0,0,genetico,Brats18_TCIA02_179_1,-0.07102567160625473,405.0,359.0,1,1
0,0,genetico,Brats18_TCIA02_314_1,0.2813674539255871,362.0,317.0,1,0
0,0,genetico,Brats18_TCIA02_377_1,-0.11079266308624172,812.0,368.0,2,1
0,0,genetico,Brats18_TCIA03_199_1,-1.1786234773435673,1282.0,626.0,2,2
0,0,genetico,Brats18_TCIA03_375_1,0.07874264266910827,946.0,336.0,2,1
0,0,genetico,Brats18_TCIA04_192_1,-0.5359582047544394,121.0,438.0,0,2
0,0,genetico,Brats18_TCIA04_479_1,-0.2708636450389662,372.0,387.0,1,1
0,0,genetico,Brats18_TCIA06_372_1,0.30989330851535324,213.0,296.0,0,0
0,0,genetico,Brats18_TCIA08_280_1,-0.7929037517674167,508.0,476.0,2,2
0,0,genetico,Brats18_TCIA08_319_1,0.24363952458780905,254.0,318.0,0,0
0,1,edad,Brats18_CBICA_ABO_1,-0.07713695187361813,1155.0,376.0,2,1
0,1,edad,Brats18_CBICA_AOD_1,-0.027948087934692077,55.0,370.0,0,1
0,1,edad,Brats18_CBICA_AQA_1,0.6141892100209095,106.0,265.0,0,0
0,1,edad,Brats18_CBICA_AQT_1,0.600707864674159,172.0,265.0,0,0
0,1,edad,Brats18_CBICA_AQY_1,0.23672104628432625,229.0,333.0,0,0
0,1,edad,Brats18_CBICA_ASG_1,0.23644379496614107,208.0,333.0,0,0
0,1,edad,Brats18_CBICA_ASK_1,0.6478059323508518,522.0,262.0,2,0
0,1,edad,Brats18_CBICA_ASV_1,-0.13494385171520984,597.0,401.0,2,1
0,1,edad,Brats18_CBICA_ASY_1,0.5414202449697426,610.0,269.0,2,0
0,1,edad,Brats18_CBICA_ATP_1,-0.2445274352278675,385.0,425.0,1,2
0,1,edad,Brats18_CBICA_AUR_1,0.40226523368317935,12.0,317.0,0,0
0,1,edad,Brats18_CBICA_AVV_1,0.4729989762351514,387.0,289.0,1,0
0,1,edad,Brats18_CBICA_AWH_1,-0.2038061478694319,139.0,421.0,0,2
0,1,edad,Brats18_CBICA_AXM_1,0.5561145648335523,438.0,269.0,1,0
0,1,edad,Brats18_CBICA_AXO_1,-0.17627754316371644,394.0,407.0,1,2
0,1,edad,Brats18_CBICA_AXW_1,0.7127520536357095,191.0,239.0,0,0
0,1,edad,Brats18_TCIA01_150_1,-0.35600571017720245,1489.0,448.0,2,2
0,1,edad,Brats18_TCIA01_235_1,-0.11833201766303227,804.0,387.0,2,1
0,1,edad,Brats18_TCIA01_378_1,0.4421315220481315,110.0,296.0,0,0
0,1,edad,Brats18_TCIA01_412_1,0.2554720720800183,291.0,333.0,0,0
0,1,edad,Brats18_TCIA02_198_1,-0.24635281383499844,394.0,425.0,1,2
0,1,edad,Brats18_TCIA02_321_1,0.6870137488351142,67.0,239.0,0,0
0,1,edad,Brats18_TCIA02_491_1,0.6835827637725737,82.0,254.0,0,0
0,1,edad,Brats18_TCIA03_133_1,0.08229396745865511,382.0,357.0,1,1
0,1,edad,Brats18_TCIA03_338_1,0.5211481477308828,468.0,286.0,2,0
0,1,edad,Brats18_TCIA03_419_1,0.3189972803591775,327.0,329.0,1,0
0,1,edad,Brats18_TCIA04_111_1,0.48087739376449856,626.0,287.0,2,0
0,1,edad,Brats18_TCIA04_361_1,0.5054834482534252,476.0,286.0,2,0
0,1,edad,Brats18_TCIA06_165_1,-0.333790948307622,5.0,439.0,0,2
0,1,edad,Brats18_TCIA06_247_1,0.5306440053787222,244.0,286.0,0,0
0,1,edad,Brats18_TCIA08_242_1,0.176455446397267,147.0,346.0,0,0
0,1,edad,Brats18_TCIA08_406_1,0.6015510300045598,82.0,265.0,0,0
0,1,coxnet,Brats18_CBICA_ABO_1,-0.05270770767525779,1155.0,372.0,2,1
0,1,coxnet,Brats18_CBICA_AOD_1,-0.0536710446955382,55.0,372.0,0,1
0,1,coxnet,Brats18_CBICA_AQA_1,0.5996508672437096,106.0,265.0,0,0
0,1,coxnet,Brats18_CBICA_AQT_1,0.6330492186332515,172.0,262.0,0,0
0,1,coxnet,Brats18_CBICA_AQY_1,0.31729825013191704,229.0,329.0,0,0
0,1,coxnet,Brats18_CBICA_ASG_1,0.35034318065902303,208.0,322.0,0,0
0,1,coxnet,Brats18_CBICA_ASK_1,0.6706351971323326,522.0,254.0,2,0
0,1,coxnet,Brats18_CBICA_ASV_1,-0.1385282008011146,597.0,401.0,2,1
0,1,coxnet,Brats18_CBICA_ASY_1,0.6224476096710388,610.0,265.0,2,0
0,1,coxnet,Brats18_CBICA_ATP_1,-0.3674167414314291,385.0,448.0,1,2
0,1,coxnet,Brats18_CBICA_AUR_1,0.40064950260785986,12.0,317.0,0,0
0,1,coxnet,Brats18_CBICA_AVV_1,0.5183300383497337,387.0,286.0,1,0
0,1,coxnet,Brats18_CBICA_AWH_1,-0.2145929257951346,139.0,421.0,0,2
0,1,coxnet,Brats18_CBICA_AXM_1,0.5412893208155566,438.0,269.0,1,0
0,1,coxnet,Brats18_CBICA_AXO_1,-0.1919929498419945,394.0,407.0,1,2
0,1,coxnet,Brats18_CBICA_AXW_1,0.6864413282804854,191.0,254.0,0,0
0,1,coxnet,Brats18_TCIA01_150_1,-0.33916129091321856,1489.0,439.0,2,2
0,1,coxnet,Brats18_TCIA01_235_1,-0.12126430343635795,804.0,387.0,2,1
0,1,coxnet,Brats18_TCIA01_378_1,0.46605548515019374,110.0,289.0,0,0
0,1,coxnet,Brats18_TCIA01_412_1,0.2787615978762092,291.0,332.0,0,0
0,1,coxnet,Brats18_TCIA02_198_1,-0.3307549846814821,394.0,439.0,1,2
0,1,coxnet,Brats18_TCIA02_321_1,0.7118731066241701,67.0,239.0,0,0
0,1,coxnet,Brats18_TCIA02_491_1,0.7081544145602022,82.0,239.0,0,0
0,1,coxnet,Brats18_TCIA03_133_1,0.06504779124329443,382.0,357.0,1,1
0,1,coxnet,Brats18_TCIA03_338_1,0.49181367299153067,468.0,287.0,2,0
0,1,coxnet,Brats18_TCIA03_419_1,0.3237183173191889,327.0,329.0,1,0
0,1,coxnet,Brats18_TCIA04_111_1,0.48077546164452434,626.0,287.0,2,0
0,1,coxnet,Brats18_TCIA04_361_1,0.5199886477006818,476.0,286.0,2,0
0,1,coxnet,Brats18_TCIA06_165_1,-0.33057657877998986,5.0,439.0,0,2
0,1,coxnet,Brats18_TCIA06_247_1,0.5559545461866168,244.0,269.0,0,0
0,1,coxnet,Brats18_TCIA08_242_1,0.18047290491934131,147.0,346.0,0,0
0,1,coxnet,Brats18_TCIA08_406_1,0.617490572803596,82.0,265.0,0,0
0,1,genetico,Brats18_CBICA_ABO_1,0.8066434056307388,1155.0,232.0,2,0
0,1,genetico,Brats18_CBICA_AOD_1,1.2177282483882574,55.0,169.0,0,0
0,1,genetico,Brats18_CBICA_AQA_1,0.2516292497975042,106.0,336.0,0,0
0,1,genetico,Brats18_CBICA_AQT_1,0.8449034558291375,172.0,213.0,0,0
0,1,genetico,Brats18_CBICA_AQY_1,0.5768691468514435,229.0,286.0,0,0
0,1,genetico,Brats18_CBICA_ASG_1,0.4288699624382165,208.0,318.0,0,0
0,1,genetico,Brats18_CBICA_ASK_1,0.40335896987722863,522.0,318.0,2,0
0,1,genetico,Brats18_CBICA_ASV_1,-0.4158552340476207,597.0,448.0,2,2
0,1,genetico,Brats18_CBICA_ASY_1,0.3201832689239408,610.0,331.0,2,0
0,1,genetico,Brats18_CBICA_ATP_1,-0.7570133739520482,385.0,508.0,1,2
0,1,genetico,Brats18_CBICA_AUR_1,0.7057343402583524,12.0,262.0,0,0
0,1,genetico,Brats18_CBICA_AVV_1,0.6556982917064483,387.0,265.0,1,0
0,1,genetico,Brats18_CBICA_AWH_1,0.08307409345208228,139.0,357.0,0,1
0,1,genetico,Brats18_CBICA_AXM_1,-0.5260516928566388,438.0,465.0,1,2
0,1,genetico,Brats18_CBICA_AXO_1,-0.2857178509814578,394.0,430.0,1,2
0,1,genetico,Brats18_CBICA_AXW_1,0.48102336060590983,191.0,296.0,0,0
0,1,genetico,Brats18_TCIA01_150_1,-0.7091430037736165,1489.0,495.0,2,2
0,1,genetico,Brats18_TCIA01_235_1,-0.9089370615063262,804.0,576.0,2,2
0,1,genetico,Brats18_TCIA01_378_1,0.8599374903856647,110.0,210.0,0,0
0,1,genetico,Brats18_TCIA01_412_1,0.5105182542692924,291.0,289.0,0,0
0,1,genetico,Brats18_TCIA02_198_1,-0.9225427745260041,394.0,579.0,1,2
0,1,genetico,Brats18_TCIA02_321_1,0.47382410342441317,67.0,296.0,0,0
0,1,genetico,Brats18_TCIA02_491_1,1.2967196265586243,82.0,153.0,0,0
0,1,genetico,Brats18_TCIA03_133_1,-0.5946398635878921,382.0,473.0,1,2
0,1,genetico,Brats18_TCIA03_338_1,-0.07703403973353622,468.0,375.0,2,1
0,1,genetico,Brats18_TCIA03_419_1,0.40517825279621955,327.0,318.0,1,0
0,1,genetico,Brats18_TCIA04_111_1,0.17291440898067767,626.0,350.0,2,0
0,1,genetico,Brats18_TCIA04_361_1,0.3078448124853816,476.0,332.0,2,0
0,1,genetico,Brats18_TCIA06_165_1,-0.6341049980830661,5.0,486.0,0,2
0,1,genetico,Brats18_TCIA06_247_1,1.0322529006074814,244.0,199.0,0,0
0,1,genetico,Brats18_TCIA08_242_1,0.48608864670440943,147.0,296.0,0,0
0,1,genetico,Brats18_TCIA08_406_1,-0.7613543921405908,82.0,508.0,0,2
0,2,edad,Brats18_CBICA_AAB_1,-0.009029726418124724,289.0,370.0,0,1
0,2,edad,Brats18_CBICA_AAG_1,-0.29453732878704264,616.0,436.0,2,2
0,2,edad,Brats18_CBICA_AME_1,-0.3129560509398666,359.0,438.0,1,2
0,2,edad,Brats18_CBICA_ANI_1,-0.08580341705513245,439.0,385.0,1,1
0,2,edad,Brats18_CBICA_ANP_1,0.030732429911790274,486.0,368.0,2,1
0,2,edad,Brats18_CBICA_AOP_1,0.2475789357110123,332.0,333.0,1,0
0,2,edad,Brats18_CBICA_APR_1,0.3188869507402156,23.0,327.0,0,0
0,2,edad,Brats18_CBICA_AQG_1,0.0020779661115833403,466.0,370.0,2,1
0,2,edad,Brats18_CBICA_AQJ_1,0.436223611713783,170.0,296.0,0,0
0,2,edad,Brats18_CBICA_AQV_1,-0.25627234646954977,84.0,421.0,0,2
0,2,edad,Brats18_CBICA_AQZ_1,0.3412052889253956,286.0,322.0,0,0
0,2,edad,Brats18_CBICA_ARW_1,-0.3178646385430491,495.0,438.0,2,2
0,2,edad,Brats18_CBICA_ARZ_1,0.044555926464032336,871.0,362.0,2,1
0,2,edad,Brats18_CBICA_ASA_1,0.35579403104644164,210.0,322.0,0,0
0,2,edad,Brats18_CBICA_ASW_1,0.2658932038629696,239.0,331.0,0,0
0,2,edad,Brats18_CBICA_AWI_1,-0.493417746437196,375.0,468.0,1,2
0,2,edad,Brats18_CBICA_AXQ_1,0.1935762172629401,114.0,345.0,0,1
0,2,edad,Brats18_CBICA_AYI_1,0.1810069191586503,387.0,345.0,1,1
0,2,edad,Brats18_TCIA01_147_1,-0.03720984555689323,209.0,372.0,0,1
0,2,edad,Brats18_TCIA01_201_1,-0.06112981175536224,430.0,382.0,1,1
0,2,edad,Brats18_TCIA01_203_1,-0.5765406700318366,268.0,495.0,0,2
0,2,edad,Brats18_TCIA01_429_1,-0.26108958741447147,86.0,425.0,0,2
0,2,edad,Brats18_TCIA01_448_1,-0.6279668564585309,199.0,508.0,0,2
0,2,edad,Brats18_TCIA02_394_1,0.061359913260961296,616.0,357.0,2,1
0,2,edad,Brats18_TCIA02_455_1,-0.266033743455494,424.0,425.0,1,2
0,2,edad,Brats18_TCIA02_473_1,-0.050928137670716786,175.0,376.0,0,1
0,2,edad,Brats18_TCIA03_296_1,-0.07164484784260773,22.0,382.0,0,1
0,2,edad,Brats18_TCIA03_474_1,-0.037488389559204215,635.0,372.0,2,1
0,2,edad,Brats18_TCIA06_184_1,-0.04587952762882727,434.0,376.0,1,1
0,2,edad,Brats18_TCIA08_105_1,0.14422675394852513,77.0,350.0,0,1
0,2,edad,Brats18_TCIA08_167_1,0.4325197963405543,153.0,296.0,0,0
0,2,edad,Brats18_TCIA08_278_1,-0.41724831871015394,1458.0,464.0,2,2
0,2,edad,Brats18_TCIA08_469_1,0.049243249160426786,519.0,362.0,2,1
0,2,coxnet,Brats18_CBICA_AAB_1,0.10850429671180525,289.0,355.0,0,1
0,2,coxnet,Brats18_CBICA_AAG_1,-0.37931398062597377,616.0,448.0,2,2
0,2,coxnet,Brats18_CBICA_AME_1,-0.2865611662528024,359.0,421.0,1,2
0,2,coxnet,Brats18_CBICA_ANI_1,-0.11729196393159867,439.0,385.0,1,1
0,2,coxnet,Brats18_CBICA_ANP_1,-0.05621596696313835,486.0,372.0,2,1
0,2,coxnet,Brats18_CBICA_AOP_1,0.08989417709424016,332.0,355.0,1,1
0,2,coxnet,Brats18_CBICA_APR_1,0.5366185880263493,23.0,265.0,0,0
0,2,coxnet,Brats18_CBICA_AQG_1,0.16027290557778853,466.0,346.0,2,1
0,2,coxnet,Brats18_CBICA_AQJ_1,0.7344466437808189,170.0,213.0,0,0
0,2,coxnet,Brats18_CBICA_AQV_1,-0.3774597351000648,84.0,448.0,0,2
0,2,coxnet,Brats18_CBICA_AQZ_1,0.5878662343928561,286.0,254.0,0,0
0,2,coxnet,Brats18_CBICA_ARW_1,-0.17397466148566337,495.0,394.0,2,1
0,2,coxnet,Brats18_CBICA_ARZ_1,0.20054879351629024,871.0,336.0,2,1
0,2,coxnet,Brats18_CBICA_ASA_1,0.810928766479115,210.0,208.0,0,0
0,2,coxnet,Brats18_CBICA_ASW_1,0.3021126664877424,239.0,327.0,0,0
0,2,coxnet,Brats18_CBICA_AWI_1,-0.43038914027103725,375.0,453.0,1,2
0,2,coxnet,Brats18_CBICA_AXQ_1,0.15195002851890202,114.0,346.0,0,1
0,2,coxnet,Brats18_CBICA_AYI_1,0.264087937360217,387.0,331.0,1,0
0,2,coxnet,Brats18_TCIA01_147_1,-0.026417475884278094,209.0,370.0,0,1
0,2,coxnet,Brats18_TCIA01_201_1,0.13465130576846093,430.0,346.0,1,1
0,2,coxnet,Brats18_TCIA01_203_1,-0.2261965704540476,268.0,405.0,0,2
0,2,coxnet,Brats18_TCIA01_429_1,-0.22239715102223784,86.0,401.0,0,2
0,2,coxnet,Brats18_TCIA01_448_1,-0.6616319524899682,199.0,508.0,0,2
0,2,coxnet,Brats18_TCIA02_394_1,0.15546315024362065,616.0,346.0,2,1
0,2,coxnet,Brats18_TCIA02_455_1,-0.40644354490366535,424.0,448.0,1,2
0,2,coxnet,Brats18_TCIA02_473_1,-0.012633333096323055,175.0,368.0,0,1
0,2,coxnet,Brats18_TCIA03_296_1,0.033183890046509,22.0,362.0,0,1
0,2,coxnet,Brats18_TCIA03_474_1,0.19995769020621615,635.0,336.0,2,1
0,2,coxnet,Brats18_TCIA06_184_1,0.41693392102498844,434.0,296.0,1,0
0,2,coxnet,Brats18_TCIA08_105_1,0.4567239067604683,77.0,291.0,0,0
0,2,coxnet,Brats18_TCIA08_167_1,0.9376953097898462,153.0,180.0,0,0
0,2,coxnet,Brats18_TCIA08_278_1,-0.5470413454547919,1458.0,473.0,2,2
0,2,coxnet,Brats18_TCIA08_469_1,0.21103029022301034,519.0,336.0,2,1
0,2,genetico,Brats18_CBICA_AAB_1,-0.15271440317038917,289.0,387.0,0,1
0,2,genetico,Brats18_CBICA_AAG_1,-0.21415371974007213,616.0,394.0,2,1
0,2,genetico,Brats18_CBICA_AME_1,-0.4618660831179034,359.0,448.0,1,2
0,2,genetico,Brats18_CBICA_ANI_1,-0.09235442442773767,439.0,382.0,1,1
0,2,genetico,Brats18_CBICA_ANP_1,-0.5191695197585562,486.0,464.0,2,2
0,2,genetico,Brats18_CBICA_AOP_1,-0.3301198810648682,332.0,425.0,1,2
0,2,genetico,Brats18_CBICA_APR_1,1.113966698856337,23.0,169.0,0,0
0,2,genetico,Brats18_CBICA_AQG_1,0.2850874322683046,466.0,331.0,2,1
0,2,genetico,Brats18_CBICA_AQJ_1,0.8333989300403797,170.0,208.0,0,0
0,2,genetico,Brats18_CBICA_AQV_1,-0.6560985842913458,84.0,488.0,0,2
0,2,genetico,Brats18_CBICA_AQZ_1,0.5798783589680842,286.0,265.0,0,0
0,2,genetico,Brats18_CBICA_ARW_1,-0.7816249354104299,495.0,515.0,2,2
0,2,genetico,Brats18_CBICA_ARZ_1,-0.17346736447321098,871.0,394.0,2,1
0,2,genetico,Brats18_CBICA_ASA_1,1.2026142995067148,210.0,152.0,0,0
0,2,genetico,Brats18_CBICA_ASW_1,0.06188657345212613,239.0,357.0,0,1
0,2,genetico,Brats18_CBICA_AWI_1,-0.23943652405639618,375.0,401.0,1,1
0,2,genetico,Brats18_CBICA_AXQ_1,0.012855532005899284,114.0,368.0,0,1
0,2,genetico,Brats18_CBICA_AYI_1,-0.4359661597266582,387.0,448.0,1,2
0,2,genetico,Brats18_TCIA01_147_1,0.18323011137442882,209.0,345.0,0,1
0,2,genetico,Brats18_TCIA01_201_1,0.4919629612907427,430.0,291.0,1,0
0,2,genetico,Brats18_TCIA01_203_1,-0.4118228737073939,268.0,448.0,0,2
0,2,genetico,Brats18_TCIA01_429_1,-0.013026974574404701,86.0,370.0,0,1
0,2,genetico,Brats18_TCIA01_448_1,-0.749158623198198,199.0,508.0,0,2
0,2,genetico,Brats18_TCIA02_394_1,0.3932052342047043,616.0,318.0,2,0
0,2,genetico,Brats18_TCIA02_455_1,-0.244706222150398,424.0,401.0,1,1
0,2,genetico,Brats18_TCIA02_473_1,-0.6986026658491118,175.0,503.0,0,2
0,2,genetico,Brats18_TCIA03_296_1,0.2989214386579751,22.0,329.0,0,1
0,2,genetico,Brats18_TCIA03_474_1,0.8475461714790214,635.0,208.0,2,0
0,2,genetico,Brats18_TCIA06_184_1,1.9218947072889536,434.0,89.0,1,0
0,2,genetico,Brats18_TCIA08_105_1,0.7859316633667719,77.0,213.0,0,0
0,2,genetico,Brats18_TCIA08_167_1,1.0088021061562202,153.0,180.0,0,0
0,2,genetico,Brats18_TCIA08_278_1,-0.3913217685849564,1458.0,438.0,2,2
0,2,genetico,Brats18_TCIA08_469_1,0.9663610320415071,519.0,187.0,2,0
0,3,edad,Brats18_CBICA_ABB_1,0.4423097930969183,465.0,244.0,2,0
0,3,edad,Brats18_CBICA_ALX_1,0.15577382684735688,698.0,333.0,2,0
0,3,edad,Brats18_CBICA_ANZ_1,0.4278527511634181,287.0,244.0,0,0
0,3,edad,Brats18_CBICA_AOH_1,0.06551499747874506,576.0,357.0,2,1
0,3,edad,Brats18_CBICA_AOO_1,-0.34992959267786344,350.0,436.0,1,2
0,3,edad,Brats18_CBICA_AQN_1,0.1889826642056761,488.0,331.0,2,0
0,3,edad,Brats18_CBICA_AQP_1,-0.27536511964246624,1283.0,424.0,2,2
0,3,edad,Brats18_CBICA_AQU_1,0.5044001534169833,30.0,232.0,0,0
0,3,edad,Brats18_CBICA_ARF_1,0.664342606035073,726.0,208.0,2,0
0,3,edad,Brats18_CBICA_ASE_1,-0.3442998420710647,318.0,436.0,1,2
0,3,edad,Brats18_CBICA_ASN_1,-0.5828410339738246,407.0,473.0,1,2
0,3,edad,Brats18_CBICA_ATV_1,0.23606901920774542,453.0,291.0,2,0
0,3,edad,Brats18_CBICA_ATX_1,-0.5901639516539163,1592.0,476.0,2,2
0,3,edad,Brats18_CBICA_AUQ_1,-0.15035367926114213,1337.0,387.0,2,1
0,3,edad,Brats18_CBICA_AXJ_1,-0.8823329545127021,1767.0,597.0,2,2
0,3,edad,Brats18_CBICA_AXN_1,1.0046040659564275,345.0,168.0,1,0
0,3,edad,Brats18_CBICA_AYA_1,0.6488436151333921,50.0,208.0,0,0
0,3,edad,Brats18_CBICA_AZH_1,0.00019782153594730123,401.0,368.0,1,1
0,3,edad,Brats18_CBICA_BHB_1,0.022339237109777033,510.0,362.0,2,1
0,3,edad,Brats18_TCIA01_186_1,-1.0271537359848004,370.0,616.0,1,2
0,3,edad,Brats18_TCIA01_190_1,-0.1272354365296434,322.0,387.0,1,1
0,3,edad,Brats18_TCIA01_335_1,-0.3568549403923604,355.0,436.0,1,2
0,3,edad,Brats18_TCIA02_135_1,0.12797693886400013,828.0,336.0,2,0
0,3,edad,Brats18_TCIA02_226_1,0.2651885936112333,329.0,289.0,1,0
0,3,edad,Brats18_TCIA02_283_1,0.3061502124228182,262.0,286.0,0,0
0,3,edad,Brats18_TCIA02_300_1,-0.034371734740581084,127.0,375.0,0,1
0,3,edad,Brats18_TCIA02_322_1,-0.26281904601409506,621.0,424.0,2,2
0,3,edad,Brats18_TCIA02_368_1,-0.09350233868480885,317.0,382.0,1,1
0,3,edad,Brats18_TCIA03_138_1,0.20970481105563615,82.0,327.0,0,0
0,3,edad,Brats18_TCIA04_343_1,-0.41530176532621965,296.0,448.0,0,2
0,3,edad,Brats18_TCIA05_478_1,-0.2011812523651837,30.0,394.0,0,2
0,3,edad,Brats18_TCIA06_409_1,0.12478597014894827,99.0,336.0,0,0
0,3,edad,Brats18_TCIA08_218_1,-0.2633725814034409,346.0,424.0,1,2
0,3,coxnet,Brats18_CBICA_ABB_1,0.44229885798191054,465.0,244.0,2,0
0,3,coxnet,Brats18_CBICA_ALX_1,0.15576379824356792,698.0,333.0,2,0
0,3,coxnet,Brats18_CBICA_ANZ_1,0.4278424789229868,287.0,244.0,0,0
0,3,coxnet,Brats18_CBICA_AOH_1,0.06550191499646575,576.0,357.0,2,1
0,3,coxnet,Brats18_CBICA_AOO_1,-0.3499373856566957,350.0,436.0,1,2
0,3,coxnet,Brats18_CBICA_AQN_1,0.1889822824055598,488.0,331.0,2,0
0,3,coxnet,Brats18_CBICA_AQP_1,-0.27537317728192434,1283.0,424.0,2,2
0,3,coxnet,Brats18_CBICA_AQU_1,0.504401183269857,30.0,232.0,0,0
0,3,coxnet,Brats18_CBICA_ARF_1,0.6643316696390824,726.0,208.0,2,0
0,3,coxnet,Brats18_CBICA_ASE_1,-0.34431219636370214,318.0,436.0,1,2
0,3,coxnet,Brats18_CBICA_ASN_1,-0.5828361507507605,407.0,473.0,1,2
0,3,coxnet,Brats18_CBICA_ATV_1,0.23605948487488052,453.0,291.0,2,0
0,3,coxnet,Brats18_CBICA_ATX_1,-0.5901717252382294,1592.0,476.0,2,2
0,3,coxnet,Brats18_CBICA_AUQ_1,-0.15035435814499004,1337.0,387.0,2,1
0,3,coxnet,Brats18_CBICA_AXJ_1,-0.8823406210030407,1767.0,597.0,2,2
0,3,coxnet,Brats18_CBICA_AXN_1,1.004591611668144,345.0,168.0,1,0
0,3,coxnet,Brats18_CBICA_AYA_1,0.6488296771166019,50.0,208.0,0,0
0,3,coxnet,Brats18_CBICA_AZH_1,0.00018747966858772007,401.0,368.0,1,1
0,3,coxnet,Brats18_CBICA_BHB_1,0.0223022638990187,510.0,362.0,2,1
0,3,coxnet,Brats18_TCIA01_186_1,-1.027143200252223,370.0,616.0,1,2
0,3,coxnet,Brats18_TCIA01_190_1,-0.12722946946802074,322.0,387.0,1,1
0,3,coxnet,Brats18_TCIA01_335_1,-0.3568450529427944,355.0,436.0,1,2
0,3,coxnet,Brats18_TCIA02_135_1,0.12798482138817927,828.0,336.0,2,0
0,3,coxnet,Brats18_TCIA02_226_1,0.2651952340237008,329.0,289.0,1,0
0,3,coxnet,Brats18_TCIA02_283_1,0.30615549826241983,262.0,286.0,0,0
0,3,coxnet,Brats18_TCIA02_300_1,-0.034362809273040876,127.0,375.0,0,1
0,3,coxnet,Brats18_TCIA02_322_1,-0.2628142969249007,621.0,424.0,2,2
0,3,coxnet,Brats18_TCIA02_368_1,-0.0934940970991382,317.0,382.0,1,1
0,3,coxnet,Brats18_TCIA03_138_1,0.20971344885562038,82.0,327.0,0,0
0,3,coxnet,Brats18_TCIA04_343_1,-0.4152974682807995,296.0,448.0,0,2
0,3,coxnet,Brats18_TCIA05_478_1,-0.20117156552349455,30.0,394.0,0,2
0,3,coxnet,Brats18_TCIA06_409_1,0.12479226304377534,99.0,336.0,0,0
0,3,coxnet,Brats18_TCIA08_218_1,-0.263365578512083,346.0,424.0,1,2
0,3,genetico,Brats18_CBICA_ABB_1,1.7591033401725158,465.0,106.0,2,0
0,3,genetico,Brats18_CBICA_ALX_1,-0.3512441895551004,698.0,430.0,2,1
0,3,genetico,Brats18_CBICA_ANZ_1,0.1968966174312392,287.0,333.0,0,0
0,3,genetico,Brats18_CBICA_AOH_1,-0.45478601660624296,576.0,439.0,2,2
0,3,genetico,Brats18_CBICA_AOO_1,-0.2512772680487285,350.0,405.0,1,1
0,3,genetico,Brats18_CBICA_AQN_1,0.721127734522891,488.0,210.0,2,0
0,3,genetico,Brats18_CBICA_AQP_1,0.390170034059484,1283.0,286.0,2,0
0,3,genetico,Brats18_CBICA_AQU_1,1.674654826004995,30.0,111.0,0,0
0,3,genetico,Brats18_CBICA_ARF_1,1.292781783641656,726.0,153.0,2,0
0,3,genetico,Brats18_CBICA_ASE_1,-2.3644165225532894,318.0,1489.0,1,2
0,3,genetico,Brats18_CBICA_ASN_1,1.1371350624024792,407.0,170.0,1,0
0,3,genetico,Brats18_CBICA_ATV_1,0.04088824633232213,453.0,368.0,2,1
0,3,genetico,Brats18_CBICA_ATX_1,-2.643650631021311,1592.0,1731.0,2,2
0,3,genetico,Brats18_CBICA_AUQ_1,-1.796333809604185,1337.0,822.0,2,2
0,3,genetico,Brats18_CBICA_AXJ_1,-1.7664584705858124,1767.0,822.0,2,2
0,3,genetico,Brats18_CBICA_AXN_1,1.0733584513784409,345.0,175.0,1,0
0,3,genetico,Brats18_CBICA_AYA_1,0.36134199877436446,50.0,289.0,0,0
0,3,genetico,Brats18_CBICA_AZH_1,-1.4662143912007721,401.0,660.0,1,2
0,3,genetico,Brats18_CBICA_BHB_1,-0.8642242568295133,510.0,508.0,2,2
0,3,genetico,Brats18_TCIA01_186_1,-1.2731511549996803,370.0,626.0,1,2
0,3,genetico,Brats18_TCIA01_190_1,-1.2003469388666748,322.0,616.0,1,2
0,3,genetico,Brats18_TCIA01_335_1,0.6402142380892691,355.0,232.0,1,0
0,3,genetico,Brats18_TCIA02_135_1,-0.20443450017955073,828.0,394.0,2,1
0,3,genetico,Brats18_TCIA02_226_1,-0.16723154798161116,329.0,387.0,1,1
0,3,genetico,Brats18_TCIA02_283_1,-1.2575611995748746,262.0,616.0,0,2
0,3,genetico,Brats18_TCIA02_300_1,-2.0011930729956857,127.0,1278.0,0,2
0,3,genetico,Brats18_TCIA02_322_1,-0.8006728184076055,621.0,495.0,2,2
0,3,genetico,Brats18_TCIA02_368_1,-1.1566030683238921,317.0,614.0,1,2
0,3,genetico,Brats18_TCIA03_138_1,1.7322010029920838,82.0,110.0,0,0
0,3,genetico,Brats18_TCIA04_343_1,-1.2363313885082043,296.0,616.0,0,2
0,3,genetico,Brats18_TCIA05_478_1,-0.3283391872124578,30.0,425.0,0,1
0,3,genetico,Brats18_TCIA06_409_1,-0.2326780243615872,99.0,405.0,0,1
0,3,genetico,Brats18_TCIA08_218_1,-2.3414893403724895,346.0,1489.0,1,2
0,4,edad,Brats18_2013_11_1,-1.347500084944925,150.0,812.0,0,2
0,4,edad,Brats18_CBICA_ABE_1,0.18836503515100894,269.0,345.0,0,0
0,4,edad,Brats18_CBICA_ABN_1,0.7165475638782102,1278.0,239.0,2,0
0,4,edad,Brats18_CBICA_ALN_1,0.4198086916773882,421.0,296.0,1,0
0,4,edad,Brats18_CBICA_ANG_1,-0.27098819381627215,368.0,430.0,1,2
0,4,edad,Brats18_CBICA_APZ_1,0.3842873150377965,336.0,317.0,1,0
0,4,edad,Brats18_CBICA_AQD_1,0.908540806670816,32.0,203.0,0,0
0,4,edad,Brats18_CBICA_AQO_1,0.2180267990343539,473.0,332.0,2,0
0,4,edad,Brats18_CBICA_AQQ_1,0.7855293499120934,33.0,213.0,0,0
0,4,edad,Brats18_CBICA_AQR_1,0.35986983885797996,89.0,318.0,0,0
0,4,edad,Brats18_CBICA_ATB_1,0.3500095249785029,208.0,318.0,0,0
0,4,edad,Brats18_CBICA_ATF_1,0.2530228310820063,152.0,331.0,0,0
0,4,edad,Brats18_CBICA_AUN_1,0.24405156189658062,376.0,331.0,1,0
0,4,edad,Brats18_CBICA_AXL_1,0.4916100980673872,168.0,287.0,0,0
0,4,edad,Brats18_CBICA_AYU_1,0.05318983053276685,58.0,362.0,0,1
0,4,edad,Brats18_CBICA_AZD_1,-0.654934268279027,448.0,510.0,1,2
0,4,edad,Brats18_TCIA01_231_1,0.08192753083105667,1561.0,359.0,2,1
0,4,edad,Brats18_TCIA01_401_1,0.6875690230922197,448.0,244.0,1,0
0,4,edad,Brats18_TCIA01_411_1,-0.7627053396400559,822.0,576.0,2,2
0,4,edad,Brats18_TCIA02_118_1,-0.584209411748046,104.0,495.0,0,2
0,4,edad,Brats18_TCIA02_151_1,-0.5578613599061644,1731.0,495.0,2,2
0,4,edad,Brats18_TCIA02_274_1,-0.2752259694427912,357.0,430.0,1,2
0,4,edad,Brats18_TCIA02_290_1,-0.7542998261690262,737.0,576.0,2,2
0,4,edad,Brats18_TCIA02_331_1,0.9321371362012176,187.0,199.0,0,0
0,4,edad,Brats18_TCIA02_430_1,-0.31971861526780887,71.0,438.0,0,2
0,4,edad,Brats18_TCIA02_471_1,0.5995535983811493,111.0,262.0,0,0
0,4,edad,Brats18_TCIA03_121_1,-1.2676827258611474,747.0,788.0,2,2
0,4,edad,Brats18_TCIA03_257_1,0.30503733791545495,425.0,327.0,1,0
0,4,edad,Brats18_TCIA03_265_1,-0.08864781705940615,103.0,387.0,0,1
0,4,edad,Brats18_TCIA03_498_1,-0.10085197604138221,467.0,387.0,2,1
0,4,edad,Brats18_TCIA04_149_1,-1.0072734527490546,448.0,626.0,1,2
0,4,edad,Brats18_TCIA04_437_1,-0.5990807048121752,333.0,503.0,1,2
0,4,edad,Brats18_TCIA05_277_1,0.34710531639306075,232.0,318.0,0,0
0,4,coxnet,Brats18_2013_11_1,-1.3474091898131848,150.0,812.0,0,2
0,4,coxnet,Brats18_CBICA_ABE_1,0.18828902037682918,269.0,345.0,0,0
0,4,coxnet,Brats18_CBICA_ABN_1,0.7164758644691465,1278.0,239.0,2,0
0,4,coxnet,Brats18_CBICA_ALN_1,0.41976924031966306,421.0,296.0,1,0
0,4,coxnet,Brats18_CBICA_ANG_1,-0.2710142884488797,368.0,430.0,1,2
0,4,coxnet,Brats18_CBICA_APZ_1,0.38425172396021934,336.0,317.0,1,0
0,4,coxnet,Brats18_CBICA_AQD_1,0.9084482424255944,32.0,203.0,0,0
0,4,coxnet,Brats18_CBICA_AQO_1,0.2179475607725421,473.0,332.0,2,0
0,4,coxnet,Brats18_CBICA_AQQ_1,0.7854501539180325,33.0,213.0,0,0
0,4,coxnet,Brats18_CBICA_AQR_1,0.3597751858256115,89.0,318.0,0,0
0,4,coxnet,Brats18_CBICA_ATB_1,0.3499159435142301,208.0,318.0,0,0
0,4,coxnet,Brats18_CBICA_ATF_1,0.2529397896317893,152.0,331.0,0,0
0,4,coxnet,Brats18_CBICA_AUN_1,0.24396949539766385,376.0,331.0,1,0
0,4,coxnet,Brats18_CBICA_AXL_1,0.4915011281825928,168.0,287.0,0,0
0,4,coxnet,Brats18_CBICA_AYU_1,0.05312850590317754,58.0,362.0,0,1
0,4,coxnet,Brats18_CBICA_AZD_1,-0.654918637630991,448.0,510.0,1,2
0,4,coxnet,Brats18_TCIA01_231_1,0.08195908560290387,1561.0,359.0,2,1
0,4,coxnet,Brats18_TCIA01_401_1,0.6875347598679605,448.0,244.0,1,0
0,4,coxnet,Brats18_TCIA01_411_1,-0.7625819945207997,822.0,576.0,2,2
0,4,coxnet,Brats18_TCIA02_118_1,-0.5841054646463251,104.0,495.0,0,2
0,4,coxnet,Brats18_TCIA02_151_1,-0.5577602761749286,1731.0,495.0,2,2
0,4,coxnet,Brats18_TCIA02_274_1,-0.27515560106918324,357.0,430.0,1,2
0,4,coxnet,Brats18_TCIA02_290_1,-0.7541773945176549,737.0,576.0,2,2
0,4,coxnet,Brats18_TCIA02_331_1,0.9320762945748476,187.0,199.0,0,0
0,4,coxnet,Brats18_TCIA02_430_1,-0.3196434116627528,71.0,438.0,0,2
0,4,coxnet,Brats18_TCIA02_471_1,0.5995289002196459,111.0,262.0,0,0
0,4,coxnet,Brats18_TCIA03_121_1,-1.2675045024020397,747.0,788.0,2,2
0,4,coxnet,Brats18_TCIA03_257_1,0.30504464626330113,425.0,327.0,1,0
0,4,coxnet,Brats18_TCIA03_265_1,-0.08859772503783821,103.0,387.0,0,1
0,4,coxnet,Brats18_TCIA03_498_1,-0.10080055773471223,467.0,387.0,2,1
0,4,coxnet,Brats18_TCIA04_149_1,-1.0071235292276872,448.0,626.0,1,2
0,4,coxnet,Brats18_TCIA04_437_1,-0.5989751415749657,333.0,503.0,1,2
0,4,coxnet,Brats18_TCIA05_277_1,0.3471080530098102,232.0,318.0,0,0
0,4,genetico,Brats18_2013_11_1,-2.3793618036114323,150.0,1489.0,0,2
0,4,genetico,Brats18_CBICA_ABE_1,0.4741065778404717,269.0,291.0,0,0
0,4,genetico,Brats18_CBICA_ABN_1,0.5476417793164985,1278.0,287.0,2,0
0,4,genetico,Brats18_CBICA_ALN_1,0.5061977069013122,421.0,289.0,1,0
0,4,genetico,Brats18_CBICA_ANG_1,-0.4893540416584175,368.0,466.0,1,2
0,4,genetico,Brats18_CBICA_APZ_1,0.8012976293867247,336.0,229.0,1,0
0,4,genetico,Brats18_CBICA_AQD_1,0.5541124982066667,32.0,287.0,0,0
0,4,genetico,Brats18_CBICA_AQO_1,-0.44452342288846125,473.0,464.0,2,2
0,4,genetico,Brats18_CBICA_AQQ_1,1.2760412013028959,33.0,169.0,0,0
0,4,genetico,Brats18_CBICA_AQR_1,0.17788672212938877,89.0,346.0,0,1
0,4,genetico,Brats18_CBICA_ATB_1,1.067308120424926,208.0,191.0,0,0
0,4,genetico,Brats18_CBICA_ATF_1,-0.28404793927908534,152.0,424.0,0,2
0,4,genetico,Brats18_CBICA_AUN_1,0.23909309651757035,376.0,332.0,1,0
0,4,genetico,Brats18_CBICA_AXL_1,0.7694650013434116,168.0,239.0,0,0
0,4,genetico,Brats18_CBICA_AYU_1,-0.29662893392931367,58.0,430.0,0,2
0,4,genetico,Brats18_CBICA_AZD_1,-0.8494155589443326,448.0,558.0,1,2
0,4,genetico,Brats18_TCIA01_231_1,0.36235453179079824,1561.0,322.0,2,0
0,4,genetico,Brats18_TCIA01_401_1,0.252015021853777,448.0,332.0,1,0
0,4,genetico,Brats18_TCIA01_411_1,-0.7086353169870955,822.0,508.0,2,2
0,4,genetico,Brats18_TCIA02_118_1,-0.09761238040148068,104.0,387.0,0,1
0,4,genetico,Brats18_TCIA02_151_1,-1.154492732507079,1731.0,626.0,2,2
0,4,genetico,Brats18_TCIA02_274_1,0.3529047573314673,357.0,322.0,1,0
0,4,genetico,Brats18_TCIA02_290_1,-0.35889598002570355,737.0,436.0,2,2
0,4,genetico,Brats18_TCIA02_331_1,0.4367712431016879,187.0,296.0,0,0
0,4,genetico,Brats18_TCIA02_430_1,-0.6734641466911724,71.0,503.0,0,2
0,4,genetico,Brats18_TCIA02_471_1,0.4226900284470606,111.0,317.0,0,0
0,4,genetico,Brats18_TCIA03_121_1,-1.0806527735376381,747.0,616.0,2,2
0,4,genetico,Brats18_TCIA03_257_1,0.1068983097757551,425.0,355.0,1,1
0,4,genetico,Brats18_TCIA03_265_1,0.5760698346319286,103.0,286.0,0,0
0,4,genetico,Brats18_TCIA03_498_1,-0.4829709322750566,467.0,465.0,2,2
0,4,genetico,Brats18_TCIA04_149_1,-0.5501527897898559,448.0,476.0,1,2
0,4,genetico,Brats18_TCIA04_437_1,-0.41308594866968584,333.0,453.0,1,2
0,4,genetico,Brats18_TCIA05_277_1,-0.24845484432777853,232.0,407.0,0,2
1,0,edad,Brats18_2013_27_1,0.26202230172517293,120.0,329.0,0,0
1,0,edad,Brats18_CBICA_AAL_1,-0.16293818769588853,464.0,387.0,2,2
1,0,edad,Brats18_CBICA_ABO_1,-0.0973309046144827,1155.0,375.0,2,1
1,0,edad,Brats18_CBICA_AQO_1,0.25706613303158243,473.0,329.0,2,0
1,0,edad,Brats18_CBICA_AQR_1,0.36579208374722705,89.0,296.0,0,0
1,0,edad,Brats18_CBICA_AQT_1,0.508529742122637,172.0,265.0,0,0
1,0,edad,Brats18_CBICA_ASE_1,-0.16960519827992387,318.0,387.0,1,2
1,0,edad,Brats18_CBICA_ASY_1,0.44049916790108296,610.0,286.0,2,0
1,0,edad,Brats18_CBICA_AXJ_1,-0.9834938670284875,1767.0,626.0,2,2
1,0,edad,Brats18_CBICA_AYI_1,0.19700356367613123,387.0,332.0,1,0
1,0,edad,Brats18_CBICA_AZD_1,-0.41207859271182257,448.0,448.0,1,2
1,0,edad,Brats18_CBICA_BHB_1,-0.12285517338647439,510.0,376.0,2,1
1,0,edad,Brats18_CBICA_BHM_1,0.3017264444805452,436.0,322.0,1,0
1,0,edad,Brats18_TCIA01_147_1,-0.07305381646405004,209.0,372.0,0,1
1,0,edad,Brats18_TCIA01_186_1,-0.9257626401963182,370.0,616.0,1,2
1,0,edad,Brats18_TCIA01_203_1,-0.5528728981122929,268.0,476.0,0,2
1,0,edad,Brats18_TCIA01_231_1,0.0009479773421251642,1561.0,359.0,2,1
1,0,edad,Brats18_TCIA01_412_1,0.15440335051742507,291.0,336.0,0,1
1,0,edad,Brats18_TCIA02_151_1,-0.48946491488866783,1731.0,466.0,2,2
1,0,edad,Brats18_TCIA02_179_1,-0.5296098813067519,405.0,468.0,1,2
1,0,edad,Brats18_TCIA02_283_1,0.3426448327108642,262.0,317.0,0,0
1,0,edad,Brats18_TCIA02_394_1,0.014639393358169286,616.0,357.0,2,1
1,0,edad,Brats18_TCIA02_491_1,0.5370505497169566,82.0,254.0,0,0
1,0,edad,Brats18_TCIA03_133_1,-0.00038399299427729905,382.0,359.0,1,1
1,0,edad,Brats18_TCIA03_138_1,0.25089375977076755,82.0,329.0,0,0
1,0,edad,Brats18_TCIA03_257_1,0.1719667733253367,425.0,333.0,1,0
1,0,edad,Brats18_TCIA03_296_1,-0.10368913420130704,22.0,375.0,0,1
1,0,edad,Brats18_TCIA05_277_1,0.20421284588801106,232.0,332.0,0,0
1,0,edad,Brats18_TCIA06_165_1,-0.3722825013395843,5.0,438.0,0,2
1,0,edad,Brats18_TCIA06_409_1,0.17010821006524054,99.0,336.0,0,0
1,0,edad,Brats18_TCIA08_105_1,0.08836240267532977,77.0,350.0,0,1
1,0,edad,Brats18_TCIA08_278_1,-0.4111574495299358,1458.0,448.0,2,2
1,0,edad,Brats18_TCIA08_469_1,0.0038597264496097045,519.0,357.0,2,1
1,0,coxnet,Brats18_2013_27_1,0.34454823440133114,120.0,317.0,0,0
1,0,coxnet,Brats18_CBICA_AAL_1,-0.44031209330279314,464.0,448.0,2,2
1,0,coxnet,Brats18_CBICA_ABO_1,0.29125995189706727,1155.0,327.0,2,0
1,0,coxnet,Brats18_CBICA_AQO_1,0.26768330901957577,473.0,329.0,2,0
1,0,coxnet,Brats18_CBICA_AQR_1,0.1530548040128002,89.0,336.0,0,1
1,0,coxnet,Brats18_CBICA_AQT_1,0.6267421406895862,172.0,229.0,0,0
1,0,coxnet,Brats18_CBICA_ASE_1,-0.4146531507581474,318.0,439.0,1,2
1,0,coxnet,Brats18_CBICA_ASY_1,0.7156279269339364,610.0,210.0,2,0
1,0,coxnet,Brats18_CBICA_AXJ_1,-0.8406780040244146,1767.0,558.0,2,2
1,0,coxnet,Brats18_CBICA_AYI_1,-0.2107870742678906,387.0,394.0,1,2
1,0,coxnet,Brats18_CBICA_AZD_1,-0.7609013554794096,448.0,508.0,1,2
1,0,coxnet,Brats18_CBICA_BHB_1,-0.564921520255142,510.0,467.0,2,2
1,0,coxnet,Brats18_CBICA_BHM_1,0.3952788577068508,436.0,289.0,1,0
1,0,coxnet,Brats18_TCIA01_147_1,-0.02797965414715486,209.0,359.0,0,1
1,0,coxnet,Brats18_TCIA01_186_1,-1.0279157209056935,370.0,621.0,1,2
1,0,coxnet,Brats18_TCIA01_203_1,-0.4078132305004496,268.0,439.0,0,2
1,0,coxnet,Brats18_TCIA01_231_1,-0.0554420751443239,1561.0,362.0,2,1
1,0,coxnet,Brats18_TCIA01_412_1,0.33081666946701027,291.0,317.0,0,0
1,0,coxnet,Brats18_TCIA02_151_1,-0.6486389347328183,1731.0,488.0,2,2
1,0,coxnet,Brats18_TCIA02_179_1,-0.6285300730018305,405.0,486.0,1,2
1,0,coxnet,Brats18_TCIA02_283_1,0.24808275577107602,262.0,329.0,0,0
1,0,coxnet,Brats18_TCIA02_394_1,0.021596666133118687,616.0,355.0,2,1
1,0,coxnet,Brats18_TCIA02_491_1,0.7357898749800564,82.0,208.0,0,0
1,0,coxnet,Brats18_TCIA03_133_1,-0.2862444589074233,382.0,407.0,1,2
1,0,coxnet,Brats18_TCIA03_138_1,0.477171899567566,82.0,269.0,0,0
1,0,coxnet,Brats18_TCIA03_257_1,0.31161757579066907,425.0,322.0,1,0
1,0,coxnet,Brats18_TCIA03_296_1,0.1845978132935628,22.0,333.0,0,0
1,0,coxnet,Brats18_TCIA05_277_1,0.13088200386267784,232.0,345.0,0,1
1,0,coxnet,Brats18_TCIA06_165_1,-0.362212189067209,5.0,434.0,0,2
1,0,coxnet,Brats18_TCIA06_409_1,0.012633645311555936,99.0,357.0,0,1
1,0,coxnet,Brats18_TCIA08_105_1,0.26455854932955625,77.0,329.0,0,0
1,0,coxnet,Brats18_TCIA08_278_1,-0.5004817392522171,1458.0,465.0,2,2
1,0,coxnet,Brats18_TCIA08_469_1,0.1400020383600339,519.0,345.0,2,1
1,0,genetico,Brats18_2013_27_1,0.18460821679058514,120.0,346.0,0,1
1,0,genetico,Brats18_CBICA_AAL_1,-1.0160174019130588,464.0,579.0,2,2
1,0,genetico,Brats18_CBICA_ABO_1,0.6843794587833069,1155.0,254.0,2,0
1,0,genetico,Brats18_CBICA_AQO_1,-0.5805865585493096,473.0,465.0,2,2
1,0,genetico,Brats18_CBICA_AQR_1,1.3190707196777796,89.0,168.0,0,0
1,0,genetico,Brats18_CBICA_AQT_1,0.33014858809616,172.0,331.0,0,0
1,0,genetico,Brats18_CBICA_ASE_1,-1.042759683795163,318.0,579.0,1,2
1,0,genetico,Brats18_CBICA_ASY_1,0.513891222037892,610.0,289.0,2,0
1,0,genetico,Brats18_CBICA_AXJ_1,-0.3775264787782181,1767.0,430.0,2,2
1,0,genetico,Brats18_CBICA_AYI_1,0.6281009339863046,387.0,269.0,1,0
1,0,genetico,Brats18_CBICA_AZD_1,-1.4774750158960557,448.0,734.0,1,2
1,0,genetico,Brats18_CBICA_BHB_1,-0.46086710881800713,510.0,439.0,2,2
1,0,genetico,Brats18_CBICA_BHM_1,0.9842656649151134,436.0,203.0,1,0
1,0,genetico,Brats18_TCIA01_147_1,-0.03340391242479568,209.0,368.0,0,1
1,0,genetico,Brats18_TCIA01_186_1,-1.2903058306958486,370.0,634.0,1,2
1,0,genetico,Brats18_TCIA01_203_1,-0.1544350469597417,268.0,385.0,0,1
1,0,genetico,Brats18_TCIA01_231_1,-0.1936566885800463,1561.0,387.0,2,1
1,0,genetico,Brats18_TCIA01_412_1,0.29113797091045807,291.0,332.0,0,0
1,0,genetico,Brats18_TCIA02_151_1,-0.8284098332843074,1731.0,503.0,2,2
1,0,genetico,Brats18_TCIA02_179_1,-0.8185584981217272,405.0,495.0,1,2
1,0,genetico,Brats18_TCIA02_283_1,1.937742050145255,262.0,104.0,0,0
1,0,genetico,Brats18_TCIA02_394_1,0.368185628126042,616.0,329.0,2,0
1,0,genetico,Brats18_TCIA02_491_1,1.1029425777439692,82.0,187.0,0,0
1,0,genetico,Brats18_TCIA03_133_1,-0.7640352322797475,382.0,488.0,1,2
1,0,genetico,Brats18_TCIA03_138_1,0.11186057155298068,82.0,355.0,0,1
1,0,genetico,Brats18_TCIA03_257_1,0.4092654661498588,425.0,322.0,1,0
1,0,genetico,Brats18_TCIA03_296_1,-0.0233787634182695,22.0,368.0,0,1
1,0,genetico,Brats18_TCIA05_277_1,-0.367712634220116,232.0,424.0,0,2
1,0,genetico,Brats18_TCIA06_165_1,-1.0789058112082315,5.0,597.0,0,2
1,0,genetico,Brats18_TCIA06_409_1,-0.2078086301535767,99.0,394.0,0,1
1,0,genetico,Brats18_TCIA08_105_1,0.2596992860776175,77.0,333.0,0,0
1,0,genetico,Brats18_TCIA08_278_1,-0.46866024465791467,1458.0,439.0,2,2
1,0,genetico,Brats18_TCIA08_469_1,-0.4917822009100218,519.0,448.0,2,2
1,1,edad,Brats18_CBICA_ABB_1,0.33230906370946994,465.0,318.0,2,0
1,1,edad,Brats18_CBICA_ABM_1,0.38273666826038777,503.0,296.0,2,0
1,1,edad,Brats18_CBICA_ALN_1,0.17639441967511182,421.0,346.0,1,0
1,1,edad,Brats18_CBICA_ANZ_1,0.3165304474863503,287.0,318.0,0,0
1,1,edad,Brats18_CBICA_AOP_1,0.30885436391834564,332.0,318.0,1,0
1,1,edad,Brats18_CBICA_AQG_1,-0.08434365966955457,466.0,382.0,2,1
1,1,edad,Brats18_CBICA_AQN_1,0.25635362350849045,488.0,333.0,2,0
1,1,edad,Brats18_CBICA_AQQ_1,0.4980081062049238,33.0,269.0,0,0
1,1,edad,Brats18_CBICA_AQU_1,0.6006046490791301,30.0,239.0,0,0
1,1,edad,Brats18_CBICA_ASN_1,-0.5860254732321349,407.0,495.0,1,2
1,1,edad,Brats18_CBICA_ASO_1,-0.1290142015444687,265.0,387.0,0,1
1,1,edad,Brats18_CBICA_ATV_1,0.10721502056252767,453.0,355.0,2,1
1,1,edad,Brats18_CBICA_AUQ_1,0.02078497566798519,1337.0,362.0,2,1
1,1,edad,Brats18_CBICA_AUR_1,0.3948193923952091,12.0,291.0,0,0
1,1,edad,Brats18_CBICA_AXQ_1,0.25373581940920326,114.0,333.0,0,0
1,1,edad,Brats18_TCIA01_190_1,0.04601654665540693,322.0,359.0,1,1
1,1,edad,Brats18_TCIA01_429_1,-0.18639820582028058,86.0,394.0,0,2
1,1,edad,Brats18_TCIA01_499_1,-0.3606737327531199,600.0,436.0,2,2
1,1,edad,Brats18_TCIA02_331_1,0.874678197760617,187.0,199.0,0,0
1,1,edad,Brats18_TCIA02_377_1,0.12547822655382218,812.0,355.0,2,1
1,1,edad,Brats18_TCIA02_471_1,0.5822051988500812,111.0,254.0,0,0
1,1,edad,Brats18_TCIA03_419_1,0.36819883196803377,327.0,296.0,1,0
1,1,edad,Brats18_TCIA03_474_1,0.041823130632145225,635.0,359.0,2,1
1,1,edad,Brats18_TCIA04_111_1,0.5341941391261281,626.0,262.0,2,0
1,1,edad,Brats18_TCIA04_149_1,-0.8308338512933864,448.0,610.0,1,2
1,1,edad,Brats18_TCIA04_192_1,0.5590347984503643,121.0,254.0,0,0
1,1,edad,Brats18_TCIA04_361_1,0.5594257101135496,476.0,254.0,2,0
1,1,edad,Brats18_TCIA04_479_1,-0.13614828838899276,372.0,387.0,1,1
1,1,edad,Brats18_TCIA05_478_1,-0.03468894308041661,30.0,375.0,0,1
1,1,edad,Brats18_TCIA06_247_1,0.5852258798837864,244.0,254.0,0,0
1,1,edad,Brats18_TCIA06_372_1,0.507825370573076,213.0,268.0,0,0
1,1,edad,Brats18_TCIA08_167_1,0.521542816208491,153.0,268.0,0,0
1,1,edad,Brats18_TCIA08_280_1,-0.10196128657223252,508.0,385.0,2,1
1,1,coxnet,Brats18_CBICA_ABB_1,0.3357282345908659,465.0,317.0,2,0
1,1,coxnet,Brats18_CBICA_ABM_1,0.38410945135801533,503.0,296.0,2,0
1,1,coxnet,Brats18_CBICA_ALN_1,0.21531415084888786,421.0,336.0,1,0
1,1,coxnet,Brats18_CBICA_ANZ_1,0.316902425167429,287.0,318.0,0,0
1,1,coxnet,Brats18_CBICA_AOP_1,0.30604411801583753,332.0,329.0,1,0
1,1,coxnet,Brats18_CBICA_AQG_1,-0.04776446487456257,466.0,375.0,2,1
1,1,coxnet,Brats18_CBICA_AQN_1,0.29337494869245295,488.0,329.0,2,0
1,1,coxnet,Brats18_CBICA_AQQ_1,0.5371494771279014,33.0,262.0,0,0
1,1,coxnet,Brats18_CBICA_AQU_1,0.6418318366596955,30.0,232.0,0,0
1,1,coxnet,Brats18_CBICA_ASN_1,-0.5549995952557559,407.0,486.0,1,2
1,1,coxnet,Brats18_CBICA_ASO_1,-0.09226384132893471,265.0,382.0,0,1
1,1,coxnet,Brats18_CBICA_ATV_1,0.09308226798419661,453.0,355.0,2,1
1,1,coxnet,Brats18_CBICA_AUQ_1,0.021990830441114464,1337.0,362.0,2,1
1,1,coxnet,Brats18_CBICA_AUR_1,0.3947561707427309,12.0,291.0,0,0
1,1,coxnet,Brats18_CBICA_AXQ_1,0.25346243834746585,114.0,333.0,0,0
1,1,coxnet,Brats18_TCIA01_190_1,0.046625889199957235,322.0,359.0,1,1
1,1,coxnet,Brats18_TCIA01_429_1,-0.18620560250523605,86.0,394.0,0,2
1,1,coxnet,Brats18_TCIA01_499_1,-0.3668690418043514,600.0,438.0,2,2
1,1,coxnet,Brats18_TCIA02_331_1,0.8764897314285441,187.0,199.0,0,0
1,1,coxnet,Brats18_TCIA02_377_1,0.1244742330198251,812.0,355.0,2,1
1,1,coxnet,Brats18_TCIA02_471_1,0.5873292535760183,111.0,254.0,0,0
1,1,coxnet,Brats18_TCIA03_419_1,0.36650525190640976,327.0,296.0,1,0
1,1,coxnet,Brats18_TCIA03_474_1,0.04386760162640324,635.0,359.0,2,1
1,1,coxnet,Brats18_TCIA04_111_1,0.530294516275095,626.0,262.0,2,0
1,1,coxnet,Brats18_TCIA04_149_1,-0.8500118336076286,448.0,614.0,1,2
1,1,coxnet,Brats18_TCIA04_192_1,0.5410904298885825,121.0,262.0,0,0
1,1,coxnet,Brats18_TCIA04_361_1,0.553648038915945,476.0,262.0,2,0
1,1,coxnet,Brats18_TCIA04_479_1,-0.13875104105522337,372.0,387.0,1,1
1,1,coxnet,Brats18_TCIA05_478_1,-0.046189028323702704,30.0,375.0,0,1
1,1,coxnet,Brats18_TCIA06_247_1,0.5902903576629028,244.0,239.0,0,0
1,1,coxnet,Brats18_TCIA06_372_1,0.49946985678232214,213.0,269.0,0,0
1,1,coxnet,Brats18_TCIA08_167_1,0.5244388562176682,153.0,268.0,0,0
1,1,coxnet,Brats18_TCIA08_280_1,-0.13841192729418714,508.0,387.0,2,1
1,1,genetico,Brats18_CBICA_ABB_1,1.1517454197168688,465.0,172.0,2,0
1,1,genetico,Brats18_CBICA_ABM_1,-0.037843152009744196,503.0,370.0,2,1
1,1,genetico,Brats18_CBICA_ALN_1,1.2459401266169685,421.0,169.0,1,0
1,1,genetico,Brats18_CBICA_ANZ_1,0.4814253485870984,287.0,289.0,0,0
1,1,genetico,Brats18_CBICA_AOP_1,0.30284579730432243,332.0,331.0,1,0
1,1,genetico,Brats18_CBICA_AQG_1,1.3004845259444537,466.0,168.0,2,0
1,1,genetico,Brats18_CBICA_AQN_1,0.9781595681287052,488.0,199.0,2,0
1,1,genetico,Brats18_CBICA_AQQ_1,1.296681903529457,33.0,168.0,0,0
1,1,genetico,Brats18_CBICA_AQU_1,1.0478529649391057,30.0,180.0,0,0
1,1,genetico,Brats18_CBICA_ASN_1,0.469347393107136,407.0,289.0,1,0
1,1,genetico,Brats18_CBICA_ASO_1,-0.021480292918571786,265.0,368.0,0,1
1,1,genetico,Brats18_CBICA_ATV_1,-0.12851909883914048,453.0,382.0,2,1
1,1,genetico,Brats18_CBICA_AUQ_1,-1.2895091136906305,1337.0,734.0,2,2
1,1,genetico,Brats18_CBICA_AUR_1,1.3368311362710172,12.0,152.0,0,0
1,1,genetico,Brats18_CBICA_AXQ_1,0.32997741922906576,114.0,329.0,0,0
1,1,genetico,Brats18_TCIA01_190_1,-0.3465475964489473,322.0,425.0,1,2
1,1,genetico,Brats18_TCIA01_429_1,-0.08753094335662157,86.0,376.0,0,1
1,1,genetico,Brats18_TCIA01_499_1,-0.21840480112643598,600.0,394.0,2,1
1,1,genetico,Brats18_TCIA02_331_1,-0.18915786979207738,187.0,387.0,0,1
1,1,genetico,Brats18_TCIA02_377_1,-0.16416892932370608,812.0,387.0,2,1
1,1,genetico,Brats18_TCIA02_471_1,0.5084864801633995,111.0,286.0,0,0
1,1,genetico,Brats18_TCIA03_419_1,0.6445302999511843,327.0,254.0,1,0
1,1,genetico,Brats18_TCIA03_474_1,0.6701585755941308,635.0,254.0,2,0
1,1,genetico,Brats18_TCIA04_111_1,0.060505158646234014,626.0,357.0,2,1
1,1,genetico,Brats18_TCIA04_149_1,-0.0321159027487361,448.0,368.0,1,1
1,1,genetico,Brats18_TCIA04_192_1,-0.6446275583473043,121.0,473.0,0,2
1,1,genetico,Brats18_TCIA04_361_1,0.2334407250742927,476.0,336.0,2,1
1,1,genetico,Brats18_TCIA04_479_1,-0.33222059474830995,372.0,424.0,1,2
1,1,genetico,Brats18_TCIA05_478_1,0.8749085033629499,30.0,208.0,0,0
1,1,genetico,Brats18_TCIA06_247_1,1.297976199016826,244.0,168.0,0,0
1,1,genetico,Brats18_TCIA06_372_1,1.4552012293044443,213.0,139.0,0,0
1,1,genetico,Brats18_TCIA08_167_1,-0.18968856271901746,153.0,387.0,0,1
1,1,genetico,Brats18_TCIA08_280_1,-1.0504339091514914,508.0,616.0,2,2
1,2,edad,Brats18_2013_11_1,-1.2627079966769301,150.0,747.0,0,2
1,2,edad,Brats18_CBICA_ABE_1,0.263175971461865,269.0,318.0,0,0
1,2,edad,Brats18_CBICA_ABY_1,-0.4899697781122989,515.0,465.0,2,2
1,2,edad,Brats18_CBICA_ANG_1,-0.1931920511091421,368.0,401.0,1,2
1,2,edad,Brats18_CBICA_AOD_1,-0.08928301347985337,55.0,382.0,0,1
1,2,edad,Brats18_CBICA_AOO_1,-0.6587942291469681,350.0,488.0,1,2
1,2,edad,Brats18_CBICA_APR_1,0.1992328354055736,23.0,329.0,0,0
1,2,edad,Brats18_CBICA_AQP_1,-0.5668541594990745,1283.0,468.0,2,2
1,2,edad,Brats18_CBICA_ARF_1,0.5918316090765617,726.0,244.0,2,0
1,2,edad,Brats18_CBICA_ARW_1,-0.535002969712626,495.0,467.0,2,2
1,2,edad,Brats18_CBICA_ASG_1,-0.001268783730487666,208.0,359.0,0,1
1,2,edad,Brats18_CBICA_ASH_1,-0.562116636259576,660.0,468.0,2,2
1,2,edad,Brats18_CBICA_ATD_1,0.34556069762670205,355.0,291.0,1,0
1,2,edad,Brats18_CBICA_ATF_1,0.3274135747093013,152.0,296.0,0,0
1,2,edad,Brats18_CBICA_ATX_1,-0.9550098771217097,1592.0,610.0,2,2
1,2,edad,Brats18_CBICA_AUN_1,0.31850060725871965,376.0,296.0,1,0
1,2,edad,Brats18_CBICA_AVV_1,0.4706232814490553,387.0,268.0,1,0
1,2,edad,Brats18_CBICA_AWG_1,-0.20230576106987228,180.0,405.0,0,2
1,2,edad,Brats18_CBICA_AXL_1,0.5644503306923419,168.0,254.0,0,0
1,2,edad,Brats18_CBICA_AYU_1,0.12887923217269276,58.0,333.0,0,1
1,2,edad,Brats18_TCIA01_335_1,-0.3344699153749129,355.0,438.0,1,2
1,2,edad,Brats18_TCIA01_390_1,0.030921601596912193,634.0,357.0,2,1
1,2,edad,Brats18_TCIA01_425_1,-0.26485241285550354,558.0,421.0,2,2
1,2,edad,Brats18_TCIA01_448_1,-0.7369586482221324,199.0,508.0,0,2
1,2,edad,Brats18_TCIA02_118_1,-0.6216521503929838,104.0,486.0,0,2
1,2,edad,Brats18_TCIA02_135_1,0.26334127984654354,828.0,318.0,2,0
1,2,edad,Brats18_TCIA02_198_1,-0.34229887327069397,394.0,438.0,1,2
1,2,edad,Brats18_TCIA02_314_1,-0.9014069125355698,362.0,600.0,1,2
1,2,edad,Brats18_TCIA02_322_1,-0.21852104151328977,621.0,405.0,2,2
1,2,edad,Brats18_TCIA02_455_1,-0.3196149696239431,424.0,436.0,1,2
1,2,edad,Brats18_TCIA02_473_1,-0.07157752408477888,175.0,375.0,0,1
1,2,edad,Brats18_TCIA03_375_1,-0.11260929315907889,946.0,385.0,2,1
1,2,edad,Brats18_TCIA06_184_1,-0.06575599129047982,434.0,375.0,1,1
1,2,coxnet,Brats18_2013_11_1,-1.2626860285943176,150.0,747.0,0,2
1,2,coxnet,Brats18_CBICA_ABE_1,0.26314537570290547,269.0,318.0,0,0
1,2,coxnet,Brats18_CBICA_ABY_1,-0.48997442941238195,515.0,465.0,2,2
1,2,coxnet,Brats18_CBICA_ANG_1,-0.19320692584544324,368.0,401.0,1,2
1,2,coxnet,Brats18_CBICA_AOD_1,-0.08926741849425845,55.0,382.0,0,1
1,2,coxnet,Brats18_CBICA_AOO_1,-0.6587930647612696,350.0,488.0,1,2
1,2,coxnet,Brats18_CBICA_APR_1,0.19923071058028047,23.0,329.0,0,0
1,2,coxnet,Brats18_CBICA_AQP_1,-0.566856162276382,1283.0,468.0,2,2
1,2,coxnet,Brats18_CBICA_ARF_1,0.5917896917471368,726.0,244.0,2,0
1,2,coxnet,Brats18_CBICA_ARW_1,-0.5349798014911719,495.0,467.0,2,2
1,2,coxnet,Brats18_CBICA_ASG_1,-0.0012640016509548972,208.0,359.0,0,1
1,2,coxnet,Brats18_CBICA_ASH_1,-0.5621188022356758,660.0,468.0,2,2
1,2,coxnet,Brats18_CBICA_ATD_1,0.34552726386840277,355.0,291.0,1,0
1,2,coxnet,Brats18_CBICA_ATF_1,0.3273807660853595,152.0,296.0,0,0
1,2,coxnet,Brats18_CBICA_ATX_1,-0.9549985086623618,1592.0,610.0,2,2
1,2,coxnet,Brats18_CBICA_AUN_1,0.3184681056697942,376.0,296.0,1,0
1,2,coxnet,Brats18_CBICA_AVV_1,0.4705855395192438,387.0,268.0,1,0
1,2,coxnet,Brats18_CBICA_AWG_1,-0.2023203218559541,180.0,405.0,0,2
1,2,coxnet,Brats18_CBICA_AXL_1,0.5644093565966156,168.0,254.0,0,0
1,2,coxnet,Brats18_CBICA_AYU_1,0.12885326268458677,58.0,333.0,0,1
1,2,coxnet,Brats18_TCIA01_335_1,-0.3344458741602888,355.0,438.0,1,2
1,2,coxnet,Brats18_TCIA01_390_1,0.030933055758909082,634.0,357.0,2,1
1,2,coxnet,Brats18_TCIA01_425_1,-0.26483076983330395,558.0,421.0,2,2
1,2,coxnet,Brats18_TCIA01_448_1,-0.7369207420253537,199.0,508.0,0,2
1,2,coxnet,Brats18_TCIA02_118_1,-0.6216182162888483,104.0,486.0,0,2
1,2,coxnet,Brats18_TCIA02_135_1,0.26334472758642646,828.0,318.0,2,0
1,2,coxnet,Brats18_TCIA02_198_1,-0.3422745623631502,394.0,438.0,1,2
1,2,coxnet,Brats18_TCIA02_314_1,-0.9013633414044365,362.0,600.0,1,2
1,2,coxnet,Brats18_TCIA02_322_1,-0.2185009945199587,621.0,405.0,2,2
1,2,coxnet,Brats18_TCIA02_455_1,-0.3195914401343461,424.0,436.0,1,2
1,2,coxnet,Brats18_TCIA02_473_1,-0.07156253902009468,175.0,375.0,0,1
1,2,coxnet,Brats18_TCIA03_375_1,-0.11259289462688729,946.0,385.0,2,1
1,2,coxnet,Brats18_TCIA06_184_1,-0.06574120676668463,434.0,375.0,1,1
1,2,genetico,Brats18_2013_11_1,-0.5318229536995226,150.0,465.0,0,2
1,2,genetico,Brats18_CBICA_ABE_1,0.21856931236738447,269.0,318.0,0,0
1,2,genetico,Brats18_CBICA_ABY_1,-0.43805243333109345,515.0,448.0,2,2
1,2,genetico,Brats18_CBICA_ANG_1,-0.11332338559201742,368.0,375.0,1,1
1,2,genetico,Brats18_CBICA_AOD_1,0.26329789099641,55.0,317.0,0,0
1,2,genetico,Brats18_CBICA_AOO_1,-0.4423128193196224,350.0,448.0,1,2
1,2,genetico,Brats18_CBICA_APR_1,0.15265147545557406,23.0,329.0,0,0
1,2,genetico,Brats18_CBICA_AQP_1,-0.2738517187102554,1283.0,407.0,2,2
1,2,genetico,Brats18_CBICA_ARF_1,0.31127260783569616,726.0,291.0,2,0
1,2,genetico,Brats18_CBICA_ARW_1,-0.5064227910291308,495.0,464.0,2,2
1,2,genetico,Brats18_CBICA_ASG_1,-0.006073762673837396,208.0,346.0,0,1
1,2,genetico,Brats18_CBICA_ASH_1,-0.5283408477106719,660.0,465.0,2,2
1,2,genetico,Brats18_CBICA_ATD_1,0.06314064645714448,355.0,336.0,1,1
1,2,genetico,Brats18_CBICA_ATF_1,0.03412999412849896,152.0,345.0,0,1
1,2,genetico,Brats18_CBICA_ATX_1,-0.6708578323969441,1592.0,486.0,2,2
1,2,genetico,Brats18_CBICA_AUN_1,0.15643865188475126,376.0,329.0,1,0
1,2,genetico,Brats18_CBICA_AVV_1,0.19612437929612342,387.0,322.0,1,0
1,2,genetico,Brats18_CBICA_AWG_1,-0.24278136486248747,180.0,405.0,0,2
1,2,genetico,Brats18_CBICA_AXL_1,0.4366669348101176,168.0,265.0,0,0
1,2,genetico,Brats18_CBICA_AYU_1,-0.06025560545701815,58.0,370.0,0,1
1,2,genetico,Brats18_TCIA01_335_1,0.03447114155471316,355.0,345.0,1,1
1,2,genetico,Brats18_TCIA01_390_1,-0.04318238584926,634.0,359.0,2,1
1,2,genetico,Brats18_TCIA01_425_1,-0.20747089752063258,558.0,394.0,2,2
1,2,genetico,Brats18_TCIA01_448_1,-0.30617404200600684,199.0,421.0,0,2
1,2,genetico,Brats18_TCIA02_118_1,-0.02698073034433285,104.0,357.0,0,1
1,2,genetico,Brats18_TCIA02_135_1,0.17191379075253427,828.0,327.0,2,0
1,2,genetico,Brats18_TCIA02_198_1,-0.3211485326247297,394.0,425.0,1,2
1,2,genetico,Brats18_TCIA02_314_1,-0.029560974227243353,362.0,357.0,1,1
1,2,genetico,Brats18_TCIA02_322_1,-0.1442964366955449,621.0,382.0,2,2
1,2,genetico,Brats18_TCIA02_455_1,-0.27799856956463687,424.0,407.0,1,2
1,2,genetico,Brats18_TCIA02_473_1,-0.24198704783721262,175.0,405.0,0,2
1,2,genetico,Brats18_TCIA03_375_1,0.06739207407890031,946.0,333.0,2,1
1,2,genetico,Brats18_TCIA06_184_1,0.07310983786795006,434.0,333.0,1,1
1,3,edad,Brats18_CBICA_ABN_1,0.7976188940716732,1278.0,199.0,2,0
1,3,edad,Brats18_CBICA_ALU_1,0.17763760393271316,495.0,336.0,2,0
1,3,edad,Brats18_CBICA_ALX_1,-0.02802916414685066,698.0,368.0,2,1
1,3,edad,Brats18_CBICA_AME_1,-0.2917903319111508,359.0,424.0,1,2
1,3,edad,Brats18_CBICA_AOH_1,-0.11989321202254358,576.0,382.0,2,1
1,3,edad,Brats18_CBICA_AQA_1,0.5245470026205755,106.0,265.0,0,0
1,3,edad,Brats18_CBICA_AQD_1,0.9550669790130215,32.0,172.0,0,0
1,3,edad,Brats18_CBICA_AQY_1,0.447428636531108,229.0,269.0,0,0
1,3,edad,Brats18_CBICA_ARZ_1,0.3515546500576665,871.0,291.0,2,0
1,3,edad,Brats18_CBICA_ASA_1,0.6477930064648885,210.0,213.0,0,0
1,3,edad,Brats18_CBICA_ASW_1,0.2591619754241287,239.0,327.0,0,0
1,3,edad,Brats18_CBICA_ATB_1,0.3508603233577663,208.0,291.0,0,0
1,3,edad,Brats18_CBICA_ATP_1,-0.29659563023076685,385.0,424.0,1,2
1,3,edad,Brats18_CBICA_AVG_1,0.09346203336840575,579.0,350.0,2,1
1,3,edad,Brats18_CBICA_AVJ_1,-0.5068688566994797,614.0,466.0,2,2
1,3,edad,Brats18_CBICA_AWI_1,-0.4635548918461134,375.0,464.0,1,2
1,3,edad,Brats18_CBICA_AXM_1,0.7528467697282168,438.0,203.0,1,0
1,3,edad,Brats18_CBICA_AXO_1,-0.22164043095302358,394.0,405.0,1,2
1,3,edad,Brats18_CBICA_AYA_1,0.4738096803631129,50.0,268.0,0,0
1,3,edad,Brats18_CBICA_AYW_1,-0.43463113647145024,734.0,453.0,2,2
1,3,edad,Brats18_TCIA01_201_1,-0.07489656226847519,430.0,372.0,1,1
1,3,edad,Brats18_TCIA01_378_1,0.36970952225544135,110.0,289.0,0,0
1,3,edad,Brats18_TCIA01_401_1,0.5237110484020306,448.0,265.0,1,0
1,3,edad,Brats18_TCIA02_226_1,0.35091914882632247,329.0,291.0,1,0
1,3,edad,Brats18_TCIA02_321_1,0.6038766803685895,67.0,244.0,0,0
1,3,edad,Brats18_TCIA02_368_1,-0.014150963510847103,317.0,368.0,1,1
1,3,edad,Brats18_TCIA03_199_1,-0.46939498431474097,1282.0,464.0,2,2
1,3,edad,Brats18_TCIA03_338_1,0.4452686958328511,468.0,269.0,2,0
1,3,edad,Brats18_TCIA03_498_1,-0.12285012549940158,467.0,382.0,2,1
1,3,edad,Brats18_TCIA04_343_1,-0.3416734689781895,296.0,434.0,0,2
1,3,edad,Brats18_TCIA08_242_1,0.11565837109560653,147.0,346.0,0,0
1,3,edad,Brats18_TCIA08_406_1,0.522153468946707,82.0,265.0,0,0
1,3,coxnet,Brats18_CBICA_ABN_1,0.7975754570339866,1278.0,199.0,2,0
1,3,coxnet,Brats18_CBICA_ALU_1,0.17758443728259696,495.0,336.0,2,0
1,3,coxnet,Brats18_CBICA_ALX_1,-0.02807230540832356,698.0,368.0,2,1
1,3,coxnet,Brats18_CBICA_AME_1,-0.29182061592669845,359.0,424.0,1,2
1,3,coxnet,Brats18_CBICA_AOH_1,-0.1199318752986283,576.0,382.0,2,1
1,3,coxnet,Brats18_CBICA_AQA_1,0.52447692559851,106.0,265.0,0,0
1,3,coxnet,Brats18_CBICA_AQD_1,0.9550158670443901,32.0,172.0,0,0
1,3,coxnet,Brats18_CBICA_AQY_1,0.4474022697934202,229.0,269.0,0,0
1,3,coxnet,Brats18_CBICA_ARZ_1,0.3515329567729831,871.0,291.0,2,0
1,3,coxnet,Brats18_CBICA_ASA_1,0.6477568728081327,210.0,213.0,0,0
1,3,coxnet,Brats18_CBICA_ASW_1,0.2591048348042958,239.0,327.0,0,0
1,3,coxnet,Brats18_CBICA_ATB_1,0.3507987128297194,208.0,291.0,0,0
1,3,coxnet,Brats18_CBICA_ATP_1,-0.29662568000826217,385.0,424.0,1,2
1,3,coxnet,Brats18_CBICA_AVG_1,0.09341296992279392,579.0,350.0,2,1
1,3,coxnet,Brats18_CBICA_AVJ_1,-0.5068886565428884,614.0,466.0,2,2
1,3,coxnet,Brats18_CBICA_AWI_1,-0.46357680306286353,375.0,464.0,1,2
1,3,coxnet,Brats18_CBICA_AXM_1,0.7528055151430048,438.0,203.0,1,0
1,3,coxnet,Brats18_CBICA_AXO_1,-0.22159668945899333,394.0,405.0,1,2
1,3,coxnet,Brats18_CBICA_AYA_1,0.47374207657179385,50.0,268.0,0,0
1,3,coxnet,Brats18_CBICA_AYW_1,-0.4345770125776761,734.0,453.0,2,2
1,3,coxnet,Brats18_TCIA01_201_1,-0.07485997391993512,430.0,372.0,1,1
1,3,coxnet,Brats18_TCIA01_378_1,0.36972443793011134,110.0,289.0,0,0
1,3,coxnet,Brats18_TCIA01_401_1,0.5237184571509795,448.0,265.0,1,0
1,3,coxnet,Brats18_TCIA02_226_1,0.3509349804525492,329.0,291.0,1,0
1,3,coxnet,Brats18_TCIA02_321_1,0.6038801813806501,67.0,244.0,0,0
1,3,coxnet,Brats18_TCIA02_368_1,-0.01411733625437651,317.0,368.0,1,1
1,3,coxnet,Brats18_TCIA03_199_1,-0.4693391658298152,1282.0,464.0,2,2
1,3,coxnet,Brats18_TCIA03_338_1,0.4452799283160762,468.0,269.0,2,0
1,3,coxnet,Brats18_TCIA03_498_1,-0.12281119961664193,467.0,382.0,2,1
1,3,coxnet,Brats18_TCIA04_343_1,-0.3416238763791534,296.0,434.0,0,2
1,3,coxnet,Brats18_TCIA08_242_1,0.11568567069379233,147.0,346.0,0,0
1,3,coxnet,Brats18_TCIA08_406_1,0.5221609536210935,82.0,265.0,0,0
1,3,genetico,Brats18_CBICA_ABN_1,0.5707524373296124,1278.0,268.0,2,0
1,3,genetico,Brats18_CBICA_ALU_1,0.07125339074763094,495.0,355.0,2,1
1,3,genetico,Brats18_CBICA_ALX_1,0.3874818161652614,698.0,318.0,2,0
1,3,genetico,Brats18_CBICA_AME_1,0.015540043203208675,359.0,362.0,1,1
1,3,genetico,Brats18_CBICA_AOH_1,-0.28155654622744136,576.0,421.0,2,1
1,3,genetico,Brats18_CBICA_AQA_1,0.26061175523253827,106.0,332.0,0,0
1,3,genetico,Brats18_CBICA_AQD_1,0.5727135823851248,32.0,268.0,0,0
1,3,genetico,Brats18_CBICA_AQY_1,0.9472734050480841,229.0,191.0,0,0
1,3,genetico,Brats18_CBICA_ARZ_1,0.3960605894419055,871.0,318.0,2,0
1,3,genetico,Brats18_CBICA_ASA_1,1.7127744542702767,210.0,104.0,0,0
1,3,genetico,Brats18_CBICA_ASW_1,0.7286418203304117,239.0,232.0,0,0
1,3,genetico,Brats18_CBICA_ATB_1,0.7677373671020612,208.0,213.0,0,0
1,3,genetico,Brats18_CBICA_ATP_1,-0.6861805835542165,385.0,488.0,1,2
1,3,genetico,Brats18_CBICA_AVG_1,0.022516345590340974,579.0,362.0,2,1
1,3,genetico,Brats18_CBICA_AVJ_1,-0.5639181732820929,614.0,466.0,2,2
1,3,genetico,Brats18_CBICA_AWI_1,0.12987414604896158,375.0,350.0,1,1
1,3,genetico,Brats18_CBICA_AXM_1,0.02468299933720486,438.0,362.0,1,1
1,3,genetico,Brats18_CBICA_AXO_1,-0.5227492507549799,394.0,464.0,1,2
1,3,genetico,Brats18_CBICA_AYA_1,0.5275440590793712,50.0,269.0,0,0
1,3,genetico,Brats18_CBICA_AYW_1,-0.3315933730096652,734.0,425.0,2,2
1,3,genetico,Brats18_TCIA01_201_1,0.46057576786525134,430.0,289.0,1,0
1,3,genetico,Brats18_TCIA01_378_1,0.8738637482982121,110.0,203.0,0,0
1,3,genetico,Brats18_TCIA01_401_1,-0.2863577282086549,448.0,421.0,1,1
1,3,genetico,Brats18_TCIA02_226_1,0.2486917453326192,329.0,333.0,1,0
1,3,genetico,Brats18_TCIA02_321_1,1.203855859086281,67.0,169.0,0,0
1,3,genetico,Brats18_TCIA02_368_1,-0.1692676535146162,317.0,387.0,1,1
1,3,genetico,Brats18_TCIA03_199_1,-1.0170242139946384,1282.0,616.0,2,2
1,3,genetico,Brats18_TCIA03_338_1,-0.20450855754180292,468.0,401.0,2,1
1,3,genetico,Brats18_TCIA03_498_1,-0.8286558574612211,467.0,515.0,2,2
1,3,genetico,Brats18_TCIA04_343_1,-0.46284470120774296,296.0,448.0,0,2
1,3,genetico,Brats18_TCIA08_242_1,0.4896943473750235,147.0,287.0,0,0
1,3,genetico,Brats18_TCIA08_406_1,-0.10516615114169506,82.0,382.0,0,1
1,4,edad,Brats18_CBICA_AAB_1,0.00014746284978782442,289.0,372.0,0,1
1,4,edad,Brats18_CBICA_AAG_1,-0.3150176627353082,616.0,434.0,2,2
1,4,edad,Brats18_CBICA_AAP_1,-0.8221644715274229,788.0,576.0,2,2
1,4,edad,Brats18_CBICA_AMH_1,0.08282065615875611,169.0,362.0,0,1
1,4,edad,Brats18_CBICA_ANI_1,-0.08460120811547264,439.0,385.0,1,1
1,4,edad,Brats18_CBICA_ANP_1,0.044039971803224186,486.0,368.0,2,1
1,4,edad,Brats18_CBICA_AOZ_1,-0.5301370783328426,331.0,467.0,1,2
1,4,edad,Brats18_CBICA_APY_1,-0.46475682443432453,203.0,464.0,0,2
1,4,edad,Brats18_CBICA_APZ_1,0.09312388262270813,336.0,359.0,1,1
1,4,edad,Brats18_CBICA_AQJ_1,0.3241552935851484,170.0,317.0,0,0
1,4,edad,Brats18_CBICA_AQV_1,-0.27277784895262264,84.0,425.0,0,2
1,4,edad,Brats18_CBICA_AQZ_1,0.21926680239957197,286.0,329.0,0,0
1,4,edad,Brats18_CBICA_ASK_1,0.6486957956696547,522.0,229.0,2,0
1,4,edad,Brats18_CBICA_ASU_1,0.9087866015455012,85.0,180.0,0,0
1,4,edad,Brats18_CBICA_ASV_1,-0.21939195146022064,597.0,407.0,2,2
1,4,edad,Brats18_CBICA_AWH_1,-0.29576184225748686,139.0,430.0,0,2
1,4,edad,Brats18_CBICA_AXN_1,0.9725087448226343,345.0,172.0,1,0
1,4,edad,Brats18_CBICA_AXW_1,0.7207225572972729,191.0,209.0,0,0
1,4,edad,Brats18_CBICA_AZH_1,-0.21308864894851862,401.0,407.0,1,2
1,4,edad,Brats18_TCIA01_150_1,-0.45435859357494607,1489.0,453.0,2,2
1,4,edad,Brats18_TCIA01_235_1,-0.19077293122585018,804.0,405.0,2,2
1,4,edad,Brats18_TCIA01_411_1,-0.769946501645583,822.0,515.0,2,2
1,4,edad,Brats18_TCIA01_460_1,-1.6896521467828707,630.0,1458.0,2,2
1,4,edad,Brats18_TCIA02_274_1,-0.3063078540927768,357.0,430.0,1,2
1,4,edad,Brats18_TCIA02_290_1,-0.7619520691917172,737.0,515.0,2,2
1,4,edad,Brats18_TCIA02_300_1,0.05540177967324004,127.0,368.0,0,1
1,4,edad,Brats18_TCIA02_430_1,-0.34862453741828775,71.0,436.0,0,2
1,4,edad,Brats18_TCIA03_121_1,-1.2502274052201388,747.0,812.0,2,2
1,4,edad,Brats18_TCIA03_265_1,-0.1288545144798025,103.0,387.0,0,1
1,4,edad,Brats18_TCIA04_437_1,-0.6143241121950886,333.0,488.0,1,2
1,4,edad,Brats18_TCIA08_218_1,-0.214909967673099,346.0,407.0,1,2
1,4,edad,Brats18_TCIA08_319_1,0.07392733949421759,254.0,362.0,0,1
1,4,coxnet,Brats18_CBICA_AAB_1,0.02982736986096188,289.0,370.0,0,1
1,4,coxnet,Brats18_CBICA_AAG_1,-0.2861489285452196,616.0,425.0,2,2
1,4,coxnet,Brats18_CBICA_AAP_1,-0.8175787393746738,788.0,558.0,2,2
1,4,coxnet,Brats18_CBICA_AMH_1,0.06778715295565872,169.0,362.0,0,1
1,4,coxnet,Brats18_CBICA_ANI_1,-0.023184284311137643,439.0,375.0,1,1
1,4,coxnet,Brats18_CBICA_ANP_1,-0.09410177068096913,486.0,385.0,2,1
1,4,coxnet,Brats18_CBICA_AOZ_1,-0.5701496291435796,331.0,468.0,1,2
1,4,coxnet,Brats18_CBICA_APY_1,-0.39744039492292454,203.0,448.0,0,2
1,4,coxnet,Brats18_CBICA_APZ_1,0.10521726966048406,336.0,355.0,1,1
1,4,coxnet,Brats18_CBICA_AQJ_1,0.4494666368972404,170.0,268.0,0,0
1,4,coxnet,Brats18_CBICA_AQV_1,-0.26041774675065654,84.0,424.0,0,2
1,4,coxnet,Brats18_CBICA_AQZ_1,0.2914115360443599,286.0,318.0,0,0
1,4,coxnet,Brats18_CBICA_ASK_1,0.6662991149788876,522.0,213.0,2,0
1,4,coxnet,Brats18_CBICA_ASU_1,0.9072047905154775,85.0,180.0,0,0
1,4,coxnet,Brats18_CBICA_ASV_1,-0.20137272199220946,597.0,405.0,2,2
1,4,coxnet,Brats18_CBICA_AWH_1,-0.3378775298437659,139.0,434.0,0,2
1,4,coxnet,Brats18_CBICA_AXN_1,0.9700189112639657,345.0,172.0,1,0
1,4,coxnet,Brats18_CBICA_AXW_1,0.6371057900474246,191.0,229.0,0,0
1,4,coxnet,Brats18_CBICA_AZH_1,-0.35100305591224856,401.0,436.0,1,2
1,4,coxnet,Brats18_TCIA01_150_1,-0.3739264026857216,1489.0,438.0,2,2
1,4,coxnet,Brats18_TCIA01_235_1,-0.16860166283727143,804.0,394.0,2,2
1,4,coxnet,Brats18_TCIA01_411_1,-0.8089710920245954,822.0,519.0,2,2
1,4,coxnet,Brats18_TCIA01_460_1,-1.621712393600622,630.0,1283.0,2,2
1,4,coxnet,Brats18_TCIA02_274_1,-0.256681981646726,357.0,424.0,1,2
1,4,coxnet,Brats18_TCIA02_290_1,-0.7730082350895389,737.0,515.0,2,2
1,4,coxnet,Brats18_TCIA02_300_1,0.07290006520437553,127.0,362.0,0,1
1,4,coxnet,Brats18_TCIA02_430_1,-0.3120159554494518,71.0,430.0,0,2
1,4,coxnet,Brats18_TCIA03_121_1,-1.208591749308353,747.0,726.0,2,2
1,4,coxnet,Brats18_TCIA03_265_1,-0.15773848354597728,103.0,394.0,0,1
1,4,coxnet,Brats18_TCIA04_437_1,-0.8062007064814332,333.0,519.0,1,2
1,4,coxnet,Brats18_TCIA08_218_1,-0.2439861833561954,346.0,421.0,1,2
1,4,coxnet,Brats18_TCIA08_319_1,0.06684651144287007,254.0,362.0,0,1
1,4,genetico,Brats18_CBICA_AAB_1,-0.1761083539827014,289.0,394.0,0,1
1,4,genetico,Brats18_CBICA_AAG_1,-0.8397384340524944,616.0,508.0,2,2
1,4,genetico,Brats18_CBICA_AAP_1,-1.3649850058519277,788.0,698.0,2,2
1,4,genetico,Brats18_CBICA_AMH_1,-0.09124631292759695,169.0,385.0,0,1
1,4,genetico,Brats18_CBICA_ANI_1,-0.4341296124156787,439.0,448.0,1,2
1,4,genetico,Brats18_CBICA_ANP_1,-0.2064385135764405,486.0,405.0,2,1
1,4,genetico,Brats18_CBICA_AOZ_1,-0.047791338936325395,331.0,382.0,1,1
1,4,genetico,Brats18_CBICA_APY_1,-1.6318094875472031,203.0,946.0,0,2
1,4,genetico,Brats18_CBICA_APZ_1,-0.10420947351355359,336.0,387.0,1,1
1,4,genetico,Brats18_CBICA_AQJ_1,0.8513682416690029,170.0,210.0,0,0
1,4,genetico,Brats18_CBICA_AQV_1,-0.536778925856405,84.0,464.0,0,2
1,4,genetico,Brats18_CBICA_AQZ_1,0.5987494329195663,286.0,265.0,0,0
1,4,genetico,Brats18_CBICA_ASK_1,0.5584010120375555,522.0,268.0,2,0
1,4,genetico,Brats18_CBICA_ASU_1,1.1177247709833085,85.0,175.0,0,0
1,4,genetico,Brats18_CBICA_ASV_1,-0.8095551376688407,597.0,503.0,2,2
1,4,genetico,Brats18_CBICA_AWH_1,-0.35319501575457735,139.0,434.0,0,2
1,4,genetico,Brats18_CBICA_AXN_1,1.3382842242609874,345.0,150.0,1,0
1,4,genetico,Brats18_CBICA_AXW_1,0.16233309579833977,191.0,355.0,0,1
1,4,genetico,Brats18_CBICA_AZH_1,-1.3156906880955954,401.0,660.0,1,2
1,4,genetico,Brats18_TCIA01_150_1,-0.39448941435538365,1489.0,436.0,2,2
1,4,genetico,Brats18_TCIA01_235_1,-0.5558273462686423,804.0,464.0,2,2
1,4,genetico,Brats18_TCIA01_411_1,-0.8063060504223787,822.0,495.0,2,2
1,4,genetico,Brats18_TCIA01_460_1,-1.3687162423760066,630.0,698.0,2,2
1,4,genetico,Brats18_TCIA02_274_1,-0.8930535379892324,357.0,510.0,1,2
1,4,genetico,Brats18_TCIA02_290_1,-0.38809962667923925,737.0,436.0,2,2
1,4,genetico,Brats18_TCIA02_300_1,-0.8522906900100184,127.0,508.0,0,2
1,4,genetico,Brats18_TCIA02_430_1,-0.2679516058137569,71.0,421.0,0,1
1,4,genetico,Brats18_TCIA03_121_1,-1.1078952525900023,747.0,610.0,2,2
1,4,genetico,Brats18_TCIA03_265_1,-0.13598169331241688,103.0,387.0,0,1
1,4,genetico,Brats18_TCIA04_437_1,-2.154604501545285,333.0,1561.0,1,2
1,4,genetico,Brats18_TCIA08_218_1,-1.5065534450023454,346.0,812.0,1,2
1,4,genetico,Brats18_TCIA08_319_1,-0.030297131653607867,254.0,376.0,0,1
2,0,edad,Brats18_CBICA_AAG_1,-0.2551156507158689,616.0,424.0,2,2
2,0,edad,Brats18_CBICA_AAL_1,-0.18945047264494116,464.0,405.0,2,2
2,0,edad,Brats18_CBICA_AAP_1,-0.680263847303646,788.0,510.0,2,2
2,0,edad,Brats18_CBICA_ANZ_1,0.2535156059218464,287.0,331.0,0,0
2,0,edad,Brats18_CBICA_APY_1,-0.2518383351248655,203.0,424.0,0,2
2,0,edad,Brats18_CBICA_AQD_1,0.6338360587974399,32.0,232.0,0,0
2,0,edad,Brats18_CBICA_AQG_1,0.007761439025018468,466.0,370.0,2,1
2,0,edad,Brats18_CBICA_AQR_1,0.3605195590001342,89.0,296.0,0,0
2,0,edad,Brats18_CBICA_AQT_1,0.5089911686914167,172.0,262.0,0,0
2,0,edad,Brats18_CBICA_AQZ_1,0.32158814874574226,286.0,318.0,0,0
2,0,edad,Brats18_CBICA_ARZ_1,0.047070328743630874,871.0,359.0,2,1
2,0,edad,Brats18_CBICA_ASO_1,-0.03273960554571553,265.0,372.0,0,1
2,0,edad,Brats18_CBICA_ATP_1,-0.27683220126533165,385.0,425.0,1,2
2,0,edad,Brats18_CBICA_ATX_1,-0.7538552441211135,1592.0,522.0,2,2
2,0,edad,Brats18_CBICA_AVG_1,0.10240192331505013,579.0,350.0,2,1
2,0,edad,Brats18_CBICA_AXQ_1,0.19658215663267573,114.0,333.0,0,0
2,0,edad,Brats18_CBICA_AYU_1,0.1159989327095208,58.0,346.0,0,1
2,0,edad,Brats18_CBICA_AZH_1,-0.16966714618000037,401.0,405.0,1,2
2,0,edad,Brats18_TCIA01_335_1,-0.24872263768243127,355.0,424.0,1,2
2,0,edad,Brats18_TCIA01_401_1,0.5348130837742999,448.0,254.0,1,0
2,0,edad,Brats18_TCIA01_448_1,-0.5717321618046339,199.0,488.0,0,2
2,0,edad,Brats18_TCIA02_135_1,0.23103913929309014,828.0,331.0,2,0
2,0,edad,Brats18_TCIA02_274_1,-0.23283797978794282,357.0,421.0,1,2
2,0,edad,Brats18_TCIA02_290_1,-0.6148108384880637,737.0,495.0,2,2
2,0,edad,Brats18_TCIA02_314_1,-0.703706925974663,362.0,515.0,1,2
2,0,edad,Brats18_TCIA02_321_1,0.6127542347819416,67.0,239.0,0,0
2,0,edad,Brats18_TCIA02_322_1,-0.15567011841410971,621.0,394.0,2,2
2,0,edad,Brats18_TCIA02_331_1,0.7298109530997432,187.0,210.0,0,0
2,0,edad,Brats18_TCIA03_133_1,0.05054045060156085,382.0,359.0,1,1
2,0,edad,Brats18_TCIA03_338_1,0.4585473936399103,468.0,269.0,2,0
2,0,edad,Brats18_TCIA03_419_1,0.2706057922229718,327.0,329.0,1,0
2,0,edad,Brats18_TCIA04_192_1,0.4436293477876831,121.0,269.0,0,0
2,0,edad,Brats18_TCIA08_105_1,0.14285190063748196,77.0,345.0,0,1
2,0,coxnet,Brats18_CBICA_AAG_1,-0.3476789962523004,616.0,434.0,2,2
2,0,coxnet,Brats18_CBICA_AAL_1,-0.47424768873978956,464.0,448.0,2,2
2,0,coxnet,Brats18_CBICA_AAP_1,-0.7495533998028142,788.0,510.0,2,2
2,0,coxnet,Brats18_CBICA_ANZ_1,0.19493439946778734,287.0,332.0,0,0
2,0,coxnet,Brats18_CBICA_APY_1,-0.0829327771177506,203.0,375.0,0,1
2,0,coxnet,Brats18_CBICA_AQD_1,0.7033236337196034,32.0,213.0,0,0
2,0,coxnet,Brats18_CBICA_AQG_1,0.3179980684828735,466.0,318.0,2,0
2,0,coxnet,Brats18_CBICA_AQR_1,0.22069484634537267,89.0,331.0,0,0
2,0,coxnet,Brats18_CBICA_AQT_1,0.2948334872723792,172.0,322.0,0,0
2,0,coxnet,Brats18_CBICA_AQZ_1,0.5957981213178224,286.0,239.0,0,0
2,0,coxnet,Brats18_CBICA_ARZ_1,0.16049934663680523,871.0,336.0,2,0
2,0,coxnet,Brats18_CBICA_ASO_1,-0.06589362361634847,265.0,375.0,0,1
2,0,coxnet,Brats18_CBICA_ATP_1,-0.4246301511774639,385.0,439.0,1,2
2,0,coxnet,Brats18_CBICA_ATX_1,-1.3064017605820637,1592.0,734.0,2,2
2,0,coxnet,Brats18_CBICA_AVG_1,-0.05363566981930456,579.0,372.0,2,1
2,0,coxnet,Brats18_CBICA_AXQ_1,0.11251705437222914,114.0,345.0,0,1
2,0,coxnet,Brats18_CBICA_AYU_1,-0.141268186125104,58.0,387.0,0,1
2,0,coxnet,Brats18_CBICA_AZH_1,-0.4147272919509337,401.0,439.0,1,2
2,0,coxnet,Brats18_TCIA01_335_1,-0.24739767609449503,355.0,407.0,1,2
2,0,coxnet,Brats18_TCIA01_401_1,0.5295297167459652,448.0,262.0,1,0
2,0,coxnet,Brats18_TCIA01_448_1,-0.5750265776224341,199.0,473.0,0,2
2,0,coxnet,Brats18_TCIA02_135_1,0.2483007124735814,828.0,329.0,2,0
2,0,coxnet,Brats18_TCIA02_274_1,-0.09107072145325427,357.0,376.0,1,1
2,0,coxnet,Brats18_TCIA02_290_1,-0.443731244006873,737.0,448.0,2,2
2,0,coxnet,Brats18_TCIA02_314_1,-0.24046558777838292,362.0,407.0,1,2
2,0,coxnet,Brats18_TCIA02_321_1,0.8049600910885549,67.0,208.0,0,0
2,0,coxnet,Brats18_TCIA02_322_1,-0.5181794047676146,621.0,465.0,2,2
2,0,coxnet,Brats18_TCIA02_331_1,0.7326711694395519,187.0,210.0,0,0
2,0,coxnet,Brats18_TCIA03_133_1,-0.18389801453588286,382.0,394.0,1,1
2,0,coxnet,Brats18_TCIA03_338_1,0.29842644018539743,468.0,318.0,2,0
2,0,coxnet,Brats18_TCIA03_419_1,0.3966022162312585,327.0,291.0,1,0
2,0,coxnet,Brats18_TCIA04_192_1,0.12138067838970265,121.0,345.0,0,1
2,0,coxnet,Brats18_TCIA08_105_1,0.5463232207627665,77.0,254.0,0,0
2,0,genetico,Brats18_CBICA_AAG_1,-0.2224183682415642,616.0,421.0,2,1
2,0,genetico,Brats18_CBICA_AAL_1,-0.496652186130935,464.0,465.0,2,2
2,0,genetico,Brats18_CBICA_AAP_1,-1.2119900449922696,788.0,635.0,2,2
2,0,genetico,Brats18_CBICA_ANZ_1,0.2034735747154548,287.0,336.0,0,1
2,0,genetico,Brats18_CBICA_APY_1,-0.8415265706189904,203.0,519.0,0,2
2,0,genetico,Brats18_CBICA_AQD_1,0.6984271540467408,32.0,239.0,0,0
2,0,genetico,Brats18_CBICA_AQG_1,0.5926964446917191,466.0,262.0,2,0
2,0,genetico,Brats18_CBICA_AQR_1,0.40207230116546,89.0,317.0,0,0
2,0,genetico,Brats18_CBICA_AQT_1,0.6616216894989824,172.0,244.0,0,0
2,0,genetico,Brats18_CBICA_AQZ_1,0.4673566881732716,286.0,291.0,0,0
2,0,genetico,Brats18_CBICA_ARZ_1,0.34069029721346133,871.0,329.0,2,0
2,0,genetico,Brats18_CBICA_ASO_1,-0.06367447441789476,265.0,387.0,0,1
2,0,genetico,Brats18_CBICA_ATP_1,0.05786531522500704,385.0,368.0,1,1
2,0,genetico,Brats18_CBICA_ATX_1,-1.8001491974277624,1592.0,1282.0,2,2
2,0,genetico,Brats18_CBICA_AVG_1,-0.25494215613266924,579.0,424.0,2,1
2,0,genetico,Brats18_CBICA_AXQ_1,0.16920173077744613,114.0,346.0,0,1
2,0,genetico,Brats18_CBICA_AYU_1,-0.5038605523813656,58.0,465.0,0,2
2,0,genetico,Brats18_CBICA_AZH_1,-0.5018134706493165,401.0,465.0,1,2
2,0,genetico,Brats18_TCIA01_335_1,-0.1864277969501374,355.0,405.0,1,1
2,0,genetico,Brats18_TCIA01_401_1,0.4139751878631063,448.0,317.0,1,0
2,0,genetico,Brats18_TCIA01_448_1,-0.631743849183396,199.0,488.0,0,2
2,0,genetico,Brats18_TCIA02_135_1,0.7672693159617876,828.0,229.0,2,0
2,0,genetico,Brats18_TCIA02_274_1,-0.1437141696310981,357.0,394.0,1,1
2,0,genetico,Brats18_TCIA02_290_1,-0.13779498910413657,737.0,394.0,2,1
2,0,genetico,Brats18_TCIA02_314_1,1.0261624589290217,362.0,180.0,1,0
2,0,genetico,Brats18_TCIA02_321_1,0.8358593570791941,67.0,210.0,0,0
2,0,genetico,Brats18_TCIA02_322_1,-0.14924376897262362,621.0,394.0,2,1
2,0,genetico,Brats18_TCIA02_331_1,0.8864386007825733,187.0,209.0,0,0
2,0,genetico,Brats18_TCIA03_133_1,-0.2436292319668385,382.0,424.0,1,1
2,0,genetico,Brats18_TCIA03_338_1,0.5579497397748586,468.0,268.0,2,0
2,0,genetico,Brats18_TCIA03_419_1,0.6434429962019653,327.0,254.0,1,0
2,0,genetico,Brats18_TCIA04_192_1,-0.6114502742898802,121.0,486.0,0,2
2,0,genetico,Brats18_TCIA08_105_1,0.9957414392595046,77.0,191.0,0,0
2,1,edad,Brats18_CBICA_ABY_1,-0.38788529352508383,515.0,448.0,2,2
2,1,edad,Brats18_CBICA_ALN_1,0.2641047491357124,421.0,318.0,1,0
2,1,edad,Brats18_CBICA_ANG_1,-0.16676607165209972,368.0,382.0,1,2
2,1,edad,Brats18_CBICA_AOH_1,-0.13200680003191476,576.0,375.0,2,1
2,1,edad,Brats18_CBICA_AOZ_1,-0.4387678417401739,331.0,453.0,1,2
2,1,edad,Brats18_CBICA_AQQ_1,0.5348202466939519,33.0,254.0,0,0
2,1,edad,Brats18_CBICA_ASN_1,-0.37765550330787523,407.0,448.0,1,2
2,1,edad,Brats18_CBICA_ASU_1,0.8726313090061281,85.0,191.0,0,0
2,1,edad,Brats18_CBICA_ASV_1,-0.1969186928165976,597.0,385.0,2,2
2,1,edad,Brats18_CBICA_ASY_1,0.4306620850919862,610.0,268.0,2,0
2,1,edad,Brats18_CBICA_ATD_1,0.2346406976002774,355.0,322.0,1,0
2,1,edad,Brats18_CBICA_AUR_1,0.26676759753149826,12.0,318.0,0,0
2,1,edad,Brats18_CBICA_AXJ_1,-1.0027833894153786,1767.0,630.0,2,2
2,1,edad,Brats18_CBICA_AXL_1,0.39772808905746204,168.0,286.0,0,0
2,1,edad,Brats18_CBICA_AXM_1,0.4433453305024494,438.0,268.0,1,0
2,1,edad,Brats18_CBICA_AXO_1,-0.16095648736890344,394.0,382.0,1,2
2,1,edad,Brats18_CBICA_AYA_1,0.4038902318748098,50.0,269.0,0,0
2,1,edad,Brats18_CBICA_AYW_1,-0.35320936060722435,734.0,436.0,2,2
2,1,edad,Brats18_TCIA01_147_1,-0.00794988294786557,209.0,357.0,0,1
2,1,edad,Brats18_TCIA01_201_1,-0.02850033011057383,430.0,359.0,1,1
2,1,edad,Brats18_TCIA01_390_1,0.056632963375696906,634.0,346.0,2,1
2,1,edad,Brats18_TCIA01_412_1,0.2117035865073999,291.0,327.0,0,0
2,1,edad,Brats18_TCIA01_499_1,-0.346987391160582,600.0,436.0,2,2
2,1,edad,Brats18_TCIA02_151_1,-0.4100745717517784,1731.0,448.0,2,2
2,1,edad,Brats18_TCIA02_377_1,0.062226753214745543,812.0,346.0,2,1
2,1,edad,Brats18_TCIA02_430_1,-0.23379540853512593,71.0,387.0,0,2
2,1,edad,Brats18_TCIA02_491_1,0.5812227623457347,82.0,239.0,0,0
2,1,edad,Brats18_TCIA03_257_1,0.22866443591242974,425.0,322.0,1,0
2,1,edad,Brats18_TCIA04_111_1,0.4062597849735646,626.0,269.0,2,0
2,1,edad,Brats18_TCIA05_478_1,-0.07259255590072233,30.0,370.0,0,1
2,1,edad,Brats18_TCIA06_165_1,-0.29691250244096956,5.0,405.0,0,2
2,1,edad,Brats18_TCIA06_184_1,-0.015398298295047918,434.0,357.0,1,1
2,1,edad,Brats18_TCIA08_242_1,0.14350122911151195,147.0,333.0,0,0
2,1,coxnet,Brats18_CBICA_ABY_1,-0.38789366945924925,515.0,448.0,2,2
2,1,coxnet,Brats18_CBICA_ALN_1,0.2641038447079301,421.0,318.0,1,0
2,1,coxnet,Brats18_CBICA_ANG_1,-0.16677517101120565,368.0,382.0,1,2
2,1,coxnet,Brats18_CBICA_AOH_1,-0.13201601311122912,576.0,375.0,2,1
2,1,coxnet,Brats18_CBICA_AOZ_1,-0.43877605120439567,331.0,453.0,1,2
2,1,coxnet,Brats18_CBICA_AQQ_1,0.5348184565795203,33.0,254.0,0,0
2,1,coxnet,Brats18_CBICA_ASN_1,-0.3776543081200361,407.0,448.0,1,2
2,1,coxnet,Brats18_CBICA_ASU_1,0.8726284136917706,85.0,191.0,0,0
2,1,coxnet,Brats18_CBICA_ASV_1,-0.196927693526848,597.0,385.0,2,2
2,1,coxnet,Brats18_CBICA_ASY_1,0.43066063574671626,610.0,268.0,2,0
2,1,coxnet,Brats18_CBICA_ATD_1,0.23463028497828237,355.0,322.0,1,0
2,1,coxnet,Brats18_CBICA_AUR_1,0.26675707980149643,12.0,318.0,0,0
2,1,coxnet,Brats18_CBICA_AXJ_1,-1.002789753617526,1767.0,630.0,2,2
2,1,coxnet,Brats18_CBICA_AXL_1,0.397717142870427,168.0,286.0,0,0
2,1,coxnet,Brats18_CBICA_AXM_1,0.4433438396620259,438.0,268.0,1,0
2,1,coxnet,Brats18_CBICA_AXO_1,-0.1609484476062126,394.0,382.0,1,2
2,1,coxnet,Brats18_CBICA_AYA_1,0.40387926552739356,50.0,269.0,0,0
2,1,coxnet,Brats18_CBICA_AYW_1,-0.35320069186021363,734.0,436.0,2,2
2,1,coxnet,Brats18_TCIA01_147_1,-0.007942343769396929,209.0,357.0,0,1
2,1,coxnet,Brats18_TCIA01_201_1,-0.02849272369821259,430.0,359.0,1,1
2,1,coxnet,Brats18_TCIA01_390_1,0.05664029126162678,634.0,346.0,2,1
2,1,coxnet,Brats18_TCIA01_412_1,0.21171040705635852,291.0,327.0,0,0
2,1,coxnet,Brats18_TCIA01_499_1,-0.3469787427696843,600.0,436.0,2,2
2,1,coxnet,Brats18_TCIA02_151_1,-0.4100657169616384,1731.0,448.0,2,2
2,1,coxnet,Brats18_TCIA02_377_1,0.06223406279974685,812.0,346.0,2,1
2,1,coxnet,Brats18_TCIA02_430_1,-0.23378713046890018,71.0,387.0,0,2
2,1,coxnet,Brats18_TCIA02_491_1,0.5812283739568835,82.0,239.0,0,0
2,1,coxnet,Brats18_TCIA03_257_1,0.22867120097140708,425.0,322.0,1,0
2,1,coxnet,Brats18_TCIA04_111_1,0.4062659690025268,626.0,269.0,2,0
2,1,coxnet,Brats18_TCIA05_478_1,-0.07258480523398309,30.0,370.0,0,1
2,1,coxnet,Brats18_TCIA06_165_1,-0.2969040178776355,5.0,405.0,0,2
2,1,coxnet,Brats18_TCIA06_184_1,-0.015390734747963186,434.0,357.0,1,1
2,1,coxnet,Brats18_TCIA08_242_1,0.14350827279478662,147.0,333.0,0,0
2,1,genetico,Brats18_CBICA_ABY_1,-0.10111643606488249,515.0,370.0,2,1
2,1,genetico,Brats18_CBICA_ALN_1,-0.1678670562471078,421.0,376.0,1,1
2,1,genetico,Brats18_CBICA_ANG_1,-0.8861089491301564,368.0,508.0,1,2
2,1,genetico,Brats18_CBICA_AOH_1,-0.8247280873142842,576.0,495.0,2,2
2,1,genetico,Brats18_CBICA_AOZ_1,-0.9259706637882782,331.0,510.0,1,2
2,1,genetico,Brats18_CBICA_AQQ_1,0.7805909835435434,33.0,229.0,0,0
2,1,genetico,Brats18_CBICA_ASN_1,-0.24043485651191612,407.0,387.0,1,1
2,1,genetico,Brats18_CBICA_ASU_1,1.2000015253001313,85.0,172.0,0,0
2,1,genetico,Brats18_CBICA_ASV_1,-0.2766571652697595,597.0,387.0,2,1
2,1,genetico,Brats18_CBICA_ASY_1,0.45083863179743683,610.0,287.0,2,0
2,1,genetico,Brats18_CBICA_ATD_1,-0.042783607575510973,355.0,359.0,1,1
2,1,genetico,Brats18_CBICA_AUR_1,0.6974805590769584,12.0,239.0,0,0
2,1,genetico,Brats18_CBICA_AXJ_1,-1.7812953317406608,1767.0,1278.0,2,2
2,1,genetico,Brats18_CBICA_AXL_1,0.9207317770875904,168.0,208.0,0,0
2,1,genetico,Brats18_CBICA_AXM_1,-0.856234755227177,438.0,503.0,1,2
2,1,genetico,Brats18_CBICA_AXO_1,-0.7399772421008686,394.0,486.0,1,2
2,1,genetico,Brats18_CBICA_AYA_1,0.6742594907608089,50.0,244.0,0,0
2,1,genetico,Brats18_CBICA_AYW_1,0.2324242839649977,734.0,329.0,2,0
2,1,genetico,Brats18_TCIA01_147_1,-0.04749723014432579,209.0,359.0,0,1
2,1,genetico,Brats18_TCIA01_201_1,-0.7015892564066524,430.0,473.0,1,2
2,1,genetico,Brats18_TCIA01_390_1,-0.2583054056371913,634.0,387.0,2,1
2,1,genetico,Brats18_TCIA01_412_1,0.4197758035633963,291.0,287.0,0,0
2,1,genetico,Brats18_TCIA01_499_1,-2.841961759543437,600.0,1592.0,2,2
2,1,genetico,Brats18_TCIA02_151_1,-0.3107471633648139,1731.0,394.0,2,2
2,1,genetico,Brats18_TCIA02_377_1,0.37546803834329595,812.0,296.0,2,0
2,1,genetico,Brats18_TCIA02_430_1,-0.23656598563253184,71.0,387.0,0,1
2,1,genetico,Brats18_TCIA02_491_1,2.2364084227946393,82.0,89.0,0,0
2,1,genetico,Brats18_TCIA03_257_1,0.2756479375790828,425.0,322.0,1,0
2,1,genetico,Brats18_TCIA04_111_1,0.6156611898460715,626.0,262.0,2,0
2,1,genetico,Brats18_TCIA05_478_1,0.16620129227031327,30.0,333.0,0,0
2,1,genetico,Brats18_TCIA06_165_1,-0.579179103229426,5.0,465.0,0,2
2,1,genetico,Brats18_TCIA06_184_1,5.5804628582169675,434.0,22.0,1,0
2,1,genetico,Brats18_TCIA08_242_1,0.6713488954610011,147.0,244.0,0,0
2,2,edad,Brats18_2013_11_1,-1.2713694386807917,150.0,788.0,0,2
2,2,edad,Brats18_2013_27_1,0.26725054389028574,120.0,318.0,0,0
2,2,edad,Brats18_CBICA_ABB_1,0.28595921360123994,465.0,318.0,2,0
2,2,edad,Brats18_CBICA_ABN_1,0.7554122108875687,1278.0,209.0,2,0
2,2,edad,Brats18_CBICA_ALU_1,0.1833581792878886,495.0,336.0,2,0
2,2,edad,Brats18_CBICA_AME_1,-0.3769130817177492,359.0,438.0,1,2
2,2,edad,Brats18_CBICA_ANI_1,-0.11886792063050725,439.0,387.0,1,1
2,2,edad,Brats18_CBICA_AOO_1,-0.6764100099446952,350.0,508.0,1,2
2,2,edad,Brats18_CBICA_AOP_1,0.25985409307432716,332.0,327.0,1,0
2,2,edad,Brats18_CBICA_AQA_1,0.5974012121298948,106.0,254.0,0,0
2,2,edad,Brats18_CBICA_ASA_1,0.5765921352782157,210.0,254.0,0,0
2,2,edad,Brats18_CBICA_ASK_1,0.6357678286618729,522.0,232.0,2,0
2,2,edad,Brats18_CBICA_ATB_1,0.3901028232184549,208.0,289.0,0,0
2,2,edad,Brats18_CBICA_ATV_1,0.03542916296871555,453.0,362.0,2,1
2,2,edad,Brats18_CBICA_AWG_1,-0.22668997904924162,180.0,405.0,0,2
2,2,edad,Brats18_CBICA_AWI_1,-0.5819173842798544,375.0,486.0,1,2
2,2,edad,Brats18_CBICA_AXW_1,0.7098905496731374,191.0,213.0,0,0
2,2,edad,Brats18_CBICA_BHB_1,-0.22419812663530891,510.0,405.0,2,2
2,2,edad,Brats18_CBICA_BHM_1,0.5080068640756901,436.0,268.0,1,0
2,2,edad,Brats18_TCIA01_190_1,-0.04705502799130902,322.0,376.0,1,1
2,2,edad,Brats18_TCIA01_235_1,-0.18758759349452353,804.0,394.0,2,1
2,2,edad,Brats18_TCIA01_425_1,-0.25739901429755574,558.0,421.0,2,2
2,2,edad,Brats18_TCIA01_429_1,-0.3057330404852642,86.0,425.0,0,2
2,2,edad,Brats18_TCIA02_226_1,0.429640294115288,329.0,286.0,1,0
2,2,edad,Brats18_TCIA02_471_1,0.5497238485390874,111.0,262.0,0,0
2,2,edad,Brats18_TCIA03_121_1,-1.277871907622332,747.0,788.0,2,2
2,2,edad,Brats18_TCIA03_265_1,-0.12386736748110419,103.0,387.0,0,1
2,2,edad,Brats18_TCIA03_375_1,-0.1074132309065653,946.0,387.0,2,1
2,2,edad,Brats18_TCIA03_498_1,-0.1358124377828131,467.0,387.0,2,1
2,2,edad,Brats18_TCIA04_479_1,-0.24980479741699926,372.0,407.0,1,2
2,2,edad,Brats18_TCIA06_247_1,0.5530858716372502,244.0,262.0,0,0
2,2,edad,Brats18_TCIA06_409_1,0.2590868400061239,99.0,327.0,0,0
2,2,edad,Brats18_TCIA08_469_1,0.04680474626681855,519.0,357.0,2,1
2,2,coxnet,Brats18_2013_11_1,-1.2744894695535425,150.0,788.0,0,2
2,2,coxnet,Brats18_2013_27_1,0.27677965860804254,120.0,318.0,0,0
2,2,coxnet,Brats18_CBICA_ABB_1,0.23988611387977243,465.0,327.0,2,0
2,2,coxnet,Brats18_CBICA_ABN_1,0.7230472457229343,1278.0,213.0,2,0
2,2,coxnet,Brats18_CBICA_ALU_1,0.14896070462575003,495.0,345.0,2,1
2,2,coxnet,Brats18_CBICA_AME_1,-0.3694293151298481,359.0,434.0,1,2
2,2,coxnet,Brats18_CBICA_ANI_1,-0.10927271332605239,439.0,387.0,1,1
2,2,coxnet,Brats18_CBICA_AOO_1,-0.6908554010647255,350.0,508.0,1,2
2,2,coxnet,Brats18_CBICA_AOP_1,0.22516279073233614,332.0,331.0,1,0
2,2,coxnet,Brats18_CBICA_AQA_1,0.5656155534246063,106.0,262.0,0,0
2,2,coxnet,Brats18_CBICA_ASA_1,0.6211106258697167,210.0,239.0,0,0
2,2,coxnet,Brats18_CBICA_ASK_1,0.6405351825571618,522.0,232.0,2,0
2,2,coxnet,Brats18_CBICA_ATB_1,0.38197633822299387,208.0,289.0,0,0
2,2,coxnet,Brats18_CBICA_ATV_1,0.04502129650358513,453.0,357.0,2,1
2,2,coxnet,Brats18_CBICA_AWG_1,-0.23971023404225247,180.0,405.0,0,2
2,2,coxnet,Brats18_CBICA_AWI_1,-0.5880772596319478,375.0,486.0,1,2
2,2,coxnet,Brats18_CBICA_AXW_1,0.6760076403561011,191.0,229.0,0,0
2,2,coxnet,Brats18_CBICA_BHB_1,-0.26500209154252,510.0,421.0,2,2
2,2,coxnet,Brats18_CBICA_BHM_1,0.4784004871328099,436.0,269.0,1,0
2,2,coxnet,Brats18_TCIA01_190_1,-0.09633193597959215,322.0,385.0,1,1
2,2,coxnet,Brats18_TCIA01_235_1,-0.20828685665197974,804.0,401.0,2,1
2,2,coxnet,Brats18_TCIA01_425_1,-0.3186990441144024,558.0,425.0,2,2
2,2,coxnet,Brats18_TCIA01_429_1,-0.3092885486415162,86.0,425.0,0,2
2,2,coxnet,Brats18_TCIA02_226_1,0.3937357270958277,329.0,289.0,1,0
2,2,coxnet,Brats18_TCIA02_471_1,0.556404407536127,111.0,262.0,0,0
2,2,coxnet,Brats18_TCIA03_121_1,-1.2731461947443357,747.0,788.0,2,2
2,2,coxnet,Brats18_TCIA03_265_1,-0.13170393422248222,103.0,387.0,0,1
2,2,coxnet,Brats18_TCIA03_375_1,-0.10697948845001866,946.0,387.0,2,1
2,2,coxnet,Brats18_TCIA03_498_1,-0.13953350393389102,467.0,387.0,2,1
2,2,coxnet,Brats18_TCIA04_479_1,-0.2561079344729525,372.0,407.0,1,2
2,2,coxnet,Brats18_TCIA06_247_1,0.5568857149533061,244.0,262.0,0,0
2,2,coxnet,Brats18_TCIA06_409_1,0.22796651055887882,99.0,331.0,0,0
2,2,coxnet,Brats18_TCIA08_469_1,0.1465921755198261,519.0,345.0,2,1
2,2,genetico,Brats18_2013_11_1,-1.755819683142765,150.0,1283.0,0,2
2,2,genetico,Brats18_2013_27_1,0.7653189706046712,120.0,229.0,0,0
2,2,genetico,Brats18_CBICA_ABB_1,-0.1655640538431326,465.0,387.0,2,1
2,2,genetico,Brats18_CBICA_ABN_1,0.08291100125636774,1278.0,355.0,2,1
2,2,genetico,Brats18_CBICA_ALU_1,-0.20252199271685048,495.0,394.0,2,1
2,2,genetico,Brats18_CBICA_AME_1,-0.26706127495171383,359.0,405.0,1,1
2,2,genetico,Brats18_CBICA_ANI_1,-0.3961885802722695,439.0,430.0,1,2
2,2,genetico,Brats18_CBICA_AOO_1,-0.8119074586695281,350.0,515.0,1,2
2,2,genetico,Brats18_CBICA_AOP_1,0.09634183167324806,332.0,355.0,1,1
2,2,genetico,Brats18_CBICA_AQA_1,0.5798188645853984,106.0,265.0,0,0
2,2,genetico,Brats18_CBICA_ASA_1,1.1324515746741284,210.0,169.0,0,0
2,2,genetico,Brats18_CBICA_ASK_1,0.2793733995609149,522.0,327.0,2,0
2,2,genetico,Brats18_CBICA_ATB_1,1.2474886792128423,208.0,153.0,0,0
2,2,genetico,Brats18_CBICA_ATV_1,0.4546221960692876,453.0,287.0,2,0
2,2,genetico,Brats18_CBICA_AWG_1,-0.24225330374164228,180.0,401.0,0,1
2,2,genetico,Brats18_CBICA_AWI_1,-0.24069693055749578,375.0,394.0,1,1
2,2,genetico,Brats18_CBICA_AXW_1,0.23360548139833187,191.0,331.0,0,0
2,2,genetico,Brats18_CBICA_BHB_1,0.6059041408128474,510.0,262.0,2,0
2,2,genetico,Brats18_CBICA_BHM_1,0.40551379817676453,436.0,289.0,1,0
2,2,genetico,Brats18_TCIA01_190_1,-0.2701136444345448,322.0,405.0,1,1
2,2,genetico,Brats18_TCIA01_235_1,-0.5371936697337497,804.0,448.0,2,2
2,2,genetico,Brats18_TCIA01_425_1,-0.792275118229598,558.0,508.0,2,2
2,2,genetico,Brats18_TCIA01_429_1,-0.14624628862637964,86.0,387.0,0,1
2,2,genetico,Brats18_TCIA02_226_1,0.632484110543303,329.0,254.0,1,0
2,2,genetico,Brats18_TCIA02_471_1,0.5793676108274961,111.0,265.0,0,0
2,2,genetico,Brats18_TCIA03_121_1,-1.4113094423316512,747.0,788.0,2,2
2,2,genetico,Brats18_TCIA03_265_1,-0.34439756128299714,103.0,424.0,0,2
2,2,genetico,Brats18_TCIA03_375_1,-0.35970144075000554,946.0,424.0,2,2
2,2,genetico,Brats18_TCIA03_498_1,-0.25382752278328186,467.0,401.0,2,1
2,2,genetico,Brats18_TCIA04_479_1,-0.5154014131641808,372.0,448.0,1,2
2,2,genetico,Brats18_TCIA06_247_1,1.0464520226722718,244.0,172.0,0,0
2,2,genetico,Brats18_TCIA06_409_1,-0.2686353867185297,99.0,405.0,0,1
2,2,genetico,Brats18_TCIA08_469_1,0.6500446102117241,519.0,254.0,2,0
2,3,edad,Brats18_CBICA_AAB_1,0.09616622336238345,289.0,355.0,0,1
2,3,edad,Brats18_CBICA_ABM_1,0.45428190899652193,503.0,287.0,2,0
2,3,edad,Brats18_CBICA_ALX_1,0.0669833386192056,698.0,359.0,2,1
2,3,edad,Brats18_CBICA_AOD_1,-0.10553312583341322,55.0,385.0,0,1
2,3,edad,Brats18_CBICA_AQJ_1,0.3074556809329003,170.0,329.0,0,0
2,3,edad,Brats18_CBICA_AQU_1,0.5653641623320234,30.0,265.0,0,0
2,3,edad,Brats18_CBICA_ARF_1,0.6589411007019239,726.0,232.0,2,0
2,3,edad,Brats18_CBICA_ASE_1,-0.4224954361497012,318.0,448.0,1,2
2,3,edad,Brats18_CBICA_ASH_1,-0.4303763970752377,660.0,448.0,2,2
2,3,edad,Brats18_CBICA_AVJ_1,-0.4806315985940088,614.0,465.0,2,2
2,3,edad,Brats18_CBICA_AWH_1,-0.19562472421907803,139.0,401.0,0,2
2,3,edad,Brats18_CBICA_AXN_1,1.054994536502193,345.0,169.0,1,0
2,3,edad,Brats18_CBICA_AZD_1,-0.4422011503737719,448.0,453.0,1,2
2,3,edad,Brats18_TCIA01_186_1,-1.1171938303134696,370.0,630.0,1,2
2,3,edad,Brats18_TCIA01_231_1,0.016655991584775,1561.0,368.0,2,1
2,3,edad,Brats18_TCIA01_378_1,0.40854044385030447,110.0,291.0,0,0
2,3,edad,Brats18_TCIA01_411_1,-0.7754887798660792,822.0,519.0,2,2
2,3,edad,Brats18_TCIA02_118_1,-0.6080851410211237,104.0,476.0,0,2
2,3,edad,Brats18_TCIA02_198_1,-0.34437798252368085,394.0,436.0,1,2
2,3,edad,Brats18_TCIA02_283_1,0.43472924041853284,262.0,287.0,0,0
2,3,edad,Brats18_TCIA02_300_1,0.038372605815737135,127.0,362.0,0,1
2,3,edad,Brats18_TCIA02_368_1,-0.030453522357783425,317.0,375.0,1,1
2,3,edad,Brats18_TCIA02_455_1,-0.32296456709524535,424.0,434.0,1,2
2,3,edad,Brats18_TCIA02_473_1,-0.08881929184413886,175.0,385.0,0,1
2,3,edad,Brats18_TCIA03_199_1,-0.5510837661461372,1282.0,468.0,2,2
2,3,edad,Brats18_TCIA03_296_1,-0.1113697027820489,22.0,387.0,0,1
2,3,edad,Brats18_TCIA03_474_1,-0.07418994962223407,635.0,382.0,2,1
2,3,edad,Brats18_TCIA06_372_1,0.42279078756905114,213.0,291.0,0,0
2,3,edad,Brats18_TCIA08_278_1,-0.4875636170168311,1458.0,465.0,2,2
2,3,edad,Brats18_TCIA08_280_1,-0.22753274400002252,508.0,407.0,2,2
2,3,edad,Brats18_TCIA08_319_1,0.05664033366796008,254.0,359.0,0,1
2,3,edad,Brats18_TCIA08_406_1,0.5828797553030549,82.0,244.0,0,0
2,3,coxnet,Brats18_CBICA_AAB_1,0.18942318279945883,289.0,336.0,0,1
2,3,coxnet,Brats18_CBICA_ABM_1,0.340673262854589,503.0,327.0,2,0
2,3,coxnet,Brats18_CBICA_ALX_1,-0.164410376227653,698.0,387.0,2,1
2,3,coxnet,Brats18_CBICA_AOD_1,0.06479506466085401,55.0,357.0,0,1
2,3,coxnet,Brats18_CBICA_AQJ_1,0.5383591874963456,170.0,268.0,0,0
2,3,coxnet,Brats18_CBICA_AQU_1,0.823714958401539,30.0,208.0,0,0
2,3,coxnet,Brats18_CBICA_ARF_1,0.7260777018274007,726.0,210.0,2,0
2,3,coxnet,Brats18_CBICA_ASE_1,-0.5757567885540431,318.0,468.0,1,2
2,3,coxnet,Brats18_CBICA_ASH_1,-0.7893761112438034,660.0,515.0,2,2
2,3,coxnet,Brats18_CBICA_AVJ_1,-0.5469362582549744,614.0,467.0,2,2
2,3,coxnet,Brats18_CBICA_AWH_1,-0.20295773100096168,139.0,401.0,0,2
2,3,coxnet,Brats18_CBICA_AXN_1,1.111407585695715,345.0,168.0,1,0
2,3,coxnet,Brats18_CBICA_AZD_1,-0.6039991341870072,448.0,473.0,1,2
2,3,coxnet,Brats18_TCIA01_186_1,-1.2312379540965674,370.0,734.0,1,2
2,3,coxnet,Brats18_TCIA01_231_1,0.0007823249756676959,1561.0,368.0,2,1
2,3,coxnet,Brats18_TCIA01_378_1,0.4819616918049979,110.0,286.0,0,0
2,3,coxnet,Brats18_TCIA01_411_1,-1.0337358605924207,822.0,616.0,2,2
2,3,coxnet,Brats18_TCIA02_118_1,-0.3693204421145792,104.0,438.0,0,2
2,3,coxnet,Brats18_TCIA02_198_1,-0.47332495020224163,394.0,453.0,1,2
2,3,coxnet,Brats18_TCIA02_283_1,0.35849510358534614,262.0,322.0,0,0
2,3,coxnet,Brats18_TCIA02_300_1,0.09321361784816005,127.0,355.0,0,1
2,3,coxnet,Brats18_TCIA02_368_1,-0.04448259136333115,317.0,375.0,1,1
2,3,coxnet,Brats18_TCIA02_455_1,-0.3761503993984024,424.0,438.0,1,2
2,3,coxnet,Brats18_TCIA02_473_1,-0.18661149087855156,175.0,394.0,0,2
2,3,coxnet,Brats18_TCIA03_199_1,-0.6064781957535506,1282.0,473.0,2,2
2,3,coxnet,Brats18_TCIA03_296_1,0.03787049068602946,22.0,362.0,0,1
2,3,coxnet,Brats18_TCIA03_474_1,0.09181078313346633,635.0,355.0,2,1
2,3,coxnet,Brats18_TCIA06_372_1,0.5090074507033228,213.0,269.0,0,0
2,3,coxnet,Brats18_TCIA08_278_1,-0.5561927522894052,1458.0,467.0,2,2
2,3,coxnet,Brats18_TCIA08_280_1,-0.5184666652116563,508.0,465.0,2,2
2,3,coxnet,Brats18_TCIA08_319_1,0.02807202965765877,254.0,362.0,0,1
2,3,coxnet,Brats18_TCIA08_406_1,0.4430156388945111,82.0,287.0,0,0
2,3,genetico,Brats18_CBICA_AAB_1,0.31458062431951095,289.0,331.0,0,0
2,3,genetico,Brats18_CBICA_ABM_1,0.34427144635927265,503.0,329.0,2,0
2,3,genetico,Brats18_CBICA_ALX_1,-0.05162672624679143,698.0,376.0,2,1
2,3,genetico,Brats18_CBICA_AOD_1,0.4489965594055495,55.0,296.0,0,0
2,3,genetico,Brats18_CBICA_AQJ_1,0.6872140879032813,170.0,239.0,0,0
2,3,genetico,Brats18_CBICA_AQU_1,1.0713179537915478,30.0,180.0,0,0
2,3,genetico,Brats18_CBICA_ARF_1,0.6849458979141613,726.0,239.0,2,0
2,3,genetico,Brats18_CBICA_ASE_1,-0.7685530345167337,318.0,495.0,1,2
2,3,genetico,Brats18_CBICA_ASH_1,-0.7571240156610441,660.0,495.0,2,2
2,3,genetico,Brats18_CBICA_AVJ_1,-0.6997261121931845,614.0,486.0,2,2
2,3,genetico,Brats18_CBICA_AWH_1,-0.038437791579590944,139.0,375.0,0,1
2,3,genetico,Brats18_CBICA_AXN_1,0.7336811130845533,345.0,232.0,1,0
2,3,genetico,Brats18_CBICA_AZD_1,-0.7278898356626591,448.0,488.0,1,2
2,3,genetico,Brats18_TCIA01_186_1,-1.508831236076118,370.0,828.0,1,2
2,3,genetico,Brats18_TCIA01_231_1,-0.0050021480244068495,1561.0,372.0,2,1
2,3,genetico,Brats18_TCIA01_378_1,0.6835823655892947,110.0,239.0,0,0
2,3,genetico,Brats18_TCIA01_411_1,-1.2302424672958787,822.0,630.0,2,2
2,3,genetico,Brats18_TCIA02_118_1,0.5138372624151958,104.0,286.0,0,0
2,3,genetico,Brats18_TCIA02_198_1,-0.6201663741882381,394.0,468.0,1,2
2,3,genetico,Brats18_TCIA02_283_1,0.2962262942419136,262.0,332.0,0,0
2,3,genetico,Brats18_TCIA02_300_1,0.6645599766921443,127.0,244.0,0,0
2,3,genetico,Brats18_TCIA02_368_1,0.35494695548227373,317.0,329.0,1,0
2,3,genetico,Brats18_TCIA02_455_1,-0.5996637116734932,424.0,467.0,1,2
2,3,genetico,Brats18_TCIA02_473_1,-0.14268027830068025,175.0,387.0,0,1
2,3,genetico,Brats18_TCIA03_199_1,-0.35094960527092633,1282.0,434.0,2,2
2,3,genetico,Brats18_TCIA03_296_1,0.3024735921882361,22.0,331.0,0,0
2,3,genetico,Brats18_TCIA03_474_1,1.1604431650452345,635.0,169.0,2,0
2,3,genetico,Brats18_TCIA06_372_1,0.6832264011701324,213.0,239.0,0,0
2,3,genetico,Brats18_TCIA08_278_1,-0.575315218977154,1458.0,466.0,2,2
2,3,genetico,Brats18_TCIA08_280_1,-0.9140191008242179,508.0,558.0,2,2
2,3,genetico,Brats18_TCIA08_319_1,-0.10044625455683058,254.0,385.0,0,1
2,3,genetico,Brats18_TCIA08_406_1,-0.530052266223659,82.0,465.0,0,2
2,4,edad,Brats18_CBICA_ABE_1,0.28993881715994196,269.0,322.0,0,0
2,4,edad,Brats18_CBICA_ABO_1,-0.10121792910422797,1155.0,382.0,2,1
2,4,edad,Brats18_CBICA_AMH_1,0.12510279968128907,169.0,350.0,0,1
2,4,edad,Brats18_CBICA_ANP_1,0.08824119914140421,486.0,355.0,2,1
2,4,edad,Brats18_CBICA_APR_1,0.1766432787140248,23.0,332.0,0,0
2,4,edad,Brats18_CBICA_APZ_1,0.08016013993718056,336.0,355.0,1,1
2,4,edad,Brats18_CBICA_AQN_1,0.194471287696645,488.0,331.0,2,0
2,4,edad,Brats18_CBICA_AQO_1,0.3167538962444566,473.0,318.0,2,0
2,4,edad,Brats18_CBICA_AQP_1,-0.46534039945212924,1283.0,464.0,2,2
2,4,edad,Brats18_CBICA_AQV_1,-0.21289871488264997,84.0,407.0,0,2
2,4,edad,Brats18_CBICA_AQY_1,-0.005509288473156376,229.0,368.0,0,1
2,4,edad,Brats18_CBICA_ARW_1,-0.4914686644707269,495.0,465.0,2,2
2,4,edad,Brats18_CBICA_ASG_1,-0.0058015509154944744,208.0,368.0,0,1
2,4,edad,Brats18_CBICA_ASW_1,0.33498376608529146,239.0,317.0,0,0
2,4,edad,Brats18_CBICA_ATF_1,0.34839130562754905,152.0,291.0,0,0
2,4,edad,Brats18_CBICA_AUN_1,0.3402810228526687,376.0,317.0,1,0
2,4,edad,Brats18_CBICA_AUQ_1,-0.06487957858500293,1337.0,372.0,2,1
2,4,edad,Brats18_CBICA_AVV_1,0.4787038221050214,387.0,265.0,1,0
2,4,edad,Brats18_CBICA_AYI_1,0.2459167867827753,387.0,327.0,1,0
2,4,edad,Brats18_TCIA01_150_1,-0.41928432272516447,1489.0,448.0,2,2
2,4,edad,Brats18_TCIA01_203_1,-0.6088530493866735,268.0,503.0,0,2
2,4,edad,Brats18_TCIA01_460_1,-1.5934486848182263,630.0,1278.0,2,2
2,4,edad,Brats18_TCIA02_179_1,-0.5814169126121904,405.0,495.0,1,2
2,4,edad,Brats18_TCIA02_394_1,0.0604644763727224,616.0,357.0,2,1
2,4,edad,Brats18_TCIA03_138_1,0.33910018233674777,82.0,317.0,0,0
2,4,edad,Brats18_TCIA04_149_1,-0.9403517246085916,448.0,616.0,1,2
2,4,edad,Brats18_TCIA04_343_1,-0.36214701524807835,296.0,438.0,0,2
2,4,edad,Brats18_TCIA04_361_1,0.4888481512296994,476.0,262.0,2,0
2,4,edad,Brats18_TCIA04_437_1,-0.571333858351528,333.0,468.0,1,2
2,4,edad,Brats18_TCIA05_277_1,0.28404524476132054,232.0,322.0,0,0
2,4,edad,Brats18_TCIA08_167_1,0.4499041807881559,153.0,286.0,0,0
2,4,edad,Brats18_TCIA08_218_1,-0.1916849457544187,346.0,401.0,1,2
2,4,coxnet,Brats18_CBICA_ABE_1,0.43970688272335234,269.0,286.0,0,0
2,4,coxnet,Brats18_CBICA_ABO_1,0.13427068455982705,1155.0,345.0,2,1
2,4,coxnet,Brats18_CBICA_AMH_1,0.06848318931354136,169.0,355.0,0,1
2,4,coxnet,Brats18_CBICA_ANP_1,-0.15007686383107546,486.0,385.0,2,1
2,4,coxnet,Brats18_CBICA_APR_1,0.3902513643623529,23.0,289.0,0,0
2,4,coxnet,Brats18_CBICA_APZ_1,0.1697705482097098,336.0,332.0,1,1
2,4,coxnet,Brats18_CBICA_AQN_1,0.3982651975214247,488.0,287.0,2,0
2,4,coxnet,Brats18_CBICA_AQO_1,0.26784995987213767,473.0,322.0,2,0
2,4,coxnet,Brats18_CBICA_AQP_1,-0.3637387530536567,1283.0,434.0,2,2
2,4,coxnet,Brats18_CBICA_AQV_1,-0.271320010194645,84.0,421.0,0,2
2,4,coxnet,Brats18_CBICA_AQY_1,0.30064221336973224,229.0,318.0,0,0
2,4,coxnet,Brats18_CBICA_ARW_1,-0.434054756356895,495.0,439.0,2,2
2,4,coxnet,Brats18_CBICA_ASG_1,0.4681337970858397,208.0,265.0,0,0
2,4,coxnet,Brats18_CBICA_ASW_1,0.511217713824395,239.0,254.0,0,0
2,4,coxnet,Brats18_CBICA_ATF_1,0.2088396498264019,152.0,329.0,0,0
2,4,coxnet,Brats18_CBICA_AUN_1,0.5500735697216446,376.0,244.0,1,0
2,4,coxnet,Brats18_CBICA_AUQ_1,-0.5308146777667003,1337.0,465.0,2,2
2,4,coxnet,Brats18_CBICA_AVV_1,0.6748572024084687,387.0,208.0,1,0
2,4,coxnet,Brats18_CBICA_AYI_1,0.38978579116475653,387.0,289.0,1,0
2,4,coxnet,Brats18_TCIA01_150_1,-0.3661499822899454,1489.0,434.0,2,2
2,4,coxnet,Brats18_TCIA01_203_1,-0.4086689609100923,268.0,438.0,0,2
2,4,coxnet,Brats18_TCIA01_460_1,-1.456762851651112,630.0,812.0,2,2
2,4,coxnet,Brats18_TCIA02_179_1,-0.6914140077560135,405.0,508.0,1,2
2,4,coxnet,Brats18_TCIA02_394_1,0.0813581592896482,616.0,355.0,2,1
2,4,coxnet,Brats18_TCIA03_138_1,0.5961494030833466,82.0,213.0,0,0
2,4,coxnet,Brats18_TCIA04_149_1,-0.920249485246051,448.0,600.0,1,2
2,4,coxnet,Brats18_TCIA04_343_1,-0.5199356981565612,296.0,464.0,0,2
2,4,coxnet,Brats18_TCIA04_361_1,0.42301040509879156,476.0,286.0,2,0
2,4,coxnet,Brats18_TCIA04_437_1,-1.010386802452762,333.0,621.0,1,2
2,4,coxnet,Brats18_TCIA05_277_1,0.011348826809850577,232.0,359.0,0,1
2,4,coxnet,Brats18_TCIA08_167_1,0.6632787310135893,153.0,208.0,0,0
2,4,coxnet,Brats18_TCIA08_218_1,-0.3753628267834612,346.0,436.0,1,2
2,4,genetico,Brats18_CBICA_ABE_1,0.8245405749911385,269.0,191.0,0,0
2,4,genetico,Brats18_CBICA_ABO_1,0.46969566882734426,1155.0,287.0,2,0
2,4,genetico,Brats18_CBICA_AMH_1,0.07810551814429775,169.0,355.0,0,1
2,4,genetico,Brats18_CBICA_ANP_1,-0.5123692539106224,486.0,448.0,2,2
2,4,genetico,Brats18_CBICA_APR_1,0.4940003509190162,23.0,286.0,0,0
2,4,genetico,Brats18_CBICA_APZ_1,0.1948661323601304,336.0,332.0,1,0
2,4,genetico,Brats18_CBICA_AQN_1,0.7827263497052066,488.0,203.0,2,0
2,4,genetico,Brats18_CBICA_AQO_1,0.36138662104493596,473.0,317.0,2,0
2,4,genetico,Brats18_CBICA_AQP_1,-0.08475162932989896,1283.0,372.0,2,1
2,4,genetico,Brats18_CBICA_AQV_1,-0.61100887719037,84.0,467.0,0,2
2,4,genetico,Brats18_CBICA_AQY_1,0.5088114223772489,229.0,265.0,0,0
2,4,genetico,Brats18_CBICA_ARW_1,-0.7080095210251411,495.0,503.0,2,2
2,4,genetico,Brats18_CBICA_ASG_1,0.576694636565379,208.0,254.0,0,0
2,4,genetico,Brats18_CBICA_ASW_1,0.7672112331444594,239.0,203.0,0,0
2,4,genetico,Brats18_CBICA_ATF_1,-0.5032452689068461,152.0,448.0,0,2
2,4,genetico,Brats18_CBICA_AUN_1,0.5208903438390516,376.0,265.0,1,0
2,4,genetico,Brats18_CBICA_AUQ_1,-1.1544206590533586,1337.0,634.0,2,2
2,4,genetico,Brats18_CBICA_AVV_1,0.7574715060905277,387.0,203.0,1,0
2,4,genetico,Brats18_CBICA_AYI_1,0.38918550069353647,387.0,291.0,1,0
2,4,genetico,Brats18_TCIA01_150_1,-0.22193623400195728,1489.0,401.0,2,1
2,4,genetico,Brats18_TCIA01_203_1,-0.17931891694962676,268.0,394.0,0,1
2,4,genetico,Brats18_TCIA01_460_1,-1.3366990765739186,630.0,737.0,2,2
2,4,genetico,Brats18_TCIA02_179_1,-0.8835520597095065,405.0,576.0,1,2
2,4,genetico,Brats18_TCIA02_394_1,0.21156155738665433,616.0,332.0,2,0
2,4,genetico,Brats18_TCIA03_138_1,1.0101729883984243,82.0,170.0,0,0
2,4,genetico,Brats18_TCIA04_149_1,-1.2036994065302302,448.0,660.0,1,2
2,4,genetico,Brats18_TCIA04_343_1,-0.7645008969352518,296.0,515.0,0,2
2,4,genetico,Brats18_TCIA04_361_1,0.4270911999845384,476.0,289.0,2,0
2,4,genetico,Brats18_TCIA04_437_1,-1.5515043471704293,333.0,822.0,1,2
2,4,genetico,Brats18_TCIA05_277_1,0.28117328525324436,232.0,327.0,0,0
2,4,genetico,Brats18_TCIA08_167_1,0.9138960056182721,153.0,180.0,0,0
2,4,genetico,Brats18_TCIA08_218_1,-1.3575254413150102,346.0,737.0,1,2
3,0,edad,Brats18_CBICA_AAP_1,-0.6730989942574684,788.0,508.0,2,2
3,0,edad,Brats18_CBICA_ABE_1,0.25144070407374625,269.0,331.0,0,0
3,0,edad,Brats18_CBICA_ABO_1,-0.10136585911793958,1155.0,376.0,2,1
3,0,edad,Brats18_CBICA_ALN_1,0.14807981423812558,421.0,346.0,1,1
3,0,edad,Brats18_CBICA_AMH_1,0.10276570518321781,169.0,355.0,0,1
3,0,edad,Brats18_CBICA_ANZ_1,0.2818544948485596,287.0,329.0,0,0
3,0,edad,Brats18_CBICA_AQG_1,-0.0936818140552711,466.0,375.0,2,1
3,0,edad,Brats18_CBICA_AQP_1,-0.42978866805896226,1283.0,453.0,2,2
3,0,edad,Brats18_CBICA_AQQ_1,0.4462865385198811,33.0,289.0,0,0
3,0,edad,Brats18_CBICA_AQZ_1,0.22726111351426453,286.0,332.0,0,0
3,0,edad,Brats18_CBICA_ARW_1,-0.3964687300138401,495.0,448.0,2,2
3,0,edad,Brats18_CBICA_ASA_1,0.24106759058322108,210.0,331.0,0,0
3,0,edad,Brats18_CBICA_ASH_1,-0.42590044778655917,660.0,453.0,2,2
3,0,edad,Brats18_CBICA_ASN_1,-0.5588513529155518,407.0,476.0,1,2
3,0,edad,Brats18_CBICA_AUR_1,0.35444559027316774,12.0,318.0,0,0
3,0,edad,Brats18_CBICA_AVJ_1,-0.46959349932220645,614.0,465.0,2,2
3,0,edad,Brats18_CBICA_AXO_1,-0.22422458452343053,394.0,401.0,1,2
3,0,edad,Brats18_CBICA_AXW_1,0.6496537718024767,191.0,229.0,0,0
3,0,edad,Brats18_CBICA_AYI_1,0.21173472586827505,387.0,332.0,1,0
3,0,edad,Brats18_CBICA_AZD_1,-0.4361811657949467,448.0,453.0,1,2
3,0,edad,Brats18_TCIA01_147_1,-0.05568012102053803,209.0,372.0,0,1
3,0,edad,Brats18_TCIA01_425_1,-0.22728902931439232,558.0,405.0,2,2
3,0,edad,Brats18_TCIA01_448_1,-0.6147600647651285,199.0,488.0,0,2
3,0,edad,Brats18_TCIA02_377_1,0.021622970157914916,812.0,359.0,2,1
3,0,edad,Brats18_TCIA03_375_1,-0.10233876428937391,946.0,376.0,2,1
3,0,edad,Brats18_TCIA04_149_1,-0.8650889580655147,448.0,600.0,1,2
3,0,edad,Brats18_TCIA04_437_1,-0.5322507125439664,333.0,473.0,1,2
3,0,edad,Brats18_TCIA05_478_1,-0.12688727363632496,30.0,382.0,0,1
3,0,edad,Brats18_TCIA06_409_1,0.2029853801520346,99.0,336.0,0,0
3,0,edad,Brats18_TCIA08_105_1,0.1160276403310892,77.0,350.0,0,1
3,0,edad,Brats18_TCIA08_167_1,0.3888620797844522,153.0,296.0,0,0
3,0,edad,Brats18_TCIA08_319_1,0.057803189302817366,254.0,357.0,0,1
3,0,edad,Brats18_TCIA08_469_1,0.02613725979621332,519.0,359.0,2,1
3,0,coxnet,Brats18_CBICA_AAP_1,-0.6762524344976241,788.0,503.0,2,2
3,0,coxnet,Brats18_CBICA_ABE_1,0.36472795557695004,269.0,317.0,0,0
3,0,coxnet,Brats18_CBICA_ABO_1,0.10305808849764146,1155.0,350.0,2,1
3,0,coxnet,Brats18_CBICA_ALN_1,0.20366462161031185,421.0,332.0,1,0
3,0,coxnet,Brats18_CBICA_AMH_1,0.07346344642151342,169.0,355.0,0,1
3,0,coxnet,Brats18_CBICA_ANZ_1,0.26168206419276985,287.0,329.0,0,0
3,0,coxnet,Brats18_CBICA_AQG_1,-0.0006145438312477159,466.0,362.0,2,1
3,0,coxnet,Brats18_CBICA_AQP_1,-0.34966720582661026,1283.0,434.0,2,2
3,0,coxnet,Brats18_CBICA_AQQ_1,0.7009301965070756,33.0,213.0,0,0
3,0,coxnet,Brats18_CBICA_AQZ_1,0.3537135086801589,286.0,318.0,0,0
3,0,coxnet,Brats18_CBICA_ARW_1,-0.38427328533508126,495.0,438.0,2,2
3,0,coxnet,Brats18_CBICA_ASA_1,0.4866198979464459,210.0,268.0,0,0
3,0,coxnet,Brats18_CBICA_ASH_1,-0.6473033511935288,660.0,488.0,2,2
3,0,coxnet,Brats18_CBICA_ASN_1,-0.3275660085677558,407.0,430.0,1,2
3,0,coxnet,Brats18_CBICA_AUR_1,0.4789642057921763,12.0,268.0,0,0
3,0,coxnet,Brats18_CBICA_AVJ_1,-0.48827922737540036,614.0,465.0,2,2
3,0,coxnet,Brats18_CBICA_AXO_1,-0.013715133241906487,394.0,362.0,1,1
3,0,coxnet,Brats18_CBICA_AXW_1,0.5555816257469036,191.0,244.0,0,0
3,0,coxnet,Brats18_CBICA_AYI_1,0.10167413691481775,387.0,350.0,1,1
3,0,coxnet,Brats18_CBICA_AZD_1,-0.5647355721984013,448.0,473.0,1,2
3,0,coxnet,Brats18_TCIA01_147_1,-0.03747120385465987,209.0,368.0,0,1
3,0,coxnet,Brats18_TCIA01_425_1,-0.4538462725888012,558.0,453.0,2,2
3,0,coxnet,Brats18_TCIA01_448_1,-0.6559022591253587,199.0,495.0,0,2
3,0,coxnet,Brats18_TCIA02_377_1,0.06534809755264154,812.0,355.0,2,1
3,0,coxnet,Brats18_TCIA03_375_1,-0.12419094711968846,946.0,376.0,2,1
3,0,coxnet,Brats18_TCIA04_149_1,-0.8366461565253979,448.0,579.0,1,2
3,0,coxnet,Brats18_TCIA04_437_1,-0.769469264951022,333.0,515.0,1,2
3,0,coxnet,Brats18_TCIA05_478_1,0.0627073472850577,30.0,355.0,0,1
3,0,coxnet,Brats18_TCIA06_409_1,0.09906390959306993,99.0,350.0,0,1
3,0,coxnet,Brats18_TCIA08_105_1,0.26612045751912083,77.0,329.0,0,0
3,0,coxnet,Brats18_TCIA08_167_1,0.5723231850921311,153.0,244.0,0,0
3,0,coxnet,Brats18_TCIA08_319_1,0.0064095686287020375,254.0,359.0,0,1
3,0,coxnet,Brats18_TCIA08_469_1,0.17317686520863554,519.0,336.0,2,1
3,0,genetico,Brats18_CBICA_AAP_1,-0.431568616295394,788.0,438.0,2,2
3,0,genetico,Brats18_CBICA_ABE_1,0.37884235253814014,269.0,296.0,0,0
3,0,genetico,Brats18_CBICA_ABO_1,0.750187770078548,1155.0,208.0,2,0
3,0,genetico,Brats18_CBICA_ALN_1,0.15312992602839987,421.0,336.0,1,0
3,0,genetico,Brats18_CBICA_AMH_1,-0.04851798003815329,169.0,362.0,0,1
3,0,genetico,Brats18_CBICA_ANZ_1,0.5743865509366921,287.0,239.0,0,0
3,0,genetico,Brats18_CBICA_AQG_1,0.8952047067752829,466.0,175.0,2,0
3,0,genetico,Brats18_CBICA_AQP_1,-0.17237003921012176,1283.0,382.0,2,2
3,0,genetico,Brats18_CBICA_AQQ_1,0.8550814088500931,33.0,180.0,0,0
3,0,genetico,Brats18_CBICA_AQZ_1,0.18179548391355882,286.0,332.0,0,0
3,0,genetico,Brats18_CBICA_ARW_1,-0.4122571936122319,495.0,436.0,2,2
3,0,genetico,Brats18_CBICA_ASA_1,0.7256151848345018,210.0,208.0,0,0
3,0,genetico,Brats18_CBICA_ASH_1,-0.9791527838786469,660.0,610.0,2,2
3,0,genetico,Brats18_CBICA_ASN_1,0.1291169561398645,407.0,345.0,1,0
3,0,genetico,Brats18_CBICA_AUR_1,0.486326003523765,12.0,265.0,0,0
3,0,genetico,Brats18_CBICA_AVJ_1,-0.23037531105817052,614.0,387.0,2,2
3,0,genetico,Brats18_CBICA_AXO_1,0.3028931056921588,394.0,322.0,1,0
3,0,genetico,Brats18_CBICA_AXW_1,-0.040330026270699315,191.0,362.0,0,1
3,0,genetico,Brats18_CBICA_AYI_1,0.23905248852833738,387.0,329.0,1,0
3,0,genetico,Brats18_CBICA_AZD_1,-0.2943666366549055,448.0,405.0,1,2
3,0,genetico,Brats18_TCIA01_147_1,0.39736783651750596,209.0,291.0,0,0
3,0,genetico,Brats18_TCIA01_425_1,-0.4359792320414696,558.0,438.0,2,2
3,0,genetico,Brats18_TCIA01_448_1,-0.2334870003752059,199.0,387.0,0,2
3,0,genetico,Brats18_TCIA02_377_1,0.23489875433353324,812.0,329.0,2,0
3,0,genetico,Brats18_TCIA03_375_1,0.25137596409582136,946.0,329.0,2,0
3,0,genetico,Brats18_TCIA04_149_1,0.032434335699806374,448.0,355.0,1,1
3,0,genetico,Brats18_TCIA04_437_1,-0.8674264108608973,333.0,576.0,1,2
3,0,genetico,Brats18_TCIA05_478_1,-0.06802057665355907,30.0,368.0,0,1
3,0,genetico,Brats18_TCIA06_409_1,0.16587080895778472,99.0,336.0,0,0
3,0,genetico,Brats18_TCIA08_105_1,0.18449190269245846,77.0,332.0,0,0
3,0,genetico,Brats18_TCIA08_167_1,0.5412673740806144,153.0,244.0,0,0
3,0,genetico,Brats18_TCIA08_319_1,-0.08176498173492254,254.0,370.0,0,1
3,0,genetico,Brats18_TCIA08_469_1,0.2801774265173587,519.0,322.0,2,0
3,1,edad,Brats18_2013_11_1,-1.0638844316283145,150.0,634.0,0,2
3,1,edad,Brats18_CBICA_ABY_1,-0.4102743264107503,515.0,439.0,2,2
3,1,edad,Brats18_CBICA_ALU_1,0.18509598401032012,495.0,336.0,2,0
3,1,edad,Brats18_CBICA_AOP_1,0.25077281382747435,332.0,327.0,1,0
3,1,edad,Brats18_CBICA_AOZ_1,-0.4680386943109465,331.0,453.0,1,2
3,1,edad,Brats18_CBICA_AQA_1,0.5405794661850728,106.0,244.0,0,0
3,1,edad,Brats18_CBICA_AQT_1,0.5273693902807949,172.0,254.0,0,0
3,1,edad,Brats18_CBICA_ASE_1,-0.22915316456967696,318.0,405.0,1,2
3,1,edad,Brats18_CBICA_ASU_1,0.9414497313078448,85.0,170.0,0,0
3,1,edad,Brats18_CBICA_ASW_1,0.2686352815026672,239.0,322.0,0,0
3,1,edad,Brats18_CBICA_ASY_1,0.4397045603934421,610.0,268.0,2,0
3,1,edad,Brats18_CBICA_ATF_1,0.2810982579984769,152.0,322.0,0,0
3,1,edad,Brats18_CBICA_ATX_1,-0.8036221649692293,1592.0,558.0,2,2
3,1,edad,Brats18_CBICA_AXJ_1,-1.1083368464321692,1767.0,660.0,2,2
3,1,edad,Brats18_CBICA_AXN_1,0.8596248726649928,345.0,191.0,1,0
3,1,edad,Brats18_CBICA_AYW_1,-0.41226893696855815,734.0,448.0,2,2
3,1,edad,Brats18_CBICA_BHM_1,0.2875679535781102,436.0,291.0,1,0
3,1,edad,Brats18_TCIA01_186_1,-0.9551385344127306,370.0,614.0,1,2
3,1,edad,Brats18_TCIA01_401_1,0.5697592763987992,448.0,232.0,1,0
3,1,edad,Brats18_TCIA02_135_1,0.24959322080617719,828.0,327.0,2,0
3,1,edad,Brats18_TCIA02_151_1,-0.4768251176730104,1731.0,464.0,2,2
3,1,edad,Brats18_TCIA02_198_1,-0.26267925995482244,394.0,421.0,1,2
3,1,edad,Brats18_TCIA02_226_1,0.39269671659184846,329.0,286.0,1,0
3,1,edad,Brats18_TCIA02_321_1,0.651906252266274,67.0,210.0,0,0
3,1,edad,Brats18_TCIA02_368_1,0.018603667333434562,317.0,362.0,1,1
3,1,edad,Brats18_TCIA02_394_1,0.0758246902092904,616.0,357.0,2,1
3,1,edad,Brats18_TCIA02_430_1,-0.27670435339561095,71.0,421.0,0,2
3,1,edad,Brats18_TCIA02_473_1,-0.03369329125933567,175.0,372.0,0,1
3,1,edad,Brats18_TCIA04_111_1,0.4499177394677043,626.0,265.0,2,0
3,1,edad,Brats18_TCIA04_343_1,-0.31701376238886947,296.0,425.0,0,2
3,1,edad,Brats18_TCIA04_361_1,0.47402867492281253,476.0,265.0,2,0
3,1,edad,Brats18_TCIA06_165_1,-0.3483579784805104,5.0,434.0,0,2
3,1,edad,Brats18_TCIA06_372_1,0.4247201139639149,213.0,268.0,0,0
3,1,coxnet,Brats18_2013_11_1,-1.127371489068683,150.0,660.0,0,2
3,1,coxnet,Brats18_CBICA_ABY_1,-0.4657191918423425,515.0,448.0,2,2
3,1,coxnet,Brats18_CBICA_ALU_1,0.14394137271809973,495.0,350.0,2,0
3,1,coxnet,Brats18_CBICA_AOP_1,0.23432610696285033,332.0,327.0,1,0
3,1,coxnet,Brats18_CBICA_AOZ_1,-0.4224133499325215,331.0,439.0,1,2
3,1,coxnet,Brats18_CBICA_AQA_1,0.5459565528994597,106.0,244.0,0,0
3,1,coxnet,Brats18_CBICA_AQT_1,0.5337137327126825,172.0,254.0,0,0
3,1,coxnet,Brats18_CBICA_ASE_1,-0.2131797562518682,318.0,401.0,1,2
3,1,coxnet,Brats18_CBICA_ASU_1,1.0351509538703134,85.0,168.0,0,0
3,1,coxnet,Brats18_CBICA_ASW_1,0.2985940680733893,239.0,291.0,0,0
3,1,coxnet,Brats18_CBICA_ASY_1,0.5258264681331806,610.0,254.0,2,0
3,1,coxnet,Brats18_CBICA_ATF_1,0.2650670412562557,152.0,322.0,0,0
3,1,coxnet,Brats18_CBICA_ATX_1,-0.8579639226692372,1592.0,576.0,2,2
3,1,coxnet,Brats18_CBICA_AXJ_1,-1.1236122680244531,1767.0,660.0,2,2
3,1,coxnet,Brats18_CBICA_AXN_1,0.9652641963957881,345.0,170.0,1,0
3,1,coxnet,Brats18_CBICA_AYW_1,-0.4623503128813624,734.0,448.0,2,2
3,1,coxnet,Brats18_CBICA_BHM_1,0.3421929934949632,436.0,287.0,1,0
3,1,coxnet,Brats18_TCIA01_186_1,-1.0126626255994429,370.0,621.0,1,2
3,1,coxnet,Brats18_TCIA01_401_1,0.5783899071859082,448.0,232.0,1,0
3,1,coxnet,Brats18_TCIA02_135_1,0.25691725350878103,828.0,322.0,2,0
3,1,coxnet,Brats18_TCIA02_151_1,-0.510527119529431,1731.0,464.0,2,2
3,1,coxnet,Brats18_TCIA02_198_1,-0.31425869068401785,394.0,425.0,1,2
3,1,coxnet,Brats18_TCIA02_226_1,0.4338681018983346,329.0,268.0,1,0
3,1,coxnet,Brats18_TCIA02_321_1,0.6746328317584867,67.0,209.0,0,0
3,1,coxnet,Brats18_TCIA02_368_1,0.013979142922902102,317.0,362.0,1,1
3,1,coxnet,Brats18_TCIA02_394_1,0.061065145230421364,616.0,357.0,2,1
3,1,coxnet,Brats18_TCIA02_430_1,-0.2894562659137795,71.0,421.0,0,2
3,1,coxnet,Brats18_TCIA02_473_1,-0.10987318208196896,175.0,382.0,0,1
3,1,coxnet,Brats18_TCIA04_111_1,0.41163812125731813,626.0,269.0,2,0
3,1,coxnet,Brats18_TCIA04_343_1,-0.4115478503927377,296.0,439.0,0,2
3,1,coxnet,Brats18_TCIA04_361_1,0.46718577543941325,476.0,265.0,2,0
3,1,coxnet,Brats18_TCIA06_165_1,-0.37065231065970666,5.0,434.0,0,2
3,1,coxnet,Brats18_TCIA06_372_1,0.44218504241315454,213.0,268.0,0,0
3,1,genetico,Brats18_2013_11_1,-0.7917007799900049,150.0,495.0,0,2
3,1,genetico,Brats18_CBICA_ABY_1,-1.105431083739756,515.0,616.0,2,2
3,1,genetico,Brats18_CBICA_ALU_1,-0.4458062883782298,495.0,438.0,2,2
3,1,genetico,Brats18_CBICA_AOP_1,-0.18824654433314922,332.0,387.0,1,1
3,1,genetico,Brats18_CBICA_AOZ_1,0.25735943136730804,331.0,327.0,1,0
3,1,genetico,Brats18_CBICA_AQA_1,0.13306735221268284,106.0,350.0,0,0
3,1,genetico,Brats18_CBICA_AQT_1,-0.19604957424453118,172.0,387.0,0,1
3,1,genetico,Brats18_CBICA_ASE_1,-0.15723321275704405,318.0,385.0,1,1
3,1,genetico,Brats18_CBICA_ASU_1,1.1223301811920525,85.0,168.0,0,0
3,1,genetico,Brats18_CBICA_ASW_1,0.43047920633598225,239.0,286.0,0,0
3,1,genetico,Brats18_CBICA_ASY_1,0.5973335211418205,610.0,254.0,2,0
3,1,genetico,Brats18_CBICA_ATF_1,0.13755185531790448,152.0,350.0,0,0
3,1,genetico,Brats18_CBICA_ATX_1,-3.68389220775516,1592.0,1561.0,2,2
3,1,genetico,Brats18_CBICA_AXJ_1,-0.7776601363338272,1767.0,495.0,2,2
3,1,genetico,Brats18_CBICA_AXN_1,2.2949799524664636,345.0,77.0,1,0
3,1,genetico,Brats18_CBICA_AYW_1,-0.43996374869184884,734.0,434.0,2,2
3,1,genetico,Brats18_CBICA_BHM_1,0.22353310862209796,436.0,333.0,1,0
3,1,genetico,Brats18_TCIA01_186_1,-0.9293522581461091,370.0,522.0,1,2
3,1,genetico,Brats18_TCIA01_401_1,-0.031353527691528216,448.0,368.0,1,1
3,1,genetico,Brats18_TCIA02_135_1,0.3169225995495753,828.0,291.0,2,0
3,1,genetico,Brats18_TCIA02_151_1,-1.0824971900223295,1731.0,614.0,2,2
3,1,genetico,Brats18_TCIA02_198_1,0.12025352884724069,394.0,355.0,1,1
3,1,genetico,Brats18_TCIA02_226_1,0.8484333973098692,329.0,203.0,1,0
3,1,genetico,Brats18_TCIA02_321_1,0.49692913430583024,67.0,268.0,0,0
3,1,genetico,Brats18_TCIA02_368_1,0.05397970354388562,317.0,357.0,1,1
3,1,genetico,Brats18_TCIA02_394_1,0.5711229625620455,616.0,254.0,2,0
3,1,genetico,Brats18_TCIA02_430_1,-0.22708210909755794,71.0,394.0,0,1
3,1,genetico,Brats18_TCIA02_473_1,-0.09559912283346475,175.0,376.0,0,1
3,1,genetico,Brats18_TCIA04_111_1,-0.030023736532270195,626.0,368.0,2,1
3,1,genetico,Brats18_TCIA04_343_1,-1.1076803048089319,296.0,616.0,0,2
3,1,genetico,Brats18_TCIA04_361_1,0.3862734960958747,476.0,287.0,2,0
3,1,genetico,Brats18_TCIA06_165_1,-0.6348691992993387,5.0,466.0,0,2
3,1,genetico,Brats18_TCIA06_372_1,0.44076220032059865,213.0,269.0,0,0
3,2,edad,Brats18_CBICA_AAB_1,0.03820409470026667,289.0,357.0,0,1
3,2,edad,Brats18_CBICA_ABN_1,0.6999059537784837,1278.0,229.0,2,0
3,2,edad,Brats18_CBICA_ALX_1,0.007538785154563105,698.0,362.0,2,1
3,2,edad,Brats18_CBICA_AME_1,-0.3094290053314805,359.0,436.0,1,2
3,2,edad,Brats18_CBICA_ANG_1,-0.14913306906984897,368.0,394.0,1,1
3,2,edad,Brats18_CBICA_ANI_1,-0.04961020081697494,439.0,375.0,1,1
3,2,edad,Brats18_CBICA_ANP_1,0.0836843330135046,486.0,350.0,2,1
3,2,edad,Brats18_CBICA_APY_1,-0.2055968295210734,203.0,405.0,0,2
3,2,edad,Brats18_CBICA_AQD_1,0.8891148961832075,32.0,180.0,0,0
3,2,edad,Brats18_CBICA_AQN_1,0.49707683492618826,488.0,268.0,2,0
3,2,edad,Brats18_CBICA_AQV_1,-0.24459377943485033,84.0,421.0,0,2
3,2,edad,Brats18_CBICA_ARF_1,0.629566668004358,726.0,239.0,2,0
3,2,edad,Brats18_CBICA_ASG_1,0.2787557609917126,208.0,327.0,0,0
3,2,edad,Brats18_CBICA_ATB_1,0.4628588942922615,208.0,286.0,0,0
3,2,edad,Brats18_CBICA_ATP_1,-0.31520364154463254,385.0,436.0,1,2
3,2,edad,Brats18_CBICA_AUN_1,0.35843754152754137,376.0,317.0,1,0
3,2,edad,Brats18_CBICA_AUQ_1,-0.09721770734934936,1337.0,387.0,2,1
3,2,edad,Brats18_CBICA_BHB_1,-0.1556643817523105,510.0,394.0,2,1
3,2,edad,Brats18_TCIA01_201_1,-0.10068248907724066,430.0,387.0,1,1
3,2,edad,Brats18_TCIA01_335_1,-0.34978834778941614,355.0,438.0,1,2
3,2,edad,Brats18_TCIA01_378_1,0.43361074840997665,110.0,287.0,0,0
3,2,edad,Brats18_TCIA01_390_1,0.012659681009865989,634.0,362.0,2,1
3,2,edad,Brats18_TCIA01_412_1,0.21911288189938105,291.0,332.0,0,1
3,2,edad,Brats18_TCIA01_460_1,-1.763538768001009,630.0,1458.0,2,2
3,2,edad,Brats18_TCIA01_499_1,-0.5247000874319219,600.0,467.0,2,2
3,2,edad,Brats18_TCIA02_118_1,-0.6346571259458015,104.0,495.0,0,2
3,2,edad,Brats18_TCIA02_283_1,0.46112987684644574,262.0,286.0,0,0
3,2,edad,Brats18_TCIA02_322_1,-0.23477352445436195,621.0,407.0,2,2
3,2,edad,Brats18_TCIA02_331_1,0.8596992507859261,187.0,191.0,0,0
3,2,edad,Brats18_TCIA02_455_1,-0.3350530691765455,424.0,438.0,1,2
3,2,edad,Brats18_TCIA02_471_1,0.5319388643428884,111.0,265.0,0,0
3,2,edad,Brats18_TCIA02_491_1,0.7110720621825946,82.0,213.0,0,0
3,2,edad,Brats18_TCIA08_242_1,0.12831170558223315,147.0,345.0,0,1
3,2,coxnet,Brats18_CBICA_AAB_1,0.03811630053380758,289.0,357.0,0,1
3,2,coxnet,Brats18_CBICA_ABN_1,0.6998009666402865,1278.0,229.0,2,0
3,2,coxnet,Brats18_CBICA_ALX_1,0.007455774596389014,698.0,362.0,2,1
3,2,coxnet,Brats18_CBICA_AME_1,-0.30946257077492684,359.0,436.0,1,2
3,2,coxnet,Brats18_CBICA_ANG_1,-0.14919163973842145,368.0,394.0,1,1
3,2,coxnet,Brats18_CBICA_ANI_1,-0.0496842964687997,439.0,375.0,1,1
3,2,coxnet,Brats18_CBICA_ANP_1,0.0835894441968358,486.0,350.0,2,1
3,2,coxnet,Brats18_CBICA_APY_1,-0.20556056354034058,203.0,405.0,0,2
3,2,coxnet,Brats18_CBICA_AQD_1,0.8889803935606438,32.0,180.0,0,0
3,2,coxnet,Brats18_CBICA_AQN_1,0.4970034879399333,488.0,268.0,2,0
3,2,coxnet,Brats18_CBICA_AQV_1,-0.2446374587929564,84.0,421.0,0,2
3,2,coxnet,Brats18_CBICA_ARF_1,0.6293866247477378,726.0,239.0,2,0
3,2,coxnet,Brats18_CBICA_ASG_1,0.27871647081145556,208.0,327.0,0,0
3,2,coxnet,Brats18_CBICA_ATB_1,0.4627048564697724,208.0,286.0,0,0
3,2,coxnet,Brats18_CBICA_ATP_1,-0.31523630617872656,385.0,436.0,1,2
3,2,coxnet,Brats18_CBICA_AUN_1,0.35829979282313457,376.0,317.0,1,0
3,2,coxnet,Brats18_CBICA_AUQ_1,-0.09714368982672973,1337.0,387.0,2,1
3,2,coxnet,Brats18_CBICA_BHB_1,-0.15572193357444308,510.0,394.0,2,1
3,2,coxnet,Brats18_TCIA01_201_1,-0.10060793106900962,430.0,387.0,1,1
3,2,coxnet,Brats18_TCIA01_335_1,-0.3496749307294673,355.0,438.0,1,2
3,2,coxnet,Brats18_TCIA01_378_1,0.4336019598094392,110.0,287.0,0,0
3,2,coxnet,Brats18_TCIA01_390_1,0.012716558304877376,634.0,362.0,2,1
3,2,coxnet,Brats18_TCIA01_412_1,0.21913755370692556,291.0,332.0,0,1
3,2,coxnet,Brats18_TCIA01_460_1,-1.7632048141741645,630.0,1458.0,2,2
3,2,coxnet,Brats18_TCIA01_499_1,-0.5245593851673135,600.0,467.0,2,2
3,2,coxnet,Brats18_TCIA02_118_1,-0.6344992710286285,104.0,495.0,0,2
3,2,coxnet,Brats18_TCIA02_283_1,0.46111679542340833,262.0,286.0,0,0
3,2,coxnet,Brats18_TCIA02_322_1,-0.23467804903172104,621.0,407.0,2,2
3,2,coxnet,Brats18_TCIA02_331_1,0.8596239948801403,187.0,191.0,0,0
3,2,coxnet,Brats18_TCIA02_455_1,-0.33494195073356475,424.0,438.0,1,2
3,2,coxnet,Brats18_TCIA02_471_1,0.5319147371334475,111.0,265.0,0,0
3,2,coxnet,Brats18_TCIA02_491_1,0.7110199912457953,82.0,213.0,0,0
3,2,coxnet,Brats18_TCIA08_242_1,0.12835054184028394,147.0,345.0,0,1
3,2,genetico,Brats18_CBICA_AAB_1,-0.3603191855996041,289.0,434.0,0,2
3,2,genetico,Brats18_CBICA_ABN_1,8.681323891243023,1278.0,5.0,2,0
3,2,genetico,Brats18_CBICA_ALX_1,0.6668306225240308,698.0,244.0,2,0
3,2,genetico,Brats18_CBICA_AME_1,-0.4029276105687515,359.0,438.0,1,2
3,2,genetico,Brats18_CBICA_ANG_1,-1.126818257263334,368.0,616.0,1,2
3,2,genetico,Brats18_CBICA_ANI_1,-0.1915531542777794,439.0,394.0,1,1
3,2,genetico,Brats18_CBICA_ANP_1,0.6754842930518302,486.0,244.0,2,0
3,2,genetico,Brats18_CBICA_APY_1,-0.8601874118812521,203.0,515.0,0,2
3,2,genetico,Brats18_CBICA_AQD_1,0.6002353283650637,32.0,265.0,0,0
3,2,genetico,Brats18_CBICA_AQN_1,0.7777995180595986,488.0,229.0,2,0
3,2,genetico,Brats18_CBICA_AQV_1,-0.5765249930598035,84.0,466.0,0,2
3,2,genetico,Brats18_CBICA_ARF_1,0.8478003286595985,726.0,210.0,2,0
3,2,genetico,Brats18_CBICA_ASG_1,1.1207289109282017,208.0,170.0,0,0
3,2,genetico,Brats18_CBICA_ATB_1,0.7127876640559366,208.0,239.0,0,0
3,2,genetico,Brats18_CBICA_ATP_1,-1.5121263604170976,385.0,812.0,1,2
3,2,genetico,Brats18_CBICA_AUN_1,0.14460207872631842,376.0,345.0,1,1
3,2,genetico,Brats18_CBICA_AUQ_1,-0.09179090591187711,1337.0,382.0,2,1
3,2,genetico,Brats18_CBICA_BHB_1,0.12356133520577145,510.0,346.0,2,1
3,2,genetico,Brats18_TCIA01_201_1,0.30431080829171075,430.0,329.0,1,0
3,2,genetico,Brats18_TCIA01_335_1,-0.1612280799229443,355.0,394.0,1,1
3,2,genetico,Brats18_TCIA01_378_1,0.9205712299359834,110.0,199.0,0,0
3,2,genetico,Brats18_TCIA01_390_1,0.9503320029620022,634.0,191.0,2,0
3,2,genetico,Brats18_TCIA01_412_1,0.565347971218686,291.0,268.0,0,0
3,2,genetico,Brats18_TCIA01_460_1,-2.708449184809069,630.0,1767.0,2,2
3,2,genetico,Brats18_TCIA01_499_1,-0.8401531989810855,600.0,515.0,2,2
3,2,genetico,Brats18_TCIA02_118_1,-0.86685490901238,104.0,519.0,0,2
3,2,genetico,Brats18_TCIA02_283_1,0.5454943310722404,262.0,269.0,0,0
3,2,genetico,Brats18_TCIA02_322_1,-0.18189883659384054,621.0,394.0,2,1
3,2,genetico,Brats18_TCIA02_331_1,0.8546454835137707,187.0,210.0,0,0
3,2,genetico,Brats18_TCIA02_455_1,-1.0330159114269426,424.0,597.0,1,2
3,2,genetico,Brats18_TCIA02_471_1,0.4386166874035582,111.0,296.0,0,0
3,2,genetico,Brats18_TCIA02_491_1,0.9380969469633349,82.0,199.0,0,0
3,2,genetico,Brats18_TCIA08_242_1,0.36360065605282277,147.0,322.0,0,0
3,3,edad,Brats18_2013_27_1,0.29555131363033144,120.0,318.0,0,0
3,3,edad,Brats18_CBICA_AAG_1,-0.22605916878223842,616.0,394.0,2,2
3,3,edad,Brats18_CBICA_AAL_1,-0.1585944126004259,464.0,387.0,2,1
3,3,edad,Brats18_CBICA_ABB_1,0.3112092280925479,465.0,317.0,2,0
3,3,edad,Brats18_CBICA_ABM_1,0.3581829714791978,503.0,291.0,2,0
3,3,edad,Brats18_CBICA_AOH_1,-0.07186346991330704,576.0,372.0,2,1
3,3,edad,Brats18_CBICA_APR_1,0.3708520241662259,23.0,291.0,0,0
3,3,edad,Brats18_CBICA_AQU_1,0.7076792538766976,30.0,210.0,0,0
3,3,edad,Brats18_CBICA_ARZ_1,0.11003023125332134,871.0,336.0,2,1
3,3,edad,Brats18_CBICA_ATV_1,0.10153220863445211,453.0,336.0,2,1
3,3,edad,Brats18_CBICA_AXL_1,0.5143648751424903,168.0,265.0,0,0
3,3,edad,Brats18_CBICA_AXM_1,0.5108794621687117,438.0,265.0,1,0
3,3,edad,Brats18_CBICA_AYA_1,0.5211841782697981,50.0,262.0,0,0
3,3,edad,Brats18_TCIA01_203_1,-0.5728300211980049,268.0,495.0,0,2
3,3,edad,Brats18_TCIA01_235_1,-0.17403320190345464,804.0,387.0,2,2
3,3,edad,Brats18_TCIA01_411_1,-0.6728685360073459,822.0,515.0,2,2
3,3,edad,Brats18_TCIA01_429_1,-0.27291309724941815,86.0,407.0,0,2
3,3,edad,Brats18_TCIA02_179_1,-0.5479693578552468,405.0,488.0,1,2
3,3,edad,Brats18_TCIA02_274_1,-0.2735420621009659,357.0,407.0,1,2
3,3,edad,Brats18_TCIA02_300_1,0.03799415989463578,127.0,355.0,0,1
3,3,edad,Brats18_TCIA02_314_1,-0.7573153431809491,362.0,558.0,1,2
3,3,edad,Brats18_TCIA03_133_1,0.017602457339191052,382.0,355.0,1,1
3,3,edad,Brats18_TCIA03_138_1,0.286137345536866,82.0,318.0,0,0
3,3,edad,Brats18_TCIA03_257_1,0.20178984860298077,425.0,329.0,1,0
3,3,edad,Brats18_TCIA03_338_1,0.43679097918918597,468.0,286.0,2,0
3,3,edad,Brats18_TCIA03_474_1,-0.06032297742625854,635.0,370.0,2,1
3,3,edad,Brats18_TCIA03_498_1,-0.1307008339731346,467.0,376.0,2,1
3,3,edad,Brats18_TCIA04_192_1,0.4214640988593633,121.0,287.0,0,0
3,3,edad,Brats18_TCIA05_277_1,0.23625050178515328,232.0,327.0,0,0
3,3,edad,Brats18_TCIA06_184_1,-0.0683009000169439,434.0,372.0,1,1
3,3,edad,Brats18_TCIA08_218_1,-0.1948221454177717,346.0,387.0,1,2
3,3,edad,Brats18_TCIA08_406_1,0.5135908979044977,82.0,265.0,0,0
3,3,coxnet,Brats18_2013_27_1,0.17035488821821257,120.0,331.0,0,0
3,3,coxnet,Brats18_CBICA_AAG_1,-0.3793152998724788,616.0,430.0,2,2
3,3,coxnet,Brats18_CBICA_AAL_1,-0.28503660130007835,464.0,401.0,2,2
3,3,coxnet,Brats18_CBICA_ABB_1,0.3726985169095759,465.0,291.0,2,0
3,3,coxnet,Brats18_CBICA_ABM_1,0.24317730953558986,503.0,322.0,2,0
3,3,coxnet,Brats18_CBICA_AOH_1,-0.13997386306387344,576.0,376.0,2,1
3,3,coxnet,Brats18_CBICA_APR_1,0.5074252826840271,23.0,265.0,0,0
3,3,coxnet,Brats18_CBICA_AQU_1,0.9988538848533748,30.0,180.0,0,0
3,3,coxnet,Brats18_CBICA_ARZ_1,0.19510637156592991,871.0,329.0,2,0
3,3,coxnet,Brats18_CBICA_ATV_1,0.0694368495744256,453.0,345.0,2,1
3,3,coxnet,Brats18_CBICA_AXL_1,0.7236422568824211,168.0,210.0,0,0
3,3,coxnet,Brats18_CBICA_AXM_1,0.3536093392357755,438.0,291.0,1,0
3,3,coxnet,Brats18_CBICA_AYA_1,0.5370906205598968,50.0,262.0,0,0
3,3,coxnet,Brats18_TCIA01_203_1,-0.1784409022534662,268.0,387.0,0,1
3,3,coxnet,Brats18_TCIA01_235_1,-0.2775454538623846,804.0,401.0,2,2
3,3,coxnet,Brats18_TCIA01_411_1,-0.8119255854625033,822.0,558.0,2,2
3,3,coxnet,Brats18_TCIA01_429_1,-0.23188486534695196,86.0,394.0,0,2
3,3,coxnet,Brats18_TCIA02_179_1,-0.606507821247884,405.0,488.0,1,2
3,3,coxnet,Brats18_TCIA02_274_1,-0.24892933463044117,357.0,394.0,1,2
3,3,coxnet,Brats18_TCIA02_300_1,0.3299887600820917,127.0,296.0,0,0
3,3,coxnet,Brats18_TCIA02_314_1,-0.4745051454156422,362.0,448.0,1,2
3,3,coxnet,Brats18_TCIA03_133_1,-0.15808693961511305,382.0,385.0,1,1
3,3,coxnet,Brats18_TCIA03_138_1,0.5870644818746867,82.0,244.0,0,0
3,3,coxnet,Brats18_TCIA03_257_1,0.16672385941583726,425.0,331.0,1,0
3,3,coxnet,Brats18_TCIA03_338_1,0.36758509610911755,468.0,291.0,2,0
3,3,coxnet,Brats18_TCIA03_474_1,0.21910093334345643,635.0,327.0,2,0
3,3,coxnet,Brats18_TCIA03_498_1,-0.377016903386341,467.0,430.0,2,2
3,3,coxnet,Brats18_TCIA04_192_1,0.17287571898796258,121.0,331.0,0,0
3,3,coxnet,Brats18_TCIA05_277_1,0.12644256536057255,232.0,333.0,0,1
3,3,coxnet,Brats18_TCIA06_184_1,0.2027930651760581,434.0,329.0,1,0
3,3,coxnet,Brats18_TCIA08_218_1,-0.42886763750082463,346.0,439.0,1,2
3,3,coxnet,Brats18_TCIA08_406_1,0.2744648407687721,82.0,318.0,0,0
3,3,genetico,Brats18_2013_27_1,0.32724830126212756,120.0,318.0,0,0
3,3,genetico,Brats18_CBICA_AAG_1,-0.7592235090176217,616.0,495.0,2,2
3,3,genetico,Brats18_CBICA_AAL_1,-1.0047740400073615,464.0,600.0,2,2
3,3,genetico,Brats18_CBICA_ABB_1,1.8390675809868204,465.0,104.0,2,0
3,3,genetico,Brats18_CBICA_ABM_1,0.23993042811191956,503.0,329.0,2,0
3,3,genetico,Brats18_CBICA_AOH_1,-0.3772711748722231,576.0,421.0,2,1
3,3,genetico,Brats18_CBICA_APR_1,0.8834556126660491,23.0,208.0,0,0
3,3,genetico,Brats18_CBICA_AQU_1,1.3597684070638891,30.0,153.0,0,0
3,3,genetico,Brats18_CBICA_ARZ_1,0.729358023154826,871.0,239.0,2,0
3,3,genetico,Brats18_CBICA_ATV_1,-0.672184749790423,453.0,486.0,2,2
3,3,genetico,Brats18_CBICA_AXL_1,1.2584471930378143,168.0,170.0,0,0
3,3,genetico,Brats18_CBICA_AXM_1,0.15563825629504563,438.0,333.0,1,0
3,3,genetico,Brats18_CBICA_AYA_1,0.4727543938292712,50.0,287.0,0,0
3,3,genetico,Brats18_TCIA01_203_1,0.3177833297175106,268.0,318.0,0,0
3,3,genetico,Brats18_TCIA01_235_1,-0.6725204097177215,804.0,486.0,2,2
3,3,genetico,Brats18_TCIA01_411_1,-1.0558528321376581,822.0,614.0,2,2
3,3,genetico,Brats18_TCIA01_429_1,-0.10968976935380229,86.0,372.0,0,1
3,3,genetico,Brats18_TCIA02_179_1,-0.5885194116971074,405.0,466.0,1,2
3,3,genetico,Brats18_TCIA02_274_1,-0.48445929414167416,357.0,439.0,1,2
3,3,genetico,Brats18_TCIA02_300_1,0.2842326408086483,127.0,322.0,0,0
3,3,genetico,Brats18_TCIA02_314_1,1.1981922029871601,362.0,175.0,1,0
3,3,genetico,Brats18_TCIA03_133_1,-0.8207339976858748,382.0,510.0,1,2
3,3,genetico,Brats18_TCIA03_138_1,1.3768819105672017,82.0,153.0,0,0
3,3,genetico,Brats18_TCIA03_257_1,-0.2977587437238385,425.0,394.0,1,1
3,3,genetico,Brats18_TCIA03_338_1,1.0240908288537711,468.0,199.0,2,0
3,3,genetico,Brats18_TCIA03_474_1,0.29296023458436804,635.0,322.0,2,0
3,3,genetico,Brats18_TCIA03_498_1,-1.254329554406135,467.0,660.0,2,2
3,3,genetico,Brats18_TCIA04_192_1,-0.05810774054831565,121.0,368.0,0,1
3,3,genetico,Brats18_TCIA05_277_1,-1.2256647459804944,232.0,634.0,0,2
3,3,genetico,Brats18_TCIA06_184_1,2.7337879494722417,434.0,67.0,1,0
3,3,genetico,Brats18_TCIA08_218_1,-1.152462471278023,346.0,626.0,1,2
3,3,genetico,Brats18_TCIA08_406_1,-1.4599733992218877,82.0,788.0,0,2
3,4,edad,Brats18_CBICA_AOD_1,-0.008532951227973134,55.0,368.0,0,1
3,4,edad,Brats18_CBICA_AOO_1,-0.6063632354535775,350.0,486.0,1,2
3,4,edad,Brats18_CBICA_APZ_1,0.07739925942744239,336.0,357.0,1,1
3,4,edad,Brats18_CBICA_AQJ_1,0.28537000383351285,170.0,317.0,0,0
3,4,edad,Brats18_CBICA_AQO_1,0.21354870946990628,473.0,331.0,2,0
3,4,edad,Brats18_CBICA_AQR_1,0.3349889544982391,89.0,291.0,0,0
3,4,edad,Brats18_CBICA_AQY_1,-0.0037338957268140405,229.0,368.0,0,1
3,4,edad,Brats18_CBICA_ASK_1,0.5414373710464047,522.0,254.0,2,0
3,4,edad,Brats18_CBICA_ASO_1,-0.1895270911120411,265.0,405.0,0,2
3,4,edad,Brats18_CBICA_ASV_1,-0.24000119710457046,597.0,424.0,2,2
3,4,edad,Brats18_CBICA_ATD_1,0.2591493484862431,355.0,318.0,1,0
3,4,edad,Brats18_CBICA_AVG_1,0.057821489278303675,579.0,359.0,2,1
3,4,edad,Brats18_CBICA_AVV_1,0.3669232411538378,387.0,289.0,1,0
3,4,edad,Brats18_CBICA_AWG_1,-0.21297987762675635,180.0,421.0,0,2
3,4,edad,Brats18_CBICA_AWH_1,-0.30874813923314504,139.0,434.0,0,2
3,4,edad,Brats18_CBICA_AWI_1,-0.523707752441416,375.0,466.0,1,2
3,4,edad,Brats18_CBICA_AXQ_1,0.1589524967477669,114.0,333.0,0,0
3,4,edad,Brats18_CBICA_AYU_1,0.07242199737002904,58.0,357.0,0,1
3,4,edad,Brats18_CBICA_AZH_1,-0.23432706599783354,401.0,424.0,1,2
3,4,edad,Brats18_TCIA01_150_1,-0.3360410308399952,1489.0,436.0,2,2
3,4,edad,Brats18_TCIA01_190_1,0.024162499356577986,322.0,362.0,1,1
3,4,edad,Brats18_TCIA01_231_1,0.10301216272397677,1561.0,355.0,2,1
3,4,edad,Brats18_TCIA02_290_1,-0.6129317091766752,737.0,486.0,2,2
3,4,edad,Brats18_TCIA03_121_1,-1.0524692797863442,747.0,634.0,2,2
3,4,edad,Brats18_TCIA03_199_1,-0.4152712761718703,1282.0,448.0,2,2
3,4,edad,Brats18_TCIA03_265_1,-0.043027516553684725,103.0,376.0,0,1
3,4,edad,Brats18_TCIA03_296_1,-0.013861098730640843,22.0,370.0,0,1
3,4,edad,Brats18_TCIA03_419_1,0.3378312348058269,327.0,291.0,1,0
3,4,edad,Brats18_TCIA04_479_1,-0.15318869608935765,372.0,394.0,1,1
3,4,edad,Brats18_TCIA06_247_1,0.549123421810963,244.0,254.0,0,0
3,4,edad,Brats18_TCIA08_278_1,-0.35728442412985184,1458.0,438.0,2,2
3,4,edad,Brats18_TCIA08_280_1,-0.11990507337788854,508.0,387.0,2,1
3,4,coxnet,Brats18_CBICA_AOD_1,-0.02304470355987247,55.0,368.0,0,1
3,4,coxnet,Brats18_CBICA_AOO_1,-0.5927808989965284,350.0,468.0,1,2
3,4,coxnet,Brats18_CBICA_APZ_1,0.11271532896495005,336.0,346.0,1,1
3,4,coxnet,Brats18_CBICA_AQJ_1,0.48786107006504764,170.0,268.0,0,0
3,4,coxnet,Brats18_CBICA_AQO_1,0.23054561735475754,473.0,329.0,2,0
3,4,coxnet,Brats18_CBICA_AQR_1,0.3042991521999532,89.0,296.0,0,0
3,4,coxnet,Brats18_CBICA_AQY_1,0.14030916799806784,229.0,345.0,0,1
3,4,coxnet,Brats18_CBICA_ASK_1,0.5883073065232367,522.0,239.0,2,0
3,4,coxnet,Brats18_CBICA_ASO_1,-0.1899416877576685,265.0,405.0,0,2
3,4,coxnet,Brats18_CBICA_ASV_1,-0.21316201289091535,597.0,407.0,2,2
3,4,coxnet,Brats18_CBICA_ATD_1,0.10298911422327098,355.0,346.0,1,1
3,4,coxnet,Brats18_CBICA_AVG_1,0.08107419854919941,579.0,355.0,2,1
3,4,coxnet,Brats18_CBICA_AVV_1,0.45201220954458243,387.0,269.0,1,0
3,4,coxnet,Brats18_CBICA_AWG_1,-0.1909077066010701,180.0,405.0,0,2
3,4,coxnet,Brats18_CBICA_AWH_1,-0.3816986833652393,139.0,439.0,0,2
3,4,coxnet,Brats18_CBICA_AWI_1,-0.4577659883755362,375.0,448.0,1,2
3,4,coxnet,Brats18_CBICA_AXQ_1,0.11923690473952954,114.0,346.0,0,1
3,4,coxnet,Brats18_CBICA_AYU_1,-0.10612856727067821,58.0,385.0,0,1
3,4,coxnet,Brats18_CBICA_AZH_1,-0.45202055749689996,401.0,448.0,1,2
3,4,coxnet,Brats18_TCIA01_150_1,-0.21862993793154073,1489.0,407.0,2,2
3,4,coxnet,Brats18_TCIA01_190_1,0.08809904362812078,322.0,355.0,1,1
3,4,coxnet,Brats18_TCIA01_231_1,0.11903549786518916,1561.0,346.0,2,1
3,4,coxnet,Brats18_TCIA02_290_1,-0.6349046084538158,737.0,486.0,2,2
3,4,coxnet,Brats18_TCIA03_121_1,-1.007018711022869,747.0,621.0,2,2
3,4,coxnet,Brats18_TCIA03_199_1,-0.56138924967883,1282.0,467.0,2,2
3,4,coxnet,Brats18_TCIA03_265_1,-0.08346394414277845,103.0,382.0,0,1
3,4,coxnet,Brats18_TCIA03_296_1,-0.0056254032190097055,22.0,368.0,0,1
3,4,coxnet,Brats18_TCIA03_419_1,0.30804431411641814,327.0,296.0,1,0
3,4,coxnet,Brats18_TCIA04_479_1,-0.10064936906522941,372.0,385.0,1,1
3,4,coxnet,Brats18_TCIA06_247_1,0.6331152399717653,244.0,213.0,0,0
3,4,coxnet,Brats18_TCIA08_278_1,-0.3457060493257236,1458.0,436.0,2,2
3,4,coxnet,Brats18_TCIA08_280_1,-0.03844644324211544,508.0,370.0,2,1
3,4,genetico,Brats18_CBICA_AOD_1,0.4862597579420003,55.0,286.0,0,0
3,4,genetico,Brats18_CBICA_AOO_1,-0.1700589282255034,350.0,394.0,1,1
3,4,genetico,Brats18_CBICA_APZ_1,0.1991138133959054,336.0,333.0,1,1
3,4,genetico,Brats18_CBICA_AQJ_1,0.9595631750995993,170.0,191.0,0,0
3,4,genetico,Brats18_CBICA_AQO_1,-0.1293510127577348,473.0,387.0,2,1
3,4,genetico,Brats18_CBICA_AQR_1,0.28256870644234955,89.0,329.0,0,0
3,4,genetico,Brats18_CBICA_AQY_1,0.40050857290468844,229.0,291.0,0,0
3,4,genetico,Brats18_CBICA_ASK_1,0.6728033447894622,522.0,232.0,2,0
3,4,genetico,Brats18_CBICA_ASO_1,0.18659959242836988,265.0,333.0,0,1
3,4,genetico,Brats18_CBICA_ASV_1,-0.024845485740453782,597.0,370.0,2,1
3,4,genetico,Brats18_CBICA_ATD_1,-0.441968278286912,355.0,448.0,1,2
3,4,genetico,Brats18_CBICA_AVG_1,0.15665229712161136,579.0,345.0,2,1
3,4,genetico,Brats18_CBICA_AVV_1,0.8620852766499547,387.0,208.0,1,0
3,4,genetico,Brats18_CBICA_AWG_1,-0.27038847076774536,180.0,424.0,0,2
3,4,genetico,Brats18_CBICA_AWH_1,-0.8652304869732251,139.0,519.0,0,2
3,4,genetico,Brats18_CBICA_AWI_1,-0.4653947044489865,375.0,448.0,1,2
3,4,genetico,Brats18_CBICA_AXQ_1,0.02307419579506126,114.0,362.0,0,1
3,4,genetico,Brats18_CBICA_AYU_1,-0.5464869705213626,58.0,464.0,0,2
3,4,genetico,Brats18_CBICA_AZH_1,-0.7671098086353224,401.0,495.0,1,2
3,4,genetico,Brats18_TCIA01_150_1,-0.39345405746986317,1489.0,438.0,2,2
3,4,genetico,Brats18_TCIA01_190_1,0.7183968315157833,322.0,213.0,1,0
3,4,genetico,Brats18_TCIA01_231_1,0.2647521031321244,1561.0,331.0,2,1
3,4,genetico,Brats18_TCIA02_290_1,-0.08293524698619023,737.0,385.0,2,1
3,4,genetico,Brats18_TCIA03_121_1,-0.9769631961257426,747.0,610.0,2,2
3,4,genetico,Brats18_TCIA03_199_1,-0.7897458928081872,1282.0,503.0,2,2
3,4,genetico,Brats18_TCIA03_265_1,-0.16858977412054388,103.0,394.0,0,1
3,4,genetico,Brats18_TCIA03_296_1,-0.06750552169883983,22.0,382.0,0,1
3,4,genetico,Brats18_TCIA03_419_1,0.2681704139882602,327.0,329.0,1,1
3,4,genetico,Brats18_TCIA04_479_1,-0.3068141754069816,372.0,430.0,1,2
3,4,genetico,Brats18_TCIA06_247_1,0.7846991106795836,244.0,209.0,0,0
3,4,genetico,Brats18_TCIA08_278_1,-0.6091901653063417,1458.0,467.0,2,2
3,4,genetico,Brats18_TCIA08_280_1,-0.1082034782611595,508.0,387.0,2,1
4,0,edad,Brats18_2013_11_1,-1.144175999873446,150.0,660.0,0,2
4,0,edad,Brats18_CBICA_AAL_1,-0.2164812417108979,464.0,394.0,2,2
4,0,edad,Brats18_CBICA_ABE_1,0.2560053661853208,269.0,331.0,0,0
4,0,edad,Brats18_CBICA_ANZ_1,0.29000966552943075,287.0,327.0,0,0
4,0,edad,Brats18_CBICA_AQG_1,-0.10733562199728783,466.0,375.0,2,1
4,0,edad,Brats18_CBICA_AQJ_1,0.3520355681670747,170.0,318.0,0,0
4,0,edad,Brats18_CBICA_AQR_1,0.4123588292583462,89.0,296.0,0,0
4,0,edad,Brats18_CBICA_ARF_1,0.5575862918959206,726.0,262.0,2,0
4,0,edad,Brats18_CBICA_ARW_1,-0.44586813193556085,495.0,465.0,2,2
4,0,edad,Brats18_CBICA_ASN_1,-0.6274208807630512,407.0,503.0,1,2
4,0,edad,Brats18_CBICA_ASO_1,-0.1536448357302738,265.0,382.0,0,1
4,0,edad,Brats18_CBICA_AVG_1,0.11722508923054054,579.0,346.0,2,1
4,0,edad,Brats18_CBICA_AVJ_1,-0.5501507315912918,614.0,476.0,2,2
4,0,edad,Brats18_CBICA_AVV_1,0.44636312860245625,387.0,289.0,1,0
4,0,edad,Brats18_CBICA_AXM_1,0.3837188806653786,438.0,317.0,1,0
4,0,edad,Brats18_CBICA_AXW_1,0.7012295889085799,191.0,210.0,0,0
4,0,edad,Brats18_CBICA_AZD_1,-0.5127938956921286,448.0,473.0,1,2
4,0,edad,Brats18_TCIA01_231_1,0.0818929186315844,1561.0,355.0,2,1
4,0,edad,Brats18_TCIA02_151_1,-0.5013747598255643,1731.0,468.0,2,2
4,0,edad,Brats18_TCIA02_198_1,-0.26905502887869837,394.0,405.0,1,2
4,0,edad,Brats18_TCIA02_321_1,0.7231484271728381,67.0,209.0,0,0
4,0,edad,Brats18_TCIA02_377_1,0.08030875300666923,812.0,355.0,2,1
4,0,edad,Brats18_TCIA02_455_1,-0.24823982938853364,424.0,401.0,1,2
4,0,edad,Brats18_TCIA02_473_1,-0.020635754255368968,175.0,362.0,0,1
4,0,edad,Brats18_TCIA02_491_1,0.7195011621294286,82.0,209.0,0,0
4,0,edad,Brats18_TCIA03_121_1,-1.1484879970729,747.0,698.0,2,2
4,0,edad,Brats18_TCIA03_199_1,-0.4699861758156165,1282.0,467.0,2,2
4,0,edad,Brats18_TCIA06_165_1,-0.36200502589407146,5.0,439.0,0,2
4,0,edad,Brats18_TCIA06_184_1,-0.01529380040391063,434.0,362.0,1,1
4,0,edad,Brats18_TCIA06_247_1,0.5569215597398761,244.0,262.0,0,0
4,0,edad,Brats18_TCIA06_372_1,0.47668172878486925,213.0,286.0,0,0
4,0,edad,Brats18_TCIA08_167_1,0.4909023783480614,153.0,286.0,0,0
4,0,edad,Brats18_TCIA08_242_1,0.18040591586468288,147.0,336.0,0,0
4,0,coxnet,Brats18_2013_11_1,-1.4309458141767302,150.0,822.0,0,2
4,0,coxnet,Brats18_CBICA_AAL_1,-0.48035182072860333,464.0,465.0,2,2
4,0,coxnet,Brats18_CBICA_ABE_1,0.37162681077386367,269.0,317.0,0,0
4,0,coxnet,Brats18_CBICA_ANZ_1,0.25831878637622996,287.0,329.0,0,0
4,0,coxnet,Brats18_CBICA_AQG_1,0.041729120900809866,466.0,355.0,2,1
4,0,coxnet,Brats18_CBICA_AQJ_1,0.6562885852662279,170.0,229.0,0,0
4,0,coxnet,Brats18_CBICA_AQR_1,0.31103690925605987,89.0,322.0,0,0
4,0,coxnet,Brats18_CBICA_ARF_1,0.6263553298526213,726.0,232.0,2,0
4,0,coxnet,Brats18_CBICA_ARW_1,-0.42940531571394364,495.0,448.0,2,2
4,0,coxnet,Brats18_CBICA_ASN_1,-0.3356937085536264,407.0,425.0,1,2
4,0,coxnet,Brats18_CBICA_ASO_1,-0.0010969272724784982,265.0,357.0,0,1
4,0,coxnet,Brats18_CBICA_AVG_1,-0.02293220758989032,579.0,359.0,2,1
4,0,coxnet,Brats18_CBICA_AVJ_1,-0.6561338861005508,614.0,495.0,2,2
4,0,coxnet,Brats18_CBICA_AVV_1,0.5806981118962801,387.0,254.0,1,0
4,0,coxnet,Brats18_CBICA_AXM_1,0.39185042898849304,438.0,296.0,1,0
4,0,coxnet,Brats18_CBICA_AXW_1,0.6282912438898319,191.0,232.0,0,0
4,0,coxnet,Brats18_CBICA_AZD_1,-0.7227073969679337,448.0,510.0,1,2
4,0,coxnet,Brats18_TCIA01_231_1,0.10187752962789433,1561.0,346.0,2,1
4,0,coxnet,Brats18_TCIA02_151_1,-0.5879462506734721,1731.0,476.0,2,2
4,0,coxnet,Brats18_TCIA02_198_1,-0.39352054250844326,394.0,439.0,1,2
4,0,coxnet,Brats18_TCIA02_321_1,0.8878861200484275,67.0,187.0,0,0
4,0,coxnet,Brats18_TCIA02_377_1,0.18291013312021312,812.0,333.0,2,1
4,0,coxnet,Brats18_TCIA02_455_1,-0.28122989962313344,424.0,405.0,1,2
4,0,coxnet,Brats18_TCIA02_473_1,-0.14913001709038995,175.0,376.0,0,1
4,0,coxnet,Brats18_TCIA02_491_1,1.0029554466535895,82.0,169.0,0,0
4,0,coxnet,Brats18_TCIA03_121_1,-1.1976593491826821,747.0,660.0,2,2
4,0,coxnet,Brats18_TCIA03_199_1,-0.5213409579484632,1282.0,467.0,2,2
4,0,coxnet,Brats18_TCIA06_165_1,-0.414256268036581,5.0,448.0,0,2
4,0,coxnet,Brats18_TCIA06_184_1,0.026307184258035944,434.0,355.0,1,1
4,0,coxnet,Brats18_TCIA06_247_1,0.681129806665863,244.0,229.0,0,0
4,0,coxnet,Brats18_TCIA06_372_1,0.44099368982636455,213.0,289.0,0,0
4,0,coxnet,Brats18_TCIA08_167_1,0.641676410058975,153.0,232.0,0,0
4,0,coxnet,Brats18_TCIA08_242_1,0.18480880129107527,147.0,333.0,0,1
4,0,genetico,Brats18_2013_11_1,-0.6819970831836627,150.0,486.0,0,2
4,0,genetico,Brats18_CBICA_AAL_1,0.19011930263233068,464.0,355.0,2,1
4,0,genetico,Brats18_CBICA_ABE_1,0.12833144114009887,269.0,357.0,0,1
4,0,genetico,Brats18_CBICA_ANZ_1,0.3109571215043463,287.0,336.0,0,1
4,0,genetico,Brats18_CBICA_AQG_1,-0.5404070987581413,466.0,465.0,2,2
4,0,genetico,Brats18_CBICA_AQJ_1,0.6085253311810722,170.0,291.0,0,0
4,0,genetico,Brats18_CBICA_AQR_1,0.3208901720542511,89.0,333.0,0,1
4,0,genetico,Brats18_CBICA_ARF_1,0.8216920971469869,726.0,239.0,2,0
4,0,genetico,Brats18_CBICA_ARW_1,-0.9788818074507107,495.0,522.0,2,2
4,0,genetico,Brats18_CBICA_ASN_1,0.33400575173182523,407.0,333.0,1,1
4,0,genetico,Brats18_CBICA_ASO_1,0.4700002924392457,265.0,327.0,0,0
4,0,genetico,Brats18_CBICA_AVG_1,0.02306367451781366,579.0,368.0,2,1
4,0,genetico,Brats18_CBICA_AVJ_1,-0.9865066503897637,614.0,558.0,2,2
4,0,genetico,Brats18_CBICA_AVV_1,1.6233636517731762,387.0,114.0,1,0
4,0,genetico,Brats18_CBICA_AXM_1,-0.24861030787548355,438.0,401.0,1,1
4,0,genetico,Brats18_CBICA_AXW_1,0.7157804710319813,191.0,268.0,0,0
4,0,genetico,Brats18_CBICA_AZD_1,-0.43375910328509976,448.0,448.0,1,2
4,0,genetico,Brats18_TCIA01_231_1,1.0663390318745047,1561.0,203.0,2,0
4,0,genetico,Brats18_TCIA02_151_1,-0.13950350604094852,1731.0,382.0,2,1
4,0,genetico,Brats18_TCIA02_198_1,0.09011228730509058,394.0,359.0,1,1
4,0,genetico,Brats18_TCIA02_321_1,0.403981770289696,67.0,331.0,0,0
4,0,genetico,Brats18_TCIA02_377_1,0.4845554338129623,812.0,322.0,2,0
4,0,genetico,Brats18_TCIA02_455_1,0.24217905112977367,424.0,346.0,1,1
4,0,genetico,Brats18_TCIA02_473_1,0.6545531049055721,175.0,289.0,0,0
4,0,genetico,Brats18_TCIA02_491_1,1.2860824582405053,82.0,169.0,0,0
4,0,genetico,Brats18_TCIA03_121_1,0.07473850578493679,747.0,359.0,2,1
4,0,genetico,Brats18_TCIA03_199_1,1.4911068053155718,1282.0,121.0,2,0
4,0,genetico,Brats18_TCIA06_165_1,-0.7127333448096038,5.0,488.0,0,2
4,0,genetico,Brats18_TCIA06_184_1,-0.21588257617907924,434.0,394.0,1,1
4,0,genetico,Brats18_TCIA06_247_1,1.1246671018067549,244.0,187.0,0,0
4,0,genetico,Brats18_TCIA06_372_1,0.29023333021784503,213.0,336.0,0,1
4,0,genetico,Brats18_TCIA08_167_1,2.5351604019271816,153.0,71.0,0,0
4,0,genetico,Brats18_TCIA08_242_1,1.3408884237405765,147.0,152.0,0,0
4,1,edad,Brats18_2013_27_1,0.2668654963631954,120.0,333.0,0,0
4,1,edad,Brats18_CBICA_AAB_1,0.03849971445630957,289.0,368.0,0,1
4,1,edad,Brats18_CBICA_ABB_1,0.28115913336755644,465.0,329.0,2,0
4,1,edad,Brats18_CBICA_ABO_1,-0.08370634906512059,1155.0,387.0,2,1
4,1,edad,Brats18_CBICA_ALU_1,0.20277077313645142,495.0,346.0,2,0
4,1,edad,Brats18_CBICA_ALX_1,0.015231003053861124,698.0,370.0,2,1
4,1,edad,Brats18_CBICA_ANP_1,0.07300993318565493,486.0,362.0,2,1
4,1,edad,Brats18_CBICA_AOP_1,0.26121452359402947,332.0,333.0,1,0
4,1,edad,Brats18_CBICA_AOZ_1,-0.3784332871275606,331.0,448.0,1,2
4,1,edad,Brats18_CBICA_APR_1,0.2387913555710367,23.0,336.0,0,0
4,1,edad,Brats18_CBICA_AQQ_1,0.4590281980399246,33.0,269.0,0,0
4,1,edad,Brats18_CBICA_AQU_1,0.5462707562462472,30.0,254.0,0,0
4,1,edad,Brats18_CBICA_AQV_1,-0.17608615524341215,84.0,407.0,0,2
4,1,edad,Brats18_CBICA_AQZ_1,0.258161802335932,286.0,333.0,0,0
4,1,edad,Brats18_CBICA_ARZ_1,0.0006950216231269568,871.0,375.0,2,1
4,1,edad,Brats18_CBICA_ASG_1,0.08787714161801458,208.0,359.0,0,1
4,1,edad,Brats18_CBICA_ASW_1,0.2771097732014161,239.0,333.0,0,0
4,1,edad,Brats18_CBICA_ATF_1,0.28820018499972605,152.0,329.0,0,0
4,1,edad,Brats18_CBICA_ATP_1,-0.2296646296804784,385.0,424.0,1,2
4,1,edad,Brats18_CBICA_AXJ_1,-0.9482145254303703,1767.0,616.0,2,2
4,1,edad,Brats18_CBICA_AXQ_1,0.21434469062624056,114.0,345.0,0,0
4,1,edad,Brats18_CBICA_AYA_1,0.4728389209334396,50.0,265.0,0,0
4,1,edad,Brats18_CBICA_AYW_1,-0.4122511449524347,734.0,448.0,2,2
4,1,edad,Brats18_TCIA01_203_1,-0.531556174324988,268.0,468.0,0,2
4,1,edad,Brats18_TCIA01_335_1,-0.2732432586520941,355.0,430.0,1,2
4,1,edad,Brats18_TCIA01_460_1,-1.345991292516398,630.0,828.0,2,2
4,1,edad,Brats18_TCIA02_179_1,-0.5088616259311716,405.0,467.0,1,2
4,1,edad,Brats18_TCIA02_290_1,-0.6165927378139358,737.0,495.0,2,2
4,1,edad,Brats18_TCIA02_322_1,-0.1859704813400539,621.0,407.0,2,2
4,1,edad,Brats18_TCIA02_471_1,0.39580774193258994,111.0,291.0,0,0
4,1,edad,Brats18_TCIA03_419_1,0.2138282873020132,327.0,345.0,1,0
4,1,edad,Brats18_TCIA04_343_1,-0.3274865534149443,296.0,438.0,0,2
4,1,edad,Brats18_TCIA04_479_1,-0.2150412610402557,372.0,424.0,1,2
4,1,coxnet,Brats18_2013_27_1,0.25189755339870906,120.0,333.0,0,0
4,1,coxnet,Brats18_CBICA_AAB_1,0.18654583501055375,289.0,346.0,0,0
4,1,coxnet,Brats18_CBICA_ABB_1,0.27591539508430235,465.0,329.0,2,0
4,1,coxnet,Brats18_CBICA_ABO_1,0.26278353392469683,1155.0,333.0,2,0
4,1,coxnet,Brats18_CBICA_ALU_1,0.12630660804289026,495.0,355.0,2,1
4,1,coxnet,Brats18_CBICA_ALX_1,-0.17591335444547,698.0,401.0,2,2
4,1,coxnet,Brats18_CBICA_ANP_1,0.004233278219210353,486.0,370.0,2,1
4,1,coxnet,Brats18_CBICA_AOP_1,0.07210068504136746,332.0,359.0,1,1
4,1,coxnet,Brats18_CBICA_AOZ_1,-0.3765637167501113,331.0,439.0,1,2
4,1,coxnet,Brats18_CBICA_APR_1,0.3805652352657035,23.0,291.0,0,0
4,1,coxnet,Brats18_CBICA_AQQ_1,0.7302337918606278,33.0,209.0,0,0
4,1,coxnet,Brats18_CBICA_AQU_1,0.8087359806655532,30.0,199.0,0,0
4,1,coxnet,Brats18_CBICA_AQV_1,-0.26112629305006396,84.0,424.0,0,2
4,1,coxnet,Brats18_CBICA_AQZ_1,0.4343611760849758,286.0,269.0,0,0
4,1,coxnet,Brats18_CBICA_ARZ_1,0.06018925638608063,871.0,362.0,2,1
4,1,coxnet,Brats18_CBICA_ASG_1,0.44912145230745665,208.0,269.0,0,0
4,1,coxnet,Brats18_CBICA_ASW_1,0.33073889999044337,239.0,318.0,0,0
4,1,coxnet,Brats18_CBICA_ATF_1,0.24223420161763004,152.0,333.0,0,0
4,1,coxnet,Brats18_CBICA_ATP_1,-0.26299168179789534,385.0,425.0,1,2
4,1,coxnet,Brats18_CBICA_AXJ_1,-0.8844718618426752,1767.0,579.0,2,2
4,1,coxnet,Brats18_CBICA_AXQ_1,0.21133861991233452,114.0,345.0,0,0
4,1,coxnet,Brats18_CBICA_AYA_1,0.5333653719447687,50.0,254.0,0,0
4,1,coxnet,Brats18_CBICA_AYW_1,-0.39636869715633066,734.0,448.0,2,2
4,1,coxnet,Brats18_TCIA01_203_1,-0.211847396804647,268.0,407.0,0,2
4,1,coxnet,Brats18_TCIA01_335_1,-0.33074924017338103,355.0,436.0,1,2
4,1,coxnet,Brats18_TCIA01_460_1,-1.1581021098587647,630.0,635.0,2,2
4,1,coxnet,Brats18_TCIA02_179_1,-0.47952066267902743,405.0,453.0,1,2
4,1,coxnet,Brats18_TCIA02_290_1,-0.4263677866459197,737.0,448.0,2,2
4,1,coxnet,Brats18_TCIA02_322_1,-0.5020208118737607,621.0,464.0,2,2
4,1,coxnet,Brats18_TCIA02_471_1,0.39510971782215953,111.0,291.0,0,0
4,1,coxnet,Brats18_TCIA03_419_1,0.27733879902719993,327.0,329.0,1,0
4,1,coxnet,Brats18_TCIA04_343_1,-0.40079753223894915,296.0,448.0,0,2
4,1,coxnet,Brats18_TCIA04_479_1,-0.32395649827776446,372.0,434.0,1,2
4,1,genetico,Brats18_2013_27_1,-0.13341237361094477,120.0,394.0,0,1
4,1,genetico,Brats18_CBICA_AAB_1,0.31285650330737824,289.0,329.0,0,0
4,1,genetico,Brats18_CBICA_ABB_1,0.1611143022231538,465.0,355.0,2,1
4,1,genetico,Brats18_CBICA_ABO_1,1.1197592567023091,1155.0,169.0,2,0
4,1,genetico,Brats18_CBICA_ALU_1,0.024328251346744073,495.0,370.0,2,1
4,1,genetico,Brats18_CBICA_ALX_1,-0.24858700923639965,698.0,425.0,2,2
4,1,genetico,Brats18_CBICA_ANP_1,-0.22488800879893922,486.0,424.0,2,2
4,1,genetico,Brats18_CBICA_AOP_1,0.3238352444165876,332.0,329.0,1,0
4,1,genetico,Brats18_CBICA_AOZ_1,-0.9188679173284486,331.0,597.0,1,2
4,1,genetico,Brats18_CBICA_APR_1,0.13460705527014633,23.0,357.0,0,1
4,1,genetico,Brats18_CBICA_AQQ_1,1.0652399418037248,33.0,172.0,0,0
4,1,genetico,Brats18_CBICA_AQU_1,0.7724550812380956,30.0,209.0,0,0
4,1,genetico,Brats18_CBICA_AQV_1,-0.36435646477204753,84.0,439.0,0,2
4,1,genetico,Brats18_CBICA_AQZ_1,0.33871581490341773,286.0,322.0,0,0
4,1,genetico,Brats18_CBICA_ARZ_1,-0.36094331028486604,871.0,439.0,2,2
4,1,genetico,Brats18_CBICA_ASG_1,1.0789678812311534,208.0,170.0,0,0
4,1,genetico,Brats18_CBICA_ASW_1,0.3281560240970381,239.0,329.0,0,0
4,1,genetico,Brats18_CBICA_ATF_1,0.2989973641568902,152.0,333.0,0,0
4,1,genetico,Brats18_CBICA_ATP_1,-0.07007464406954128,385.0,387.0,1,1
4,1,genetico,Brats18_CBICA_AXJ_1,-0.8589318256223084,1767.0,576.0,2,2
4,1,genetico,Brats18_CBICA_AXQ_1,0.3388772458079693,114.0,322.0,0,0
4,1,genetico,Brats18_CBICA_AYA_1,0.5456857993194667,50.0,262.0,0,0
4,1,genetico,Brats18_CBICA_AYW_1,-0.6161685794711114,734.0,488.0,2,2
4,1,genetico,Brats18_TCIA01_203_1,-0.020418245788298983,268.0,376.0,0,1
4,1,genetico,Brats18_TCIA01_335_1,-0.10382915164027753,355.0,394.0,1,1
4,1,genetico,Brats18_TCIA01_460_1,-1.1614197850357157,630.0,635.0,2,2
4,1,genetico,Brats18_TCIA02_179_1,-0.9642251191127468,405.0,610.0,1,2
4,1,genetico,Brats18_TCIA02_290_1,-0.36315386696561097,737.0,439.0,2,2
4,1,genetico,Brats18_TCIA02_322_1,-0.5385883997321148,621.0,468.0,2,2
4,1,genetico,Brats18_TCIA02_471_1,0.21757121487525574,111.0,346.0,0,0
4,1,genetico,Brats18_TCIA03_419_1,0.7833462341866135,327.0,208.0,1,0
4,1,genetico,Brats18_TCIA04_343_1,-0.6310501073242931,296.0,495.0,0,2
4,1,genetico,Brats18_TCIA04_479_1,-0.5272333257875405,372.0,467.0,1,2
4,2,edad,Brats18_CBICA_ABM_1,0.3770451538603552,503.0,287.0,2,0
4,2,edad,Brats18_CBICA_ABY_1,-0.4213643756759159,515.0,439.0,2,2
4,2,edad,Brats18_CBICA_ALN_1,0.20570237150018317,421.0,327.0,1,0
4,2,edad,Brats18_CBICA_ANG_1,-0.14743338276191653,368.0,387.0,1,1
4,2,edad,Brats18_CBICA_AOD_1,-0.022999167798044774,55.0,362.0,0,1
4,2,edad,Brats18_CBICA_AOO_1,-0.5771922741071072,350.0,476.0,1,2
4,2,edad,Brats18_CBICA_APY_1,-0.364764850485491,203.0,436.0,0,2
4,2,edad,Brats18_CBICA_APZ_1,0.17312859677461437,336.0,329.0,1,0
4,2,edad,Brats18_CBICA_AQA_1,0.6162530217255967,106.0,239.0,0,0
4,2,edad,Brats18_CBICA_AQO_1,0.3010026217365013,473.0,291.0,2,0
4,2,edad,Brats18_CBICA_ASA_1,0.31027938205257855,210.0,291.0,0,0
4,2,edad,Brats18_CBICA_ASU_1,0.9595684684765746,85.0,170.0,0,0
4,2,edad,Brats18_CBICA_ASY_1,0.4120400025263126,610.0,269.0,2,0
4,2,edad,Brats18_CBICA_ATB_1,0.4220332795905493,208.0,269.0,0,0
4,2,edad,Brats18_CBICA_ATX_1,-0.8506044583224056,1592.0,614.0,2,2
4,2,edad,Brats18_CBICA_AUN_1,0.32486782187673624,376.0,291.0,1,0
4,2,edad,Brats18_CBICA_AUQ_1,-0.014290593212710676,1337.0,362.0,2,1
4,2,edad,Brats18_CBICA_AWG_1,-0.1558454952337075,180.0,387.0,0,2
4,2,edad,Brats18_CBICA_AWH_1,-0.2584213865196854,139.0,407.0,0,2
4,2,edad,Brats18_CBICA_AXN_1,0.9644107163179969,345.0,170.0,1,0
4,2,edad,Brats18_CBICA_BHB_1,-0.153510856089554,510.0,387.0,2,1
4,2,edad,Brats18_TCIA01_190_1,0.012020419364256275,322.0,359.0,1,1
4,2,edad,Brats18_TCIA01_401_1,0.6518597759190602,448.0,229.0,1,0
4,2,edad,Brats18_TCIA01_429_1,-0.2303373584573829,86.0,405.0,0,2
4,2,edad,Brats18_TCIA02_274_1,-0.23104145597704814,357.0,405.0,1,2
4,2,edad,Brats18_TCIA02_394_1,0.11285459573316739,616.0,333.0,2,1
4,2,edad,Brats18_TCIA03_133_1,0.09488158009960551,382.0,333.0,1,1
4,2,edad,Brats18_TCIA03_338_1,0.5641440480744393,468.0,244.0,2,0
4,2,edad,Brats18_TCIA03_474_1,0.007647603189492681,635.0,359.0,2,1
4,2,edad,Brats18_TCIA04_149_1,-0.9023428543316337,448.0,621.0,1,2
4,2,edad,Brats18_TCIA04_192_1,0.5469863032531217,121.0,254.0,0,0
4,2,edad,Brats18_TCIA06_409_1,0.29884751421738864,99.0,296.0,0,0
4,2,edad,Brats18_TCIA08_469_1,0.09995849379403435,519.0,333.0,2,1
4,2,coxnet,Brats18_CBICA_ABM_1,0.3770398929139991,503.0,287.0,2,0
4,2,coxnet,Brats18_CBICA_ABY_1,-0.4213672516004226,515.0,439.0,2,2
4,2,coxnet,Brats18_CBICA_ALN_1,0.2057027051414363,421.0,327.0,1,0
4,2,coxnet,Brats18_CBICA_ANG_1,-0.1474372441498972,368.0,387.0,1,1
4,2,coxnet,Brats18_CBICA_AOD_1,-0.022995826391291302,55.0,362.0,0,1
4,2,coxnet,Brats18_CBICA_AOO_1,-0.5771947032883138,350.0,476.0,1,2
4,2,coxnet,Brats18_CBICA_APY_1,-0.3647628948947538,203.0,436.0,0,2
4,2,coxnet,Brats18_CBICA_APZ_1,0.17312899217132743,336.0,329.0,1,0
4,2,coxnet,Brats18_CBICA_AQA_1,0.616247030453466,106.0,239.0,0,0
4,2,coxnet,Brats18_CBICA_AQO_1,0.3009974662902405,473.0,291.0,2,0
4,2,coxnet,Brats18_CBICA_ASA_1,0.3102793673784375,210.0,291.0,0,0
4,2,coxnet,Brats18_CBICA_ASU_1,0.9595665172898273,85.0,170.0,0,0
4,2,coxnet,Brats18_CBICA_ASY_1,0.4120396213630725,610.0,269.0,2,0
4,2,coxnet,Brats18_CBICA_ATB_1,0.42202765629760797,208.0,269.0,0,0
4,2,coxnet,Brats18_CBICA_ATX_1,-0.8506060735182397,1592.0,614.0,2,2
4,2,coxnet,Brats18_CBICA_AUN_1,0.324862607148027,376.0,291.0,1,0
4,2,coxnet,Brats18_CBICA_AUQ_1,-0.014287334791835481,1337.0,362.0,2,1
4,2,coxnet,Brats18_CBICA_AWG_1,-0.15584917471360657,180.0,387.0,0,2
4,2,coxnet,Brats18_CBICA_AWH_1,-0.2584247762765788,139.0,407.0,0,2
4,2,coxnet,Brats18_CBICA_AXN_1,0.9644036105820636,345.0,170.0,1,0
4,2,coxnet,Brats18_CBICA_BHB_1,-0.15351461495101124,510.0,387.0,2,1
4,2,coxnet,Brats18_TCIA01_190_1,0.01202334570479158,322.0,359.0,1,1
4,2,coxnet,Brats18_TCIA01_401_1,0.651860139967476,448.0,229.0,1,0
4,2,coxnet,Brats18_TCIA01_429_1,-0.2303334897516202,86.0,405.0,0,2
4,2,coxnet,Brats18_TCIA02_274_1,-0.23103773241698494,357.0,405.0,1,2
4,2,coxnet,Brats18_TCIA02_394_1,0.11285736080026512,616.0,333.0,2,1
4,2,coxnet,Brats18_TCIA03_133_1,0.09488447634910864,382.0,333.0,1,1
4,2,coxnet,Brats18_TCIA03_338_1,0.5641453519613995,468.0,244.0,2,0
4,2,coxnet,Brats18_TCIA03_474_1,0.007650840831544987,635.0,359.0,2,1
4,2,coxnet,Brats18_TCIA04_149_1,-0.9023371333581806,448.0,621.0,1,2
4,2,coxnet,Brats18_TCIA04_192_1,0.5469859198908786,121.0,254.0,0,0
4,2,coxnet,Brats18_TCIA06_409_1,0.29884976264456997,99.0,296.0,0,0
4,2,coxnet,Brats18_TCIA08_469_1,0.09996094299874488,519.0,333.0,2,1
4,2,genetico,Brats18_CBICA_ABM_1,0.18578322751547366,503.0,329.0,2,1
4,2,genetico,Brats18_CBICA_ABY_1,-1.0572736519659394,515.0,621.0,2,2
4,2,genetico,Brats18_CBICA_ALN_1,0.21171428301361994,421.0,327.0,1,1
4,2,genetico,Brats18_CBICA_ANG_1,-0.8802755468484721,368.0,576.0,1,2
4,2,genetico,Brats18_CBICA_AOD_1,1.5312618576648802,55.0,111.0,0,0
4,2,genetico,Brats18_CBICA_AOO_1,-0.7133022402902897,350.0,488.0,1,2
4,2,genetico,Brats18_CBICA_APY_1,-0.6615934913921085,203.0,476.0,0,2
4,2,genetico,Brats18_CBICA_APZ_1,0.2874748446139739,336.0,296.0,1,0
4,2,genetico,Brats18_CBICA_AQA_1,0.6250773291085235,106.0,239.0,0,0
4,2,genetico,Brats18_CBICA_AQO_1,0.1508594573267579,473.0,331.0,2,1
4,2,genetico,Brats18_CBICA_ASA_1,1.182412654059582,210.0,153.0,0,0
4,2,genetico,Brats18_CBICA_ASU_1,1.2544938071917202,85.0,150.0,0,0
4,2,genetico,Brats18_CBICA_ASY_1,0.4200815458565812,610.0,286.0,2,0
4,2,genetico,Brats18_CBICA_ATB_1,1.0464696720633369,208.0,170.0,0,0
4,2,genetico,Brats18_CBICA_ATX_1,-2.1088409717073757,1592.0,1561.0,2,2
4,2,genetico,Brats18_CBICA_AUN_1,0.6522196438878222,376.0,239.0,1,0
4,2,genetico,Brats18_CBICA_AUQ_1,0.028415231177895225,1337.0,355.0,2,1
4,2,genetico,Brats18_CBICA_AWG_1,-0.07177593902202799,180.0,372.0,0,1
4,2,genetico,Brats18_CBICA_AWH_1,-0.457709208721447,139.0,438.0,0,2
4,2,genetico,Brats18_CBICA_AXN_1,1.416293322823588,345.0,120.0,1,0
4,2,genetico,Brats18_CBICA_BHB_1,0.4356425840844863,510.0,269.0,2,0
4,2,genetico,Brats18_TCIA01_190_1,-0.8512153995693328,322.0,558.0,1,2
4,2,genetico,Brats18_TCIA01_401_1,0.7125451676485365,448.0,229.0,1,0
4,2,genetico,Brats18_TCIA01_429_1,-0.37563371419352887,86.0,430.0,0,2
4,2,genetico,Brats18_TCIA02_274_1,0.08976817583000016,357.0,346.0,1,1
4,2,genetico,Brats18_TCIA02_394_1,0.5653138213429554,616.0,254.0,2,0
4,2,genetico,Brats18_TCIA03_133_1,-0.610029071864975,382.0,466.0,1,2
4,2,genetico,Brats18_TCIA03_338_1,0.8691484262195117,468.0,191.0,2,0
4,2,genetico,Brats18_TCIA03_474_1,1.1101388864991344,635.0,168.0,2,0
4,2,genetico,Brats18_TCIA04_149_1,-0.9956921476910428,448.0,614.0,1,2
4,2,genetico,Brats18_TCIA04_192_1,-0.33716273952532055,121.0,424.0,0,2
4,2,genetico,Brats18_TCIA06_409_1,-0.29280270929730234,99.0,407.0,0,2
4,2,genetico,Brats18_TCIA08_469_1,0.9697071304511673,519.0,175.0,2,0
4,3,edad,Brats18_CBICA_AAG_1,-0.34741709556396094,616.0,434.0,2,2
4,3,edad,Brats18_CBICA_ABN_1,0.6466989299440755,1278.0,232.0,2,0
4,3,edad,Brats18_CBICA_ANI_1,-0.13410352095438408,439.0,387.0,1,1
4,3,edad,Brats18_CBICA_AQD_1,0.8157486035003891,32.0,208.0,0,0
4,3,edad,Brats18_CBICA_AQN_1,0.46548024178951786,488.0,269.0,2,0
4,3,edad,Brats18_CBICA_AQT_1,0.49640799565640775,172.0,268.0,0,0
4,3,edad,Brats18_CBICA_AQY_1,0.27070484438954756,229.0,329.0,0,0
4,3,edad,Brats18_CBICA_ASE_1,-0.11728034619307554,318.0,387.0,1,1
4,3,edad,Brats18_CBICA_ASH_1,-0.5499849321364912,660.0,468.0,2,2
4,3,edad,Brats18_CBICA_ATD_1,0.2544509802527179,355.0,331.0,1,0
4,3,edad,Brats18_CBICA_ATV_1,0.004701525676467956,453.0,368.0,2,1
4,3,edad,Brats18_CBICA_AUR_1,0.29266595592088884,12.0,327.0,0,0
4,3,edad,Brats18_CBICA_AWI_1,-0.5506609885030603,375.0,468.0,1,2
4,3,edad,Brats18_CBICA_AYU_1,0.06241539023305399,58.0,359.0,0,1
4,3,edad,Brats18_TCIA01_150_1,-0.3910833215525051,1489.0,438.0,2,2
4,3,edad,Brats18_TCIA01_235_1,-0.1470625551350778,804.0,387.0,2,1
4,3,edad,Brats18_TCIA01_411_1,-0.6832464176524606,822.0,495.0,2,2
4,3,edad,Brats18_TCIA01_412_1,0.2367239695920105,291.0,332.0,0,0
4,3,edad,Brats18_TCIA01_448_1,-0.6282723604761813,199.0,486.0,0,2
4,3,edad,Brats18_TCIA01_499_1,-0.427839438745448,600.0,448.0,2,2
4,3,edad,Brats18_TCIA02_283_1,0.4529552611520434,262.0,286.0,0,0
4,3,edad,Brats18_TCIA02_368_1,0.016222848348382952,317.0,368.0,1,1
4,3,edad,Brats18_TCIA02_430_1,-0.2931974760561006,71.0,424.0,0,2
4,3,edad,Brats18_TCIA03_138_1,0.3475616317953183,82.0,296.0,0,0
4,3,edad,Brats18_TCIA03_257_1,0.2568989148469944,425.0,331.0,1,0
4,3,edad,Brats18_TCIA03_265_1,-0.0897400916328211,103.0,382.0,0,1
4,3,edad,Brats18_TCIA03_375_1,-0.07493801539636016,946.0,382.0,2,1
4,3,edad,Brats18_TCIA04_111_1,0.46814873844283417,626.0,269.0,2,0
4,3,edad,Brats18_TCIA05_478_1,-0.10144654134867612,30.0,385.0,0,1
4,3,edad,Brats18_TCIA08_105_1,0.16086332888014757,77.0,345.0,0,0
4,3,edad,Brats18_TCIA08_218_1,-0.16940799714588917,346.0,394.0,1,1
4,3,edad,Brats18_TCIA08_278_1,-0.41293061676689724,1458.0,448.0,2,2
4,3,coxnet,Brats18_CBICA_AAG_1,-0.3298634934751384,616.0,430.0,2,2
4,3,coxnet,Brats18_CBICA_ABN_1,0.5949089379630803,1278.0,244.0,2,0
4,3,coxnet,Brats18_CBICA_ANI_1,-0.10502676920212092,439.0,385.0,1,1
4,3,coxnet,Brats18_CBICA_AQD_1,0.8154918175247743,32.0,208.0,0,0
4,3,coxnet,Brats18_CBICA_AQN_1,0.4990464362776563,488.0,268.0,2,0
4,3,coxnet,Brats18_CBICA_AQT_1,0.4907433089952538,172.0,268.0,0,0
4,3,coxnet,Brats18_CBICA_AQY_1,0.29567139275373444,229.0,327.0,0,0
4,3,coxnet,Brats18_CBICA_ASE_1,-0.15722884609503082,318.0,387.0,1,1
4,3,coxnet,Brats18_CBICA_ASH_1,-0.6796662127546836,660.0,495.0,2,2
4,3,coxnet,Brats18_CBICA_ATD_1,0.21686875277933493,355.0,332.0,1,0
4,3,coxnet,Brats18_CBICA_ATV_1,-0.004135794226177987,453.0,368.0,2,1
4,3,coxnet,Brats18_CBICA_AUR_1,0.2971707940945714,12.0,327.0,0,0
4,3,coxnet,Brats18_CBICA_AWI_1,-0.5239983353669387,375.0,466.0,1,2
4,3,coxnet,Brats18_CBICA_AYU_1,0.012458446610949274,58.0,368.0,0,1
4,3,coxnet,Brats18_TCIA01_150_1,-0.3630531357816485,1489.0,436.0,2,2
4,3,coxnet,Brats18_TCIA01_235_1,-0.13246538964294707,804.0,387.0,2,1
4,3,coxnet,Brats18_TCIA01_411_1,-0.6903317328891315,822.0,495.0,2,2
4,3,coxnet,Brats18_TCIA01_412_1,0.24209571711183953,291.0,331.0,0,0
4,3,coxnet,Brats18_TCIA01_448_1,-0.6005048844980553,199.0,476.0,0,2
4,3,coxnet,Brats18_TCIA01_499_1,-0.4099665345232966,600.0,448.0,2,2
4,3,coxnet,Brats18_TCIA02_283_1,0.4508050722486796,262.0,286.0,0,0
4,3,coxnet,Brats18_TCIA02_368_1,0.015473243112973425,317.0,362.0,1,1
4,3,coxnet,Brats18_TCIA02_430_1,-0.2795149247077272,71.0,421.0,0,2
4,3,coxnet,Brats18_TCIA03_138_1,0.35715681842522307,82.0,296.0,0,0
4,3,coxnet,Brats18_TCIA03_257_1,0.2251252960817208,425.0,332.0,1,0
4,3,coxnet,Brats18_TCIA03_265_1,-0.09079954152997409,103.0,382.0,0,1
4,3,coxnet,Brats18_TCIA03_375_1,-0.08286411142838156,946.0,382.0,2,1
4,3,coxnet,Brats18_TCIA04_111_1,0.4702877111174297,626.0,269.0,2,0
4,3,coxnet,Brats18_TCIA05_478_1,-0.0958749366179081,30.0,382.0,0,1
4,3,coxnet,Brats18_TCIA08_105_1,0.17855634826011266,77.0,336.0,0,0
4,3,coxnet,Brats18_TCIA08_218_1,-0.1745181109010468,346.0,394.0,1,1
4,3,coxnet,Brats18_TCIA08_278_1,-0.4010498089944218,1458.0,438.0,2,2
4,3,genetico,Brats18_CBICA_AAG_1,-0.8050250743292442,616.0,508.0,2,2
4,3,genetico,Brats18_CBICA_ABN_1,-0.5913502820195543,1278.0,466.0,2,2
4,3,genetico,Brats18_CBICA_ANI_1,0.03460349902452444,439.0,362.0,1,1
4,3,genetico,Brats18_CBICA_AQD_1,0.8097192562270751,32.0,209.0,0,0
4,3,genetico,Brats18_CBICA_AQN_1,1.3094373822041216,488.0,150.0,2,0
4,3,genetico,Brats18_CBICA_AQT_1,0.9177624569747554,172.0,203.0,0,0
4,3,genetico,Brats18_CBICA_AQY_1,0.6825746292115193,229.0,239.0,0,0
4,3,genetico,Brats18_CBICA_ASE_1,-1.2444920644175597,318.0,635.0,1,2
4,3,genetico,Brats18_CBICA_ASH_1,-1.584834031299892,660.0,828.0,2,2
4,3,genetico,Brats18_CBICA_ATD_1,0.1491233181467108,355.0,350.0,1,1
4,3,genetico,Brats18_CBICA_ATV_1,0.1583349540933396,453.0,350.0,2,1
4,3,genetico,Brats18_CBICA_AUR_1,0.6137209252378574,12.0,254.0,0,0
4,3,genetico,Brats18_CBICA_AWI_1,-0.10753167278379135,375.0,385.0,1,1
4,3,genetico,Brats18_CBICA_AYU_1,-0.09859145871998995,58.0,382.0,0,1
4,3,genetico,Brats18_TCIA01_150_1,-0.7743651438788337,1489.0,503.0,2,2
4,3,genetico,Brats18_TCIA01_235_1,-0.17061320466972682,804.0,387.0,2,1
4,3,genetico,Brats18_TCIA01_411_1,-1.2074689735069755,822.0,634.0,2,2
4,3,genetico,Brats18_TCIA01_412_1,0.2766855776081198,291.0,331.0,0,0
4,3,genetico,Brats18_TCIA01_448_1,-0.5322816042767113,199.0,464.0,0,2
4,3,genetico,Brats18_TCIA01_499_1,0.20395227184526749,600.0,336.0,2,1
4,3,genetico,Brats18_TCIA02_283_1,1.2247892208437585,262.0,153.0,0,0
4,3,genetico,Brats18_TCIA02_368_1,-0.17547560950092245,317.0,394.0,1,1
4,3,genetico,Brats18_TCIA02_430_1,-0.3477599183346957,71.0,424.0,0,2
4,3,genetico,Brats18_TCIA03_138_1,1.421924715953999,82.0,139.0,0,0
4,3,genetico,Brats18_TCIA03_257_1,0.6544838205544334,425.0,244.0,1,0
4,3,genetico,Brats18_TCIA03_265_1,-0.15294686844631436,103.0,387.0,0,1
4,3,genetico,Brats18_TCIA03_375_1,-0.22221400760391521,946.0,394.0,2,1
4,3,genetico,Brats18_TCIA04_111_1,0.5484319878840516,626.0,268.0,2,0
4,3,genetico,Brats18_TCIA05_478_1,-0.11887487982918368,30.0,385.0,0,1
4,3,genetico,Brats18_TCIA08_105_1,0.6630890484858962,77.0,244.0,0,0
4,3,genetico,Brats18_TCIA08_218_1,-1.4662932627888567,346.0,788.0,1,2
4,3,genetico,Brats18_TCIA08_278_1,-0.5714884286000761,1458.0,466.0,2,2
4,4,edad,Brats18_CBICA_AAP_1,-0.7448869151824754,788.0,519.0,2,2
4,4,edad,Brats18_CBICA_AME_1,-0.2719287895870238,359.0,424.0,1,2
4,4,edad,Brats18_CBICA_AMH_1,0.13433873026758786,169.0,336.0,0,1
4,4,edad,Brats18_CBICA_AOH_1,-0.0782422431269254,576.0,375.0,2,1
4,4,edad,Brats18_CBICA_AQP_1,-0.46916270869291177,1283.0,464.0,2,2
4,4,edad,Brats18_CBICA_ASK_1,0.6841068088355523,522.0,210.0,2,0
4,4,edad,Brats18_CBICA_ASV_1,-0.15927170250969275,597.0,387.0,2,1
4,4,edad,Brats18_CBICA_AXL_1,0.5830253588129017,168.0,239.0,0,0
4,4,edad,Brats18_CBICA_AXO_1,-0.2757213749542864,394.0,424.0,1,2
4,4,edad,Brats18_CBICA_AYI_1,0.25782463910575004,387.0,318.0,1,0
4,4,edad,Brats18_CBICA_AZH_1,-0.15314781710011943,401.0,385.0,1,1
4,4,edad,Brats18_CBICA_BHM_1,0.30518287599096183,436.0,296.0,1,0
4,4,edad,Brats18_TCIA01_147_1,-0.08472336355204951,209.0,375.0,0,1
4,4,edad,Brats18_TCIA01_186_1,-1.1126399340077255,370.0,726.0,1,2
4,4,edad,Brats18_TCIA01_201_1,-0.11037646889581029,430.0,382.0,1,1
4,4,edad,Brats18_TCIA01_378_1,0.39058723021903075,110.0,287.0,0,0
4,4,edad,Brats18_TCIA01_390_1,-0.004104652580899745,634.0,357.0,2,1
4,4,edad,Brats18_TCIA01_425_1,-0.27919406607069086,558.0,424.0,2,2
4,4,edad,Brats18_TCIA02_118_1,-0.6110414418931114,104.0,488.0,0,2
4,4,edad,Brats18_TCIA02_135_1,0.21206103422409553,828.0,327.0,2,0
4,4,edad,Brats18_TCIA02_226_1,0.3694150166383725,329.0,289.0,1,0
4,4,edad,Brats18_TCIA02_300_1,0.025879981467193267,127.0,355.0,0,1
4,4,edad,Brats18_TCIA02_314_1,-0.8712318902705869,362.0,614.0,1,2
4,4,edad,Brats18_TCIA02_331_1,0.7900960716642964,187.0,203.0,0,0
4,4,edad,Brats18_TCIA03_296_1,-0.12165337983295116,22.0,382.0,0,1
4,4,edad,Brats18_TCIA03_498_1,-0.16440855540588606,467.0,387.0,2,1
4,4,edad,Brats18_TCIA04_361_1,0.45884614807695656,476.0,269.0,2,0
4,4,edad,Brats18_TCIA04_437_1,-0.6247828432999583,333.0,495.0,1,2
4,4,edad,Brats18_TCIA05_277_1,0.24951382121069252,232.0,318.0,0,0
4,4,edad,Brats18_TCIA08_280_1,-0.23610282361552323,508.0,407.0,2,2
4,4,edad,Brats18_TCIA08_319_1,0.043878230048987624,254.0,355.0,0,1
4,4,edad,Brats18_TCIA08_406_1,0.5623547478046207,82.0,244.0,0,0
4,4,coxnet,Brats18_CBICA_AAP_1,-0.7546079139422881,788.0,515.0,2,2
4,4,coxnet,Brats18_CBICA_AME_1,-0.23732092251372042,359.0,407.0,1,2
4,4,coxnet,Brats18_CBICA_AMH_1,0.12605324277517715,169.0,336.0,0,1
4,4,coxnet,Brats18_CBICA_AOH_1,-0.1300693691041071,576.0,382.0,2,1
4,4,coxnet,Brats18_CBICA_AQP_1,-0.44322808821712356,1283.0,448.0,2,2
4,4,coxnet,Brats18_CBICA_ASK_1,0.7195301700128963,522.0,208.0,2,0
4,4,coxnet,Brats18_CBICA_ASV_1,-0.1355003031739059,597.0,382.0,2,1
4,4,coxnet,Brats18_CBICA_AXL_1,0.6661172862355681,168.0,213.0,0,0
4,4,coxnet,Brats18_CBICA_AXO_1,-0.2716236264951349,394.0,421.0,1,2
4,4,coxnet,Brats18_CBICA_AYI_1,0.26969378997147825,387.0,318.0,1,0
4,4,coxnet,Brats18_CBICA_AZH_1,-0.2443630418587912,401.0,407.0,1,2
4,4,coxnet,Brats18_CBICA_BHM_1,0.3398070532016106,436.0,291.0,1,0
4,4,coxnet,Brats18_TCIA01_147_1,-0.06579222515910624,209.0,372.0,0,1
4,4,coxnet,Brats18_TCIA01_186_1,-1.1646541787353144,370.0,726.0,1,2
4,4,coxnet,Brats18_TCIA01_201_1,-0.10280805629461795,430.0,376.0,1,1
4,4,coxnet,Brats18_TCIA01_378_1,0.40885345790814615,110.0,286.0,0,0
4,4,coxnet,Brats18_TCIA01_390_1,-0.09000902026555056,634.0,375.0,2,1
4,4,coxnet,Brats18_TCIA01_425_1,-0.41061900938271345,558.0,448.0,2,2
4,4,coxnet,Brats18_TCIA02_118_1,-0.5342238255644312,104.0,466.0,0,2
4,4,coxnet,Brats18_TCIA02_135_1,0.21554626983899428,828.0,327.0,2,0
4,4,coxnet,Brats18_TCIA02_226_1,0.3701776701138437,329.0,289.0,1,0
4,4,coxnet,Brats18_TCIA02_300_1,0.015151293771347659,127.0,355.0,0,1
4,4,coxnet,Brats18_TCIA02_314_1,-0.8494175692908094,362.0,610.0,1,2
4,4,coxnet,Brats18_TCIA02_331_1,0.7792327250745853,187.0,203.0,0,0
4,4,coxnet,Brats18_TCIA03_296_1,-0.1073851522449105,22.0,376.0,0,1
4,4,coxnet,Brats18_TCIA03_498_1,-0.1995891174723732,467.0,394.0,2,1
4,4,coxnet,Brats18_TCIA04_361_1,0.44699202139924915,476.0,269.0,2,0
4,4,coxnet,Brats18_TCIA04_437_1,-0.8207618434981387,333.0,600.0,1,2
4,4,coxnet,Brats18_TCIA05_277_1,0.1309480768407955,232.0,336.0,0,1
4,4,coxnet,Brats18_TCIA08_280_1,-0.2614879339797269,508.0,421.0,2,2
4,4,coxnet,Brats18_TCIA08_319_1,0.0264660956646516,254.0,355.0,0,1
4,4,coxnet,Brats18_TCIA08_406_1,0.5721169585805862,82.0,244.0,0,0
4,4,genetico,Brats18_CBICA_AAP_1,-0.9706213473029875,788.0,614.0,2,2
4,4,genetico,Brats18_CBICA_AME_1,0.13429988195828046,359.0,336.0,1,1
4,4,genetico,Brats18_CBICA_AMH_1,0.07592254086632991,169.0,346.0,0,1
4,4,genetico,Brats18_CBICA_AOH_1,-0.6808804970685541,576.0,486.0,2,2
4,4,genetico,Brats18_CBICA_AQP_1,-0.08682723595005765,1283.0,372.0,2,1
4,4,genetico,Brats18_CBICA_ASK_1,0.8049804383411576,522.0,208.0,2,0
4,4,genetico,Brats18_CBICA_ASV_1,-0.46823360151461757,597.0,448.0,2,2
4,4,genetico,Brats18_CBICA_AXL_1,1.0449666374917017,168.0,172.0,0,0
4,4,genetico,Brats18_CBICA_AXO_1,-0.6990824755354182,394.0,488.0,1,2
4,4,genetico,Brats18_CBICA_AYI_1,1.400989522712601,387.0,120.0,1,0
4,4,genetico,Brats18_CBICA_AZH_1,-0.5831935343330201,401.0,465.0,1,2
4,4,genetico,Brats18_CBICA_BHM_1,0.8191771394143464,436.0,208.0,1,0
4,4,genetico,Brats18_TCIA01_147_1,0.06452531484946311,209.0,350.0,0,1
4,4,genetico,Brats18_TCIA01_186_1,-1.213935586191527,370.0,660.0,1,2
4,4,genetico,Brats18_TCIA01_201_1,1.0687196691987826,430.0,172.0,1,0
4,4,genetico,Brats18_TCIA01_378_1,1.4243140026373524,110.0,120.0,0,0
4,4,genetico,Brats18_TCIA01_390_1,-0.7904699086960518,634.0,503.0,2,2
4,4,genetico,Brats18_TCIA01_425_1,-1.6823003898658937,558.0,1278.0,2,2
4,4,genetico,Brats18_TCIA02_118_1,0.831626470006871,104.0,208.0,0,0
4,4,genetico,Brats18_TCIA02_135_1,0.31104935386835286,828.0,317.0,2,0
4,4,genetico,Brats18_TCIA02_226_1,0.4923016171884099,329.0,269.0,1,0
4,4,genetico,Brats18_TCIA02_300_1,0.6734105655492582,127.0,239.0,0,0
4,4,genetico,Brats18_TCIA02_314_1,0.6500371681200027,362.0,239.0,1,0
4,4,genetico,Brats18_TCIA02_331_1,1.057543679428846,187.0,172.0,0,0
4,4,genetico,Brats18_TCIA03_296_1,-0.3753126949727362,22.0,434.0,0,2
4,4,genetico,Brats18_TCIA03_498_1,-0.3418842688567675,467.0,424.0,2,2
4,4,genetico,Brats18_TCIA04_361_1,0.24461017473979535,476.0,322.0,2,0
4,4,genetico,Brats18_TCIA04_437_1,-1.1218340757449279,333.0,630.0,1,2
4,4,genetico,Brats18_TCIA05_277_1,-1.0035070674363111,232.0,616.0,0,2
4,4,genetico,Brats18_TCIA08_280_1,-1.2860835775256303,508.0,734.0,2,2
4,4,genetico,Brats18_TCIA08_319_1,0.009718859466322588,254.0,355.0,0,1
4,4,genetico,Brats18_TCIA08_406_1,-0.2721286051625377,82.0,405.0,0,2
5,0,edad,Brats18_CBICA_ABB_1,0.25345173995448517,465.0,331.0,2,0
5,0,edad,Brats18_CBICA_ABN_1,0.9095857500315015,1278.0,175.0,2,0
5,0,edad,Brats18_CBICA_ANG_1,-0.19260360386657094,368.0,394.0,1,2
5,0,edad,Brats18_CBICA_ANP_1,0.012174120334614374,486.0,359.0,2,1
5,0,edad,Brats18_CBICA_ANZ_1,0.2378990014075601,287.0,332.0,0,0
5,0,edad,Brats18_CBICA_AQJ_1,0.8321373155106632,170.0,187.0,0,0
5,0,edad,Brats18_CBICA_AQN_1,0.7311846297173317,488.0,208.0,2,0
5,0,edad,Brats18_CBICA_AQR_1,0.35422928229571204,89.0,317.0,0,0
5,0,edad,Brats18_CBICA_AQT_1,0.5156414877556951,172.0,262.0,0,0
5,0,edad,Brats18_CBICA_ARZ_1,0.43809957696479696,871.0,286.0,2,0
5,0,edad,Brats18_CBICA_ASA_1,0.7512210406381457,210.0,208.0,0,0
5,0,edad,Brats18_CBICA_ASH_1,-0.5144822401451705,660.0,468.0,2,2
5,0,edad,Brats18_CBICA_ASU_1,1.3649587255045446,85.0,111.0,0,0
5,0,edad,Brats18_CBICA_ASV_1,-0.22791252381094235,597.0,407.0,2,2
5,0,edad,Brats18_CBICA_ASW_1,0.2487578954380707,239.0,331.0,0,0
5,0,edad,Brats18_CBICA_AVG_1,0.07361444333305435,579.0,355.0,2,1
5,0,edad,Brats18_CBICA_AVV_1,0.3865607635542982,387.0,291.0,1,0
5,0,edad,Brats18_CBICA_AWI_1,-0.5151477852631695,375.0,468.0,1,2
5,0,edad,Brats18_CBICA_AXW_1,0.6288892438867989,191.0,232.0,0,0
5,0,edad,Brats18_CBICA_AZH_1,-0.22216781858189777,401.0,405.0,1,2
5,0,edad,Brats18_CBICA_BHM_1,0.6904812914481259,436.0,209.0,1,0
5,0,edad,Brats18_TCIA01_201_1,-0.09308027383772098,430.0,376.0,1,1
5,0,edad,Brats18_TCIA01_203_1,-0.6116099781398331,268.0,495.0,0,2
5,0,edad,Brats18_TCIA02_151_1,-0.5399062488480393,1731.0,473.0,2,2
5,0,edad,Brats18_TCIA02_226_1,0.35700336938175087,329.0,317.0,1,0
5,0,edad,Brats18_TCIA02_300_1,0.03473941750852018,127.0,357.0,0,1
5,0,edad,Brats18_TCIA02_377_1,0.013161744209182133,812.0,359.0,2,1
5,0,edad,Brats18_TCIA03_138_1,0.2973144809043609,82.0,322.0,0,0
5,0,edad,Brats18_TCIA04_149_1,-0.9294603150200174,448.0,616.0,1,2
5,0,edad,Brats18_TCIA04_343_1,-0.3750612317267976,296.0,439.0,0,2
5,0,edad,Brats18_TCIA06_165_1,-0.40739271298538376,5.0,448.0,0,2
5,0,edad,Brats18_TCIA06_372_1,0.3900354244487569,213.0,291.0,0,0
5,0,edad,Brats18_TCIA08_280_1,-0.21102187448523907,508.0,405.0,2,2
5,0,coxnet,Brats18_CBICA_ABB_1,0.25343844770446955,465.0,331.0,2,0
5,0,coxnet,Brats18_CBICA_ABN_1,0.909579856700105,1278.0,175.0,2,0
5,0,coxnet,Brats18_CBICA_ANG_1,-0.19260888074628413,368.0,394.0,1,2
5,0,coxnet,Brats18_CBICA_ANP_1,0.012167637144826809,486.0,359.0,2,1
5,0,coxnet,Brats18_CBICA_ANZ_1,0.2378850103806092,287.0,332.0,0,0
5,0,coxnet,Brats18_CBICA_AQJ_1,0.8321284947191162,170.0,187.0,0,0
5,0,coxnet,Brats18_CBICA_AQN_1,0.7311769400192104,488.0,208.0,2,0
5,0,coxnet,Brats18_CBICA_AQR_1,0.3542136794189155,89.0,317.0,0,0
5,0,coxnet,Brats18_CBICA_AQT_1,0.5156288156188096,172.0,262.0,0,0
5,0,coxnet,Brats18_CBICA_ARZ_1,0.4380975676403102,871.0,286.0,2,0
5,0,coxnet,Brats18_CBICA_ASA_1,0.7512144420134093,210.0,208.0,0,0
5,0,coxnet,Brats18_CBICA_ASH_1,-0.5144852073309875,660.0,468.0,2,2
5,0,coxnet,Brats18_CBICA_ASU_1,1.3649415179867674,85.0,111.0,0,0
5,0,coxnet,Brats18_CBICA_ASV_1,-0.22791680798149996,597.0,407.0,2,2
5,0,coxnet,Brats18_CBICA_ASW_1,0.248745315909991,239.0,331.0,0,0
5,0,coxnet,Brats18_CBICA_AVG_1,0.07360722611968569,579.0,355.0,2,1
5,0,coxnet,Brats18_CBICA_AVV_1,0.3865485280447874,387.0,291.0,1,0
5,0,coxnet,Brats18_CBICA_AWI_1,-0.5151469347723695,375.0,468.0,1,2
5,0,coxnet,Brats18_CBICA_AXW_1,0.6288722873876299,191.0,232.0,0,0
5,0,coxnet,Brats18_CBICA_AZH_1,-0.22217426167567572,401.0,405.0,1,2
5,0,coxnet,Brats18_CBICA_BHM_1,0.6904739613941656,436.0,209.0,1,0
5,0,coxnet,Brats18_TCIA01_201_1,-0.09307441002995386,430.0,376.0,1,1
5,0,coxnet,Brats18_TCIA01_203_1,-0.6115951206379565,268.0,495.0,0,2
5,0,coxnet,Brats18_TCIA02_151_1,-0.5398987515056297,1731.0,473.0,2,2
5,0,coxnet,Brats18_TCIA02_226_1,0.357005790742503,329.0,317.0,1,0
5,0,coxnet,Brats18_TCIA02_300_1,0.03474544779082386,127.0,357.0,0,1
5,0,coxnet,Brats18_TCIA02_377_1,0.013167039912590007,812.0,359.0,2,1
5,0,coxnet,Brats18_TCIA03_138_1,0.29731531225723323,82.0,322.0,0,0
5,0,coxnet,Brats18_TCIA04_149_1,-0.9294409464982809,448.0,616.0,1,2
5,0,coxnet,Brats18_TCIA04_343_1,-0.3750511254953502,296.0,439.0,0,2
5,0,coxnet,Brats18_TCIA06_165_1,-0.4073827816939981,5.0,448.0,0,2
5,0,coxnet,Brats18_TCIA06_372_1,0.3900362320844233,213.0,291.0,0,0
5,0,coxnet,Brats18_TCIA08_280_1,-0.21101801604962975,508.0,405.0,2,2
5,0,genetico,Brats18_CBICA_ABB_1,1.5502281603174772,465.0,111.0,2,0
5,0,genetico,Brats18_CBICA_ABN_1,1.7634856376825239,1278.0,104.0,2,0
5,0,genetico,Brats18_CBICA_ANG_1,-1.2495683739424166,368.0,634.0,1,2
5,0,genetico,Brats18_CBICA_ANP_1,-0.2121797903334991,486.0,394.0,2,1
5,0,genetico,Brats18_CBICA_ANZ_1,0.19373884920342,287.0,345.0,0,1
5,0,genetico,Brats18_CBICA_AQJ_1,1.4928483720046475,170.0,114.0,0,0
5,0,genetico,Brats18_CBICA_AQN_1,2.086685942891325,488.0,82.0,2,0
5,0,genetico,Brats18_CBICA_AQR_1,0.613629724242415,89.0,265.0,0,0
5,0,genetico,Brats18_CBICA_AQT_1,-0.30638908324182623,172.0,421.0,0,2
5,0,genetico,Brats18_CBICA_ARZ_1,0.20883634174560572,871.0,336.0,2,1
5,0,genetico,Brats18_CBICA_ASA_1,1.5726108606636977,210.0,111.0,0,0
5,0,genetico,Brats18_CBICA_ASH_1,-1.3294339857771096,660.0,698.0,2,2
5,0,genetico,Brats18_CBICA_ASU_1,1.6288777025912842,85.0,110.0,0,0
5,0,genetico,Brats18_CBICA_ASV_1,-1.2074675237100125,597.0,630.0,2,2
5,0,genetico,Brats18_CBICA_ASW_1,0.6430076293131995,239.0,262.0,0,0
5,0,genetico,Brats18_CBICA_AVG_1,-0.3113345784518925,579.0,421.0,2,2
5,0,genetico,Brats18_CBICA_AVV_1,0.9671229876720068,387.0,199.0,1,0
5,0,genetico,Brats18_CBICA_AWI_1,-0.1834190804031015,375.0,387.0,1,1
5,0,genetico,Brats18_CBICA_AXW_1,0.1600991604749279,191.0,346.0,0,1
5,0,genetico,Brats18_CBICA_AZH_1,-0.9936734919204544,401.0,600.0,1,2
5,0,genetico,Brats18_CBICA_BHM_1,0.8397298570290074,436.0,208.0,1,0
5,0,genetico,Brats18_TCIA01_201_1,-0.35669276541815587,430.0,425.0,1,2
5,0,genetico,Brats18_TCIA01_203_1,0.9929620884181273,268.0,187.0,0,0
5,0,genetico,Brats18_TCIA02_151_1,-1.2681158233557852,1731.0,635.0,2,2
5,0,genetico,Brats18_TCIA02_226_1,1.3679923395597369,329.0,139.0,1,0
5,0,genetico,Brats18_TCIA02_300_1,1.5084759739931421,127.0,114.0,0,0
5,0,genetico,Brats18_TCIA02_377_1,0.1450222448072476,812.0,346.0,2,1
5,0,genetico,Brats18_TCIA03_138_1,0.7137218599096583,82.0,244.0,0,0
5,0,genetico,Brats18_TCIA04_149_1,-1.6243326589512384,448.0,804.0,1,2
5,0,genetico,Brats18_TCIA04_343_1,-0.7003434585452541,296.0,476.0,0,2
5,0,genetico,Brats18_TCIA06_165_1,-0.3714558721132633,5.0,425.0,0,2
5,0,genetico,Brats18_TCIA06_372_1,1.3471902256049517,213.0,139.0,0,0
5,0,genetico,Brats18_TCIA08_280_1,-2.7417305804891354,508.0,1592.0,2,2
5,1,edad,Brats18_2013_11_1,-1.0479343395138918,150.0,635.0,0,2
5,1,edad,Brats18_CBICA_AAP_1,-0.700207768141591,788.0,510.0,2,2
5,1,edad,Brats18_CBICA_ABO_1,-0.09371362460713271,1155.0,385.0,2,1
5,1,edad,Brats18_CBICA_AOD_1,-0.14022286360515537,55.0,387.0,0,1
5,1,edad,Brats18_CBICA_AOO_1,-0.5221499520408168,350.0,468.0,1,2
5,1,edad,Brats18_CBICA_AOP_1,0.3052561266638204,332.0,296.0,1,0
5,1,edad,Brats18_CBICA_AQO_1,0.30619989600711084,473.0,296.0,2,0
5,1,edad,Brats18_CBICA_AQP_1,-0.44210432996174887,1283.0,448.0,2,2
5,1,edad,Brats18_CBICA_AQY_1,0.06383800277261803,229.0,355.0,0,1
5,1,edad,Brats18_CBICA_ASE_1,-0.31730499423618463,318.0,430.0,1,2
5,1,edad,Brats18_CBICA_ATV_1,0.10692474689236542,453.0,346.0,2,1
5,1,edad,Brats18_CBICA_AUN_1,0.3287105425655913,376.0,291.0,1,0
5,1,edad,Brats18_CBICA_AZD_1,-0.44888548746539025,448.0,464.0,1,2
5,1,edad,Brats18_TCIA01_147_1,-0.11103592280339934,209.0,387.0,0,1
5,1,edad,Brats18_TCIA01_150_1,-0.47110140447871796,1489.0,465.0,2,2
5,1,edad,Brats18_TCIA01_190_1,-0.1071909365899941,322.0,387.0,1,1
5,1,edad,Brats18_TCIA01_390_1,-0.035569329760295254,634.0,370.0,2,1
5,1,edad,Brats18_TCIA01_448_1,-0.704107569011062,199.0,510.0,0,2
5,1,edad,Brats18_TCIA01_460_1,-1.5945364671954196,630.0,1282.0,2,2
5,1,edad,Brats18_TCIA02_198_1,-0.36050561921314084,394.0,436.0,1,2
5,1,edad,Brats18_TCIA02_274_1,-0.33645697816929876,357.0,434.0,1,2
5,1,edad,Brats18_TCIA02_290_1,-0.7508416287139936,737.0,522.0,2,2
5,1,edad,Brats18_TCIA02_321_1,0.5808868235088942,67.0,244.0,0,0
5,1,edad,Brats18_TCIA02_331_1,0.7078762318116252,187.0,210.0,0,0
5,1,edad,Brats18_TCIA02_394_1,-0.012079959438402899,616.0,368.0,2,1
5,1,edad,Brats18_TCIA02_473_1,-0.12480796433141361,175.0,387.0,0,1
5,1,edad,Brats18_TCIA02_491_1,0.5774263359168296,82.0,244.0,0,0
5,1,edad,Brats18_TCIA03_133_1,-0.029032853197506814,382.0,368.0,1,1
5,1,edad,Brats18_TCIA03_498_1,-0.18562865534345666,467.0,401.0,2,2
5,1,edad,Brats18_TCIA04_479_1,-0.286367294134668,372.0,425.0,1,2
5,1,edad,Brats18_TCIA06_409_1,0.16335627515323156,99.0,333.0,0,1
5,1,edad,Brats18_TCIA08_242_1,0.06593830627359702,147.0,355.0,0,1
5,1,edad,Brats18_TCIA08_469_1,-0.02424409764081145,519.0,368.0,2,1
5,1,coxnet,Brats18_2013_11_1,-0.9185062577091082,150.0,508.0,0,2
5,1,coxnet,Brats18_CBICA_AAP_1,-0.09451460385522738,788.0,375.0,2,1
5,1,coxnet,Brats18_CBICA_ABO_1,0.7956288139876511,1155.0,232.0,2,0
5,1,coxnet,Brats18_CBICA_AOD_1,0.6947684797666824,55.0,254.0,0,0
5,1,coxnet,Brats18_CBICA_AOO_1,-0.09506747355763151,350.0,375.0,1,1
5,1,coxnet,Brats18_CBICA_AOP_1,0.41647867163473046,332.0,291.0,1,0
5,1,coxnet,Brats18_CBICA_AQO_1,-0.08855742580222131,473.0,375.0,2,1
5,1,coxnet,Brats18_CBICA_AQP_1,0.5199655360599568,1283.0,286.0,2,0
5,1,coxnet,Brats18_CBICA_AQY_1,0.9414133750521562,229.0,208.0,0,0
5,1,coxnet,Brats18_CBICA_ASE_1,-0.6024185563124828,318.0,464.0,1,2
5,1,coxnet,Brats18_CBICA_ATV_1,0.14707583981169242,453.0,345.0,2,1
5,1,coxnet,Brats18_CBICA_AUN_1,0.5635112634805224,376.0,268.0,1,0
5,1,coxnet,Brats18_CBICA_AZD_1,-0.7316702473430073,448.0,476.0,1,2
5,1,coxnet,Brats18_TCIA01_147_1,-0.4631052645761792,209.0,436.0,0,2
5,1,coxnet,Brats18_TCIA01_150_1,0.45263253182214847,1489.0,287.0,2,0
5,1,coxnet,Brats18_TCIA01_190_1,-0.41510008265258985,322.0,430.0,1,2
5,1,coxnet,Brats18_TCIA01_390_1,-0.21747003208739965,634.0,394.0,2,1
5,1,coxnet,Brats18_TCIA01_448_1,-1.00195173480794,199.0,515.0,0,2
5,1,coxnet,Brats18_TCIA01_460_1,-0.5298630346922031,630.0,439.0,2,2
5,1,coxnet,Brats18_TCIA02_198_1,-1.2015749427699152,394.0,600.0,1,2
5,1,coxnet,Brats18_TCIA02_274_1,-0.05524835577280617,357.0,370.0,1,1
5,1,coxnet,Brats18_TCIA02_290_1,-0.23744773106265782,737.0,401.0,2,1
5,1,coxnet,Brats18_TCIA02_321_1,0.7186227412333034,67.0,244.0,0,0
5,1,coxnet,Brats18_TCIA02_331_1,0.8520058043069513,187.0,210.0,0,0
5,1,coxnet,Brats18_TCIA02_394_1,0.3965716583214865,616.0,291.0,2,0
5,1,coxnet,Brats18_TCIA02_473_1,-0.4264010423772621,175.0,434.0,0,2
5,1,coxnet,Brats18_TCIA02_491_1,0.913275178200004,82.0,208.0,0,0
5,1,coxnet,Brats18_TCIA03_133_1,-0.29348514949908777,382.0,407.0,1,1
5,1,coxnet,Brats18_TCIA03_498_1,-1.0513492943142015,467.0,558.0,2,2
5,1,coxnet,Brats18_TCIA04_479_1,-0.5352615129822739,372.0,439.0,1,2
5,1,coxnet,Brats18_TCIA06_409_1,-0.6130293298303391,99.0,464.0,0,2
5,1,coxnet,Brats18_TCIA08_242_1,0.38015709781551915,147.0,296.0,0,0
5,1,coxnet,Brats18_TCIA08_469_1,0.5061099074983721,519.0,286.0,2,0
5,1,genetico,Brats18_2013_11_1,-2.2926497945802637,150.0,1337.0,0,2
5,1,genetico,Brats18_CBICA_AAP_1,-0.20774275907208883,788.0,405.0,2,1
5,1,genetico,Brats18_CBICA_ABO_1,0.9997814635036157,1155.0,203.0,2,0
5,1,genetico,Brats18_CBICA_AOD_1,1.8311662146090832,55.0,103.0,0,0
5,1,genetico,Brats18_CBICA_AOO_1,-0.7221798461025628,350.0,488.0,1,2
5,1,genetico,Brats18_CBICA_AOP_1,-0.4577012178564077,332.0,439.0,1,2
5,1,genetico,Brats18_CBICA_AQO_1,-0.03787569140027877,473.0,375.0,2,1
5,1,genetico,Brats18_CBICA_AQP_1,1.6859354177048242,1283.0,110.0,2,0
5,1,genetico,Brats18_CBICA_AQY_1,1.3754443710773439,229.0,139.0,0,0
5,1,genetico,Brats18_CBICA_ASE_1,-1.0345448606379832,318.0,579.0,1,2
5,1,genetico,Brats18_CBICA_ATV_1,0.5992323012009648,453.0,268.0,2,0
5,1,genetico,Brats18_CBICA_AUN_1,1.7457118480971026,376.0,106.0,1,0
5,1,genetico,Brats18_CBICA_AZD_1,-0.8632261388030598,448.0,508.0,1,2
5,1,genetico,Brats18_TCIA01_147_1,-0.5226341602330713,209.0,448.0,0,2
5,1,genetico,Brats18_TCIA01_150_1,-2.170908827686053,1489.0,1282.0,2,2
5,1,genetico,Brats18_TCIA01_190_1,-1.511013772931352,322.0,734.0,1,2
5,1,genetico,Brats18_TCIA01_390_1,-0.11054318801074636,634.0,387.0,2,1
5,1,genetico,Brats18_TCIA01_448_1,-1.0789230377063022,199.0,597.0,0,2
5,1,genetico,Brats18_TCIA01_460_1,-1.234837155206312,630.0,616.0,2,2
5,1,genetico,Brats18_TCIA02_198_1,-0.4020331262182779,394.0,436.0,1,2
5,1,genetico,Brats18_TCIA02_274_1,-0.43557903236223694,357.0,438.0,1,2
5,1,genetico,Brats18_TCIA02_290_1,0.6920010044349537,737.0,254.0,2,0
5,1,genetico,Brats18_TCIA02_321_1,0.7927725231069358,67.0,239.0,0,0
5,1,genetico,Brats18_TCIA02_331_1,1.5504574696083813,187.0,114.0,0,0
5,1,genetico,Brats18_TCIA02_394_1,1.9930380413806374,616.0,86.0,2,0
5,1,genetico,Brats18_TCIA02_473_1,-0.2632745580725344,175.0,421.0,0,1
5,1,genetico,Brats18_TCIA02_491_1,0.6492133919962334,82.0,265.0,0,0
5,1,genetico,Brats18_TCIA03_133_1,-1.7064048134005783,382.0,822.0,1,2
5,1,genetico,Brats18_TCIA03_498_1,-0.8386788956868595,467.0,508.0,2,2
5,1,genetico,Brats18_TCIA04_479_1,-1.4402725102347422,372.0,726.0,1,2
5,1,genetico,Brats18_TCIA06_409_1,-0.8212401036479543,99.0,503.0,0,2
5,1,genetico,Brats18_TCIA08_242_1,-0.9788132310178281,147.0,558.0,0,2
5,1,genetico,Brats18_TCIA08_469_1,2.096342183574572,519.0,84.0,2,0
5,2,edad,Brats18_CBICA_ABE_1,0.2677218821807621,269.0,327.0,0,0
5,2,edad,Brats18_CBICA_ALX_1,-0.0071573836245122854,698.0,368.0,2,1
5,2,edad,Brats18_CBICA_AME_1,-0.30148861953789513,359.0,421.0,1,2
5,2,edad,Brats18_CBICA_AMH_1,0.1008639180594922,169.0,346.0,0,1
5,2,edad,Brats18_CBICA_ANI_1,-0.06022502070652048,439.0,372.0,1,1
5,2,edad,Brats18_CBICA_AOH_1,-0.10966852647561134,576.0,376.0,2,1
5,2,edad,Brats18_CBICA_APR_1,0.20856131419223928,23.0,331.0,0,0
5,2,edad,Brats18_CBICA_AQD_1,0.5906483011826996,32.0,239.0,0,0
5,2,edad,Brats18_CBICA_AQU_1,0.5848422948956786,30.0,239.0,0,0
5,2,edad,Brats18_CBICA_ASG_1,0.02387854096049724,208.0,357.0,0,1
5,2,edad,Brats18_CBICA_ASY_1,0.34931074048779615,610.0,291.0,2,0
5,2,edad,Brats18_CBICA_AXJ_1,-1.18618345013921,1767.0,734.0,2,2
5,2,edad,Brats18_CBICA_AXL_1,0.5452267941413128,168.0,254.0,0,0
5,2,edad,Brats18_CBICA_AXN_1,0.956898526543346,345.0,180.0,1,0
5,2,edad,Brats18_CBICA_AYI_1,0.22315985940458086,387.0,329.0,1,0
5,2,edad,Brats18_CBICA_AYU_1,0.14402066542862382,58.0,333.0,0,1
5,2,edad,Brats18_TCIA01_231_1,0.14984542421847538,1561.0,333.0,2,1
5,2,edad,Brats18_TCIA01_335_1,-0.19522365007575482,355.0,394.0,1,2
5,2,edad,Brats18_TCIA01_378_1,0.5322282586630512,110.0,254.0,0,0
5,2,edad,Brats18_TCIA01_401_1,0.7040786485725239,448.0,213.0,1,0
5,2,edad,Brats18_TCIA01_429_1,-0.17628941301234832,86.0,387.0,0,2
5,2,edad,Brats18_TCIA02_135_1,0.3554224238971408,828.0,291.0,2,0
5,2,edad,Brats18_TCIA02_283_1,0.5577820825122972,262.0,244.0,0,0
5,2,edad,Brats18_TCIA02_368_1,0.10387812603524435,317.0,346.0,1,1
5,2,edad,Brats18_TCIA03_121_1,-1.085206753919388,747.0,634.0,2,2
5,2,edad,Brats18_TCIA03_257_1,0.35401714849009064,425.0,291.0,1,0
5,2,edad,Brats18_TCIA03_296_1,0.024923836718110014,22.0,357.0,0,1
5,2,edad,Brats18_TCIA03_338_1,0.6165447830860332,468.0,232.0,2,0
5,2,edad,Brats18_TCIA03_375_1,0.009132978854683149,946.0,362.0,2,1
5,2,edad,Brats18_TCIA03_474_1,0.06120213077905099,635.0,355.0,2,1
5,2,edad,Brats18_TCIA04_192_1,0.5994226116790857,121.0,239.0,0,0
5,2,edad,Brats18_TCIA04_361_1,0.5998294019284948,476.0,239.0,2,0
5,2,edad,Brats18_TCIA06_184_1,0.052289726223814746,434.0,355.0,1,1
5,2,coxnet,Brats18_CBICA_ABE_1,0.4168571363019455,269.0,287.0,0,0
5,2,coxnet,Brats18_CBICA_ALX_1,-0.4669396438516146,698.0,448.0,2,2
5,2,coxnet,Brats18_CBICA_AME_1,-0.19715094422714668,359.0,387.0,1,1
5,2,coxnet,Brats18_CBICA_AMH_1,0.04251893185103736,169.0,355.0,0,1
5,2,coxnet,Brats18_CBICA_ANI_1,-0.008598748460510794,439.0,362.0,1,1
5,2,coxnet,Brats18_CBICA_AOH_1,-0.29352740812270856,576.0,405.0,2,2
5,2,coxnet,Brats18_CBICA_APR_1,0.43894148807137445,23.0,286.0,0,0
5,2,coxnet,Brats18_CBICA_AQD_1,0.6178938750185721,32.0,232.0,0,0
5,2,coxnet,Brats18_CBICA_AQU_1,1.0985888467584695,30.0,170.0,0,0
5,2,coxnet,Brats18_CBICA_ASG_1,0.2795143179489302,208.0,322.0,0,0
5,2,coxnet,Brats18_CBICA_ASY_1,0.5250967830025612,610.0,254.0,2,0
5,2,coxnet,Brats18_CBICA_AXJ_1,-1.0137013022036245,1767.0,616.0,2,2
5,2,coxnet,Brats18_CBICA_AXL_1,0.7399554023405959,168.0,210.0,0,0
5,2,coxnet,Brats18_CBICA_AXN_1,1.2813849094925402,345.0,147.0,1,0
5,2,coxnet,Brats18_CBICA_AYI_1,0.10982559531018952,387.0,336.0,1,1
5,2,coxnet,Brats18_CBICA_AYU_1,0.0205113208911341,58.0,357.0,0,1
5,2,coxnet,Brats18_TCIA01_231_1,0.19115003454521282,1561.0,331.0,2,1
5,2,coxnet,Brats18_TCIA01_335_1,-0.21753735887999365,355.0,394.0,1,2
5,2,coxnet,Brats18_TCIA01_378_1,0.5901260615774219,110.0,239.0,0,0
5,2,coxnet,Brats18_TCIA01_401_1,0.7242388500077268,448.0,210.0,1,0
5,2,coxnet,Brats18_TCIA01_429_1,-0.108901611027163,86.0,375.0,0,1
5,2,coxnet,Brats18_TCIA02_135_1,0.4285602898812739,828.0,287.0,2,0
5,2,coxnet,Brats18_TCIA02_283_1,0.4622974496178766,262.0,268.0,0,0
5,2,coxnet,Brats18_TCIA02_368_1,0.12348769103066276,317.0,336.0,1,1
5,2,coxnet,Brats18_TCIA03_121_1,-1.091672945020276,747.0,621.0,2,2
5,2,coxnet,Brats18_TCIA03_257_1,0.47981520886136214,425.0,268.0,1,0
5,2,coxnet,Brats18_TCIA03_296_1,0.3125841707488522,22.0,318.0,0,0
5,2,coxnet,Brats18_TCIA03_338_1,0.5136187637180559,468.0,265.0,2,0
5,2,coxnet,Brats18_TCIA03_375_1,-0.1819006918968779,946.0,385.0,2,1
5,2,coxnet,Brats18_TCIA03_474_1,0.2948763559823813,635.0,318.0,2,0
5,2,coxnet,Brats18_TCIA04_192_1,0.4605161196388523,121.0,286.0,0,0
5,2,coxnet,Brats18_TCIA04_361_1,0.6223695480390281,476.0,232.0,2,0
5,2,coxnet,Brats18_TCIA06_184_1,0.41443504390873936,434.0,287.0,1,0
5,2,genetico,Brats18_CBICA_ABE_1,0.5140240158592094,269.0,268.0,0,0
5,2,genetico,Brats18_CBICA_ALX_1,-0.8280368137384797,698.0,510.0,2,2
5,2,genetico,Brats18_CBICA_AME_1,-0.08196248504099696,359.0,372.0,1,1
5,2,genetico,Brats18_CBICA_AMH_1,-0.12334438075494122,169.0,376.0,0,1
5,2,genetico,Brats18_CBICA_ANI_1,0.04210290075566078,439.0,355.0,1,1
5,2,genetico,Brats18_CBICA_AOH_1,-0.5565172123718507,576.0,464.0,2,2
5,2,genetico,Brats18_CBICA_APR_1,0.28666000604931374,23.0,322.0,0,0
5,2,genetico,Brats18_CBICA_AQD_1,0.2222265488251156,32.0,331.0,0,0
5,2,genetico,Brats18_CBICA_AQU_1,1.5804950861244118,30.0,111.0,0,0
5,2,genetico,Brats18_CBICA_ASG_1,0.3865105357221517,208.0,291.0,0,0
5,2,genetico,Brats18_CBICA_ASY_1,0.40821278390693494,610.0,289.0,2,0
5,2,genetico,Brats18_CBICA_AXJ_1,-0.6483356640487905,1767.0,473.0,2,2
5,2,genetico,Brats18_CBICA_AXL_1,1.1100858099020787,168.0,172.0,0,0
5,2,genetico,Brats18_CBICA_AXN_1,1.9828358913547175,345.0,85.0,1,0
5,2,genetico,Brats18_CBICA_AYI_1,0.35833988236674913,387.0,296.0,1,0
5,2,genetico,Brats18_CBICA_AYU_1,-0.1464605737488196,58.0,382.0,0,1
5,2,genetico,Brats18_TCIA01_231_1,0.140432769831476,1561.0,336.0,2,1
5,2,genetico,Brats18_TCIA01_335_1,0.09868468550875992,355.0,346.0,1,1
5,2,genetico,Brats18_TCIA01_378_1,0.6508842901935828,110.0,239.0,0,0
5,2,genetico,Brats18_TCIA01_401_1,0.7711182813464413,448.0,210.0,1,0
5,2,genetico,Brats18_TCIA01_429_1,0.15665437863274434,86.0,333.0,0,1
5,2,genetico,Brats18_TCIA02_135_1,0.4528061564882824,828.0,287.0,2,0
5,2,genetico,Brats18_TCIA02_283_1,0.37615364271317453,262.0,291.0,0,0
5,2,genetico,Brats18_TCIA02_368_1,0.033693979146147746,317.0,357.0,1,1
5,2,genetico,Brats18_TCIA03_121_1,-1.2852117451543565,747.0,726.0,2,2
5,2,genetico,Brats18_TCIA03_257_1,0.7036861094401567,425.0,229.0,1,0
5,2,genetico,Brats18_TCIA03_296_1,0.7382045058012964,22.0,213.0,0,0
5,2,genetico,Brats18_TCIA03_338_1,0.329941762608888,468.0,318.0,2,0
5,2,genetico,Brats18_TCIA03_375_1,-0.24902232048023398,946.0,394.0,2,1
5,2,genetico,Brats18_TCIA03_474_1,0.41570941897065833,635.0,289.0,2,0
5,2,genetico,Brats18_TCIA04_192_1,0.30600635357145733,121.0,322.0,0,0
5,2,genetico,Brats18_TCIA04_361_1,0.7384256115645627,476.0,213.0,2,0
5,2,genetico,Brats18_TCIA06_184_1,2.084643364939039,434.0,84.0,1,0
5,3,edad,Brats18_2013_27_1,0.2897114895396764,120.0,327.0,0,0
5,3,edad,Brats18_CBICA_AAL_1,-0.2140110752569793,464.0,421.0,2,2
5,3,edad,Brats18_CBICA_ABM_1,0.3591803351257452,503.0,317.0,2,0
5,3,edad,Brats18_CBICA_ALU_1,0.21183441687157334,495.0,333.0,2,0
5,3,edad,Brats18_CBICA_AOZ_1,-0.49434650657285284,331.0,466.0,1,2
5,3,edad,Brats18_CBICA_APZ_1,0.10358563182102197,336.0,355.0,1,1
5,3,edad,Brats18_CBICA_AQZ_1,0.22409131428057605,286.0,332.0,0,0
5,3,edad,Brats18_CBICA_ARF_1,0.5574529388069126,726.0,262.0,2,0
5,3,edad,Brats18_CBICA_ARW_1,-0.470927595919577,495.0,465.0,2,2
5,3,edad,Brats18_CBICA_ASN_1,-0.6518697053530574,407.0,508.0,1,2
5,3,edad,Brats18_CBICA_ASO_1,-0.17968717140123924,265.0,405.0,0,2
5,3,edad,Brats18_CBICA_ATD_1,0.332229947884638,355.0,318.0,1,0
5,3,edad,Brats18_CBICA_ATP_1,-0.3135879828835214,385.0,436.0,1,2
5,3,edad,Brats18_CBICA_AUQ_1,-0.04736507235433092,1337.0,376.0,2,1
5,3,edad,Brats18_CBICA_AUR_1,0.3716641657278923,12.0,317.0,0,0
5,3,edad,Brats18_CBICA_AWG_1,-0.16881226504743918,180.0,401.0,0,2
5,3,edad,Brats18_CBICA_AWH_1,-0.2704453330084524,139.0,430.0,0,2
5,3,edad,Brats18_CBICA_AXO_1,-0.21314299932108513,394.0,421.0,1,2
5,3,edad,Brats18_CBICA_AXQ_1,0.22589708487340418,114.0,332.0,0,0
5,3,edad,Brats18_CBICA_BHB_1,-0.16649908467115881,510.0,401.0,2,2
5,3,edad,Brats18_TCIA01_411_1,-0.7050426421945305,822.0,519.0,2,2
5,3,edad,Brats18_TCIA02_118_1,-0.5428629958131014,104.0,468.0,0,2
5,3,edad,Brats18_TCIA02_314_1,-0.7987080888594674,362.0,579.0,1,2
5,3,edad,Brats18_TCIA02_322_1,-0.17418610441261867,621.0,401.0,2,2
5,3,edad,Brats18_TCIA02_471_1,0.5326924448595746,111.0,268.0,0,0
5,3,edad,Brats18_TCIA03_199_1,-0.487640403973013,1282.0,466.0,2,2
5,3,edad,Brats18_TCIA05_277_1,0.30332041611952737,232.0,322.0,0,0
5,3,edad,Brats18_TCIA05_478_1,-0.10468054167772037,30.0,387.0,0,1
5,3,edad,Brats18_TCIA08_105_1,0.16599827949590332,77.0,346.0,0,1
5,3,edad,Brats18_TCIA08_278_1,-0.4261024625341915,1458.0,448.0,2,2
5,3,edad,Brats18_TCIA08_319_1,0.10111907751356577,254.0,355.0,0,1
5,3,edad,Brats18_TCIA08_406_1,0.6109366890159762,82.0,239.0,0,0
5,3,coxnet,Brats18_2013_27_1,0.26191034349503484,120.0,329.0,0,0
5,3,coxnet,Brats18_CBICA_AAL_1,-0.24291109521414017,464.0,424.0,2,2
5,3,coxnet,Brats18_CBICA_ABM_1,0.3618440730927885,503.0,317.0,2,0
5,3,coxnet,Brats18_CBICA_ALU_1,0.2116234177186177,495.0,333.0,2,0
5,3,coxnet,Brats18_CBICA_AOZ_1,-0.5028264083387153,331.0,466.0,1,2
5,3,coxnet,Brats18_CBICA_APZ_1,0.14031496995539747,336.0,350.0,1,1
5,3,coxnet,Brats18_CBICA_AQZ_1,0.2608102556680883,286.0,329.0,0,0
5,3,coxnet,Brats18_CBICA_ARF_1,0.5623174523467926,726.0,262.0,2,0
5,3,coxnet,Brats18_CBICA_ARW_1,-0.44122596421846966,495.0,453.0,2,2
5,3,coxnet,Brats18_CBICA_ASN_1,-0.6248652028703022,407.0,488.0,1,2
5,3,coxnet,Brats18_CBICA_ASO_1,-0.1467616023841267,265.0,394.0,0,2
5,3,coxnet,Brats18_CBICA_ATD_1,0.3283640246474202,355.0,318.0,1,0
5,3,coxnet,Brats18_CBICA_ATP_1,-0.32046221249518575,385.0,436.0,1,2
5,3,coxnet,Brats18_CBICA_AUQ_1,-0.04923548322773497,1337.0,376.0,2,1
5,3,coxnet,Brats18_CBICA_AUR_1,0.37396207963162154,12.0,317.0,0,0
5,3,coxnet,Brats18_CBICA_AWG_1,-0.17314743515641806,180.0,401.0,0,2
5,3,coxnet,Brats18_CBICA_AWH_1,-0.27632115324972617,139.0,430.0,0,2
5,3,coxnet,Brats18_CBICA_AXO_1,-0.21727918796302154,394.0,421.0,1,2
5,3,coxnet,Brats18_CBICA_AXQ_1,0.2264935290552917,114.0,332.0,0,0
5,3,coxnet,Brats18_CBICA_BHB_1,-0.17175744949838867,510.0,401.0,2,2
5,3,coxnet,Brats18_TCIA01_411_1,-0.7147045740154324,822.0,519.0,2,2
5,3,coxnet,Brats18_TCIA02_118_1,-0.5519434006053188,104.0,473.0,0,2
5,3,coxnet,Brats18_TCIA02_314_1,-0.810102400353431,362.0,579.0,1,2
5,3,coxnet,Brats18_TCIA02_322_1,-0.17644832619684162,621.0,401.0,2,2
5,3,coxnet,Brats18_TCIA02_471_1,0.5368869155939651,111.0,268.0,0,0
5,3,coxnet,Brats18_TCIA03_199_1,-0.4981878743302381,1282.0,466.0,2,2
5,3,coxnet,Brats18_TCIA05_277_1,0.3055432600994057,232.0,322.0,0,0
5,3,coxnet,Brats18_TCIA05_478_1,-0.1098301270873609,30.0,387.0,0,1
5,3,coxnet,Brats18_TCIA08_105_1,0.16576656154841513,77.0,346.0,0,1
5,3,coxnet,Brats18_TCIA08_278_1,-0.4343393689466032,1458.0,448.0,2,2
5,3,coxnet,Brats18_TCIA08_319_1,0.09724429700352306,254.0,355.0,0,1
5,3,coxnet,Brats18_TCIA08_406_1,0.6166766577549957,82.0,239.0,0,0
5,3,genetico,Brats18_2013_27_1,-0.4682210695635175,120.0,453.0,0,2
5,3,genetico,Brats18_CBICA_AAL_1,-1.536659159318066,464.0,747.0,2,2
5,3,genetico,Brats18_CBICA_ABM_1,0.24752816059357863,503.0,350.0,2,1
5,3,genetico,Brats18_CBICA_ALU_1,0.07748093093811831,495.0,372.0,2,1
5,3,genetico,Brats18_CBICA_AOZ_1,-0.5564899099175615,331.0,468.0,1,2
5,3,genetico,Brats18_CBICA_APZ_1,0.1989427184403685,336.0,355.0,1,1
5,3,genetico,Brats18_CBICA_AQZ_1,-0.1357692126405936,286.0,405.0,0,1
5,3,genetico,Brats18_CBICA_ARF_1,0.10963680592415348,726.0,370.0,2,1
5,3,genetico,Brats18_CBICA_ARW_1,-2.4077279640811886,495.0,1592.0,2,2
5,3,genetico,Brats18_CBICA_ASN_1,0.3781114927684794,407.0,329.0,1,0
5,3,genetico,Brats18_CBICA_ASO_1,-0.11140318071149374,265.0,401.0,0,1
5,3,genetico,Brats18_CBICA_ATD_1,-0.7533280216775935,355.0,515.0,1,2
5,3,genetico,Brats18_CBICA_ATP_1,-2.502156371682092,385.0,1592.0,1,2
5,3,genetico,Brats18_CBICA_AUQ_1,-0.2527639880489816,1337.0,430.0,2,1
5,3,genetico,Brats18_CBICA_AUR_1,1.0344371268266221,12.0,203.0,0,0
5,3,genetico,Brats18_CBICA_AWG_1,-0.10082758486121168,180.0,394.0,0,1
5,3,genetico,Brats18_CBICA_AWH_1,-0.11389630517575848,139.0,401.0,0,1
5,3,genetico,Brats18_CBICA_AXO_1,-0.06381287071684995,394.0,387.0,1,1
5,3,genetico,Brats18_CBICA_AXQ_1,0.6630010205450808,114.0,269.0,0,0
5,3,genetico,Brats18_CBICA_BHB_1,-6.886920775116135,510.0,1767.0,2,2
5,3,genetico,Brats18_TCIA01_411_1,-1.6653178764869134,822.0,812.0,2,2
5,3,genetico,Brats18_TCIA02_118_1,-0.4396822418201492,104.0,448.0,0,2
5,3,genetico,Brats18_TCIA02_314_1,0.37250472074816043,362.0,329.0,1,0
5,3,genetico,Brats18_TCIA02_322_1,3.57666315016189,621.0,30.0,2,0
5,3,genetico,Brats18_TCIA02_471_1,0.25625187158910656,111.0,346.0,0,1
5,3,genetico,Brats18_TCIA03_199_1,-0.3059300690049162,1282.0,436.0,2,1
5,3,genetico,Brats18_TCIA05_277_1,-1.6428432040054175,232.0,804.0,0,2
5,3,genetico,Brats18_TCIA05_478_1,-1.2088503532842176,30.0,630.0,0,2
5,3,genetico,Brats18_TCIA08_105_1,0.8834889037800879,77.0,213.0,0,0
5,3,genetico,Brats18_TCIA08_278_1,-0.945550359343287,1458.0,579.0,2,2
5,3,genetico,Brats18_TCIA08_319_1,1.0777001441992282,254.0,199.0,0,0
5,3,genetico,Brats18_TCIA08_406_1,-1.5875312409513822,82.0,788.0,0,2
5,4,edad,Brats18_CBICA_AAB_1,0.012149602143266242,289.0,362.0,0,1
5,4,edad,Brats18_CBICA_AAG_1,-0.2754981883938969,616.0,425.0,2,2
5,4,edad,Brats18_CBICA_ABY_1,-0.41216596789789545,515.0,448.0,2,2
5,4,edad,Brats18_CBICA_ALN_1,0.2190383876521554,421.0,331.0,1,0
5,4,edad,Brats18_CBICA_APY_1,-0.3209677205830992,203.0,434.0,0,2
5,4,edad,Brats18_CBICA_AQA_1,0.5700459997899787,106.0,239.0,0,0
5,4,edad,Brats18_CBICA_AQG_1,-0.03833622688091365,466.0,372.0,2,1
5,4,edad,Brats18_CBICA_AQQ_1,0.5365033272084148,33.0,262.0,0,0
5,4,edad,Brats18_CBICA_AQV_1,-0.23694636866214774,84.0,401.0,0,2
5,4,edad,Brats18_CBICA_ASK_1,0.6040726286705944,522.0,232.0,2,0
5,4,edad,Brats18_CBICA_ATB_1,0.38619696683811633,208.0,287.0,0,0
5,4,edad,Brats18_CBICA_ATF_1,0.30200736960772695,152.0,318.0,0,0
5,4,edad,Brats18_CBICA_ATX_1,-0.8184860115310612,1592.0,579.0,2,2
5,4,edad,Brats18_CBICA_AVJ_1,-0.5217176812939391,614.0,467.0,2,2
5,4,edad,Brats18_CBICA_AXM_1,0.4292317487373603,438.0,269.0,1,0
5,4,edad,Brats18_CBICA_AYA_1,0.5163400525567594,50.0,262.0,0,0
5,4,edad,Brats18_CBICA_AYW_1,-0.45063499213411257,734.0,453.0,2,2
5,4,edad,Brats18_TCIA01_186_1,-1.0114078676861966,370.0,635.0,1,2
5,4,edad,Brats18_TCIA01_235_1,-0.1665301804803952,804.0,387.0,2,2
5,4,edad,Brats18_TCIA01_412_1,0.21183190107251226,291.0,332.0,0,0
5,4,edad,Brats18_TCIA01_425_1,-0.22844461344357725,558.0,401.0,2,2
5,4,edad,Brats18_TCIA01_499_1,-0.4433385603741456,600.0,453.0,2,2
5,4,edad,Brats18_TCIA02_179_1,-0.5627825514447603,405.0,473.0,1,2
5,4,edad,Brats18_TCIA02_430_1,-0.3105996287408987,71.0,434.0,0,2
5,4,edad,Brats18_TCIA02_455_1,-0.276292367869515,424.0,425.0,1,2
5,4,edad,Brats18_TCIA03_265_1,-0.11001791333949629,103.0,382.0,0,1
5,4,edad,Brats18_TCIA03_419_1,0.276131705957222,327.0,322.0,1,0
5,4,edad,Brats18_TCIA04_111_1,0.43998570956686717,626.0,269.0,2,0
5,4,edad,Brats18_TCIA04_437_1,-0.5531007477632653,333.0,473.0,1,2
5,4,edad,Brats18_TCIA06_247_1,0.4903591519097165,244.0,265.0,0,0
5,4,edad,Brats18_TCIA08_167_1,0.42749758597769244,153.0,269.0,0,0
5,4,edad,Brats18_TCIA08_218_1,-0.18855979175568033,346.0,394.0,1,2
5,4,coxnet,Brats18_CBICA_AAB_1,0.2893026038825128,289.0,318.0,0,0
5,4,coxnet,Brats18_CBICA_AAG_1,-0.47098473968408,616.0,448.0,2,2
5,4,coxnet,Brats18_CBICA_ABY_1,-0.07183363709835097,515.0,372.0,2,1
5,4,coxnet,Brats18_CBICA_ALN_1,0.5126936618617731,421.0,265.0,1,0
5,4,coxnet,Brats18_CBICA_APY_1,-1.3157499664444532,203.0,737.0,0,2
5,4,coxnet,Brats18_CBICA_AQA_1,0.23637703163840346,106.0,329.0,0,0
5,4,coxnet,Brats18_CBICA_AQG_1,0.6180558392895729,466.0,232.0,2,0
5,4,coxnet,Brats18_CBICA_AQQ_1,0.9250922931285152,33.0,187.0,0,0
5,4,coxnet,Brats18_CBICA_AQV_1,-0.4734094592034545,84.0,448.0,0,2
5,4,coxnet,Brats18_CBICA_ASK_1,0.7988862690939754,522.0,208.0,2,0
5,4,coxnet,Brats18_CBICA_ATB_1,0.5708630844029722,208.0,254.0,0,0
5,4,coxnet,Brats18_CBICA_ATF_1,-0.11716081786405445,152.0,376.0,0,1
5,4,coxnet,Brats18_CBICA_ATX_1,-2.273506825765018,1592.0,1561.0,2,2
5,4,coxnet,Brats18_CBICA_AVJ_1,-0.8449800312453127,614.0,508.0,2,2
5,4,coxnet,Brats18_CBICA_AXM_1,-0.5729701466192268,438.0,465.0,1,2
5,4,coxnet,Brats18_CBICA_AYA_1,0.6349626045134542,50.0,232.0,0,0
5,4,coxnet,Brats18_CBICA_AYW_1,-0.6682812010377478,734.0,473.0,2,2
5,4,coxnet,Brats18_TCIA01_186_1,-1.2982752617450657,370.0,737.0,1,2
5,4,coxnet,Brats18_TCIA01_235_1,-0.29036156000583274,804.0,401.0,2,2
5,4,coxnet,Brats18_TCIA01_412_1,0.6324102285098808,291.0,232.0,0,0
5,4,coxnet,Brats18_TCIA01_425_1,-0.5903976434604377,558.0,465.0,2,2
5,4,coxnet,Brats18_TCIA01_499_1,-0.7699582033038849,600.0,495.0,2,2
5,4,coxnet,Brats18_TCIA02_179_1,-0.6314200419933098,405.0,468.0,1,2
5,4,coxnet,Brats18_TCIA02_430_1,-0.5022382402698851,71.0,448.0,0,2
5,4,coxnet,Brats18_TCIA02_455_1,-0.9103815956020874,424.0,576.0,1,2
5,4,coxnet,Brats18_TCIA03_265_1,-0.4781782321657313,103.0,448.0,0,2
5,4,coxnet,Brats18_TCIA03_419_1,0.17619783950799092,327.0,332.0,1,0
5,4,coxnet,Brats18_TCIA04_111_1,0.48823073145974377,626.0,265.0,2,0
5,4,coxnet,Brats18_TCIA04_437_1,-1.4015977451349966,333.0,812.0,1,2
5,4,coxnet,Brats18_TCIA06_247_1,0.9542160462477528,244.0,180.0,0,0
5,4,coxnet,Brats18_TCIA08_167_1,1.3237630267319604,153.0,127.0,0,0
5,4,coxnet,Brats18_TCIA08_218_1,-1.0310752348024774,346.0,616.0,1,2
5,4,genetico,Brats18_CBICA_AAB_1,0.06813097529094991,289.0,357.0,0,1
5,4,genetico,Brats18_CBICA_AAG_1,-0.37693995416708875,616.0,436.0,2,2
5,4,genetico,Brats18_CBICA_ABY_1,0.17920427459056032,515.0,345.0,2,1
5,4,genetico,Brats18_CBICA_ALN_1,0.49456709184334324,421.0,269.0,1,0
5,4,genetico,Brats18_CBICA_APY_1,-0.6235366396871213,203.0,473.0,0,2
5,4,genetico,Brats18_CBICA_AQA_1,-0.014272189418262249,106.0,368.0,0,1
5,4,genetico,Brats18_CBICA_AQG_1,-0.22367129624156956,466.0,394.0,2,1
5,4,genetico,Brats18_CBICA_AQQ_1,1.1782348146591897,33.0,168.0,0,0
5,4,genetico,Brats18_CBICA_AQV_1,-0.2468406782900734,84.0,394.0,0,1
5,4,genetico,Brats18_CBICA_ASK_1,0.9078368911415692,522.0,191.0,2,0
5,4,genetico,Brats18_CBICA_ATB_1,0.6225616362166457,208.0,254.0,0,0
5,4,genetico,Brats18_CBICA_ATF_1,-0.06872514835428256,152.0,375.0,0,1
5,4,genetico,Brats18_CBICA_ATX_1,-6.366216485439518,1592.0,1767.0,2,2
5,4,genetico,Brats18_CBICA_AVJ_1,-1.1336128085661876,614.0,635.0,2,2
5,4,genetico,Brats18_CBICA_AXM_1,-4.871974853196126,438.0,1767.0,1,2
5,4,genetico,Brats18_CBICA_AYA_1,1.2289878681143902,50.0,150.0,0,0
5,4,genetico,Brats18_CBICA_AYW_1,0.18009235936975432,734.0,345.0,2,1
5,4,genetico,Brats18_TCIA01_186_1,-0.7571076240077351,370.0,495.0,1,2
5,4,genetico,Brats18_TCIA01_235_1,-0.26325622070765287,804.0,401.0,2,2
5,4,genetico,Brats18_TCIA01_412_1,1.199587077723832,291.0,168.0,0,0
5,4,genetico,Brats18_TCIA01_425_1,-0.9114586624891166,558.0,579.0,2,2
5,4,genetico,Brats18_TCIA01_499_1,-0.6110060596253115,600.0,473.0,2,2
5,4,genetico,Brats18_TCIA02_179_1,-0.5457399825193657,405.0,465.0,1,2
5,4,genetico,Brats18_TCIA02_430_1,-0.5398074030112414,71.0,465.0,0,2
5,4,genetico,Brats18_TCIA02_455_1,-1.215687709739429,424.0,698.0,1,2
5,4,genetico,Brats18_TCIA03_265_1,-0.021978393989349088,103.0,368.0,0,1
5,4,genetico,Brats18_TCIA03_419_1,0.5991010708639133,327.0,254.0,1,0
5,4,genetico,Brats18_TCIA04_111_1,0.6575691833828753,626.0,232.0,2,0
5,4,genetico,Brats18_TCIA04_437_1,-1.1346304784261667,333.0,635.0,1,2
5,4,genetico,Brats18_TCIA06_247_1,1.1420337685488064,244.0,169.0,0,0
5,4,genetico,Brats18_TCIA08_167_1,0.9880957417802428,153.0,180.0,0,0
5,4,genetico,Brats18_TCIA08_218_1,-0.5700227165306894,346.0,467.0,1,2
6,0,edad,Brats18_CBICA_AAB_1,0.11858202031436813,289.0,350.0,0,1
6,0,edad,Brats18_CBICA_AAG_1,-0.20713847334329683,616.0,405.0,2,2
6,0,edad,Brats18_CBICA_ABN_1,0.7512918226648648,1278.0,210.0,2,0
6,0,edad,Brats18_CBICA_ABO_1,-0.042053793874851114,1155.0,372.0,2,1
6,0,edad,Brats18_CBICA_APR_1,0.5296032769205445,23.0,268.0,0,0
6,0,edad,Brats18_CBICA_APY_1,-0.15186755102956484,203.0,394.0,0,1
6,0,edad,Brats18_CBICA_AQA_1,0.7503208899645515,106.0,210.0,0,0
6,0,edad,Brats18_CBICA_AQG_1,0.16817269499480147,466.0,345.0,2,1
6,0,edad,Brats18_CBICA_AQN_1,0.5489876184943178,488.0,265.0,2,0
6,0,edad,Brats18_CBICA_AQO_1,0.41240573880043474,473.0,296.0,2,0
6,0,edad,Brats18_CBICA_AQV_1,-0.16348398279088522,84.0,394.0,0,1
6,0,edad,Brats18_CBICA_ARF_1,0.7084141679146931,726.0,229.0,2,0
6,0,edad,Brats18_CBICA_ASK_1,0.7888512410435677,522.0,208.0,2,0
6,0,edad,Brats18_CBICA_AWI_1,-0.43403060258385545,375.0,453.0,1,2
6,0,edad,Brats18_CBICA_AYW_1,-0.5769567628276658,734.0,486.0,2,2
6,0,edad,Brats18_CBICA_AZD_1,-0.44566915193040363,448.0,464.0,1,2
6,0,edad,Brats18_CBICA_AZH_1,-0.10179569905303737,401.0,385.0,1,1
6,0,edad,Brats18_TCIA01_147_1,-0.118485306998792,209.0,387.0,0,1
6,0,edad,Brats18_TCIA01_201_1,-0.14577432884547675,430.0,387.0,1,1
6,0,edad,Brats18_TCIA01_335_1,-0.3942355102880004,355.0,448.0,1,2
6,0,edad,Brats18_TCIA01_412_1,0.17319342287050488,291.0,345.0,0,1
6,0,edad,Brats18_TCIA02_226_1,0.36461379591151544,329.0,317.0,1,0
6,0,edad,Brats18_TCIA02_290_1,-0.8455570040609744,737.0,597.0,2,2
6,0,edad,Brats18_TCIA02_321_1,0.6678119090930952,67.0,232.0,0,0
6,0,edad,Brats18_TCIA02_331_1,0.8121219765880092,187.0,208.0,0,0
6,0,edad,Brats18_TCIA02_394_1,-0.006032292664054195,616.0,368.0,2,1
6,0,edad,Brats18_TCIA02_455_1,-0.37953836606198366,424.0,448.0,1,2
6,0,edad,Brats18_TCIA02_471_1,0.48520982258769485,111.0,269.0,0,0
6,0,edad,Brats18_TCIA03_133_1,-0.02529746820356238,382.0,370.0,1,1
6,0,edad,Brats18_TCIA03_296_1,-0.15777037629482,22.0,394.0,0,1
6,0,edad,Brats18_TCIA06_247_1,0.48858619355853616,244.0,269.0,0,0
6,0,edad,Brats18_TCIA08_242_1,0.0826272368291053,147.0,357.0,0,1
6,0,edad,Brats18_TCIA08_406_1,0.569857428927266,82.0,262.0,0,0
6,0,coxnet,Brats18_CBICA_AAB_1,0.4187732903872371,289.0,287.0,0,0
6,0,coxnet,Brats18_CBICA_AAG_1,-0.42808335366139416,616.0,439.0,2,2
6,0,coxnet,Brats18_CBICA_ABN_1,0.743620326662575,1278.0,213.0,2,0
6,0,coxnet,Brats18_CBICA_ABO_1,0.3915258074435518,1155.0,296.0,2,0
6,0,coxnet,Brats18_CBICA_APR_1,0.5793258019077298,23.0,262.0,0,0
6,0,coxnet,Brats18_CBICA_APY_1,-0.7358087702466185,203.0,495.0,0,2
6,0,coxnet,Brats18_CBICA_AQA_1,0.7086149768462353,106.0,229.0,0,0
6,0,coxnet,Brats18_CBICA_AQG_1,0.4950893168951049,466.0,269.0,2,0
6,0,coxnet,Brats18_CBICA_AQN_1,0.7799752536773085,488.0,210.0,2,0
6,0,coxnet,Brats18_CBICA_AQO_1,0.15776979474866906,473.0,345.0,2,1
6,0,coxnet,Brats18_CBICA_AQV_1,-0.28060389799534746,84.0,407.0,0,2
6,0,coxnet,Brats18_CBICA_ARF_1,0.7673527076472964,726.0,213.0,2,0
6,0,coxnet,Brats18_CBICA_ASK_1,0.7827907410503787,522.0,210.0,2,0
6,0,coxnet,Brats18_CBICA_AWI_1,-0.13577904748493694,375.0,385.0,1,1
6,0,coxnet,Brats18_CBICA_AYW_1,-0.6831246376030794,734.0,486.0,2,2
6,0,coxnet,Brats18_CBICA_AZD_1,-0.7659044877666918,448.0,503.0,1,2
6,0,coxnet,Brats18_CBICA_AZH_1,-0.3426419564652148,401.0,425.0,1,2
6,0,coxnet,Brats18_TCIA01_147_1,-0.15289281675836056,209.0,385.0,0,1
6,0,coxnet,Brats18_TCIA01_201_1,-0.15765280329035414,430.0,387.0,1,1
6,0,coxnet,Brats18_TCIA01_335_1,-0.20530923062965695,355.0,394.0,1,1
6,0,coxnet,Brats18_TCIA01_412_1,0.5062717382759674,291.0,268.0,0,0
6,0,coxnet,Brats18_TCIA02_226_1,0.272917477552843,329.0,327.0,1,0
6,0,coxnet,Brats18_TCIA02_290_1,-0.27776558420746267,737.0,407.0,2,2
6,0,coxnet,Brats18_TCIA02_321_1,0.7682639574449903,67.0,213.0,0,0
6,0,coxnet,Brats18_TCIA02_331_1,1.2955936701960873,187.0,150.0,0,0
6,0,coxnet,Brats18_TCIA02_394_1,0.4901218013563577,616.0,269.0,2,0
6,0,coxnet,Brats18_TCIA02_455_1,-0.810772883338059,424.0,510.0,1,2
6,0,coxnet,Brats18_TCIA02_471_1,0.37167256006549065,111.0,317.0,0,0
6,0,coxnet,Brats18_TCIA03_133_1,-0.33309567874561663,382.0,425.0,1,2
6,0,coxnet,Brats18_TCIA03_296_1,0.013563265596867099,22.0,359.0,0,1
6,0,coxnet,Brats18_TCIA06_247_1,0.7405095215554612,244.0,213.0,0,0
6,0,coxnet,Brats18_TCIA08_242_1,0.2467804340570063,147.0,331.0,0,0
6,0,coxnet,Brats18_TCIA08_406_1,0.3459366735764471,82.0,318.0,0,0
6,0,genetico,Brats18_CBICA_AAB_1,0.18192780789512467,289.0,345.0,0,1
6,0,genetico,Brats18_CBICA_AAG_1,-0.8090047914442658,616.0,508.0,2,2
6,0,genetico,Brats18_CBICA_ABN_1,1.115545866681893,1278.0,172.0,2,0
6,0,genetico,Brats18_CBICA_ABO_1,0.9827671709398538,1155.0,191.0,2,0
6,0,genetico,Brats18_CBICA_APR_1,0.7735209384901135,23.0,229.0,0,0
6,0,genetico,Brats18_CBICA_APY_1,-0.20466134150402007,203.0,394.0,0,1
6,0,genetico,Brats18_CBICA_AQA_1,0.7329775633152354,106.0,232.0,0,0
6,0,genetico,Brats18_CBICA_AQG_1,0.5586154731284849,466.0,269.0,2,0
6,0,genetico,Brats18_CBICA_AQN_1,0.7874474719467515,488.0,229.0,2,0
6,0,genetico,Brats18_CBICA_AQO_1,0.5720661260281695,473.0,268.0,2,0
6,0,genetico,Brats18_CBICA_AQV_1,-0.5865266149155552,84.0,467.0,0,2
6,0,genetico,Brats18_CBICA_ARF_1,0.6671236483581016,726.0,254.0,2,0
6,0,genetico,Brats18_CBICA_ASK_1,0.8606016583642809,522.0,210.0,2,0
6,0,genetico,Brats18_CBICA_AWI_1,-0.3203302625033889,375.0,425.0,1,2
6,0,genetico,Brats18_CBICA_AYW_1,-0.2705951182660443,734.0,407.0,2,1
6,0,genetico,Brats18_CBICA_AZD_1,-0.8027355024786827,448.0,508.0,1,2
6,0,genetico,Brats18_CBICA_AZH_1,-0.5573944840999917,401.0,465.0,1,2
6,0,genetico,Brats18_TCIA01_147_1,-0.16012622089486123,209.0,387.0,0,1
6,0,genetico,Brats18_TCIA01_201_1,-0.014446184587386685,430.0,368.0,1,1
6,0,genetico,Brats18_TCIA01_335_1,-0.2619854313959404,355.0,407.0,1,1
6,0,genetico,Brats18_TCIA01_412_1,1.461913234345546,291.0,127.0,0,0
6,0,genetico,Brats18_TCIA02_226_1,0.5079116299916393,329.0,286.0,1,0
6,0,genetico,Brats18_TCIA02_290_1,0.3333663028970564,737.0,327.0,2,0
6,0,genetico,Brats18_TCIA02_321_1,1.1579500347669494,67.0,170.0,0,0
6,0,genetico,Brats18_TCIA02_331_1,1.103765386291797,187.0,172.0,0,0
6,0,genetico,Brats18_TCIA02_394_1,1.077104227033136,616.0,175.0,2,0
6,0,genetico,Brats18_TCIA02_455_1,-1.3298633728734535,424.0,660.0,1,2
6,0,genetico,Brats18_TCIA02_471_1,0.554236875752633,111.0,269.0,0,0
6,0,genetico,Brats18_TCIA03_133_1,-1.0025276186193268,382.0,597.0,1,2
6,0,genetico,Brats18_TCIA03_296_1,-0.13659238571080373,22.0,387.0,0,1
6,0,genetico,Brats18_TCIA06_247_1,0.7688158843867632,244.0,229.0,0,0
6,0,genetico,Brats18_TCIA08_242_1,0.18235777634663144,147.0,345.0,0,1
6,0,genetico,Brats18_TCIA08_406_1,-0.30627205260403745,82.0,421.0,0,2
6,1,edad,Brats18_CBICA_ANI_1,-0.08036279595141237,439.0,375.0,1,1
6,1,edad,Brats18_CBICA_ANZ_1,0.24835395433649868,287.0,329.0,0,0
6,1,edad,Brats18_CBICA_AOD_1,-0.05547726292063337,55.0,372.0,0,1
6,1,edad,Brats18_CBICA_AQJ_1,0.36508809023269173,170.0,296.0,0,0
6,1,edad,Brats18_CBICA_AQP_1,-0.4767298630435457,1283.0,465.0,2,2
6,1,edad,Brats18_CBICA_AQZ_1,0.2734663956626061,286.0,327.0,0,0
6,1,edad,Brats18_CBICA_ARW_1,-0.36204370199849767,495.0,438.0,2,2
6,1,edad,Brats18_CBICA_ASH_1,-0.47276820677411724,660.0,464.0,2,2
6,1,edad,Brats18_CBICA_ASW_1,0.25876169538330174,239.0,327.0,0,0
6,1,edad,Brats18_CBICA_ATF_1,0.27108311784838846,152.0,327.0,0,0
6,1,edad,Brats18_CBICA_ATP_1,-0.30426352189054817,385.0,430.0,1,2
6,1,edad,Brats18_CBICA_AXL_1,0.4693002247526704,168.0,268.0,0,0
6,1,edad,Brats18_CBICA_AYI_1,0.17690984805392546,387.0,332.0,1,1
6,1,edad,Brats18_TCIA01_150_1,-0.3732826717885085,1489.0,448.0,2,2
6,1,edad,Brats18_TCIA01_186_1,-0.95165091376684,370.0,616.0,1,2
6,1,edad,Brats18_TCIA01_235_1,-0.1430365811466443,804.0,387.0,2,1
6,1,edad,Brats18_TCIA01_411_1,-0.6489535160959373,822.0,503.0,2,2
6,1,edad,Brats18_TCIA01_425_1,-0.20229355839699287,558.0,401.0,2,2
6,1,edad,Brats18_TCIA02_179_1,-0.5222812355488751,405.0,467.0,1,2
6,1,edad,Brats18_TCIA02_274_1,-0.24395809594242207,357.0,421.0,1,2
6,1,edad,Brats18_TCIA02_300_1,0.07200077822360082,127.0,355.0,0,1
6,1,edad,Brats18_TCIA02_377_1,0.05131958956285594,812.0,355.0,2,1
6,1,edad,Brats18_TCIA03_138_1,0.3236666714069506,82.0,318.0,0,0
6,1,edad,Brats18_TCIA03_265_1,-0.08894990106148182,103.0,376.0,0,1
6,1,edad,Brats18_TCIA03_338_1,0.47645902464566814,468.0,268.0,2,0
6,1,edad,Brats18_TCIA03_375_1,-0.07498338404383603,946.0,375.0,2,1
6,1,edad,Brats18_TCIA04_361_1,0.4612838667322645,476.0,269.0,2,0
6,1,edad,Brats18_TCIA05_277_1,0.27307162057620005,232.0,327.0,0,0
6,1,edad,Brats18_TCIA06_165_1,-0.35176214917237625,5.0,438.0,0,2
6,1,edad,Brats18_TCIA06_184_1,-0.035803275006353386,434.0,368.0,1,1
6,1,edad,Brats18_TCIA08_105_1,0.14750726085024873,77.0,336.0,0,1
6,1,edad,Brats18_TCIA08_218_1,-0.16412065010597512,346.0,394.0,1,2
6,1,edad,Brats18_TCIA08_319_1,0.08818313688346935,254.0,350.0,0,1
6,1,coxnet,Brats18_CBICA_ANI_1,-0.009499472919291515,439.0,362.0,1,1
6,1,coxnet,Brats18_CBICA_ANZ_1,0.37115278842794075,287.0,296.0,0,0
6,1,coxnet,Brats18_CBICA_AOD_1,-0.0169650930665872,55.0,362.0,0,1
6,1,coxnet,Brats18_CBICA_AQJ_1,0.6321495015660922,170.0,213.0,0,0
6,1,coxnet,Brats18_CBICA_AQP_1,-0.36111801475960686,1283.0,436.0,2,2
6,1,coxnet,Brats18_CBICA_AQZ_1,0.40806239310274556,286.0,289.0,0,0
6,1,coxnet,Brats18_CBICA_ARW_1,-0.4031020555391058,495.0,448.0,2,2
6,1,coxnet,Brats18_CBICA_ASH_1,-1.0629215080419752,660.0,621.0,2,2
6,1,coxnet,Brats18_CBICA_ASW_1,0.35970038473755256,239.0,296.0,0,0
6,1,coxnet,Brats18_CBICA_ATF_1,0.10392535188100122,152.0,345.0,0,1
6,1,coxnet,Brats18_CBICA_ATP_1,-0.5605736161818464,385.0,467.0,1,2
6,1,coxnet,Brats18_CBICA_AXL_1,0.7211035242603879,168.0,208.0,0,0
6,1,coxnet,Brats18_CBICA_AYI_1,0.09977812523994885,387.0,345.0,1,1
6,1,coxnet,Brats18_TCIA01_150_1,-0.25613528323956325,1489.0,407.0,2,2
6,1,coxnet,Brats18_TCIA01_186_1,-1.043864528250051,370.0,621.0,1,2
6,1,coxnet,Brats18_TCIA01_235_1,-0.16431951010454743,804.0,387.0,2,1
6,1,coxnet,Brats18_TCIA01_411_1,-0.8358250665529838,822.0,576.0,2,2
6,1,coxnet,Brats18_TCIA01_425_1,-0.6395837253564142,558.0,488.0,2,2
6,1,coxnet,Brats18_TCIA02_179_1,-0.6036205602135564,405.0,486.0,1,2
6,1,coxnet,Brats18_TCIA02_274_1,-0.1316947201649921,357.0,382.0,1,1
6,1,coxnet,Brats18_TCIA02_300_1,0.04684054103864108,127.0,355.0,0,1
6,1,coxnet,Brats18_TCIA02_377_1,0.11050796034952544,812.0,345.0,2,1
6,1,coxnet,Brats18_TCIA03_138_1,0.4827649306263333,82.0,268.0,0,0
6,1,coxnet,Brats18_TCIA03_265_1,-0.1278159263683853,103.0,382.0,0,1
6,1,coxnet,Brats18_TCIA03_338_1,0.318183685500762,468.0,318.0,2,0
6,1,coxnet,Brats18_TCIA03_375_1,-0.10121841218608078,946.0,376.0,2,1
6,1,coxnet,Brats18_TCIA04_361_1,0.4598632350415322,476.0,269.0,2,0
6,1,coxnet,Brats18_TCIA05_277_1,0.06654004574274204,232.0,355.0,0,1
6,1,coxnet,Brats18_TCIA06_165_1,-0.3354487245010549,5.0,430.0,0,2
6,1,coxnet,Brats18_TCIA06_184_1,0.06418476802447949,434.0,355.0,1,1
6,1,coxnet,Brats18_TCIA08_105_1,0.30993978426111807,77.0,318.0,0,0
6,1,coxnet,Brats18_TCIA08_218_1,-0.22660118328990442,346.0,401.0,1,2
6,1,coxnet,Brats18_TCIA08_319_1,0.08230606651054212,254.0,350.0,0,1
6,1,genetico,Brats18_CBICA_ANI_1,0.22680808889300566,439.0,333.0,1,0
6,1,genetico,Brats18_CBICA_ANZ_1,0.5759092040921467,287.0,268.0,0,0
6,1,genetico,Brats18_CBICA_AOD_1,0.568700058454728,55.0,269.0,0,0
6,1,genetico,Brats18_CBICA_AQJ_1,1.2277990960776664,170.0,169.0,0,0
6,1,genetico,Brats18_CBICA_AQP_1,-0.13790911175349307,1283.0,387.0,2,1
6,1,genetico,Brats18_CBICA_AQZ_1,0.5298197657973552,286.0,289.0,0,0
6,1,genetico,Brats18_CBICA_ARW_1,-0.4440413514778014,495.0,448.0,2,2
6,1,genetico,Brats18_CBICA_ASH_1,-2.474567077212379,660.0,1592.0,2,2
6,1,genetico,Brats18_CBICA_ASW_1,0.6949043741658116,239.0,244.0,0,0
6,1,genetico,Brats18_CBICA_ATF_1,-0.07578708127334027,152.0,376.0,0,1
6,1,genetico,Brats18_CBICA_ATP_1,-0.47213381778088265,385.0,448.0,1,2
6,1,genetico,Brats18_CBICA_AXL_1,1.3942165353672833,168.0,139.0,0,0
6,1,genetico,Brats18_CBICA_AYI_1,1.0076940148522775,387.0,191.0,1,0
6,1,genetico,Brats18_TCIA01_150_1,-0.3830907052261361,1489.0,436.0,2,2
6,1,genetico,Brats18_TCIA01_186_1,-1.263840745433291,370.0,634.0,1,2
6,1,genetico,Brats18_TCIA01_235_1,-0.5734614342463351,804.0,466.0,2,2
6,1,genetico,Brats18_TCIA01_411_1,-0.9382934125317034,822.0,579.0,2,2
6,1,genetico,Brats18_TCIA01_425_1,-1.994281885565592,558.0,1337.0,2,2
6,1,genetico,Brats18_TCIA02_179_1,-0.6981749636661105,405.0,495.0,1,2
6,1,genetico,Brats18_TCIA02_274_1,-0.0386016231530405,357.0,372.0,1,1
6,1,genetico,Brats18_TCIA02_300_1,0.4089943237108245,127.0,318.0,0,0
6,1,genetico,Brats18_TCIA02_377_1,0.1962618868063047,812.0,336.0,2,0
6,1,genetico,Brats18_TCIA03_138_1,0.9050937306991126,82.0,208.0,0,0
6,1,genetico,Brats18_TCIA03_265_1,-0.14212251323792569,103.0,387.0,0,1
6,1,genetico,Brats18_TCIA03_338_1,0.0016681977893242134,468.0,368.0,2,1
6,1,genetico,Brats18_TCIA03_375_1,-0.42115594885394314,946.0,448.0,2,2
6,1,genetico,Brats18_TCIA04_361_1,0.5691320232975768,476.0,269.0,2,0
6,1,genetico,Brats18_TCIA05_277_1,-0.602133953433983,232.0,467.0,0,2
6,1,genetico,Brats18_TCIA06_165_1,-0.5094546748949906,5.0,453.0,0,2
6,1,genetico,Brats18_TCIA06_184_1,4.093652780282132,434.0,23.0,1,0
6,1,genetico,Brats18_TCIA08_105_1,2.734474630247118,77.0,50.0,0,0
6,1,genetico,Brats18_TCIA08_218_1,-0.7503106576089444,346.0,503.0,1,2
6,1,genetico,Brats18_TCIA08_319_1,-0.11380172807574215,254.0,382.0,0,1
6,2,edad,Brats18_CBICA_ABM_1,0.3490129924214864,503.0,291.0,2,0
6,2,edad,Brats18_CBICA_ALN_1,0.06471765719759154,421.0,362.0,1,1
6,2,edad,Brats18_CBICA_ANP_1,0.053887753391953265,486.0,368.0,2,1
6,2,edad,Brats18_CBICA_AOO_1,-0.5658148521686752,350.0,473.0,1,2
6,2,edad,Brats18_CBICA_AOZ_1,-0.47685450565008247,331.0,465.0,1,2
6,2,edad,Brats18_CBICA_APZ_1,0.03348916494925174,336.0,368.0,1,1
6,2,edad,Brats18_CBICA_AQT_1,0.5645215635004731,172.0,244.0,0,0
6,2,edad,Brats18_CBICA_AQU_1,0.4888069768431357,30.0,268.0,0,0
6,2,edad,Brats18_CBICA_ASA_1,0.1649756835056862,210.0,355.0,0,0
6,2,edad,Brats18_CBICA_ASG_1,-0.0501065600340745,208.0,382.0,0,1
6,2,edad,Brats18_CBICA_ASO_1,-0.2406039154784414,265.0,425.0,0,2
6,2,edad,Brats18_CBICA_ATX_1,-0.8279352342030912,1592.0,610.0,2,2
6,2,edad,Brats18_CBICA_AUN_1,0.2989905611522457,376.0,317.0,1,0
6,2,edad,Brats18_CBICA_AUQ_1,-0.016561163915067824,1337.0,375.0,2,1
6,2,edad,Brats18_CBICA_AUR_1,0.3610922726995697,12.0,289.0,0,0
6,2,edad,Brats18_CBICA_AVG_1,0.11620262870889102,579.0,357.0,2,1
6,2,edad,Brats18_CBICA_AWG_1,-0.16186950875158268,180.0,401.0,0,2
6,2,edad,Brats18_CBICA_AXN_1,0.9121206171497991,345.0,175.0,1,0
6,2,edad,Brats18_CBICA_AXO_1,-0.17696690054903208,394.0,405.0,1,2
6,2,edad,Brats18_CBICA_AXQ_1,0.22004891180547498,114.0,332.0,0,0
6,2,edad,Brats18_CBICA_BHB_1,-0.15963128917064356,510.0,401.0,2,2
6,2,edad,Brats18_TCIA01_190_1,0.008663215489165781,322.0,370.0,1,1
6,2,edad,Brats18_TCIA01_231_1,0.08962992064726187,1561.0,359.0,2,1
6,2,edad,Brats18_TCIA01_429_1,-0.22368529338926768,86.0,424.0,0,2
6,2,edad,Brats18_TCIA01_448_1,-0.5980364001250552,199.0,476.0,0,2
6,2,edad,Brats18_TCIA01_460_1,-1.5030587113130074,630.0,946.0,2,2
6,2,edad,Brats18_TCIA01_499_1,-0.3979111477531569,600.0,448.0,2,2
6,2,edad,Brats18_TCIA02_491_1,0.7045008140966568,82.0,213.0,0,0
6,2,edad,Brats18_TCIA03_419_1,0.3307536713747735,327.0,296.0,1,0
6,2,edad,Brats18_TCIA04_192_1,0.5215352451786248,121.0,262.0,0,0
6,2,edad,Brats18_TCIA04_437_1,-0.5090760536064622,333.0,466.0,1,2
6,2,edad,Brats18_TCIA08_278_1,-0.38302521117516564,1458.0,448.0,2,2
6,2,edad,Brats18_TCIA08_280_1,-0.13927244062242386,508.0,394.0,2,1
6,2,coxnet,Brats18_CBICA_ABM_1,0.34894161486112696,503.0,291.0,2,0
6,2,coxnet,Brats18_CBICA_ALN_1,0.06472947890595981,421.0,362.0,1,1
6,2,coxnet,Brats18_CBICA_ANP_1,0.053864215733846574,486.0,368.0,2,1
6,2,coxnet,Brats18_CBICA_AOO_1,-0.5657379358223282,350.0,473.0,1,2
6,2,coxnet,Brats18_CBICA_AOZ_1,-0.47679200980635283,331.0,465.0,1,2
6,2,coxnet,Brats18_CBICA_APZ_1,0.033506048806901376,336.0,368.0,1,1
6,2,coxnet,Brats18_CBICA_AQT_1,0.5644152519269844,172.0,244.0,0,0
6,2,coxnet,Brats18_CBICA_AQU_1,0.48875005352764556,30.0,268.0,0,0
6,2,coxnet,Brats18_CBICA_ASA_1,0.1649712533536768,210.0,355.0,0,0
6,2,coxnet,Brats18_CBICA_ASG_1,-0.050076125280794595,208.0,382.0,0,1
6,2,coxnet,Brats18_CBICA_ASO_1,-0.24054260103864658,265.0,425.0,0,2
6,2,coxnet,Brats18_CBICA_ATX_1,-0.8278158280531063,1592.0,610.0,2,2
6,2,coxnet,Brats18_CBICA_AUN_1,0.29892729224511505,376.0,317.0,1,0
6,2,coxnet,Brats18_CBICA_AUQ_1,-0.016554247713318204,1337.0,375.0,2,1
6,2,coxnet,Brats18_CBICA_AUR_1,0.3610189370837431,12.0,289.0,0,0
6,2,coxnet,Brats18_CBICA_AVG_1,0.1161689897881683,579.0,357.0,2,1
6,2,coxnet,Brats18_CBICA_AWG_1,-0.16185807208365335,180.0,401.0,0,2
6,2,coxnet,Brats18_CBICA_AXN_1,0.9119579596507486,345.0,175.0,1,0
6,2,coxnet,Brats18_CBICA_AXO_1,-0.1769339825224755,394.0,405.0,1,2
6,2,coxnet,Brats18_CBICA_AXQ_1,0.2199984393667211,114.0,332.0,0,0
6,2,coxnet,Brats18_CBICA_BHB_1,-0.15962021531887433,510.0,401.0,2,2
6,2,coxnet,Brats18_TCIA01_190_1,0.008666042810380978,322.0,370.0,1,1
6,2,coxnet,Brats18_TCIA01_231_1,0.08961962323786021,1561.0,359.0,2,1
6,2,coxnet,Brats18_TCIA01_429_1,-0.2236448022952424,86.0,424.0,0,2
6,2,coxnet,Brats18_TCIA01_448_1,-0.597935226588507,199.0,476.0,0,2
6,2,coxnet,Brats18_TCIA01_460_1,-1.5028108333500734,630.0,946.0,2,2
6,2,coxnet,Brats18_TCIA01_499_1,-0.39784241458851066,600.0,448.0,2,2
6,2,coxnet,Brats18_TCIA02_491_1,0.7043908459049885,82.0,213.0,0,0
6,2,coxnet,Brats18_TCIA03_419_1,0.33070428772285476,327.0,296.0,1,0
6,2,coxnet,Brats18_TCIA04_192_1,0.5214549357682977,121.0,262.0,0,0
6,2,coxnet,Brats18_TCIA04_437_1,-0.5089893005725312,333.0,466.0,1,2
6,2,coxnet,Brats18_TCIA08_278_1,-0.38295889102593345,1458.0,448.0,2,2
6,2,coxnet,Brats18_TCIA08_280_1,-0.13924563288072225,508.0,394.0,2,1
6,2,genetico,Brats18_CBICA_ABM_1,0.4507123841821556,503.0,291.0,2,0
6,2,genetico,Brats18_CBICA_ALN_1,0.6231130895036694,421.0,262.0,1,0
6,2,genetico,Brats18_CBICA_ANP_1,-0.36255098479408654,486.0,438.0,2,2
6,2,genetico,Brats18_CBICA_AOO_1,-1.1895934916000859,350.0,635.0,1,2
6,2,genetico,Brats18_CBICA_AOZ_1,-1.5499576961339907,331.0,804.0,1,2
6,2,genetico,Brats18_CBICA_APZ_1,1.3350800172749762,336.0,147.0,1,0
6,2,genetico,Brats18_CBICA_AQT_1,0.8549686736816975,172.0,209.0,0,0
6,2,genetico,Brats18_CBICA_AQU_1,1.4359198515749525,30.0,127.0,0,0
6,2,genetico,Brats18_CBICA_ASA_1,1.2801717373646628,210.0,152.0,0,0
6,2,genetico,Brats18_CBICA_ASG_1,1.0276242289108977,208.0,187.0,0,0
6,2,genetico,Brats18_CBICA_ASO_1,0.2674776382054145,265.0,346.0,0,0
6,2,genetico,Brats18_CBICA_ATX_1,-2.1310957207110457,1592.0,1282.0,2,2
6,2,genetico,Brats18_CBICA_AUN_1,0.05082968887681094,376.0,370.0,1,1
6,2,genetico,Brats18_CBICA_AUQ_1,0.7066906028375417,1337.0,244.0,2,0
6,2,genetico,Brats18_CBICA_AUR_1,0.7158212195984274,12.0,239.0,0,0
6,2,genetico,Brats18_CBICA_AVG_1,0.612195736272171,579.0,268.0,2,0
6,2,genetico,Brats18_CBICA_AWG_1,0.19652021198281672,180.0,355.0,0,1
6,2,genetico,Brats18_CBICA_AXN_1,1.5441172670980132,345.0,111.0,1,0
6,2,genetico,Brats18_CBICA_AXO_1,-0.492148607139095,394.0,453.0,1,2
6,2,genetico,Brats18_CBICA_AXQ_1,0.7099892265145193,114.0,244.0,0,0
6,2,genetico,Brats18_CBICA_BHB_1,4.771462763807528,510.0,22.0,2,0
6,2,genetico,Brats18_TCIA01_190_1,-1.3221896066666448,322.0,734.0,1,2
6,2,genetico,Brats18_TCIA01_231_1,0.5311523516405219,1561.0,286.0,2,0
6,2,genetico,Brats18_TCIA01_429_1,-0.09893430521021876,86.0,387.0,0,1
6,2,genetico,Brats18_TCIA01_448_1,-0.8919157294738828,199.0,576.0,0,2
6,2,genetico,Brats18_TCIA01_460_1,-2.6898289063238225,630.0,1731.0,2,2
6,2,genetico,Brats18_TCIA01_499_1,0.2558338123338295,600.0,346.0,2,0
6,2,genetico,Brats18_TCIA02_491_1,0.6187057822379347,82.0,262.0,0,0
6,2,genetico,Brats18_TCIA03_419_1,0.3300904255936624,327.0,329.0,1,0
6,2,genetico,Brats18_TCIA04_192_1,0.9317555960573607,121.0,203.0,0,0
6,2,genetico,Brats18_TCIA04_437_1,-0.5099713408752978,333.0,464.0,1,2
6,2,genetico,Brats18_TCIA08_278_1,-1.3235463978677933,1458.0,734.0,2,2
6,2,genetico,Brats18_TCIA08_280_1,-0.018923839101319784,508.0,382.0,2,1
6,3,edad,Brats18_2013_27_1,0.313505470173678,120.0,318.0,0,0
6,3,edad,Brats18_CBICA_AAL_1,-0.09672658768189193,464.0,375.0,2,1
6,3,edad,Brats18_CBICA_AAP_1,-0.552230993055017,788.0,476.0,2,2
6,3,edad,Brats18_CBICA_ABB_1,0.3276493409635085,465.0,318.0,2,0
6,3,edad,Brats18_CBICA_ALU_1,0.25008232018376175,495.0,329.0,2,0
6,3,edad,Brats18_CBICA_ALX_1,0.06450755882712714,698.0,350.0,2,1
6,3,edad,Brats18_CBICA_AMH_1,0.15185268901126012,169.0,336.0,0,0
6,3,edad,Brats18_CBICA_AOH_1,-0.018382102545832987,576.0,362.0,2,1
6,3,edad,Brats18_CBICA_AQD_1,0.6223749043389762,32.0,232.0,0,0
6,3,edad,Brats18_CBICA_AQQ_1,0.5313517696999825,33.0,265.0,0,0
6,3,edad,Brats18_CBICA_AQY_1,0.16432878857021593,229.0,333.0,0,0
6,3,edad,Brats18_CBICA_ARZ_1,0.07782092769288051,871.0,350.0,2,1
6,3,edad,Brats18_CBICA_ASV_1,-0.0832704738226453,597.0,375.0,2,1
6,3,edad,Brats18_CBICA_ATB_1,0.40638255827772385,208.0,287.0,0,0
6,3,edad,Brats18_CBICA_ATD_1,0.34813253650480647,355.0,291.0,1,0
6,3,edad,Brats18_CBICA_ATV_1,0.13824706277579954,453.0,336.0,2,0
6,3,edad,Brats18_CBICA_AVV_1,0.4412787468860372,387.0,286.0,1,0
6,3,edad,Brats18_CBICA_AXJ_1,-0.8888431568628858,1767.0,616.0,2,2
6,3,edad,Brats18_CBICA_AYU_1,0.18674887761957346,58.0,332.0,0,0
6,3,edad,Brats18_CBICA_BHM_1,0.2932682618170428,436.0,322.0,1,0
6,3,edad,Brats18_TCIA02_135_1,0.16811348109008753,828.0,333.0,2,0
6,3,edad,Brats18_TCIA02_198_1,-0.2829653579471073,394.0,421.0,1,2
6,3,edad,Brats18_TCIA02_283_1,0.3317398256185282,262.0,318.0,0,0
6,3,edad,Brats18_TCIA02_368_1,-0.03528315551123844,317.0,368.0,1,1
6,3,edad,Brats18_TCIA02_430_1,-0.29531508022237174,71.0,424.0,0,2
6,3,edad,Brats18_TCIA02_473_1,-0.08133296738510518,175.0,375.0,0,1
6,3,edad,Brats18_TCIA03_257_1,0.16697718703086198,425.0,333.0,1,0
6,3,edad,Brats18_TCIA04_343_1,-0.3308093183355404,296.0,430.0,0,2
6,3,edad,Brats18_TCIA04_479_1,-0.219542207957191,372.0,401.0,1,2
6,3,edad,Brats18_TCIA06_409_1,0.1651830385162961,99.0,333.0,0,0
6,3,edad,Brats18_TCIA08_167_1,0.3338629013607649,153.0,318.0,0,0
6,3,edad,Brats18_TCIA08_469_1,0.004696453888345997,519.0,359.0,2,1
6,3,coxnet,Brats18_2013_27_1,0.36072929871595893,120.0,289.0,0,0
6,3,coxnet,Brats18_CBICA_AAL_1,-0.2737189996383737,464.0,405.0,2,2
6,3,coxnet,Brats18_CBICA_AAP_1,-0.5753333937618732,788.0,473.0,2,2
6,3,coxnet,Brats18_CBICA_ABB_1,0.22530807494910102,465.0,329.0,2,0
6,3,coxnet,Brats18_CBICA_ALU_1,0.19696721461257508,495.0,331.0,2,0
6,3,coxnet,Brats18_CBICA_ALX_1,-0.4333100353052974,698.0,439.0,2,2
6,3,coxnet,Brats18_CBICA_AMH_1,0.05091389938380474,169.0,350.0,0,1
6,3,coxnet,Brats18_CBICA_AOH_1,-0.1322599134432912,576.0,376.0,2,1
6,3,coxnet,Brats18_CBICA_AQD_1,0.6388275633247539,32.0,232.0,0,0
6,3,coxnet,Brats18_CBICA_AQQ_1,0.7664593009672647,33.0,208.0,0,0
6,3,coxnet,Brats18_CBICA_AQY_1,0.39328291443330005,229.0,287.0,0,0
6,3,coxnet,Brats18_CBICA_ARZ_1,0.07398293142813028,871.0,346.0,2,1
6,3,coxnet,Brats18_CBICA_ASV_1,-0.06550734350924997,597.0,368.0,2,1
6,3,coxnet,Brats18_CBICA_ATB_1,0.5656296078160142,208.0,244.0,0,0
6,3,coxnet,Brats18_CBICA_ATD_1,0.29723147114320125,355.0,322.0,1,0
6,3,coxnet,Brats18_CBICA_ATV_1,0.1347909329260521,453.0,336.0,2,1
6,3,coxnet,Brats18_CBICA_AVV_1,0.5579337092247922,387.0,254.0,1,0
6,3,coxnet,Brats18_CBICA_AXJ_1,-0.8313462059412242,1767.0,558.0,2,2
6,3,coxnet,Brats18_CBICA_AYU_1,0.04380347438940207,58.0,350.0,0,1
6,3,coxnet,Brats18_CBICA_BHM_1,0.3564039871308475,436.0,291.0,1,0
6,3,coxnet,Brats18_TCIA02_135_1,0.18275005565246832,828.0,332.0,2,0
6,3,coxnet,Brats18_TCIA02_198_1,-0.45499646491283446,394.0,448.0,1,2
6,3,coxnet,Brats18_TCIA02_283_1,0.19858117174533646,262.0,331.0,0,0
6,3,coxnet,Brats18_TCIA02_368_1,-0.07388741283758615,317.0,368.0,1,1
6,3,coxnet,Brats18_TCIA02_430_1,-0.3582693310404543,71.0,430.0,0,2
6,3,coxnet,Brats18_TCIA02_473_1,-0.19174812358760426,175.0,385.0,0,1
6,3,coxnet,Brats18_TCIA03_257_1,0.15758904916510194,425.0,333.0,1,1
6,3,coxnet,Brats18_TCIA04_343_1,-0.5102885723971413,296.0,466.0,0,2
6,3,coxnet,Brats18_TCIA04_479_1,-0.2616602192356902,372.0,405.0,1,2
6,3,coxnet,Brats18_TCIA06_409_1,-0.004814469830122645,99.0,357.0,0,1
6,3,coxnet,Brats18_TCIA08_167_1,0.8432324816664118,153.0,199.0,0,0
6,3,coxnet,Brats18_TCIA08_469_1,0.22008712474249792,519.0,331.0,2,0
6,3,genetico,Brats18_2013_27_1,0.6267246858278254,120.0,239.0,0,0
6,3,genetico,Brats18_CBICA_AAL_1,-0.4326348508809572,464.0,438.0,2,2
6,3,genetico,Brats18_CBICA_AAP_1,-0.7448576273100287,788.0,503.0,2,2
6,3,genetico,Brats18_CBICA_ABB_1,0.1356377779173883,465.0,336.0,2,0
6,3,genetico,Brats18_CBICA_ALU_1,-0.11517638559950555,495.0,375.0,2,1
6,3,genetico,Brats18_CBICA_ALX_1,-0.23505380648603857,698.0,394.0,2,1
6,3,genetico,Brats18_CBICA_AMH_1,-0.05876606807349405,169.0,368.0,0,1
6,3,genetico,Brats18_CBICA_AOH_1,-0.3673577513677295,576.0,424.0,2,2
6,3,genetico,Brats18_CBICA_AQD_1,0.26991786512530147,32.0,327.0,0,0
6,3,genetico,Brats18_CBICA_AQQ_1,1.0950360712752734,33.0,168.0,0,0
6,3,genetico,Brats18_CBICA_AQY_1,0.5323813956854175,229.0,265.0,0,0
6,3,genetico,Brats18_CBICA_ARZ_1,-0.40787856011332885,871.0,434.0,2,2
6,3,genetico,Brats18_CBICA_ASV_1,-0.45783470499110324,597.0,439.0,2,2
6,3,genetico,Brats18_CBICA_ATB_1,1.0201651391986224,208.0,172.0,0,0
6,3,genetico,Brats18_CBICA_ATD_1,0.18704830693775962,355.0,332.0,1,0
6,3,genetico,Brats18_CBICA_ATV_1,0.23722431894436982,453.0,329.0,2,0
6,3,genetico,Brats18_CBICA_AVV_1,0.7014645196159296,387.0,213.0,1,0
6,3,genetico,Brats18_CBICA_AXJ_1,-0.9049433612125556,1767.0,579.0,2,2
6,3,genetico,Brats18_CBICA_AYU_1,-0.2441266160811014,58.0,394.0,0,1
6,3,genetico,Brats18_CBICA_BHM_1,0.11087990137975473,436.0,345.0,1,1
6,3,genetico,Brats18_TCIA02_135_1,0.2378425980770292,828.0,329.0,2,0
6,3,genetico,Brats18_TCIA02_198_1,-0.7224027107783433,394.0,495.0,1,2
6,3,genetico,Brats18_TCIA02_283_1,-0.058031403899089076,262.0,368.0,0,1
6,3,genetico,Brats18_TCIA02_368_1,-0.1462160759607506,317.0,376.0,1,1
6,3,genetico,Brats18_TCIA02_430_1,-0.5632051384376231,71.0,466.0,0,2
6,3,genetico,Brats18_TCIA02_473_1,-0.6559217194533431,175.0,476.0,0,2
6,3,genetico,Brats18_TCIA03_257_1,0.25645944546130983,425.0,329.0,1,0
6,3,genetico,Brats18_TCIA04_343_1,-0.9278638299710013,296.0,600.0,0,2
6,3,genetico,Brats18_TCIA04_479_1,-0.29088501585717785,372.0,405.0,1,1
6,3,genetico,Brats18_TCIA06_409_1,-0.361671081307982,99.0,424.0,0,2
6,3,genetico,Brats18_TCIA08_167_1,1.7635709236482624,153.0,89.0,0,0
6,3,genetico,Brats18_TCIA08_469_1,0.4658564694354061,519.0,269.0,2,0
6,4,edad,Brats18_2013_11_1,-1.3607095594499496,150.0,828.0,0,2
6,4,edad,Brats18_CBICA_ABE_1,0.14044633596303108,269.0,336.0,0,0
6,4,edad,Brats18_CBICA_ABY_1,-0.6004941324380665,515.0,476.0,2,2
6,4,edad,Brats18_CBICA_AME_1,-0.46750481759684376,359.0,453.0,1,2
6,4,edad,Brats18_CBICA_ANG_1,-0.3085259069238646,368.0,424.0,1,2
6,4,edad,Brats18_CBICA_AOP_1,0.16837132722906717,332.0,333.0,1,0
6,4,edad,Brats18_CBICA_AQR_1,0.30807527929126055,89.0,317.0,0,0
6,4,edad,Brats18_CBICA_ASE_1,-0.30891012949576246,318.0,424.0,1,2
6,4,edad,Brats18_CBICA_ASN_1,-0.5982714958535875,407.0,476.0,1,2
6,4,edad,Brats18_CBICA_ASU_1,1.0526208095870362,85.0,169.0,0,0
6,4,edad,Brats18_CBICA_ASY_1,0.46903983935268445,610.0,265.0,2,0
6,4,edad,Brats18_CBICA_AVJ_1,-0.7238459679738959,614.0,503.0,2,2
6,4,edad,Brats18_CBICA_AWH_1,-0.42682201561096333,139.0,439.0,0,2
6,4,edad,Brats18_CBICA_AXM_1,0.4857869345391049,438.0,262.0,1,0
6,4,edad,Brats18_CBICA_AXW_1,0.6177780466420256,191.0,232.0,0,0
6,4,edad,Brats18_CBICA_AYA_1,0.4449748828670481,50.0,286.0,0,0
6,4,edad,Brats18_TCIA01_203_1,-0.5924763065959184,268.0,476.0,0,2
6,4,edad,Brats18_TCIA01_378_1,0.5221139742191868,110.0,254.0,0,0
6,4,edad,Brats18_TCIA01_390_1,0.10462153053884177,634.0,346.0,2,1
6,4,edad,Brats18_TCIA01_401_1,0.7056605575477174,448.0,209.0,1,0
6,4,edad,Brats18_TCIA02_118_1,-0.5373767835179545,104.0,466.0,0,2
6,4,edad,Brats18_TCIA02_151_1,-0.511624174882232,1731.0,465.0,2,2
6,4,edad,Brats18_TCIA02_314_1,-0.8125979138457354,362.0,522.0,1,2
6,4,edad,Brats18_TCIA02_322_1,-0.14077871095462904,621.0,385.0,2,1
6,4,edad,Brats18_TCIA03_121_1,-1.2054041912725124,747.0,788.0,2,2
6,4,edad,Brats18_TCIA03_199_1,-0.4779719930453677,1282.0,464.0,2,2
6,4,edad,Brats18_TCIA03_474_1,0.01902965490447004,635.0,355.0,2,1
6,4,edad,Brats18_TCIA03_498_1,-0.06494280822366774,467.0,375.0,2,1
6,4,edad,Brats18_TCIA04_111_1,0.5662725884135701,626.0,244.0,2,0
6,4,edad,Brats18_TCIA04_149_1,-0.9508799427317233,448.0,600.0,1,2
6,4,edad,Brats18_TCIA05_478_1,-0.06600925060582163,30.0,375.0,0,1
6,4,edad,Brats18_TCIA06_372_1,0.5369651718373337,213.0,254.0,0,0
6,4,coxnet,Brats18_2013_11_1,-1.3607107718332558,150.0,828.0,0,2
6,4,coxnet,Brats18_CBICA_ABE_1,0.14044577451127851,269.0,336.0,0,0
6,4,coxnet,Brats18_CBICA_ABY_1,-0.6004946683417729,515.0,476.0,2,2
6,4,coxnet,Brats18_CBICA_AME_1,-0.467505352062443,359.0,453.0,1,2
6,4,coxnet,Brats18_CBICA_ANG_1,-0.30852648614334516,368.0,424.0,1,2
6,4,coxnet,Brats18_CBICA_AOP_1,0.16837077040540321,332.0,333.0,1,0
6,4,coxnet,Brats18_CBICA_AQR_1,0.30807473958553866,89.0,317.0,0,0
6,4,coxnet,Brats18_CBICA_ASE_1,-0.3089098978574137,318.0,424.0,1,2
6,4,coxnet,Brats18_CBICA_ASN_1,-0.59827126867003,407.0,476.0,1,2
6,4,coxnet,Brats18_CBICA_ASU_1,1.052621047581635,85.0,169.0,0,0
6,4,coxnet,Brats18_CBICA_ASY_1,0.4690400651254886,610.0,265.0,2,0
6,4,coxnet,Brats18_CBICA_AVJ_1,-0.7238465366196624,614.0,503.0,2,2
6,4,coxnet,Brats18_CBICA_AWH_1,-0.4268225664784939,139.0,439.0,0,2
6,4,coxnet,Brats18_CBICA_AXM_1,0.48578715937102546,438.0,262.0,1,0
6,4,coxnet,Brats18_CBICA_AXW_1,0.6177775038242579,191.0,232.0,0,0
6,4,coxnet,Brats18_CBICA_AYA_1,0.44497435826542403,50.0,286.0,0,0
6,4,coxnet,Brats18_TCIA01_203_1,-0.5924759021276302,268.0,476.0,0,2
6,4,coxnet,Brats18_TCIA01_378_1,0.5221144475336833,110.0,254.0,0,0
6,4,coxnet,Brats18_TCIA01_390_1,0.10462187773552262,634.0,346.0,2,1
6,4,coxnet,Brats18_TCIA01_401_1,0.7056608893678434,448.0,209.0,1,0
6,4,coxnet,Brats18_TCIA02_118_1,-0.5373763399836611,104.0,466.0,0,2
6,4,coxnet,Brats18_TCIA02_151_1,-0.5116237368615385,1731.0,465.0,2,2
6,4,coxnet,Brats18_TCIA02_314_1,-0.8125974638354113,362.0,522.0,1,2
6,4,coxnet,Brats18_TCIA02_322_1,-0.140778230256458,621.0,385.0,2,1
6,4,coxnet,Brats18_TCIA03_121_1,-1.2054038700626546,747.0,788.0,2,2
6,4,coxnet,Brats18_TCIA03_199_1,-0.47797159755363994,1282.0,464.0,2,2
6,4,coxnet,Brats18_TCIA03_474_1,0.019030114962408827,635.0,355.0,2,1
6,4,coxnet,Brats18_TCIA03_498_1,-0.06494244596565107,467.0,375.0,2,1
6,4,coxnet,Brats18_TCIA04_111_1,0.566272912868544,626.0,244.0,2,0
6,4,coxnet,Brats18_TCIA04_149_1,-0.9508795742714327,448.0,600.0,1,2
6,4,coxnet,Brats18_TCIA05_478_1,-0.06600884128527358,30.0,375.0,0,1
6,4,coxnet,Brats18_TCIA06_372_1,0.5369652809062551,213.0,254.0,0,0
6,4,genetico,Brats18_2013_11_1,-2.29807811054618,150.0,1592.0,0,2
6,4,genetico,Brats18_CBICA_ABE_1,0.42526527305105644,269.0,289.0,0,0
6,4,genetico,Brats18_CBICA_ABY_1,-0.20841144091006986,515.0,387.0,2,1
6,4,genetico,Brats18_CBICA_AME_1,-0.3350237405896632,359.0,421.0,1,2
6,4,genetico,Brats18_CBICA_ANG_1,-0.6722826465464063,368.0,476.0,1,2
6,4,genetico,Brats18_CBICA_AOP_1,-0.3364534811754083,332.0,424.0,1,2
6,4,genetico,Brats18_CBICA_AQR_1,0.058356061732002446,89.0,355.0,0,1
6,4,genetico,Brats18_CBICA_ASE_1,-0.9106731236412271,318.0,522.0,1,2
6,4,genetico,Brats18_CBICA_ASN_1,-0.07786669111782452,407.0,375.0,1,1
6,4,genetico,Brats18_CBICA_ASU_1,1.275589476129818,85.0,152.0,0,0
6,4,genetico,Brats18_CBICA_ASY_1,0.20807854860295763,610.0,333.0,2,0
6,4,genetico,Brats18_CBICA_AVJ_1,-0.9482944013311126,614.0,558.0,2,2
6,4,genetico,Brats18_CBICA_AWH_1,-0.09636960515246296,139.0,376.0,0,1
6,4,genetico,Brats18_CBICA_AXM_1,-0.6808264884611331,438.0,476.0,1,2
6,4,genetico,Brats18_CBICA_AXW_1,0.5753419356911006,191.0,262.0,0,0
6,4,genetico,Brats18_CBICA_AYA_1,0.515655617527327,50.0,286.0,0,0
6,4,genetico,Brats18_TCIA01_203_1,0.037638687698038575,268.0,355.0,0,1
6,4,genetico,Brats18_TCIA01_378_1,0.6366122827502045,110.0,244.0,0,0
6,4,genetico,Brats18_TCIA01_390_1,-0.4475895076032922,634.0,436.0,2,2
6,4,genetico,Brats18_TCIA01_401_1,0.6102276424444523,448.0,254.0,1,0
6,4,genetico,Brats18_TCIA02_118_1,-0.26238053221281965,104.0,401.0,0,1
6,4,genetico,Brats18_TCIA02_151_1,-1.5690879652770495,1731.0,946.0,2,2
6,4,genetico,Brats18_TCIA02_314_1,-0.002851675448555177,362.0,357.0,1,1
6,4,genetico,Brats18_TCIA02_322_1,-0.7017173079722657,621.0,486.0,2,2
6,4,genetico,Brats18_TCIA03_121_1,-1.6157375839428194,747.0,1155.0,2,2
6,4,genetico,Brats18_TCIA03_199_1,-0.7901904710741933,1282.0,495.0,2,2
6,4,genetico,Brats18_TCIA03_474_1,1.2739962289947575,635.0,152.0,2,0
6,4,genetico,Brats18_TCIA03_498_1,-0.6099753116441584,467.0,468.0,2,2
6,4,genetico,Brats18_TCIA04_111_1,0.7487283011695876,626.0,210.0,2,0
6,4,genetico,Brats18_TCIA04_149_1,-1.343044107759515,448.0,788.0,1,2
6,4,genetico,Brats18_TCIA05_478_1,-0.04823135628716613,30.0,372.0,0,1
6,4,genetico,Brats18_TCIA06_372_1,0.36831558776987305,213.0,296.0,0,0
7,0,edad,Brats18_CBICA_ABE_1,0.27133682679452265,269.0,318.0,0,0
7,0,edad,Brats18_CBICA_ABM_1,0.37862648263695164,503.0,289.0,2,0
7,0,edad,Brats18_CBICA_ABY_1,-0.45107762185878875,515.0,464.0,2,2
7,0,edad,Brats18_CBICA_ALN_1,0.17753402654611158,421.0,332.0,1,0
7,0,edad,Brats18_CBICA_ANI_1,-0.07017238641820539,439.0,375.0,1,1
7,0,edad,Brats18_CBICA_AQJ_1,0.37516881254156925,170.0,289.0,0,0
7,0,edad,Brats18_CBICA_AQP_1,-0.5248248188933369,1283.0,468.0,2,2
7,0,edad,Brats18_CBICA_AQQ_1,0.5260521117485459,33.0,262.0,0,0
7,0,edad,Brats18_CBICA_AUR_1,0.39171997976057854,12.0,289.0,0,0
7,0,edad,Brats18_CBICA_AVJ_1,-0.5713452439678719,614.0,476.0,2,2
7,0,edad,Brats18_CBICA_AWG_1,-0.1751514251211709,180.0,387.0,0,1
7,0,edad,Brats18_CBICA_BHM_1,0.2194332173417192,436.0,329.0,1,0
7,0,edad,Brats18_TCIA01_147_1,-0.04242399760565334,209.0,370.0,0,1
7,0,edad,Brats18_TCIA01_190_1,-0.038187866183303054,322.0,370.0,1,1
7,0,edad,Brats18_TCIA01_201_1,-0.06888056385251207,430.0,375.0,1,1
7,0,edad,Brats18_TCIA01_231_1,0.04957707483065788,1561.0,355.0,2,1
7,0,edad,Brats18_TCIA01_390_1,0.04071970912938067,634.0,357.0,2,1
7,0,edad,Brats18_TCIA01_460_1,-1.6768390312052677,630.0,1337.0,2,2
7,0,edad,Brats18_TCIA02_118_1,-0.5852264739513231,104.0,486.0,0,2
7,0,edad,Brats18_TCIA02_135_1,0.26365575280196546,828.0,327.0,2,0
7,0,edad,Brats18_TCIA02_179_1,-0.6100270979148996,405.0,488.0,1,2
7,0,edad,Brats18_TCIA02_314_1,-0.8535661444143684,362.0,597.0,1,2
7,0,edad,Brats18_TCIA02_321_1,0.7198871069890636,67.0,213.0,0,0
7,0,edad,Brats18_TCIA02_322_1,-0.19854469566208063,621.0,394.0,2,2
7,0,edad,Brats18_TCIA02_331_1,0.8597949747835876,187.0,203.0,0,0
7,0,edad,Brats18_TCIA02_394_1,0.06659862109137346,616.0,355.0,2,1
7,0,edad,Brats18_TCIA03_296_1,-0.08051067012114577,22.0,376.0,0,1
7,0,edad,Brats18_TCIA03_498_1,-0.12460494719924395,467.0,385.0,2,1
7,0,edad,Brats18_TCIA04_437_1,-0.5993982590733666,333.0,486.0,1,2
7,0,edad,Brats18_TCIA04_479_1,-0.23559159046481465,372.0,401.0,1,2
7,0,edad,Brats18_TCIA08_105_1,0.15825310095676484,77.0,336.0,0,1
7,0,edad,Brats18_TCIA08_218_1,-0.1991993705182621,346.0,394.0,1,2
7,0,edad,Brats18_TCIA08_242_1,0.15255357867942132,147.0,336.0,0,1
7,0,coxnet,Brats18_CBICA_ABE_1,0.271332484190353,269.0,318.0,0,0
7,0,coxnet,Brats18_CBICA_ABM_1,0.37862166025448185,503.0,289.0,2,0
7,0,coxnet,Brats18_CBICA_ABY_1,-0.4510775750537181,515.0,464.0,2,2
7,0,coxnet,Brats18_CBICA_ALN_1,0.17753454136056,421.0,332.0,1,0
7,0,coxnet,Brats18_CBICA_ANI_1,-0.07017470581440267,439.0,375.0,1,1
7,0,coxnet,Brats18_CBICA_AQJ_1,0.3751681078814645,170.0,289.0,0,0
7,0,coxnet,Brats18_CBICA_AQP_1,-0.5248243713911273,1283.0,468.0,2,2
7,0,coxnet,Brats18_CBICA_AQQ_1,0.5260505656184273,33.0,262.0,0,0
7,0,coxnet,Brats18_CBICA_AUR_1,0.39171503815718706,12.0,289.0,0,0
7,0,coxnet,Brats18_CBICA_AVJ_1,-0.5713445950594519,614.0,476.0,2,2
7,0,coxnet,Brats18_CBICA_AWG_1,-0.1751530085930789,180.0,387.0,0,1
7,0,coxnet,Brats18_CBICA_BHM_1,0.2194334804474073,436.0,329.0,1,0
7,0,coxnet,Brats18_TCIA01_147_1,-0.042421402907400645,209.0,370.0,0,1
7,0,coxnet,Brats18_TCIA01_190_1,-0.03818553955921338,322.0,370.0,1,1
7,0,coxnet,Brats18_TCIA01_201_1,-0.06887843918937453,430.0,375.0,1,1
7,0,coxnet,Brats18_TCIA01_231_1,0.049579076668669335,1561.0,355.0,2,1
7,0,coxnet,Brats18_TCIA01_390_1,0.040719200028824024,634.0,357.0,2,1
7,0,coxnet,Brats18_TCIA01_460_1,-1.6768267957984748,630.0,1337.0,2,2
7,0,coxnet,Brats18_TCIA02_118_1,-0.5852207309752694,104.0,486.0,0,2
7,0,coxnet,Brats18_TCIA02_135_1,0.2636564881520471,828.0,327.0,2,0
7,0,coxnet,Brats18_TCIA02_179_1,-0.6100211449662936,405.0,488.0,1,2
7,0,coxnet,Brats18_TCIA02_314_1,-0.8535587455104648,362.0,597.0,1,2
7,0,coxnet,Brats18_TCIA02_321_1,0.7198852165920459,67.0,213.0,0,0
7,0,coxnet,Brats18_TCIA02_322_1,-0.1985410593096536,621.0,394.0,2,2
7,0,coxnet,Brats18_TCIA02_331_1,0.8597916373307322,187.0,203.0,0,0
7,0,coxnet,Brats18_TCIA02_394_1,0.06660048062512505,616.0,355.0,2,1
7,0,coxnet,Brats18_TCIA03_296_1,-0.08050794981486387,22.0,376.0,0,1
7,0,coxnet,Brats18_TCIA03_498_1,-0.12460214183442256,467.0,385.0,2,1
7,0,coxnet,Brats18_TCIA04_437_1,-0.599394753045817,333.0,486.0,1,2
7,0,coxnet,Brats18_TCIA04_479_1,-0.2355878639832967,372.0,401.0,1,2
7,0,coxnet,Brats18_TCIA08_105_1,0.15825445154304446,77.0,336.0,0,1
7,0,coxnet,Brats18_TCIA08_218_1,-0.19919583225154858,346.0,394.0,1,2
7,0,coxnet,Brats18_TCIA08_242_1,0.15255420651812726,147.0,336.0,0,1
7,0,genetico,Brats18_CBICA_ABE_1,0.19694410345234006,269.0,336.0,0,1
7,0,genetico,Brats18_CBICA_ABM_1,0.030594315541429162,503.0,359.0,2,1
7,0,genetico,Brats18_CBICA_ABY_1,-0.28333181434706106,515.0,407.0,2,2
7,0,genetico,Brats18_CBICA_ALN_1,0.9826870559975274,421.0,203.0,1,0
7,0,genetico,Brats18_CBICA_ANI_1,-0.45272308523357035,439.0,448.0,1,2
7,0,genetico,Brats18_CBICA_AQJ_1,1.095128011469604,170.0,175.0,0,0
7,0,genetico,Brats18_CBICA_AQP_1,-0.3349918741299355,1283.0,425.0,2,2
7,0,genetico,Brats18_CBICA_AQQ_1,0.3341383965342548,33.0,327.0,0,0
7,0,genetico,Brats18_CBICA_AUR_1,0.531469571448821,12.0,286.0,0,0
7,0,genetico,Brats18_CBICA_AVJ_1,-0.6250263198976174,614.0,486.0,2,2
7,0,genetico,Brats18_CBICA_AWG_1,-0.05416738765340241,180.0,375.0,0,1
7,0,genetico,Brats18_CBICA_BHM_1,1.037131189948262,436.0,191.0,1,0
7,0,genetico,Brats18_TCIA01_147_1,-0.32351541565755915,209.0,425.0,0,2
7,0,genetico,Brats18_TCIA01_190_1,-0.9651129587503188,322.0,597.0,1,2
7,0,genetico,Brats18_TCIA01_201_1,0.49393682110411186,430.0,287.0,1,0
7,0,genetico,Brats18_TCIA01_231_1,0.22479071449926188,1561.0,332.0,2,1
7,0,genetico,Brats18_TCIA01_390_1,-0.32226677983958024,634.0,425.0,2,2
7,0,genetico,Brats18_TCIA01_460_1,-1.8655142354403145,630.0,1278.0,2,2
7,0,genetico,Brats18_TCIA02_118_1,-0.7847194580367701,104.0,519.0,0,2
7,0,genetico,Brats18_TCIA02_135_1,0.5732906874530451,828.0,268.0,2,0
7,0,genetico,Brats18_TCIA02_179_1,-0.4023974213327356,405.0,448.0,1,2
7,0,genetico,Brats18_TCIA02_314_1,-0.5108507652661801,362.0,465.0,1,2
7,0,genetico,Brats18_TCIA02_321_1,0.4186495211605631,67.0,296.0,0,0
7,0,genetico,Brats18_TCIA02_322_1,-0.22399118933251277,621.0,394.0,2,1
7,0,genetico,Brats18_TCIA02_331_1,1.616236349059662,187.0,111.0,0,0
7,0,genetico,Brats18_TCIA02_394_1,0.25781838465464824,616.0,331.0,2,0
7,0,genetico,Brats18_TCIA03_296_1,-0.07385049818184652,22.0,376.0,0,1
7,0,genetico,Brats18_TCIA03_498_1,-0.383664880949498,467.0,438.0,2,2
7,0,genetico,Brats18_TCIA04_437_1,-1.5238360324863314,333.0,804.0,1,2
7,0,genetico,Brats18_TCIA04_479_1,-0.5774351830873223,372.0,473.0,1,2
7,0,genetico,Brats18_TCIA08_105_1,0.5045343950856735,77.0,287.0,0,0
7,0,genetico,Brats18_TCIA08_218_1,-0.5416677106524607,346.0,466.0,1,2
7,0,genetico,Brats18_TCIA08_242_1,0.6399683968827107,147.0,262.0,0,0
7,1,edad,Brats18_CBICA_ALU_1,0.14388327750539415,495.0,345.0,2,0
7,1,edad,Brats18_CBICA_ANP_1,0.0068505300439482,486.0,357.0,2,1
7,1,edad,Brats18_CBICA_ANZ_1,0.21249538906620208,287.0,332.0,0,0
7,1,edad,Brats18_CBICA_AOD_1,-0.002930026943062304,55.0,359.0,0,1
7,1,edad,Brats18_CBICA_AOH_1,-0.1426281353285278,576.0,387.0,2,2
7,1,edad,Brats18_CBICA_AOZ_1,-0.4698919511685667,331.0,464.0,1,2
7,1,edad,Brats18_CBICA_APR_1,0.23536522517050112,23.0,327.0,0,0
7,1,edad,Brats18_CBICA_AQN_1,0.25093857886430304,488.0,322.0,2,0
7,1,edad,Brats18_CBICA_AQT_1,0.46553047398045516,172.0,265.0,0,0
7,1,edad,Brats18_CBICA_AQV_1,-0.2562051144191858,84.0,407.0,0,2
7,1,edad,Brats18_CBICA_ASE_1,-0.2717261481789107,318.0,421.0,1,2
7,1,edad,Brats18_CBICA_ASU_1,0.8283334321060214,85.0,203.0,0,0
7,1,edad,Brats18_CBICA_AUN_1,0.2270156266290707,376.0,327.0,1,0
7,1,edad,Brats18_CBICA_AUQ_1,0.004569436413584108,1337.0,357.0,2,1
7,1,edad,Brats18_CBICA_AVG_1,0.06282524803355617,579.0,355.0,2,1
7,1,edad,Brats18_CBICA_AVV_1,0.3479325060262338,387.0,291.0,1,0
7,1,edad,Brats18_CBICA_AWI_1,-0.4735619013218191,375.0,464.0,1,2
7,1,edad,Brats18_CBICA_AXL_1,0.4225122756623301,168.0,269.0,0,0
7,1,edad,Brats18_CBICA_AXM_1,0.3703555655901367,438.0,289.0,1,0
7,1,edad,Brats18_CBICA_AXQ_1,0.1561058071462263,114.0,336.0,0,0
7,1,edad,Brats18_CBICA_AZD_1,-0.48291229606010583,448.0,465.0,1,2
7,1,edad,Brats18_TCIA01_186_1,-0.854773326428012,370.0,614.0,1,2
7,1,edad,Brats18_TCIA01_378_1,0.4299326154805637,110.0,269.0,0,0
7,1,edad,Brats18_TCIA01_499_1,-0.3379805196300022,600.0,434.0,2,2
7,1,edad,Brats18_TCIA02_226_1,0.4118381655945277,329.0,269.0,1,0
7,1,edad,Brats18_TCIA02_290_1,-0.5604114115271325,737.0,468.0,2,2
7,1,edad,Brats18_TCIA02_300_1,0.11824215333432693,127.0,346.0,0,0
7,1,edad,Brats18_TCIA03_199_1,-0.37809467043555345,1282.0,439.0,2,2
7,1,edad,Brats18_TCIA03_257_1,0.2761457477542694,425.0,317.0,1,0
7,1,edad,Brats18_TCIA03_375_1,-0.02147125336949464,946.0,362.0,2,1
7,1,edad,Brats18_TCIA05_277_1,0.30936677479371205,232.0,296.0,0,0
7,1,edad,Brats18_TCIA06_409_1,0.2742309911525729,99.0,322.0,0,0
7,1,edad,Brats18_TCIA08_278_1,-0.32460913602815183,1458.0,430.0,2,2
7,1,coxnet,Brats18_CBICA_ALU_1,0.14288348747328197,495.0,345.0,2,0
7,1,coxnet,Brats18_CBICA_ANP_1,-0.01960345472800667,486.0,359.0,2,1
7,1,coxnet,Brats18_CBICA_ANZ_1,0.22359003358161575,287.0,327.0,0,0
7,1,coxnet,Brats18_CBICA_AOD_1,0.04379508880599663,55.0,355.0,0,1
7,1,coxnet,Brats18_CBICA_AOH_1,-0.16481490119360856,576.0,394.0,2,2
7,1,coxnet,Brats18_CBICA_AOZ_1,-0.4902359972351486,331.0,465.0,1,2
7,1,coxnet,Brats18_CBICA_APR_1,0.3276382471491102,23.0,291.0,0,0
7,1,coxnet,Brats18_CBICA_AQN_1,0.34027363526534604,488.0,291.0,2,0
7,1,coxnet,Brats18_CBICA_AQT_1,0.47678912431385584,172.0,265.0,0,0
7,1,coxnet,Brats18_CBICA_AQV_1,-0.2673661889324317,84.0,407.0,0,2
7,1,coxnet,Brats18_CBICA_ASE_1,-0.23020381798898032,318.0,405.0,1,2
7,1,coxnet,Brats18_CBICA_ASU_1,0.9284028112167308,85.0,187.0,0,0
7,1,coxnet,Brats18_CBICA_AUN_1,0.2794590474013939,376.0,317.0,1,0
7,1,coxnet,Brats18_CBICA_AUQ_1,-0.05200703763947377,1337.0,368.0,2,1
7,1,coxnet,Brats18_CBICA_AVG_1,0.02962874886800223,579.0,355.0,2,1
7,1,coxnet,Brats18_CBICA_AVV_1,0.38109476163203015,387.0,286.0,1,0
7,1,coxnet,Brats18_CBICA_AWI_1,-0.467539440457231,375.0,464.0,1,2
7,1,coxnet,Brats18_CBICA_AXL_1,0.4757734196889264,168.0,265.0,0,0
7,1,coxnet,Brats18_CBICA_AXM_1,0.39398404404118686,438.0,286.0,1,0
7,1,coxnet,Brats18_CBICA_AXQ_1,0.15652371231562473,114.0,336.0,0,0
7,1,coxnet,Brats18_CBICA_AZD_1,-0.5323493174035974,448.0,467.0,1,2
7,1,coxnet,Brats18_TCIA01_186_1,-0.9025330909964263,370.0,616.0,1,2
7,1,coxnet,Brats18_TCIA01_378_1,0.44204074860949466,110.0,268.0,0,0
7,1,coxnet,Brats18_TCIA01_499_1,-0.36069560917640114,600.0,436.0,2,2
7,1,coxnet,Brats18_TCIA02_226_1,0.4080442704838723,329.0,269.0,1,0
7,1,coxnet,Brats18_TCIA02_290_1,-0.5566151457437926,737.0,468.0,2,2
7,1,coxnet,Brats18_TCIA02_300_1,0.11943606756702203,127.0,346.0,0,0
7,1,coxnet,Brats18_TCIA03_199_1,-0.39674934044675486,1282.0,439.0,2,2
7,1,coxnet,Brats18_TCIA03_257_1,0.26749751671848626,425.0,322.0,1,0
7,1,coxnet,Brats18_TCIA03_375_1,-0.03670407856560571,946.0,362.0,2,1
7,1,coxnet,Brats18_TCIA05_277_1,0.24798821173356791,232.0,322.0,0,0
7,1,coxnet,Brats18_TCIA06_409_1,0.2599422616260019,99.0,322.0,0,0
7,1,coxnet,Brats18_TCIA08_278_1,-0.36053424758087627,1458.0,436.0,2,2
7,1,genetico,Brats18_CBICA_ALU_1,-0.02963098122375915,495.0,362.0,2,1
7,1,genetico,Brats18_CBICA_ANP_1,-0.08481183161464567,486.0,372.0,2,1
7,1,genetico,Brats18_CBICA_ANZ_1,0.31828253568165854,287.0,317.0,0,0
7,1,genetico,Brats18_CBICA_AOD_1,-0.21972744539404288,55.0,394.0,0,2
7,1,genetico,Brats18_CBICA_AOH_1,-0.07552096337978159,576.0,368.0,2,1
7,1,genetico,Brats18_CBICA_AOZ_1,0.048871783473388414,331.0,355.0,1,1
7,1,genetico,Brats18_CBICA_APR_1,0.6955971190158903,23.0,213.0,0,0
7,1,genetico,Brats18_CBICA_AQN_1,0.41924904973062554,488.0,286.0,2,0
7,1,genetico,Brats18_CBICA_AQT_1,0.5737669918706167,172.0,254.0,0,0
7,1,genetico,Brats18_CBICA_AQV_1,-0.1678642230571853,84.0,387.0,0,1
7,1,genetico,Brats18_CBICA_ASE_1,-0.44396032532734775,318.0,448.0,1,2
7,1,genetico,Brats18_CBICA_ASU_1,0.9666169007268379,85.0,191.0,0,0
7,1,genetico,Brats18_CBICA_AUN_1,0.31299207295481385,376.0,317.0,1,0
7,1,genetico,Brats18_CBICA_AUQ_1,-0.8770892048032015,1337.0,597.0,2,2
7,1,genetico,Brats18_CBICA_AVG_1,-0.6797314062246929,579.0,495.0,2,2
7,1,genetico,Brats18_CBICA_AVV_1,0.8875050677366425,387.0,203.0,1,0
7,1,genetico,Brats18_CBICA_AWI_1,0.13407148026529864,375.0,345.0,1,1
7,1,genetico,Brats18_CBICA_AXL_1,0.966153955236721,168.0,191.0,0,0
7,1,genetico,Brats18_CBICA_AXM_1,-0.27694617494265306,438.0,407.0,1,2
7,1,genetico,Brats18_CBICA_AXQ_1,0.11922851709295054,114.0,346.0,0,1
7,1,genetico,Brats18_CBICA_AZD_1,-1.4170969330173175,448.0,804.0,1,2
7,1,genetico,Brats18_TCIA01_186_1,-1.006095112109439,370.0,616.0,1,2
7,1,genetico,Brats18_TCIA01_378_1,0.028495218574674325,110.0,355.0,0,1
7,1,genetico,Brats18_TCIA01_499_1,-0.7016449472553838,600.0,503.0,2,2
7,1,genetico,Brats18_TCIA02_226_1,0.29951118032494994,329.0,317.0,1,0
7,1,genetico,Brats18_TCIA02_290_1,-0.14827185472802074,737.0,385.0,2,1
7,1,genetico,Brats18_TCIA02_300_1,-0.36487347824321803,127.0,434.0,0,2
7,1,genetico,Brats18_TCIA03_199_1,-0.46081556639209487,1282.0,448.0,2,2
7,1,genetico,Brats18_TCIA03_257_1,0.757330928202846,425.0,210.0,1,0
7,1,genetico,Brats18_TCIA03_375_1,-0.29875188137034714,946.0,421.0,2,2
7,1,genetico,Brats18_TCIA05_277_1,-0.35103506309381016,232.0,430.0,0,2
7,1,genetico,Brats18_TCIA06_409_1,0.1641514652758161,99.0,336.0,0,1
7,1,genetico,Brats18_TCIA08_278_1,-0.18814868901371748,1458.0,394.0,2,1
7,2,edad,Brats18_2013_11_1,-1.0135470634452035,150.0,626.0,0,2
7,2,edad,Brats18_2013_27_1,0.2834176442186884,120.0,329.0,0,0
7,2,edad,Brats18_CBICA_AAG_1,-0.24193641487282685,616.0,424.0,2,2
7,2,edad,Brats18_CBICA_APY_1,-0.3900983447097334,203.0,448.0,0,2
7,2,edad,Brats18_CBICA_AQA_1,0.5617149299480076,106.0,244.0,0,0
7,2,edad,Brats18_CBICA_AQD_1,0.5263789273793428,32.0,269.0,0,0
7,2,edad,Brats18_CBICA_AQG_1,-0.12146994754654644,466.0,387.0,2,1
7,2,edad,Brats18_CBICA_AQO_1,0.27808308500978823,473.0,329.0,2,0
7,2,edad,Brats18_CBICA_ARF_1,0.5265401801643208,726.0,269.0,2,0
7,2,edad,Brats18_CBICA_ARW_1,-0.4278403511127034,495.0,448.0,2,2
7,2,edad,Brats18_CBICA_ASN_1,-0.5921447747468334,407.0,488.0,1,2
7,2,edad,Brats18_CBICA_ASO_1,-0.1633795783314696,265.0,394.0,0,2
7,2,edad,Brats18_CBICA_ATD_1,0.3220265164931046,355.0,322.0,1,0
7,2,edad,Brats18_CBICA_ATP_1,-0.2644082455403195,385.0,425.0,1,2
7,2,edad,Brats18_CBICA_AXJ_1,-1.0571904259730192,1767.0,634.0,2,2
7,2,edad,Brats18_CBICA_AYA_1,0.5106698665178424,50.0,286.0,0,0
7,2,edad,Brats18_CBICA_AYI_1,0.21343489559692763,387.0,333.0,1,0
7,2,edad,Brats18_CBICA_AYU_1,0.14208516617788547,58.0,346.0,0,0
7,2,edad,Brats18_TCIA01_203_1,-0.5617082327711536,268.0,486.0,0,2
7,2,edad,Brats18_TCIA01_235_1,-0.1600492653360146,804.0,394.0,2,2
7,2,edad,Brats18_TCIA01_335_1,-0.2767094070356537,355.0,425.0,1,2
7,2,edad,Brats18_TCIA01_411_1,-0.6624647198292585,822.0,510.0,2,2
7,2,edad,Brats18_TCIA02_151_1,-0.49345921589228503,1731.0,465.0,2,2
7,2,edad,Brats18_TCIA02_283_1,0.4021799342870242,262.0,296.0,0,0
7,2,edad,Brats18_TCIA03_138_1,0.3034239069322568,82.0,322.0,0,0
7,2,edad,Brats18_TCIA03_419_1,0.26068075127094303,327.0,331.0,1,0
7,2,edad,Brats18_TCIA03_474_1,-0.04552294731993563,635.0,375.0,2,1
7,2,edad,Brats18_TCIA04_149_1,-0.8642444219059136,448.0,600.0,1,2
7,2,edad,Brats18_TCIA05_478_1,-0.11730610967470062,30.0,387.0,0,1
7,2,edad,Brats18_TCIA06_372_1,0.3916775208445018,213.0,296.0,0,0
7,2,edad,Brats18_TCIA08_167_1,0.40454714493597366,153.0,296.0,0,0
7,2,edad,Brats18_TCIA08_280_1,-0.18042061331500261,508.0,401.0,2,2
7,2,edad,Brats18_TCIA08_319_1,0.06957016761208888,254.0,359.0,0,1
7,2,coxnet,Brats18_2013_11_1,-1.6311730973099867,150.0,1155.0,0,2
7,2,coxnet,Brats18_2013_27_1,0.04812165173334233,120.0,359.0,0,1
7,2,coxnet,Brats18_CBICA_AAG_1,-0.3346053616966561,616.0,425.0,2,2
7,2,coxnet,Brats18_CBICA_APY_1,-1.602324160377474,203.0,946.0,0,2
7,2,coxnet,Brats18_CBICA_AQA_1,0.34079601147651695,106.0,318.0,0,0
7,2,coxnet,Brats18_CBICA_AQD_1,0.4107291343681402,32.0,291.0,0,0
7,2,coxnet,Brats18_CBICA_AQG_1,0.080185145502629,466.0,350.0,2,1
7,2,coxnet,Brats18_CBICA_AQO_1,0.2015505464158634,473.0,333.0,2,0
7,2,coxnet,Brats18_CBICA_ARF_1,0.5926946613375456,726.0,239.0,2,0
7,2,coxnet,Brats18_CBICA_ARW_1,-0.5041352652708929,495.0,448.0,2,2
7,2,coxnet,Brats18_CBICA_ASN_1,-0.03835692533040059,407.0,370.0,1,1
7,2,coxnet,Brats18_CBICA_ASO_1,-0.07846772093317864,265.0,375.0,0,1
7,2,coxnet,Brats18_CBICA_ATD_1,0.06574879635485448,355.0,357.0,1,1
7,2,coxnet,Brats18_CBICA_ATP_1,-0.5252187860235815,385.0,453.0,1,2
7,2,coxnet,Brats18_CBICA_AXJ_1,-1.8527637596712287,1767.0,1283.0,2,2
7,2,coxnet,Brats18_CBICA_AYA_1,0.4410850291331678,50.0,289.0,0,0
7,2,coxnet,Brats18_CBICA_AYI_1,0.05724314023297722,387.0,357.0,1,1
7,2,coxnet,Brats18_CBICA_AYU_1,-0.10238189231384204,58.0,376.0,0,1
7,2,coxnet,Brats18_TCIA01_203_1,-0.22398190914523397,268.0,401.0,0,1
7,2,coxnet,Brats18_TCIA01_235_1,-0.28804144074675203,804.0,421.0,2,2
7,2,coxnet,Brats18_TCIA01_335_1,-0.19254839690617634,355.0,394.0,1,1
7,2,coxnet,Brats18_TCIA01_411_1,-0.8971291170065329,822.0,576.0,2,2
7,2,coxnet,Brats18_TCIA02_151_1,-0.8358691580036104,1731.0,519.0,2,2
7,2,coxnet,Brats18_TCIA02_283_1,0.42170940074256813,262.0,291.0,0,0
7,2,coxnet,Brats18_TCIA03_138_1,0.7664006624214703,82.0,208.0,0,0
7,2,coxnet,Brats18_TCIA03_419_1,0.4692251419342037,327.0,287.0,1,0
7,2,coxnet,Brats18_TCIA03_474_1,0.5484696478380376,635.0,269.0,2,0
7,2,coxnet,Brats18_TCIA04_149_1,-0.7446226113190432,448.0,503.0,1,2
7,2,coxnet,Brats18_TCIA05_478_1,-0.1690900375990183,30.0,387.0,0,1
7,2,coxnet,Brats18_TCIA06_372_1,0.14316266551663331,213.0,345.0,0,0
7,2,coxnet,Brats18_TCIA08_167_1,0.8293111500092919,153.0,199.0,0,0
7,2,coxnet,Brats18_TCIA08_280_1,-1.954894785505719,508.0,1337.0,2,2
7,2,coxnet,Brats18_TCIA08_319_1,0.11221315391598506,254.0,346.0,0,1
7,2,genetico,Brats18_2013_11_1,0.706024801051771,150.0,229.0,0,0
7,2,genetico,Brats18_2013_27_1,0.2888474046010684,120.0,329.0,0,0
7,2,genetico,Brats18_CBICA_AAG_1,-0.45415279115791807,616.0,439.0,2,2
7,2,genetico,Brats18_CBICA_APY_1,-0.604056221776039,203.0,467.0,0,2
7,2,genetico,Brats18_CBICA_AQA_1,-0.031976960558027095,106.0,370.0,0,1
7,2,genetico,Brats18_CBICA_AQD_1,-0.06769460041545566,32.0,372.0,0,1
7,2,genetico,Brats18_CBICA_AQG_1,-0.3273552444540374,466.0,424.0,2,2
7,2,genetico,Brats18_CBICA_AQO_1,-0.35963630435589433,473.0,430.0,2,2
7,2,genetico,Brats18_CBICA_ARF_1,1.0343844610504878,726.0,175.0,2,0
7,2,genetico,Brats18_CBICA_ARW_1,-0.8824238712295226,495.0,558.0,2,2
7,2,genetico,Brats18_CBICA_ASN_1,0.6562283395274028,407.0,232.0,1,0
7,2,genetico,Brats18_CBICA_ASO_1,-0.2371721350277242,265.0,401.0,0,1
7,2,genetico,Brats18_CBICA_ATD_1,-0.22139314452556988,355.0,394.0,1,1
7,2,genetico,Brats18_CBICA_ATP_1,-1.0703252317933805,385.0,616.0,1,2
7,2,genetico,Brats18_CBICA_AXJ_1,-1.4432045907837439,1767.0,812.0,2,2
7,2,genetico,Brats18_CBICA_AYA_1,-0.28710794561216013,50.0,421.0,0,1
7,2,genetico,Brats18_CBICA_AYI_1,-0.8633996910585717,387.0,522.0,1,2
7,2,genetico,Brats18_CBICA_AYU_1,-0.41779477837207224,58.0,436.0,0,2
7,2,genetico,Brats18_TCIA01_203_1,-0.17181801569863608,268.0,387.0,0,1
7,2,genetico,Brats18_TCIA01_235_1,-0.2523043709086442,804.0,401.0,2,1
7,2,genetico,Brats18_TCIA01_335_1,0.12089461414006568,355.0,346.0,1,1
7,2,genetico,Brats18_TCIA01_411_1,-0.44045858309231056,822.0,438.0,2,2
7,2,genetico,Brats18_TCIA02_151_1,-0.3527200979089089,1731.0,425.0,2,2
7,2,genetico,Brats18_TCIA02_283_1,0.4809564396707702,262.0,289.0,0,0
7,2,genetico,Brats18_TCIA03_138_1,1.020413014613908,82.0,175.0,0,0
7,2,genetico,Brats18_TCIA03_419_1,0.6765192075230722,327.0,232.0,1,0
7,2,genetico,Brats18_TCIA03_474_1,1.013028952662661,635.0,175.0,2,0
7,2,genetico,Brats18_TCIA04_149_1,-0.6091877399059725,448.0,467.0,1,2
7,2,genetico,Brats18_TCIA05_478_1,0.3249088028886057,30.0,322.0,0,0
7,2,genetico,Brats18_TCIA06_372_1,-0.4820399725241048,213.0,448.0,0,2
7,2,genetico,Brats18_TCIA08_167_1,0.8796690008046273,153.0,199.0,0,0
7,2,genetico,Brats18_TCIA08_280_1,-0.6695879197050988,508.0,476.0,2,2
7,2,genetico,Brats18_TCIA08_319_1,0.224968152231746,254.0,332.0,0,0
7,3,edad,Brats18_CBICA_AAL_1,-0.2096824418158832,464.0,405.0,2,2
7,3,edad,Brats18_CBICA_ABN_1,0.7233073674304904,1278.0,209.0,2,0
7,3,edad,Brats18_CBICA_ALX_1,-0.018034676684737162,698.0,368.0,2,1
7,3,edad,Brats18_CBICA_AMH_1,0.08578637708901617,169.0,355.0,0,1
7,3,edad,Brats18_CBICA_AQR_1,0.39700073752824416,89.0,289.0,0,0
7,3,edad,Brats18_CBICA_AQU_1,0.8865918320099577,30.0,180.0,0,0
7,3,edad,Brats18_CBICA_AQZ_1,0.5477250306819997,286.0,262.0,0,0
7,3,edad,Brats18_CBICA_ASA_1,0.562617540620789,210.0,262.0,0,0
7,3,edad,Brats18_CBICA_ASG_1,0.347440320646019,208.0,318.0,0,0
7,3,edad,Brats18_CBICA_ASH_1,-0.4844652445289566,660.0,466.0,2,2
7,3,edad,Brats18_CBICA_ASV_1,-0.19368809939952286,597.0,394.0,2,2
7,3,edad,Brats18_CBICA_ASW_1,0.2899808152712184,239.0,329.0,0,0
7,3,edad,Brats18_CBICA_ASY_1,0.6602185723437355,610.0,213.0,2,0
7,3,edad,Brats18_CBICA_ATB_1,0.388328249640262,208.0,296.0,0,0
7,3,edad,Brats18_CBICA_ATX_1,-0.8322888776100762,1592.0,558.0,2,2
7,3,edad,Brats18_CBICA_AWH_1,-0.2643120069135411,139.0,424.0,0,2
7,3,edad,Brats18_CBICA_AXN_1,0.9085353509866002,345.0,175.0,1,0
7,3,edad,Brats18_CBICA_AYW_1,-0.4399193555196113,734.0,453.0,2,2
7,3,edad,Brats18_CBICA_AZH_1,-0.1878590501633381,401.0,394.0,1,2
7,3,edad,Brats18_CBICA_BHB_1,-0.16368982162306,510.0,387.0,2,2
7,3,edad,Brats18_TCIA01_401_1,0.5879126311388615,448.0,254.0,1,0
7,3,edad,Brats18_TCIA01_412_1,0.23130988122031731,291.0,332.0,0,0
7,3,edad,Brats18_TCIA02_198_1,-0.28335251475501577,394.0,424.0,1,2
7,3,edad,Brats18_TCIA02_368_1,0.011050014655459545,317.0,362.0,1,1
7,3,edad,Brats18_TCIA02_377_1,0.05370159443242095,812.0,357.0,2,1
7,3,edad,Brats18_TCIA02_471_1,0.5105000138436768,111.0,265.0,0,0
7,3,edad,Brats18_TCIA02_491_1,0.6703723520409864,82.0,213.0,0,0
7,3,edad,Brats18_TCIA03_133_1,0.05370159443242095,382.0,357.0,1,1
7,3,edad,Brats18_TCIA04_111_1,0.46248144361144783,626.0,269.0,2,0
7,3,edad,Brats18_TCIA06_165_1,-0.37302746123607705,5.0,439.0,0,2
7,3,edad,Brats18_TCIA06_184_1,-0.03853244683525785,434.0,370.0,1,1
7,3,edad,Brats18_TCIA06_247_1,0.5135211674112113,244.0,265.0,0,0
7,3,coxnet,Brats18_CBICA_AAL_1,-0.21208577103613324,464.0,405.0,2,2
7,3,coxnet,Brats18_CBICA_ABN_1,0.7399610998612562,1278.0,203.0,2,0
7,3,coxnet,Brats18_CBICA_ALX_1,-0.054744350161439186,698.0,370.0,2,1
7,3,coxnet,Brats18_CBICA_AMH_1,0.07057809845763148,169.0,355.0,0,1
7,3,coxnet,Brats18_CBICA_AQR_1,0.341720138378645,89.0,318.0,0,0
7,3,coxnet,Brats18_CBICA_AQU_1,0.92049733785838,30.0,175.0,0,0
7,3,coxnet,Brats18_CBICA_AQZ_1,0.5657475163510628,286.0,254.0,0,0
7,3,coxnet,Brats18_CBICA_ASA_1,0.6342112449064841,210.0,229.0,0,0
7,3,coxnet,Brats18_CBICA_ASG_1,0.4013864826766589,208.0,289.0,0,0
7,3,coxnet,Brats18_CBICA_ASH_1,-0.539011967322333,660.0,468.0,2,2
7,3,coxnet,Brats18_CBICA_ASV_1,-0.20030281244232542,597.0,394.0,2,2
7,3,coxnet,Brats18_CBICA_ASW_1,0.2744456742145088,239.0,329.0,0,0
7,3,coxnet,Brats18_CBICA_ASY_1,0.6693309235669918,610.0,213.0,2,0
7,3,coxnet,Brats18_CBICA_ATB_1,0.40443215877328736,208.0,289.0,0,0
7,3,coxnet,Brats18_CBICA_ATX_1,-0.9697343539234228,1592.0,616.0,2,2
7,3,coxnet,Brats18_CBICA_AWH_1,-0.2551140939438976,139.0,421.0,0,2
7,3,coxnet,Brats18_CBICA_AXN_1,0.9163056722354616,345.0,175.0,1,0
7,3,coxnet,Brats18_CBICA_AYW_1,-0.5103706399823186,734.0,466.0,2,2
7,3,coxnet,Brats18_CBICA_AZH_1,-0.2258371041168904,401.0,405.0,1,2
7,3,coxnet,Brats18_CBICA_BHB_1,-0.1908140530168749,510.0,394.0,2,2
7,3,coxnet,Brats18_TCIA01_401_1,0.6102760940230278,448.0,232.0,1,0
7,3,coxnet,Brats18_TCIA01_412_1,0.3794287975518678,291.0,296.0,0,0
7,3,coxnet,Brats18_TCIA02_198_1,-0.33758513793146117,394.0,430.0,1,2
7,3,coxnet,Brats18_TCIA02_368_1,0.012344430938053843,317.0,359.0,1,1
7,3,coxnet,Brats18_TCIA02_377_1,0.09593471489075908,812.0,355.0,2,1
7,3,coxnet,Brats18_TCIA02_471_1,0.5226215469358731,111.0,265.0,0,0
7,3,coxnet,Brats18_TCIA02_491_1,0.8057813306039207,82.0,191.0,0,0
7,3,coxnet,Brats18_TCIA03_133_1,-0.02612215515159197,382.0,368.0,1,1
7,3,coxnet,Brats18_TCIA04_111_1,0.470316926339491,626.0,269.0,2,0
7,3,coxnet,Brats18_TCIA06_165_1,-0.38038399501437997,5.0,438.0,0,2
7,3,coxnet,Brats18_TCIA06_184_1,0.12088995296063815,434.0,350.0,1,1
7,3,coxnet,Brats18_TCIA06_247_1,0.5615275665163405,244.0,262.0,0,0
7,3,genetico,Brats18_CBICA_AAL_1,-1.1499043363894226,464.0,616.0,2,2
7,3,genetico,Brats18_CBICA_ABN_1,1.048538254873872,1278.0,175.0,2,0
7,3,genetico,Brats18_CBICA_ALX_1,-0.2645808562902566,698.0,407.0,2,1
7,3,genetico,Brats18_CBICA_AMH_1,-0.5704711104226642,169.0,466.0,0,2
7,3,genetico,Brats18_CBICA_AQR_1,-0.7295632717726285,89.0,488.0,0,2
7,3,genetico,Brats18_CBICA_AQU_1,2.1706061163060193,30.0,82.0,0,0
7,3,genetico,Brats18_CBICA_AQZ_1,0.9338589049730708,286.0,191.0,0,0
7,3,genetico,Brats18_CBICA_ASA_1,1.562199369036028,210.0,114.0,0,0
7,3,genetico,Brats18_CBICA_ASG_1,1.3119648583268673,208.0,150.0,0,0
7,3,genetico,Brats18_CBICA_ASH_1,-1.9781096840264172,660.0,1337.0,2,2
7,3,genetico,Brats18_CBICA_ASV_1,-0.858808354635079,597.0,508.0,2,2
7,3,genetico,Brats18_CBICA_ASW_1,0.6317022253781328,239.0,262.0,0,0
7,3,genetico,Brats18_CBICA_ASY_1,0.905006436393048,610.0,199.0,2,0
7,3,genetico,Brats18_CBICA_ATB_1,1.596172167866229,208.0,110.0,0,0
7,3,genetico,Brats18_CBICA_ATX_1,-3.735711588725014,1592.0,1767.0,2,2
7,3,genetico,Brats18_CBICA_AWH_1,-0.3346194166950151,139.0,425.0,0,2
7,3,genetico,Brats18_CBICA_AXN_1,1.2467492022757798,345.0,152.0,1,0
7,3,genetico,Brats18_CBICA_AYW_1,-0.6556775566776696,734.0,473.0,2,2
7,3,genetico,Brats18_CBICA_AZH_1,-0.12827051811921208,401.0,376.0,1,1
7,3,genetico,Brats18_CBICA_BHB_1,-0.13748862979951681,510.0,385.0,2,1
7,3,genetico,Brats18_TCIA01_401_1,0.9563673978241084,448.0,187.0,1,0
7,3,genetico,Brats18_TCIA01_412_1,1.5873283057955105,291.0,110.0,0,0
7,3,genetico,Brats18_TCIA02_198_1,-1.0582195879590008,394.0,600.0,1,2
7,3,genetico,Brats18_TCIA02_368_1,-0.5078517701940104,317.0,448.0,1,2
7,3,genetico,Brats18_TCIA02_377_1,-0.009005936153619776,812.0,368.0,2,1
7,3,genetico,Brats18_TCIA02_471_1,0.6770066833961472,111.0,254.0,0,0
7,3,genetico,Brats18_TCIA02_491_1,1.5743553673381365,82.0,114.0,0,0
7,3,genetico,Brats18_TCIA03_133_1,-0.22195788855280468,382.0,394.0,1,1
7,3,genetico,Brats18_TCIA04_111_1,0.7756295121091823,626.0,213.0,2,0
7,3,genetico,Brats18_TCIA06_165_1,-0.7229041465192052,5.0,488.0,0,2
7,3,genetico,Brats18_TCIA06_184_1,1.6866363937564781,434.0,106.0,1,0
7,3,genetico,Brats18_TCIA06_247_1,1.1791327122913082,244.0,168.0,0,0
7,4,edad,Brats18_CBICA_AAB_1,0.035943794091557596,289.0,362.0,0,1
7,4,edad,Brats18_CBICA_AAP_1,-0.7633705311489817,788.0,576.0,2,2
7,4,edad,Brats18_CBICA_ABB_1,0.3359435151329937,465.0,291.0,2,0
7,4,edad,Brats18_CBICA_ABO_1,-0.11513950253254823,1155.0,385.0,2,1
7,4,edad,Brats18_CBICA_AME_1,-0.2901704730280809,359.0,425.0,1,2
7,4,edad,Brats18_CBICA_ANG_1,-0.1397970138510223,368.0,387.0,1,1
7,4,edad,Brats18_CBICA_AOO_1,-0.5730593756091216,350.0,486.0,1,2
7,4,edad,Brats18_CBICA_AOP_1,0.3112860038145196,332.0,317.0,1,0
7,4,edad,Brats18_CBICA_APZ_1,0.26281761786546753,336.0,322.0,1,0
7,4,edad,Brats18_CBICA_AQY_1,0.175208732953616,229.0,331.0,0,1
7,4,edad,Brats18_CBICA_ARZ_1,0.06712664167430404,871.0,355.0,2,1
7,4,edad,Brats18_CBICA_ASK_1,0.6663541668005485,522.0,213.0,2,0
7,4,edad,Brats18_CBICA_ATF_1,0.3446483638257279,152.0,291.0,0,0
7,4,edad,Brats18_CBICA_ATV_1,0.09930612620690944,453.0,346.0,2,1
7,4,edad,Brats18_CBICA_AXO_1,-0.2798226974687438,394.0,425.0,1,2
7,4,edad,Brats18_CBICA_AXW_1,0.7363665549987615,191.0,208.0,0,0
7,4,edad,Brats18_TCIA01_150_1,-0.47357096064693666,1489.0,464.0,2,2
7,4,edad,Brats18_TCIA01_425_1,-0.28329716497271074,558.0,425.0,2,2
7,4,edad,Brats18_TCIA01_429_1,-0.32895092077752214,86.0,434.0,0,2
7,4,edad,Brats18_TCIA01_448_1,-0.7226118249635264,199.0,510.0,0,2
7,4,edad,Brats18_TCIA02_274_1,-0.3296607582245691,357.0,434.0,1,2
7,4,edad,Brats18_TCIA02_430_1,-0.3707939702876601,71.0,438.0,0,2
7,4,edad,Brats18_TCIA02_455_1,-0.33425602169755736,424.0,434.0,1,2
7,4,edad,Brats18_TCIA02_473_1,-0.10344677181038518,175.0,385.0,0,1
7,4,edad,Brats18_TCIA03_121_1,-1.2471816983312483,747.0,737.0,2,2
7,4,edad,Brats18_TCIA03_265_1,-0.15717025859215156,103.0,387.0,0,1
7,4,edad,Brats18_TCIA03_338_1,0.4720072385509153,468.0,265.0,2,0
7,4,edad,Brats18_TCIA04_192_1,0.45470962076234955,121.0,268.0,0,0
7,4,edad,Brats18_TCIA04_343_1,-0.41514013079527956,296.0,448.0,0,2
7,4,edad,Brats18_TCIA04_361_1,0.4551205792843239,476.0,268.0,2,0
7,4,edad,Brats18_TCIA08_406_1,0.5586821268219159,82.0,244.0,0,0
7,4,edad,Brats18_TCIA08_469_1,0.0040375616187820484,519.0,370.0,2,1
7,4,coxnet,Brats18_CBICA_AAB_1,0.22164018293555546,289.0,327.0,0,0
7,4,coxnet,Brats18_CBICA_AAP_1,-0.898126665064577,788.0,597.0,2,2
7,4,coxnet,Brats18_CBICA_ABB_1,0.39632795380307095,465.0,286.0,2,0
7,4,coxnet,Brats18_CBICA_ABO_1,0.2506702645592114,1155.0,322.0,2,0
7,4,coxnet,Brats18_CBICA_AME_1,-0.186618333224155,359.0,387.0,1,1
7,4,coxnet,Brats18_CBICA_ANG_1,-0.21505057752987555,368.0,394.0,1,1
7,4,coxnet,Brats18_CBICA_AOO_1,-0.5206660832467553,350.0,448.0,1,2
7,4,coxnet,Brats18_CBICA_AOP_1,0.15980930016902534,332.0,331.0,1,1
7,4,coxnet,Brats18_CBICA_APZ_1,0.35106976342396373,336.0,287.0,1,0
7,4,coxnet,Brats18_CBICA_AQY_1,0.48718501218123755,229.0,262.0,0,0
7,4,coxnet,Brats18_CBICA_ARZ_1,0.1161495997608292,871.0,345.0,2,1
7,4,coxnet,Brats18_CBICA_ASK_1,0.6001684017059377,522.0,239.0,2,0
7,4,coxnet,Brats18_CBICA_ATF_1,0.26295194953319506,152.0,318.0,0,0
7,4,coxnet,Brats18_CBICA_ATV_1,0.12644583659306313,453.0,333.0,2,1
7,4,coxnet,Brats18_CBICA_AXO_1,-0.09034851136286796,394.0,376.0,1,1
7,4,coxnet,Brats18_CBICA_AXW_1,0.6042513879240551,191.0,239.0,0,0
7,4,coxnet,Brats18_TCIA01_150_1,-0.5988215240274233,1489.0,467.0,2,2
7,4,coxnet,Brats18_TCIA01_425_1,-0.739500674149907,558.0,503.0,2,2
7,4,coxnet,Brats18_TCIA01_429_1,-0.3559383339687045,86.0,430.0,0,2
7,4,coxnet,Brats18_TCIA01_448_1,-0.8152737640479387,199.0,515.0,0,2
7,4,coxnet,Brats18_TCIA02_274_1,-0.2656923458507618,357.0,405.0,1,2
7,4,coxnet,Brats18_TCIA02_430_1,-0.44572174086781774,71.0,439.0,0,2
7,4,coxnet,Brats18_TCIA02_455_1,-0.5845075067141962,424.0,467.0,1,2
7,4,coxnet,Brats18_TCIA02_473_1,-0.1886714233842309,175.0,387.0,0,1
7,4,coxnet,Brats18_TCIA03_121_1,-1.3979914545269996,747.0,804.0,2,2
7,4,coxnet,Brats18_TCIA03_265_1,-0.14426591611059586,103.0,385.0,0,1
7,4,coxnet,Brats18_TCIA03_338_1,0.24086675607197977,468.0,322.0,2,0
7,4,coxnet,Brats18_TCIA04_192_1,0.12341002614576327,121.0,333.0,0,1
7,4,coxnet,Brats18_TCIA04_343_1,-0.635796807461095,296.0,486.0,0,2
7,4,coxnet,Brats18_TCIA04_361_1,0.3668315188132744,476.0,287.0,2,0
7,4,coxnet,Brats18_TCIA08_406_1,0.19170637581749797,82.0,329.0,0,0
7,4,coxnet,Brats18_TCIA08_469_1,0.141866039237042,519.0,333.0,2,1
7,4,genetico,Brats18_CBICA_AAB_1,1.0869469202121844,289.0,170.0,0,0
7,4,genetico,Brats18_CBICA_AAP_1,-0.41008879837643886,788.0,436.0,2,2
7,4,genetico,Brats18_CBICA_ABB_1,1.5002572932947378,465.0,114.0,2,0
7,4,genetico,Brats18_CBICA_ABO_1,0.78932803135918,1155.0,210.0,2,0
7,4,genetico,Brats18_CBICA_AME_1,0.22564374894933337,359.0,329.0,1,1
7,4,genetico,Brats18_CBICA_ANG_1,-0.42461906609563627,368.0,436.0,1,2
7,4,genetico,Brats18_CBICA_AOO_1,-0.762145976924268,350.0,495.0,1,2
7,4,genetico,Brats18_CBICA_AOP_1,0.22870846690643098,332.0,329.0,1,1
7,4,genetico,Brats18_CBICA_APZ_1,0.5288080564662134,336.0,265.0,1,0
7,4,genetico,Brats18_CBICA_AQY_1,0.8590707309160504,229.0,208.0,0,0
7,4,genetico,Brats18_CBICA_ARZ_1,-0.8971097311065968,871.0,576.0,2,2
7,4,genetico,Brats18_CBICA_ASK_1,0.9710363437433374,522.0,187.0,2,0
7,4,genetico,Brats18_CBICA_ATF_1,0.8697897336257663,152.0,208.0,0,0
7,4,genetico,Brats18_CBICA_ATV_1,-0.09278578891114098,453.0,376.0,2,1
7,4,genetico,Brats18_CBICA_AXO_1,0.1588381103098285,394.0,333.0,1,1
7,4,genetico,Brats18_CBICA_AXW_1,0.6275741274221978,191.0,244.0,0,0
7,4,genetico,Brats18_TCIA01_150_1,-0.37981791903276,1489.0,434.0,2,2
7,4,genetico,Brats18_TCIA01_425_1,-1.3364706672450621,558.0,698.0,2,2
7,4,genetico,Brats18_TCIA01_429_1,-0.5634660369375423,86.0,464.0,0,2
7,4,genetico,Brats18_TCIA01_448_1,-1.3380301210045966,199.0,698.0,0,2
7,4,genetico,Brats18_TCIA02_274_1,-0.23521400181007057,357.0,401.0,1,1
7,4,genetico,Brats18_TCIA02_430_1,-0.7437028185266337,71.0,495.0,0,2
7,4,genetico,Brats18_TCIA02_455_1,-0.927220122848118,424.0,579.0,1,2
7,4,genetico,Brats18_TCIA02_473_1,-0.30688804344588977,175.0,421.0,0,1
7,4,genetico,Brats18_TCIA03_121_1,-1.42591382325774,747.0,734.0,2,2
7,4,genetico,Brats18_TCIA03_265_1,0.8712968521565916,103.0,208.0,0,0
7,4,genetico,Brats18_TCIA03_338_1,0.7140591131227977,468.0,232.0,2,0
7,4,genetico,Brats18_TCIA04_192_1,-0.3326886598359468,121.0,425.0,0,2
7,4,genetico,Brats18_TCIA04_343_1,-0.9841901524354083,296.0,600.0,0,2
7,4,genetico,Brats18_TCIA04_361_1,0.42749671799299027,476.0,286.0,2,0
7,4,genetico,Brats18_TCIA08_406_1,0.03738839494483759,82.0,355.0,0,1
7,4,genetico,Brats18_TCIA08_469_1,1.5630740801306522,519.0,111.0,2,0
8,0,edad,Brats18_CBICA_ABE_1,0.23707210614731708,269.0,322.0,0,0
8,0,edad,Brats18_CBICA_ABY_1,-0.4256128639120298,515.0,448.0,2,2
8,0,edad,Brats18_CBICA_ALN_1,0.22863247328815817,421.0,322.0,1,0
8,0,edad,Brats18_CBICA_ALX_1,-0.025507849204840678,698.0,368.0,2,1
8,0,edad,Brats18_CBICA_AOD_1,-0.10473966730185313,55.0,387.0,0,1
8,0,edad,Brats18_CBICA_AOH_1,-0.12343219149411558,576.0,387.0,2,1
8,0,edad,Brats18_CBICA_AOO_1,-0.5741597107108757,350.0,486.0,1,2
8,0,edad,Brats18_CBICA_AQR_1,0.3869966763766399,89.0,287.0,0,0
8,0,edad,Brats18_CBICA_ASN_1,-0.5292567184413168,407.0,467.0,1,2
8,0,edad,Brats18_CBICA_AUN_1,0.2857516673574978,376.0,317.0,1,0
8,0,edad,Brats18_CBICA_AWI_1,-0.4897653190337191,375.0,465.0,1,2
8,0,edad,Brats18_CBICA_AXJ_1,-1.1517790904987308,1767.0,726.0,2,2
8,0,edad,Brats18_CBICA_AXL_1,0.5021602246677782,168.0,262.0,0,0
8,0,edad,Brats18_CBICA_AXQ_1,0.20725675806212632,114.0,327.0,0,0
8,0,edad,Brats18_TCIA01_147_1,-0.07524225539292675,209.0,385.0,0,1
8,0,edad,Brats18_TCIA01_231_1,0.009152136284229846,1561.0,359.0,2,1
8,0,edad,Brats18_TCIA01_411_1,-0.72920164372592,822.0,510.0,2,2
8,0,edad,Brats18_TCIA01_448_1,-0.6746226001339541,199.0,503.0,0,2
8,0,edad,Brats18_TCIA02_274_1,-0.30306118880690003,357.0,434.0,1,2
8,0,edad,Brats18_TCIA02_314_1,-0.8193188865758264,362.0,579.0,1,2
8,0,edad,Brats18_TCIA02_491_1,0.6205434032396704,82.0,232.0,0,0
8,0,edad,Brats18_TCIA03_121_1,-1.1706383613474134,747.0,726.0,2,2
8,0,edad,Brats18_TCIA03_133_1,0.007633107886524687,382.0,359.0,1,1
8,0,edad,Brats18_TCIA03_296_1,-0.11017990854014631,22.0,387.0,0,1
8,0,edad,Brats18_TCIA03_338_1,0.45496930788980333,468.0,268.0,2,0
8,0,edad,Brats18_TCIA03_375_1,-0.12526421379177705,946.0,387.0,2,1
8,0,edad,Brats18_TCIA03_474_1,-0.07552486532738337,635.0,385.0,2,1
8,0,edad,Brats18_TCIA04_361_1,0.4390018465929952,476.0,286.0,2,0
8,0,edad,Brats18_TCIA04_479_1,-0.25243868429732896,372.0,425.0,1,2
8,0,edad,Brats18_TCIA06_165_1,-0.4164937512494908,5.0,448.0,0,2
8,0,edad,Brats18_TCIA06_409_1,0.20206874279279083,99.0,329.0,0,0
8,0,edad,Brats18_TCIA08_218_1,-0.2190553857896216,346.0,424.0,1,2
8,0,edad,Brats18_TCIA08_406_1,0.5369261888822703,82.0,254.0,0,0
8,0,coxnet,Brats18_CBICA_ABE_1,0.31777612987953535,269.0,296.0,0,0
8,0,coxnet,Brats18_CBICA_ABY_1,-0.4415392838380006,515.0,448.0,2,2
8,0,coxnet,Brats18_CBICA_ALN_1,0.2791548671916821,421.0,317.0,1,0
8,0,coxnet,Brats18_CBICA_ALX_1,-0.24727098356742447,698.0,424.0,2,2
8,0,coxnet,Brats18_CBICA_AOD_1,0.012573742239824883,55.0,355.0,0,1
8,0,coxnet,Brats18_CBICA_AOH_1,-0.19387446068898959,576.0,401.0,2,2
8,0,coxnet,Brats18_CBICA_AOO_1,-0.5673779526894557,350.0,467.0,1,2
8,0,coxnet,Brats18_CBICA_AQR_1,0.3165894174106949,89.0,296.0,0,0
8,0,coxnet,Brats18_CBICA_ASN_1,-0.3532841067231462,407.0,438.0,1,2
8,0,coxnet,Brats18_CBICA_AUN_1,0.347275297319285,376.0,291.0,1,0
8,0,coxnet,Brats18_CBICA_AWI_1,-0.43659521408519203,375.0,448.0,1,2
8,0,coxnet,Brats18_CBICA_AXJ_1,-1.107901931820537,1767.0,630.0,2,2
8,0,coxnet,Brats18_CBICA_AXL_1,0.6258407158033764,168.0,232.0,0,0
8,0,coxnet,Brats18_CBICA_AXQ_1,0.21914458450549534,114.0,327.0,0,0
8,0,coxnet,Brats18_TCIA01_147_1,-0.03894598914881474,209.0,368.0,0,1
8,0,coxnet,Brats18_TCIA01_231_1,0.003431899770323043,1561.0,355.0,2,1
8,0,coxnet,Brats18_TCIA01_411_1,-0.8550468570472981,822.0,579.0,2,2
8,0,coxnet,Brats18_TCIA01_448_1,-0.6892175566264056,199.0,503.0,0,2
8,0,coxnet,Brats18_TCIA02_274_1,-0.21564214635997556,357.0,405.0,1,2
8,0,coxnet,Brats18_TCIA02_314_1,-0.6656970052939435,362.0,495.0,1,2
8,0,coxnet,Brats18_TCIA02_491_1,0.7562750733244059,82.0,208.0,0,0
8,0,coxnet,Brats18_TCIA03_121_1,-1.16911478568162,747.0,660.0,2,2
8,0,coxnet,Brats18_TCIA03_133_1,-0.08594911985071171,382.0,385.0,1,1
8,0,coxnet,Brats18_TCIA03_296_1,0.011738703734240546,22.0,355.0,0,1
8,0,coxnet,Brats18_TCIA03_338_1,0.36056815894556715,468.0,289.0,2,0
8,0,coxnet,Brats18_TCIA03_375_1,-0.15454882300213238,946.0,394.0,2,1
8,0,coxnet,Brats18_TCIA03_474_1,0.057778130106760556,635.0,345.0,2,1
8,0,coxnet,Brats18_TCIA04_361_1,0.4453724965128322,476.0,268.0,2,0
8,0,coxnet,Brats18_TCIA04_479_1,-0.25605227770563593,372.0,424.0,1,2
8,0,coxnet,Brats18_TCIA06_165_1,-0.4269935295166234,5.0,448.0,0,2
8,0,coxnet,Brats18_TCIA06_409_1,0.13983469355061115,99.0,332.0,0,1
8,0,coxnet,Brats18_TCIA08_218_1,-0.29271336027886125,346.0,430.0,1,2
8,0,coxnet,Brats18_TCIA08_406_1,0.4164888988090429,82.0,286.0,0,0
8,0,genetico,Brats18_CBICA_ABE_1,0.7894566347463794,269.0,229.0,0,0
8,0,genetico,Brats18_CBICA_ABY_1,0.006370046114644645,515.0,359.0,2,1
8,0,genetico,Brats18_CBICA_ALN_1,-0.04139735388095345,421.0,368.0,1,1
8,0,genetico,Brats18_CBICA_ALX_1,-0.6708669691332361,698.0,486.0,2,2
8,0,genetico,Brats18_CBICA_AOD_1,1.0663843253875611,55.0,187.0,0,0
8,0,genetico,Brats18_CBICA_AOH_1,-0.28980285461728794,576.0,425.0,2,2
8,0,genetico,Brats18_CBICA_AOO_1,-0.5055349188859574,350.0,448.0,1,2
8,0,genetico,Brats18_CBICA_AQR_1,0.09300996938165007,89.0,345.0,0,1
8,0,genetico,Brats18_CBICA_ASN_1,0.2851882000046307,407.0,322.0,1,0
8,0,genetico,Brats18_CBICA_AUN_1,0.6094875897088619,376.0,262.0,1,0
8,0,genetico,Brats18_CBICA_AWI_1,0.40073394530520506,375.0,291.0,1,0
8,0,genetico,Brats18_CBICA_AXJ_1,-1.554477593573673,1767.0,828.0,2,2
8,0,genetico,Brats18_CBICA_AXL_1,1.8741969200635957,168.0,104.0,0,0
8,0,genetico,Brats18_CBICA_AXQ_1,0.3607364679643908,114.0,317.0,0,0
8,0,genetico,Brats18_TCIA01_147_1,-0.17463916982865155,209.0,394.0,0,1
8,0,genetico,Brats18_TCIA01_231_1,-0.22809867727443128,1561.0,401.0,2,1
8,0,genetico,Brats18_TCIA01_411_1,-1.0968091527869603,822.0,616.0,2,2
8,0,genetico,Brats18_TCIA01_448_1,-0.4714472950001176,199.0,448.0,0,2
8,0,genetico,Brats18_TCIA02_274_1,-0.7165086052494508,357.0,495.0,1,2
8,0,genetico,Brats18_TCIA02_314_1,0.39915234808692024,362.0,291.0,1,0
8,0,genetico,Brats18_TCIA02_491_1,1.732122990053318,82.0,111.0,0,0
8,0,genetico,Brats18_TCIA03_121_1,-1.4178960345109761,747.0,737.0,2,2
8,0,genetico,Brats18_TCIA03_133_1,-0.2494472687798052,382.0,405.0,1,1
8,0,genetico,Brats18_TCIA03_296_1,0.08253090838595453,22.0,345.0,0,1
8,0,genetico,Brats18_TCIA03_338_1,-0.3476136620164871,468.0,434.0,2,2
8,0,genetico,Brats18_TCIA03_375_1,-0.6208155080927785,946.0,467.0,2,2
8,0,genetico,Brats18_TCIA03_474_1,0.24035106524824776,635.0,327.0,2,0
8,0,genetico,Brats18_TCIA04_361_1,0.5211471811127495,476.0,286.0,2,0
8,0,genetico,Brats18_TCIA04_479_1,-0.6100619072303445,372.0,466.0,1,2
8,0,genetico,Brats18_TCIA06_165_1,-0.6420649909782121,5.0,473.0,0,2
8,0,genetico,Brats18_TCIA06_409_1,0.11390870227234037,99.0,336.0,0,1
8,0,genetico,Brats18_TCIA08_218_1,-1.5221761627963923,346.0,812.0,1,2
8,0,genetico,Brats18_TCIA08_406_1,0.1692106167617643,82.0,332.0,0,0
8,1,edad,Brats18_CBICA_ABB_1,0.35198719274652046,465.0,296.0,2,0
8,1,edad,Brats18_CBICA_ABN_1,0.6700422684031432,1278.0,232.0,2,0
8,1,edad,Brats18_CBICA_AME_1,-0.3269481538049329,359.0,434.0,1,2
8,1,edad,Brats18_CBICA_AOP_1,0.32524947995196496,332.0,317.0,1,0
8,1,edad,Brats18_CBICA_APZ_1,0.33695518568066285,336.0,296.0,1,0
8,1,edad,Brats18_CBICA_AQU_1,0.8561529541276723,30.0,203.0,0,0
8,1,edad,Brats18_CBICA_AQV_1,-0.26099512891169546,84.0,424.0,0,2
8,1,edad,Brats18_CBICA_ARF_1,0.6282363799375441,726.0,239.0,2,0
8,1,edad,Brats18_CBICA_ARW_1,-0.2969311659805699,495.0,430.0,2,2
8,1,edad,Brats18_CBICA_ASO_1,0.024407527786727168,265.0,368.0,0,1
8,1,edad,Brats18_CBICA_ATB_1,0.45865446212237726,208.0,286.0,0,0
8,1,edad,Brats18_CBICA_ATF_1,0.36142641559671995,152.0,291.0,0,0
8,1,edad,Brats18_CBICA_ATP_1,-0.3328223482825249,385.0,434.0,1,2
8,1,edad,Brats18_CBICA_ATV_1,0.09538617329089037,453.0,355.0,2,1
8,1,edad,Brats18_CBICA_AVG_1,0.1440001965537191,579.0,346.0,2,1
8,1,edad,Brats18_CBICA_AVJ_1,-0.589868996284731,614.0,486.0,2,2
8,1,edad,Brats18_CBICA_AYW_1,-0.5391853411290619,734.0,473.0,2,2
8,1,edad,Brats18_TCIA01_186_1,-1.1868051543620437,370.0,660.0,1,2
8,1,edad,Brats18_TCIA01_335_1,-0.3528315852882191,355.0,436.0,1,2
8,1,edad,Brats18_TCIA01_401_1,0.6323315961330026,448.0,239.0,1,0
8,1,edad,Brats18_TCIA02_135_1,0.2503874200313793,828.0,322.0,2,0
8,1,edad,Brats18_TCIA02_179_1,-0.6687012014384478,405.0,503.0,1,2
8,1,edad,Brats18_TCIA02_290_1,-0.813125362215101,737.0,558.0,2,2
8,1,edad,Brats18_TCIA02_321_1,0.7303293646936544,67.0,213.0,0,0
8,1,edad,Brats18_TCIA02_331_1,0.8775083201218676,187.0,199.0,0,0
8,1,edad,Brats18_TCIA02_473_1,-0.08756106501738437,175.0,382.0,0,1
8,1,edad,Brats18_TCIA03_138_1,0.35207175202279545,82.0,296.0,0,0
8,1,edad,Brats18_TCIA03_199_1,-0.5816820997979845,1282.0,486.0,2,2
8,1,edad,Brats18_TCIA04_192_1,0.5176835246048318,121.0,268.0,0,0
8,1,edad,Brats18_TCIA04_437_1,-0.6575199760879972,333.0,503.0,1,2
8,1,edad,Brats18_TCIA05_478_1,-0.15914521427189932,30.0,394.0,0,1
8,1,edad,Brats18_TCIA08_242_1,0.1335112057703287,147.0,346.0,0,1
8,1,edad,Brats18_TCIA08_278_1,-0.5137845139742342,1458.0,468.0,2,2
8,1,coxnet,Brats18_CBICA_ABB_1,0.30757584933855076,465.0,317.0,2,0
8,1,coxnet,Brats18_CBICA_ABN_1,0.5495955752115914,1278.0,254.0,2,0
8,1,coxnet,Brats18_CBICA_AME_1,-0.2811721410934417,359.0,424.0,1,2
8,1,coxnet,Brats18_CBICA_AOP_1,0.3045236140636099,332.0,317.0,1,0
8,1,coxnet,Brats18_CBICA_APZ_1,0.34749352624024116,336.0,296.0,1,0
8,1,coxnet,Brats18_CBICA_AQU_1,0.9383519603303248,30.0,191.0,0,0
8,1,coxnet,Brats18_CBICA_AQV_1,-0.2686324458083193,84.0,424.0,0,2
8,1,coxnet,Brats18_CBICA_ARF_1,0.656237613473122,726.0,232.0,2,0
8,1,coxnet,Brats18_CBICA_ARW_1,-0.35284848785621425,495.0,436.0,2,2
8,1,coxnet,Brats18_CBICA_ASO_1,0.0018559123388853472,265.0,368.0,0,1
8,1,coxnet,Brats18_CBICA_ATB_1,0.5231628024689818,208.0,262.0,0,0
8,1,coxnet,Brats18_CBICA_ATF_1,0.3079237900224327,152.0,317.0,0,0
8,1,coxnet,Brats18_CBICA_ATP_1,-0.4075052480906451,385.0,439.0,1,2
8,1,coxnet,Brats18_CBICA_ATV_1,0.12567922892290373,453.0,346.0,2,1
8,1,coxnet,Brats18_CBICA_AVG_1,0.09540477689202191,579.0,350.0,2,1
8,1,coxnet,Brats18_CBICA_AVJ_1,-0.6184597750295189,614.0,486.0,2,2
8,1,coxnet,Brats18_CBICA_AYW_1,-0.6456538565994313,734.0,488.0,2,2
8,1,coxnet,Brats18_TCIA01_186_1,-1.246565500716822,370.0,698.0,1,2
8,1,coxnet,Brats18_TCIA01_335_1,-0.3162342636186229,355.0,430.0,1,2
8,1,coxnet,Brats18_TCIA01_401_1,0.665131285631388,448.0,232.0,1,0
8,1,coxnet,Brats18_TCIA02_135_1,0.24388292830535901,828.0,322.0,2,0
8,1,coxnet,Brats18_TCIA02_179_1,-0.755457243964194,405.0,515.0,1,2
8,1,coxnet,Brats18_TCIA02_290_1,-0.8066383716002423,737.0,522.0,2,2
8,1,coxnet,Brats18_TCIA02_321_1,0.7889404094379237,67.0,209.0,0,0
8,1,coxnet,Brats18_TCIA02_331_1,0.8285573473523977,187.0,208.0,0,0
8,1,coxnet,Brats18_TCIA02_473_1,-0.16513163346222437,175.0,394.0,0,1
8,1,coxnet,Brats18_TCIA03_138_1,0.4804285086409015,82.0,269.0,0,0
8,1,coxnet,Brats18_TCIA03_199_1,-0.6272320293283998,1282.0,488.0,2,2
8,1,coxnet,Brats18_TCIA04_192_1,0.45457368351910943,121.0,286.0,0,0
8,1,coxnet,Brats18_TCIA04_437_1,-0.819967819991123,333.0,522.0,1,2
8,1,coxnet,Brats18_TCIA05_478_1,-0.0089551958866632,30.0,372.0,0,1
8,1,coxnet,Brats18_TCIA08_242_1,0.2186222684142238,147.0,327.0,0,0
8,1,coxnet,Brats18_TCIA08_278_1,-0.5353251758368741,1458.0,468.0,2,2
8,1,genetico,Brats18_CBICA_ABB_1,1.4246098345410247,465.0,127.0,2,0
8,1,genetico,Brats18_CBICA_ABN_1,0.5894092988459145,1278.0,262.0,2,0
8,1,genetico,Brats18_CBICA_AME_1,0.04528493434703032,359.0,357.0,1,1
8,1,genetico,Brats18_CBICA_AOP_1,0.1953282180455329,332.0,331.0,1,1
8,1,genetico,Brats18_CBICA_APZ_1,0.3405574942852514,336.0,317.0,1,0
8,1,genetico,Brats18_CBICA_AQU_1,1.0083896252294229,30.0,191.0,0,0
8,1,genetico,Brats18_CBICA_AQV_1,-0.9654962923152917,84.0,576.0,0,2
8,1,genetico,Brats18_CBICA_ARF_1,0.03805109297634443,726.0,357.0,2,1
8,1,genetico,Brats18_CBICA_ARW_1,-0.4399535824486091,495.0,438.0,2,2
8,1,genetico,Brats18_CBICA_ASO_1,-0.15102752619661514,265.0,387.0,0,1
8,1,genetico,Brats18_CBICA_ATB_1,0.7857535274590459,208.0,213.0,0,0
8,1,genetico,Brats18_CBICA_ATF_1,0.4576463058656914,152.0,287.0,0,0
8,1,genetico,Brats18_CBICA_ATP_1,-0.6336458804978314,385.0,473.0,1,2
8,1,genetico,Brats18_CBICA_ATV_1,-0.17714974211625326,453.0,394.0,2,1
8,1,genetico,Brats18_CBICA_AVG_1,-0.2790833241781267,579.0,421.0,2,1
8,1,genetico,Brats18_CBICA_AVJ_1,-0.545172122721012,614.0,464.0,2,2
8,1,genetico,Brats18_CBICA_AYW_1,-0.5030054958354006,734.0,448.0,2,2
8,1,genetico,Brats18_TCIA01_186_1,-1.2162299834100314,370.0,626.0,1,2
8,1,genetico,Brats18_TCIA01_335_1,0.3857642324357097,355.0,291.0,1,0
8,1,genetico,Brats18_TCIA01_401_1,0.6053043255714068,448.0,254.0,1,0
8,1,genetico,Brats18_TCIA02_135_1,0.5812857158903508,828.0,262.0,2,0
8,1,genetico,Brats18_TCIA02_179_1,-0.0877331703779052,405.0,376.0,1,1
8,1,genetico,Brats18_TCIA02_290_1,-0.6730432441402447,737.0,486.0,2,2
8,1,genetico,Brats18_TCIA02_321_1,1.046278304003206,67.0,180.0,0,0
8,1,genetico,Brats18_TCIA02_331_1,0.8471089880313033,187.0,209.0,0,0
8,1,genetico,Brats18_TCIA02_473_1,0.0248344170704616,175.0,362.0,0,1
8,1,genetico,Brats18_TCIA03_138_1,1.9319217469938386,82.0,89.0,0,0
8,1,genetico,Brats18_TCIA03_199_1,-0.41835067465108805,1282.0,436.0,2,2
8,1,genetico,Brats18_TCIA04_192_1,0.11036411021937953,121.0,350.0,0,1
8,1,genetico,Brats18_TCIA04_437_1,-0.9763332460235369,333.0,576.0,1,2
8,1,genetico,Brats18_TCIA05_478_1,-1.0699210544554196,30.0,610.0,0,2
8,1,genetico,Brats18_TCIA08_242_1,0.3108126849815194,147.0,318.0,0,0
8,1,genetico,Brats18_TCIA08_278_1,-0.8419206215730949,1458.0,515.0,2,2
8,2,edad,Brats18_2013_27_1,0.23587999624754466,120.0,332.0,0,0
8,2,edad,Brats18_CBICA_AAL_1,-0.19016971048595818,464.0,394.0,2,2
8,2,edad,Brats18_CBICA_AAP_1,-0.6632373672154175,788.0,515.0,2,2
8,2,edad,Brats18_CBICA_ALU_1,0.17001138862441192,495.0,345.0,2,0
8,2,edad,Brats18_CBICA_AMH_1,0.06799423820385951,169.0,355.0,0,1
8,2,edad,Brats18_CBICA_ANZ_1,0.2367806042725666,287.0,332.0,0,0
8,2,edad,Brats18_CBICA_AQA_1,0.49509983020807774,106.0,265.0,0,0
8,2,edad,Brats18_CBICA_AQD_1,0.5913920545299711,32.0,239.0,0,0
8,2,edad,Brats18_CBICA_AQG_1,-0.012046377683652354,466.0,362.0,2,1
8,2,edad,Brats18_CBICA_AQJ_1,0.3751840176265051,170.0,296.0,0,0
8,2,edad,Brats18_CBICA_AQN_1,0.28568221320883946,488.0,329.0,2,0
8,2,edad,Brats18_CBICA_AQO_1,0.23091112438535652,473.0,332.0,2,0
8,2,edad,Brats18_CBICA_AQT_1,0.4830192604931323,172.0,268.0,0,0
8,2,edad,Brats18_CBICA_AQZ_1,0.2904336969270569,286.0,329.0,0,0
8,2,edad,Brats18_CBICA_ASA_1,0.3034459301161625,210.0,329.0,0,0
8,2,edad,Brats18_CBICA_AYI_1,0.17069460850546297,387.0,345.0,1,0
8,2,edad,Brats18_CBICA_AZD_1,-0.4399486879083333,448.0,453.0,1,2
8,2,edad,Brats18_CBICA_BHM_1,0.2495957813096974,436.0,332.0,1,0
8,2,edad,Brats18_TCIA01_190_1,-0.004356907217665677,322.0,362.0,1,1
8,2,edad,Brats18_TCIA01_201_1,-0.02910810018119098,430.0,368.0,1,1
8,2,edad,Brats18_TCIA01_235_1,-0.11469691800738344,804.0,376.0,2,1
8,2,edad,Brats18_TCIA01_378_1,0.3875318054632929,110.0,291.0,0,0
8,2,edad,Brats18_TCIA01_460_1,-1.32579732351749,630.0,871.0,2,2
8,2,edad,Brats18_TCIA02_151_1,-0.4252514093941485,1731.0,453.0,2,2
8,2,edad,Brats18_TCIA02_322_1,-0.1336717974311147,621.0,382.0,2,1
8,2,edad,Brats18_TCIA02_368_1,0.027816538090003017,317.0,359.0,1,1
8,2,edad,Brats18_TCIA02_455_1,-0.21186941836230216,424.0,394.0,1,2
8,2,edad,Brats18_TCIA02_471_1,0.4642077093866856,111.0,269.0,0,0
8,2,edad,Brats18_TCIA03_265_1,-0.06466658944497546,103.0,372.0,0,1
8,2,edad,Brats18_TCIA04_149_1,-0.7706190592653701,448.0,597.0,1,2
8,2,edad,Brats18_TCIA06_372_1,0.3992086543394355,213.0,291.0,0,0
8,2,edad,Brats18_TCIA08_319_1,0.0991819602106817,254.0,355.0,0,1
8,2,edad,Brats18_TCIA08_469_1,0.06933767358841361,519.0,355.0,2,1
8,2,coxnet,Brats18_2013_27_1,0.1776553423572011,120.0,336.0,0,0
8,2,coxnet,Brats18_CBICA_AAL_1,-0.4308436006914666,464.0,439.0,2,2
8,2,coxnet,Brats18_CBICA_AAP_1,-0.7078099155585345,788.0,515.0,2,2
8,2,coxnet,Brats18_CBICA_ALU_1,0.06343545587368642,495.0,355.0,2,1
8,2,coxnet,Brats18_CBICA_AMH_1,-0.04662598172749099,169.0,368.0,0,1
8,2,coxnet,Brats18_CBICA_ANZ_1,0.24775996503168354,287.0,331.0,0,0
8,2,coxnet,Brats18_CBICA_AQA_1,0.40275573452351865,106.0,289.0,0,0
8,2,coxnet,Brats18_CBICA_AQD_1,0.6355406084976317,32.0,232.0,0,0
8,2,coxnet,Brats18_CBICA_AQG_1,0.16280916188986963,466.0,336.0,2,0
8,2,coxnet,Brats18_CBICA_AQJ_1,0.6279490469480151,170.0,232.0,0,0
8,2,coxnet,Brats18_CBICA_AQN_1,0.5080228315500215,488.0,265.0,2,0
8,2,coxnet,Brats18_CBICA_AQO_1,0.16790309242249485,473.0,336.0,2,0
8,2,coxnet,Brats18_CBICA_AQT_1,0.4585283534146621,172.0,268.0,0,0
8,2,coxnet,Brats18_CBICA_AQZ_1,0.4906958778868155,286.0,265.0,0,0
8,2,coxnet,Brats18_CBICA_ASA_1,0.7065060572072123,210.0,208.0,0,0
8,2,coxnet,Brats18_CBICA_AYI_1,0.012111699056019682,387.0,357.0,1,1
8,2,coxnet,Brats18_CBICA_AZD_1,-0.5979455469678201,448.0,486.0,1,2
8,2,coxnet,Brats18_CBICA_BHM_1,0.3768630004123699,436.0,291.0,1,0
8,2,coxnet,Brats18_TCIA01_190_1,-0.14472604560863397,322.0,376.0,1,1
8,2,coxnet,Brats18_TCIA01_201_1,0.09158406306125355,430.0,350.0,1,1
8,2,coxnet,Brats18_TCIA01_235_1,-0.21191774642019245,804.0,387.0,2,2
8,2,coxnet,Brats18_TCIA01_378_1,0.5055477860747021,110.0,265.0,0,0
8,2,coxnet,Brats18_TCIA01_460_1,-1.1883786166837582,630.0,734.0,2,2
8,2,coxnet,Brats18_TCIA02_151_1,-0.6043569741834334,1731.0,495.0,2,2
8,2,coxnet,Brats18_TCIA02_322_1,-0.34210233787359584,621.0,421.0,2,2
8,2,coxnet,Brats18_TCIA02_368_1,-0.01615730962178471,317.0,362.0,1,1
8,2,coxnet,Brats18_TCIA02_455_1,-0.34869806136635645,424.0,421.0,1,2
8,2,coxnet,Brats18_TCIA02_471_1,0.4766738879181675,111.0,268.0,0,0
8,2,coxnet,Brats18_TCIA03_265_1,-0.0774896323292562,103.0,370.0,0,1
8,2,coxnet,Brats18_TCIA04_149_1,-0.6784094561234779,448.0,510.0,1,2
8,2,coxnet,Brats18_TCIA06_372_1,0.4604320886311932,213.0,268.0,0,0
8,2,coxnet,Brats18_TCIA08_319_1,0.1054286298332457,254.0,350.0,0,1
8,2,coxnet,Brats18_TCIA08_469_1,0.21098329073441768,519.0,333.0,2,0
8,2,genetico,Brats18_2013_27_1,0.7519410139407975,120.0,209.0,0,0
8,2,genetico,Brats18_CBICA_AAL_1,-0.7631153687952986,464.0,515.0,2,2
8,2,genetico,Brats18_CBICA_AAP_1,-0.5668734680099485,788.0,467.0,2,2
8,2,genetico,Brats18_CBICA_ALU_1,-0.2886738001629874,495.0,401.0,2,2
8,2,genetico,Brats18_CBICA_AMH_1,-0.5436707613202368,169.0,465.0,0,2
8,2,genetico,Brats18_CBICA_ANZ_1,0.016767502711373283,287.0,359.0,0,1
8,2,genetico,Brats18_CBICA_AQA_1,0.09957526091957641,106.0,350.0,0,1
8,2,genetico,Brats18_CBICA_AQD_1,0.2688102710306799,32.0,331.0,0,0
8,2,genetico,Brats18_CBICA_AQG_1,0.43650756728977935,466.0,289.0,2,0
8,2,genetico,Brats18_CBICA_AQJ_1,0.8400779074648471,170.0,203.0,0,0
8,2,genetico,Brats18_CBICA_AQN_1,0.18971133319505543,488.0,336.0,2,0
8,2,genetico,Brats18_CBICA_AQO_1,0.1608571600934671,473.0,345.0,2,1
8,2,genetico,Brats18_CBICA_AQT_1,0.14205350159708863,172.0,346.0,0,1
8,2,genetico,Brats18_CBICA_AQZ_1,0.5180127541773267,286.0,268.0,0,0
8,2,genetico,Brats18_CBICA_ASA_1,0.8993002521835185,210.0,191.0,0,0
8,2,genetico,Brats18_CBICA_AYI_1,-0.43165863186472053,387.0,434.0,1,2
8,2,genetico,Brats18_CBICA_AZD_1,-0.7661913142889084,448.0,515.0,1,2
8,2,genetico,Brats18_CBICA_BHM_1,0.12375736286211603,436.0,350.0,1,1
8,2,genetico,Brats18_TCIA01_190_1,-0.7112608807990144,322.0,508.0,1,2
8,2,genetico,Brats18_TCIA01_201_1,1.0607831680560003,430.0,168.0,1,0
8,2,genetico,Brats18_TCIA01_235_1,-0.5085333970787955,804.0,453.0,2,2
8,2,genetico,Brats18_TCIA01_378_1,1.2702047149321787,110.0,147.0,0,0
8,2,genetico,Brats18_TCIA01_460_1,-0.9101878040054275,630.0,600.0,2,2
8,2,genetico,Brats18_TCIA02_151_1,-0.4783099833001693,1731.0,439.0,2,2
8,2,genetico,Brats18_TCIA02_322_1,-1.1022266824022298,621.0,635.0,2,2
8,2,genetico,Brats18_TCIA02_368_1,0.40253113117672873,317.0,296.0,1,0
8,2,genetico,Brats18_TCIA02_455_1,-0.26222390333482043,424.0,394.0,1,1
8,2,genetico,Brats18_TCIA02_471_1,0.28213451225266506,111.0,331.0,0,0
8,2,genetico,Brats18_TCIA03_265_1,0.08509114582503347,103.0,355.0,0,1
8,2,genetico,Brats18_TCIA04_149_1,-0.50115837348921,448.0,448.0,1,2
8,2,genetico,Brats18_TCIA06_372_1,0.1694588001225082,213.0,345.0,0,1
8,2,genetico,Brats18_TCIA08_319_1,-0.03679646018854419,254.0,368.0,0,1
8,2,genetico,Brats18_TCIA08_469_1,0.7565828429730993,519.0,208.0,2,0
8,3,edad,Brats18_2013_11_1,-1.107126409742115,150.0,726.0,0,2
8,3,edad,Brats18_CBICA_AAB_1,-0.009460200420382169,289.0,370.0,0,1
8,3,edad,Brats18_CBICA_ABO_1,-0.15108551230811126,1155.0,394.0,2,2
8,3,edad,Brats18_CBICA_ANG_1,-0.1741994356132301,368.0,394.0,1,2
8,3,edad,Brats18_CBICA_AQQ_1,0.5186092040344678,33.0,268.0,0,0
8,3,edad,Brats18_CBICA_ASH_1,-0.49600828599313646,660.0,465.0,2,2
8,3,edad,Brats18_CBICA_ASK_1,0.5814857720804928,522.0,254.0,2,0
8,3,edad,Brats18_CBICA_ASV_1,-0.2095007002974119,597.0,405.0,2,2
8,3,edad,Brats18_CBICA_ASW_1,0.26706637293904084,239.0,332.0,0,0
8,3,edad,Brats18_CBICA_AUQ_1,0.011869229967845271,1337.0,362.0,2,1
8,3,edad,Brats18_CBICA_AUR_1,0.3333613075096321,12.0,322.0,0,0
8,3,edad,Brats18_CBICA_AVV_1,0.404839364275917,387.0,291.0,1,0
8,3,edad,Brats18_CBICA_AXW_1,0.6471153058286637,191.0,213.0,0,0
8,3,edad,Brats18_CBICA_AYA_1,0.49389801119245846,50.0,269.0,0,0
8,3,edad,Brats18_CBICA_AYU_1,0.10673979583171585,58.0,355.0,0,1
8,3,edad,Brats18_CBICA_AZH_1,-0.20375724056704897,401.0,405.0,1,2
8,3,edad,Brats18_TCIA01_150_1,-0.3278704215214867,1489.0,436.0,2,2
8,3,edad,Brats18_TCIA01_425_1,-0.14950798001698545,558.0,394.0,2,2
8,3,edad,Brats18_TCIA01_499_1,-0.36404721360358966,600.0,439.0,2,2
8,3,edad,Brats18_TCIA02_226_1,0.4588084560586457,329.0,286.0,1,0
8,3,edad,Brats18_TCIA02_283_1,0.5028649947220389,262.0,268.0,0,0
8,3,edad,Brats18_TCIA02_300_1,0.13661437362365392,127.0,350.0,0,1
8,3,edad,Brats18_TCIA02_394_1,0.132026610058547,616.0,350.0,2,1
8,3,edad,Brats18_TCIA02_430_1,-0.23152738665424089,71.0,421.0,0,2
8,3,edad,Brats18_TCIA03_257_1,0.3098987562202122,425.0,322.0,1,0
8,3,edad,Brats18_TCIA03_419_1,0.3542354636509406,327.0,318.0,1,0
8,3,edad,Brats18_TCIA04_111_1,0.5178190026785328,626.0,268.0,2,0
8,3,edad,Brats18_TCIA04_343_1,-0.2730974275075381,296.0,424.0,0,2
8,3,edad,Brats18_TCIA05_277_1,0.3463557170696502,232.0,318.0,0,0
8,3,edad,Brats18_TCIA06_247_1,0.5681092964151248,244.0,254.0,0,0
8,3,edad,Brats18_TCIA08_105_1,0.21537681834064248,77.0,336.0,0,0
8,3,edad,Brats18_TCIA08_280_1,-0.10909363532894399,508.0,385.0,2,1
8,3,coxnet,Brats18_2013_11_1,-1.2154268334628995,150.0,747.0,0,2
8,3,coxnet,Brats18_CBICA_AAB_1,-0.005774284590085856,289.0,370.0,0,1
8,3,coxnet,Brats18_CBICA_ABO_1,-0.15794797283576256,1155.0,394.0,2,2
8,3,coxnet,Brats18_CBICA_ANG_1,-0.17384190295321592,368.0,394.0,1,2
8,3,coxnet,Brats18_CBICA_AQQ_1,0.5988879393944045,33.0,229.0,0,0
8,3,coxnet,Brats18_CBICA_ASH_1,-0.5903224150633608,660.0,473.0,2,2
8,3,coxnet,Brats18_CBICA_ASK_1,0.6045046252241438,522.0,229.0,2,0
8,3,coxnet,Brats18_CBICA_ASV_1,-0.2148613873004043,597.0,407.0,2,2
8,3,coxnet,Brats18_CBICA_ASW_1,0.2886003386249209,239.0,331.0,0,0
8,3,coxnet,Brats18_CBICA_AUQ_1,-0.04620451872568392,1337.0,375.0,2,1
8,3,coxnet,Brats18_CBICA_AUR_1,0.32729271216572425,12.0,322.0,0,0
8,3,coxnet,Brats18_CBICA_AVV_1,0.4249962515274635,387.0,287.0,1,0
8,3,coxnet,Brats18_CBICA_AXW_1,0.6436920604002034,191.0,213.0,0,0
8,3,coxnet,Brats18_CBICA_AYA_1,0.49804217896661696,50.0,269.0,0,0
8,3,coxnet,Brats18_CBICA_AYU_1,0.08156094181496046,58.0,355.0,0,1
8,3,coxnet,Brats18_CBICA_AZH_1,-0.24804562515239895,401.0,421.0,1,2
8,3,coxnet,Brats18_TCIA01_150_1,-0.317646997431577,1489.0,434.0,2,2
8,3,coxnet,Brats18_TCIA01_425_1,-0.23057525492081435,558.0,407.0,2,2
8,3,coxnet,Brats18_TCIA01_499_1,-0.36520428933444193,600.0,439.0,2,2
8,3,coxnet,Brats18_TCIA02_226_1,0.4618788643791969,329.0,286.0,1,0
8,3,coxnet,Brats18_TCIA02_283_1,0.4974538993738484,262.0,269.0,0,0
8,3,coxnet,Brats18_TCIA02_300_1,0.10463138768108189,127.0,355.0,0,1
8,3,coxnet,Brats18_TCIA02_394_1,0.13605012721524834,616.0,350.0,2,1
8,3,coxnet,Brats18_TCIA02_430_1,-0.22988755770537134,71.0,407.0,0,2
8,3,coxnet,Brats18_TCIA03_257_1,0.2941755342848409,425.0,331.0,1,0
8,3,coxnet,Brats18_TCIA03_419_1,0.3422874977749161,327.0,318.0,1,0
8,3,coxnet,Brats18_TCIA04_111_1,0.4968875134647917,626.0,269.0,2,0
8,3,coxnet,Brats18_TCIA04_343_1,-0.29841835665710065,296.0,430.0,0,2
8,3,coxnet,Brats18_TCIA05_277_1,0.3130171173581247,232.0,322.0,0,0
8,3,coxnet,Brats18_TCIA06_247_1,0.5882866146656289,244.0,254.0,0,0
8,3,coxnet,Brats18_TCIA08_105_1,0.2292662807950749,77.0,333.0,0,0
8,3,coxnet,Brats18_TCIA08_280_1,-0.09965881116926267,508.0,382.0,2,1
8,3,genetico,Brats18_2013_11_1,-2.729839129775537,150.0,1767.0,0,2
8,3,genetico,Brats18_CBICA_AAB_1,0.5183036793247101,289.0,286.0,0,0
8,3,genetico,Brats18_CBICA_ABO_1,0.7047048374795832,1155.0,229.0,2,0
8,3,genetico,Brats18_CBICA_ANG_1,0.1494274426595075,368.0,355.0,1,1
8,3,genetico,Brats18_CBICA_AQQ_1,1.0927259040595823,33.0,172.0,0,0
8,3,genetico,Brats18_CBICA_ASH_1,-2.1177856363926617,660.0,1458.0,2,2
8,3,genetico,Brats18_CBICA_ASK_1,0.6947421421537281,522.0,229.0,2,0
8,3,genetico,Brats18_CBICA_ASV_1,-0.34207631582688236,597.0,436.0,2,2
8,3,genetico,Brats18_CBICA_ASW_1,0.5010946822842024,239.0,287.0,0,0
8,3,genetico,Brats18_CBICA_AUQ_1,-0.4215058624224182,1337.0,448.0,2,2
8,3,genetico,Brats18_CBICA_AUR_1,0.7001144924964819,12.0,229.0,0,0
8,3,genetico,Brats18_CBICA_AVV_1,0.7018444496207892,387.0,229.0,1,0
8,3,genetico,Brats18_CBICA_AXW_1,0.4877283111045115,191.0,287.0,0,0
8,3,genetico,Brats18_CBICA_AYA_1,0.6601759529815565,50.0,254.0,0,0
8,3,genetico,Brats18_CBICA_AYU_1,-0.051976970733135175,58.0,376.0,0,1
8,3,genetico,Brats18_CBICA_AZH_1,-0.4102034558810337,401.0,448.0,1,2
8,3,genetico,Brats18_TCIA01_150_1,-0.5560012443082593,1489.0,466.0,2,2
8,3,genetico,Brats18_TCIA01_425_1,-0.7438236284787665,558.0,495.0,2,2
8,3,genetico,Brats18_TCIA01_499_1,-0.7291408971607892,600.0,488.0,2,2
8,3,genetico,Brats18_TCIA02_226_1,0.8986981319433514,329.0,203.0,1,0
8,3,genetico,Brats18_TCIA02_283_1,0.7783048001749756,262.0,209.0,0,0
8,3,genetico,Brats18_TCIA02_300_1,0.05423515058133399,127.0,362.0,0,1
8,3,genetico,Brats18_TCIA02_394_1,0.20508922368273075,616.0,346.0,2,1
8,3,genetico,Brats18_TCIA02_430_1,-0.8659871246741788,71.0,515.0,0,2
8,3,genetico,Brats18_TCIA03_257_1,0.496588080206871,425.0,287.0,1,0
8,3,genetico,Brats18_TCIA03_419_1,0.45766481983251867,327.0,291.0,1,0
8,3,genetico,Brats18_TCIA04_111_1,0.16282702724922005,626.0,355.0,2,1
8,3,genetico,Brats18_TCIA04_343_1,-0.9274649249051063,296.0,576.0,0,2
8,3,genetico,Brats18_TCIA05_277_1,0.5484712008433781,232.0,269.0,0,0
8,3,genetico,Brats18_TCIA06_247_1,1.0193759661112813,244.0,180.0,0,0
8,3,genetico,Brats18_TCIA08_105_1,0.4653832148886049,77.0,291.0,0,0
8,3,genetico,Brats18_TCIA08_280_1,-0.8352660697948249,508.0,510.0,2,2
8,4,edad,Brats18_CBICA_AAG_1,-0.22898284276846353,616.0,401.0,2,2
8,4,edad,Brats18_CBICA_ABM_1,0.39686407716049166,503.0,286.0,2,0
8,4,edad,Brats18_CBICA_ANI_1,-0.01639559788353591,439.0,368.0,1,1
8,4,edad,Brats18_CBICA_ANP_1,0.10229155951927492,486.0,350.0,2,1
8,4,edad,Brats18_CBICA_AOZ_1,-0.42745670592458346,331.0,448.0,1,2
8,4,edad,Brats18_CBICA_APR_1,0.2792816990002994,23.0,322.0,0,0
8,4,edad,Brats18_CBICA_APY_1,-0.32908306717915264,203.0,425.0,0,2
8,4,edad,Brats18_CBICA_AQP_1,-0.43504530816067594,1283.0,448.0,2,2
8,4,edad,Brats18_CBICA_AQY_1,0.10247435905096702,229.0,350.0,0,1
8,4,edad,Brats18_CBICA_ARZ_1,-0.00011361416873195695,871.0,362.0,2,1
8,4,edad,Brats18_CBICA_ASE_1,-0.2841897474086243,318.0,421.0,1,2
8,4,edad,Brats18_CBICA_ASG_1,0.10219067298606627,208.0,350.0,0,1
8,4,edad,Brats18_CBICA_ASU_1,0.9381780454901802,85.0,170.0,0,0
8,4,edad,Brats18_CBICA_ASY_1,0.4142453443767856,610.0,286.0,2,0
8,4,edad,Brats18_CBICA_ATD_1,0.3708358807058564,355.0,287.0,1,0
8,4,edad,Brats18_CBICA_ATX_1,-0.7778799175931159,1592.0,558.0,2,2
8,4,edad,Brats18_CBICA_AWG_1,-0.11306162449843393,180.0,376.0,0,1
8,4,edad,Brats18_CBICA_AWH_1,-0.21121700295405993,139.0,387.0,0,2
8,4,edad,Brats18_CBICA_AXM_1,0.42928070581652,438.0,269.0,1,0
8,4,edad,Brats18_CBICA_AXN_1,0.9589170932449118,345.0,170.0,1,0
8,4,edad,Brats18_CBICA_AXO_1,-0.24988737388390997,394.0,405.0,1,2
8,4,edad,Brats18_CBICA_BHB_1,-0.11082759673734119,510.0,376.0,2,1
8,4,edad,Brats18_TCIA01_203_1,-0.6177927393019453,268.0,488.0,0,2
8,4,edad,Brats18_TCIA01_390_1,0.008054180627009563,634.0,362.0,2,1
8,4,edad,Brats18_TCIA01_412_1,0.19188275068263316,291.0,332.0,0,1
8,4,edad,Brats18_TCIA01_429_1,-0.2965182708019551,86.0,421.0,0,2
8,4,edad,Brats18_TCIA02_118_1,-0.568324981734894,104.0,473.0,0,2
8,4,edad,Brats18_TCIA02_198_1,-0.32158902678755014,394.0,425.0,1,2
8,4,edad,Brats18_TCIA02_377_1,0.014685342394062273,812.0,359.0,2,1
8,4,edad,Brats18_TCIA03_498_1,-0.144178853950304,467.0,382.0,2,2
8,4,edad,Brats18_TCIA06_184_1,-0.07733532490808727,434.0,372.0,1,1
8,4,edad,Brats18_TCIA08_167_1,0.40989549155878546,153.0,286.0,0,0
8,4,coxnet,Brats18_CBICA_AAG_1,-0.22903297641381376,616.0,401.0,2,2
8,4,coxnet,Brats18_CBICA_ABM_1,0.3967648281411562,503.0,286.0,2,0
8,4,coxnet,Brats18_CBICA_ANI_1,-0.016462415004836133,439.0,368.0,1,1
8,4,coxnet,Brats18_CBICA_ANP_1,0.10221542803700644,486.0,350.0,2,1
8,4,coxnet,Brats18_CBICA_AOZ_1,-0.42749126368754964,331.0,448.0,1,2
8,4,coxnet,Brats18_CBICA_APR_1,0.2792653887037163,23.0,322.0,0,0
8,4,coxnet,Brats18_CBICA_APY_1,-0.329051634070665,203.0,425.0,0,2
8,4,coxnet,Brats18_CBICA_AQP_1,-0.4350792703833831,1283.0,448.0,2,2
8,4,coxnet,Brats18_CBICA_AQY_1,0.10247192428584127,229.0,350.0,0,1
8,4,coxnet,Brats18_CBICA_ARZ_1,-0.00010799800876620863,871.0,362.0,2,1
8,4,coxnet,Brats18_CBICA_ASE_1,-0.28416183744951995,318.0,421.0,1,2
8,4,coxnet,Brats18_CBICA_ASG_1,0.10218826048412778,208.0,350.0,0,1
8,4,coxnet,Brats18_CBICA_ASU_1,0.9381100261582968,85.0,170.0,0,0
8,4,coxnet,Brats18_CBICA_ASY_1,0.4142184423688655,610.0,286.0,2,0
8,4,coxnet,Brats18_CBICA_ATD_1,0.37073867433395163,355.0,287.0,1,0
8,4,coxnet,Brats18_CBICA_ATX_1,-0.7778869747540242,1592.0,558.0,2,2
8,4,coxnet,Brats18_CBICA_AWG_1,-0.11312085543867666,180.0,376.0,0,1
8,4,coxnet,Brats18_CBICA_AWH_1,-0.21126853083151204,139.0,387.0,0,2
8,4,coxnet,Brats18_CBICA_AXM_1,0.4292526238596753,438.0,269.0,1,0
8,4,coxnet,Brats18_CBICA_AXN_1,0.9587737352858251,345.0,170.0,1,0
8,4,coxnet,Brats18_CBICA_AXO_1,-0.24982259256695274,394.0,405.0,1,2
8,4,coxnet,Brats18_CBICA_BHB_1,-0.11088700300018355,510.0,376.0,2,1
8,4,coxnet,Brats18_TCIA01_203_1,-0.6176990854140154,268.0,488.0,0,2
8,4,coxnet,Brats18_TCIA01_390_1,0.00809871914095421,634.0,362.0,2,1
8,4,coxnet,Brats18_TCIA01_412_1,0.19191286265123592,291.0,332.0,0,1
8,4,coxnet,Brats18_TCIA01_429_1,-0.29644982997359265,86.0,421.0,0,2
8,4,coxnet,Brats18_TCIA02_118_1,-0.5682352099902419,104.0,473.0,0,2
8,4,coxnet,Brats18_TCIA02_198_1,-0.321518618450014,394.0,425.0,1,2
8,4,coxnet,Brats18_TCIA02_377_1,0.014729360506004804,812.0,359.0,2,1
8,4,coxnet,Brats18_TCIA03_498_1,-0.14412236845349807,467.0,382.0,2,2
8,4,coxnet,Brats18_TCIA06_184_1,-0.07728408517477857,434.0,372.0,1,1
8,4,coxnet,Brats18_TCIA08_167_1,0.4099084942679819,153.0,286.0,0,0
8,4,genetico,Brats18_CBICA_AAG_1,-0.43514362210629043,616.0,436.0,2,2
8,4,genetico,Brats18_CBICA_ABM_1,-0.30704334561657703,503.0,407.0,2,2
8,4,genetico,Brats18_CBICA_ANI_1,0.31492140266640095,439.0,329.0,1,0
8,4,genetico,Brats18_CBICA_ANP_1,-0.5028115386878244,486.0,448.0,2,2
8,4,genetico,Brats18_CBICA_AOZ_1,-0.09813350337733517,331.0,376.0,1,1
8,4,genetico,Brats18_CBICA_APR_1,0.6847192156238624,23.0,244.0,0,0
8,4,genetico,Brats18_CBICA_APY_1,-1.3400193187518583,203.0,698.0,0,2
8,4,genetico,Brats18_CBICA_AQP_1,-0.5495765715208331,1283.0,453.0,2,2
8,4,genetico,Brats18_CBICA_AQY_1,0.20523506884903137,229.0,336.0,0,0
8,4,genetico,Brats18_CBICA_ARZ_1,0.8334343942084201,871.0,210.0,2,0
8,4,genetico,Brats18_CBICA_ASE_1,-1.5839852236390566,318.0,804.0,1,2
8,4,genetico,Brats18_CBICA_ASG_1,0.6258829663700163,208.0,262.0,0,0
8,4,genetico,Brats18_CBICA_ASU_1,0.7978860051940696,85.0,213.0,0,0
8,4,genetico,Brats18_CBICA_ASY_1,-0.09068257909721902,610.0,376.0,2,1
8,4,genetico,Brats18_CBICA_ATD_1,-0.032780474802972415,355.0,370.0,1,1
8,4,genetico,Brats18_CBICA_ATX_1,-4.00219391838463,1592.0,1767.0,2,2
8,4,genetico,Brats18_CBICA_AWG_1,0.1310922939586433,180.0,355.0,0,1
8,4,genetico,Brats18_CBICA_AWH_1,-0.3147711815776639,139.0,421.0,0,2
8,4,genetico,Brats18_CBICA_AXM_1,-2.529240428677285,438.0,1731.0,1,2
8,4,genetico,Brats18_CBICA_AXN_1,1.4857754851528413,345.0,120.0,1,0
8,4,genetico,Brats18_CBICA_AXO_1,-1.180960072832369,394.0,626.0,1,2
8,4,genetico,Brats18_CBICA_BHB_1,2.094869863692717,510.0,82.0,2,0
8,4,genetico,Brats18_TCIA01_203_1,0.010583508444875545,268.0,368.0,0,1
8,4,genetico,Brats18_TCIA01_390_1,0.3934592993746929,634.0,317.0,2,0
8,4,genetico,Brats18_TCIA01_412_1,0.6767014741922833,291.0,244.0,0,0
8,4,genetico,Brats18_TCIA01_429_1,0.08848227969624482,86.0,357.0,0,1
8,4,genetico,Brats18_TCIA02_118_1,0.6935655687103144,104.0,244.0,0,0
8,4,genetico,Brats18_TCIA02_198_1,-0.9589484312120309,394.0,576.0,1,2
8,4,genetico,Brats18_TCIA02_377_1,-0.019444975713161172,812.0,370.0,2,1
8,4,genetico,Brats18_TCIA03_498_1,-0.19922213856872195,467.0,387.0,2,1
8,4,genetico,Brats18_TCIA06_184_1,1.9020449837651516,434.0,89.0,1,0
8,4,genetico,Brats18_TCIA08_167_1,0.9867521221809802,153.0,187.0,0,0
9,0,edad,Brats18_2013_11_1,-1.2954460537058106,150.0,812.0,0,2
9,0,edad,Brats18_2013_27_1,0.2777120432273678,120.0,329.0,0,0
9,0,edad,Brats18_CBICA_AAB_1,-0.027901214832375766,289.0,375.0,0,1
9,0,edad,Brats18_CBICA_ABE_1,0.24155771575543336,269.0,331.0,0,0
9,0,edad,Brats18_CBICA_ABY_1,-0.5170765449224461,515.0,466.0,2,2
9,0,edad,Brats18_CBICA_AMH_1,0.059087552944057715,169.0,355.0,0,1
9,0,edad,Brats18_CBICA_ANG_1,-0.21813606542295866,368.0,405.0,1,2
9,0,edad,Brats18_CBICA_AOP_1,0.2701495608590773,332.0,329.0,1,0
9,0,edad,Brats18_CBICA_AQN_1,0.2948507349995533,488.0,322.0,2,0
9,0,edad,Brats18_CBICA_AQP_1,-0.594521217303604,1283.0,473.0,2,2
9,0,edad,Brats18_CBICA_AQU_1,0.6866034981098801,30.0,213.0,0,0
9,0,edad,Brats18_CBICA_AQZ_1,0.3010382205736092,286.0,322.0,0,0
9,0,edad,Brats18_CBICA_ASK_1,0.654501605929847,522.0,229.0,2,0
9,0,edad,Brats18_CBICA_ASW_1,0.29142157008753095,239.0,322.0,0,0
9,0,edad,Brats18_CBICA_ATB_1,0.4033220444889222,208.0,291.0,0,0
9,0,edad,Brats18_CBICA_AVJ_1,-0.6433740445811176,614.0,495.0,2,2
9,0,edad,Brats18_CBICA_AYI_1,0.19282621172446995,387.0,336.0,1,0
9,0,edad,Brats18_CBICA_AZD_1,-0.602366787247178,448.0,486.0,1,2
9,0,edad,Brats18_CBICA_BHB_1,-0.22476840290103176,510.0,407.0,2,2
9,0,edad,Brats18_TCIA01_147_1,0.021475052681242904,209.0,359.0,0,1
9,0,edad,Brats18_TCIA01_186_1,-1.091787057662627,370.0,726.0,1,2
9,0,edad,Brats18_TCIA01_201_1,-0.0063079707787337055,430.0,362.0,1,1
9,0,edad,Brats18_TCIA01_231_1,0.11808879801731922,1561.0,350.0,2,1
9,0,edad,Brats18_TCIA02_118_1,-0.5485420006933883,104.0,467.0,0,2
9,0,edad,Brats18_TCIA02_322_1,-0.14247309449014783,621.0,394.0,2,1
9,0,edad,Brats18_TCIA02_394_1,0.13596375634236973,616.0,346.0,2,1
9,0,edad,Brats18_TCIA03_265_1,-0.05261300987869472,103.0,376.0,0,1
9,0,edad,Brats18_TCIA03_419_1,0.3925624227958664,327.0,296.0,1,0
9,0,edad,Brats18_TCIA04_111_1,0.5814627176743982,626.0,244.0,2,0
9,0,edad,Brats18_TCIA04_192_1,0.6097310341205753,121.0,232.0,0,0
9,0,edad,Brats18_TCIA04_361_1,0.6101758860245923,476.0,232.0,2,0
9,0,edad,Brats18_TCIA04_479_1,-0.181377415550552,372.0,401.0,1,1
9,0,edad,Brats18_TCIA08_167_1,0.5670656924171174,153.0,254.0,0,0
9,0,coxnet,Brats18_2013_11_1,-1.4798827348165897,150.0,871.0,0,2
9,0,coxnet,Brats18_2013_27_1,0.21811480826839566,120.0,333.0,0,0
9,0,coxnet,Brats18_CBICA_AAB_1,0.015396214275741123,289.0,359.0,0,1
9,0,coxnet,Brats18_CBICA_ABE_1,0.2954155218088972,269.0,322.0,0,0
9,0,coxnet,Brats18_CBICA_ABY_1,-0.5217475480849507,515.0,465.0,2,2
9,0,coxnet,Brats18_CBICA_AMH_1,0.04324002890009854,169.0,357.0,0,1
9,0,coxnet,Brats18_CBICA_ANG_1,-0.2252706538105474,368.0,405.0,1,1
9,0,coxnet,Brats18_CBICA_AOP_1,0.24563615968819444,332.0,331.0,1,0
9,0,coxnet,Brats18_CBICA_AQN_1,0.4727651206453496,488.0,268.0,2,0
9,0,coxnet,Brats18_CBICA_AQP_1,-0.5752943852516766,1283.0,468.0,2,2
9,0,coxnet,Brats18_CBICA_AQU_1,0.8825269174808381,30.0,187.0,0,0
9,0,coxnet,Brats18_CBICA_AQZ_1,0.4666376635063934,286.0,268.0,0,0
9,0,coxnet,Brats18_CBICA_ASK_1,0.7220829413523752,522.0,210.0,2,0
9,0,coxnet,Brats18_CBICA_ASW_1,0.3599109090567508,239.0,317.0,0,0
9,0,coxnet,Brats18_CBICA_ATB_1,0.41766714489959017,208.0,291.0,0,0
9,0,coxnet,Brats18_CBICA_AVJ_1,-0.693167852583954,614.0,495.0,2,2
9,0,coxnet,Brats18_CBICA_AYI_1,0.2744719171606581,387.0,329.0,1,0
9,0,coxnet,Brats18_CBICA_AZD_1,-0.6134799179771069,448.0,473.0,1,2
9,0,coxnet,Brats18_CBICA_BHB_1,-0.35390521093404276,510.0,436.0,2,2
9,0,coxnet,Brats18_TCIA01_147_1,0.028753368275142865,209.0,357.0,0,1
9,0,coxnet,Brats18_TCIA01_186_1,-1.1451181973275835,370.0,726.0,1,2
9,0,coxnet,Brats18_TCIA01_201_1,-0.009196355252548076,430.0,362.0,1,1
9,0,coxnet,Brats18_TCIA01_231_1,0.12044852379018024,1561.0,350.0,2,1
9,0,coxnet,Brats18_TCIA02_118_1,-0.5318130739337511,104.0,466.0,0,2
9,0,coxnet,Brats18_TCIA02_322_1,-0.21567939285605808,621.0,405.0,2,1
9,0,coxnet,Brats18_TCIA02_394_1,0.17202508744961426,616.0,345.0,2,1
9,0,coxnet,Brats18_TCIA03_265_1,-0.0360593022531107,103.0,375.0,0,1
9,0,coxnet,Brats18_TCIA03_419_1,0.38249522604294084,327.0,296.0,1,0
9,0,coxnet,Brats18_TCIA04_111_1,0.5633751014574222,626.0,254.0,2,0
9,0,coxnet,Brats18_TCIA04_192_1,0.5252545738468937,121.0,262.0,0,0
9,0,coxnet,Brats18_TCIA04_361_1,0.5931290779385587,476.0,244.0,2,0
9,0,coxnet,Brats18_TCIA04_479_1,-0.16527671737021496,372.0,394.0,1,1
9,0,coxnet,Brats18_TCIA08_167_1,0.6079062354665647,153.0,232.0,0,0
9,0,genetico,Brats18_2013_11_1,-0.7050380271952094,150.0,495.0,0,2
9,0,genetico,Brats18_2013_27_1,1.11202676416361,120.0,175.0,0,0
9,0,genetico,Brats18_CBICA_AAB_1,0.12630931513251198,289.0,355.0,0,1
9,0,genetico,Brats18_CBICA_ABE_1,0.978192997551754,269.0,191.0,0,0
9,0,genetico,Brats18_CBICA_ABY_1,-0.1604963633864529,515.0,401.0,2,1
9,0,genetico,Brats18_CBICA_AMH_1,0.1261310505705009,169.0,355.0,0,1
9,0,genetico,Brats18_CBICA_ANG_1,0.2738087182313367,368.0,336.0,1,0
9,0,genetico,Brats18_CBICA_AOP_1,0.7954700236540511,332.0,229.0,1,0
9,0,genetico,Brats18_CBICA_AQN_1,1.5291797382075223,488.0,110.0,2,0
9,0,genetico,Brats18_CBICA_AQP_1,0.6944128243972532,1283.0,254.0,2,0
9,0,genetico,Brats18_CBICA_AQU_1,1.7851053803746264,30.0,86.0,0,0
9,0,genetico,Brats18_CBICA_AQZ_1,0.7965660841195704,286.0,229.0,0,0
9,0,genetico,Brats18_CBICA_ASK_1,1.3213411211198594,522.0,147.0,2,0
9,0,genetico,Brats18_CBICA_ASW_1,0.8653222425022269,239.0,210.0,0,0
9,0,genetico,Brats18_CBICA_ATB_1,0.9415145223968333,208.0,199.0,0,0
9,0,genetico,Brats18_CBICA_AVJ_1,-0.32915100640003786,614.0,436.0,2,2
9,0,genetico,Brats18_CBICA_AYI_1,-0.20686681921368721,387.0,407.0,1,1
9,0,genetico,Brats18_CBICA_AZD_1,-1.1627351505252679,448.0,660.0,1,2
9,0,genetico,Brats18_CBICA_BHB_1,-1.061154899338597,510.0,630.0,2,2
9,0,genetico,Brats18_TCIA01_147_1,0.33972294242646606,209.0,331.0,0,0
9,0,genetico,Brats18_TCIA01_186_1,-1.09208365439053,370.0,634.0,1,2
9,0,genetico,Brats18_TCIA01_201_1,-0.12199404876095299,430.0,394.0,1,1
9,0,genetico,Brats18_TCIA01_231_1,0.27432127963637765,1561.0,336.0,2,0
9,0,genetico,Brats18_TCIA02_118_1,-0.11915304368649227,104.0,394.0,0,1
9,0,genetico,Brats18_TCIA02_322_1,-0.6372557859435475,621.0,486.0,2,2
9,0,genetico,Brats18_TCIA02_394_1,0.552324254396708,616.0,287.0,2,0
9,0,genetico,Brats18_TCIA03_265_1,0.14015274553673235,103.0,355.0,0,1
9,0,genetico,Brats18_TCIA03_419_1,0.017676987900794527,327.0,375.0,1,1
9,0,genetico,Brats18_TCIA04_111_1,0.7100543911014909,626.0,244.0,2,0
9,0,genetico,Brats18_TCIA04_192_1,-1.1234536792534242,121.0,635.0,0,2
9,0,genetico,Brats18_TCIA04_361_1,0.4856366832447,476.0,296.0,2,0
9,0,genetico,Brats18_TCIA04_479_1,0.08170680078877357,372.0,359.0,1,1
9,0,genetico,Brats18_TCIA08_167_1,0.6132979844807515,153.0,265.0,0,0
9,1,edad,Brats18_CBICA_AAP_1,-0.6470554722921468,788.0,495.0,2,2
9,1,edad,Brats18_CBICA_ABB_1,0.3154802065117331,465.0,327.0,2,0
9,1,edad,Brats18_CBICA_ABM_1,0.36189781494750933,503.0,317.0,2,0
9,1,edad,Brats18_CBICA_ANP_1,0.09016344336471105,486.0,355.0,2,1
9,1,edad,Brats18_CBICA_ANZ_1,0.300956303660793,287.0,329.0,0,0
9,1,edad,Brats18_CBICA_APY_1,-0.2972623200315573,203.0,436.0,0,2
9,1,edad,Brats18_CBICA_AQQ_1,0.5023374125999479,33.0,268.0,0,0
9,1,edad,Brats18_CBICA_AQR_1,0.4095911716066786,89.0,296.0,0,0
9,1,edad,Brats18_CBICA_ASA_1,0.29861023477189136,210.0,329.0,0,0
9,1,edad,Brats18_CBICA_ASO_1,-0.0748241682603974,265.0,375.0,0,1
9,1,edad,Brats18_CBICA_ASY_1,0.38843599429595105,610.0,317.0,2,0
9,1,edad,Brats18_CBICA_ATX_1,-0.7217685220929305,1592.0,519.0,2,2
9,1,edad,Brats18_CBICA_AXO_1,-0.26497559721351016,394.0,425.0,1,2
9,1,edad,Brats18_CBICA_AYU_1,0.1613436519314823,58.0,346.0,0,1
9,1,edad,Brats18_TCIA01_150_1,-0.4346173994319272,1489.0,453.0,2,2
9,1,edad,Brats18_TCIA01_190_1,-0.09405804677169963,322.0,376.0,1,1
9,1,edad,Brats18_TCIA01_235_1,-0.21028198107213086,804.0,407.0,2,2
9,1,edad,Brats18_TCIA01_378_1,0.31872828222833954,110.0,327.0,0,0
9,1,edad,Brats18_TCIA01_390_1,-0.027032197804183943,634.0,370.0,2,1
9,1,edad,Brats18_TCIA01_412_1,0.14254418142841796,291.0,350.0,0,1
9,1,edad,Brats18_TCIA01_448_1,-0.6526722111534792,199.0,508.0,0,2
9,1,edad,Brats18_TCIA01_460_1,-1.4859647814797337,630.0,1278.0,2,2
9,1,edad,Brats18_TCIA02_179_1,-0.5797910049555167,405.0,488.0,1,2
9,1,edad,Brats18_TCIA02_198_1,-0.33111823587252265,394.0,438.0,1,2
9,1,edad,Brats18_TCIA02_283_1,0.3413319238274384,262.0,318.0,0,0
9,1,edad,Brats18_TCIA02_300_1,-0.0007648689994426208,127.0,368.0,0,1
9,1,edad,Brats18_TCIA02_321_1,0.5498676911129009,67.0,254.0,0,0
9,1,edad,Brats18_TCIA02_455_1,-0.31263624237977194,424.0,436.0,1,2
9,1,edad,Brats18_TCIA02_473_1,-0.11054463919709165,175.0,382.0,0,1
9,1,edad,Brats18_TCIA02_491_1,0.546629253315056,82.0,254.0,0,0
9,1,edad,Brats18_TCIA03_121_1,-1.111974283068017,747.0,698.0,2,2
9,1,edad,Brats18_TCIA04_437_1,-0.5707626329130401,333.0,476.0,1,2
9,1,edad,Brats18_TCIA06_184_1,-0.10580147272550064,434.0,382.0,1,1
9,1,coxnet,Brats18_CBICA_AAP_1,-0.6685151402665445,788.0,508.0,2,2
9,1,coxnet,Brats18_CBICA_ABB_1,0.2779810047913252,465.0,331.0,2,0
9,1,coxnet,Brats18_CBICA_ABM_1,0.272432899209433,503.0,331.0,2,0
9,1,coxnet,Brats18_CBICA_ANP_1,-0.009751000377370051,486.0,368.0,2,1
9,1,coxnet,Brats18_CBICA_ANZ_1,0.3008232408195502,287.0,329.0,0,0
9,1,coxnet,Brats18_CBICA_APY_1,-0.178771202668531,203.0,387.0,0,1
9,1,coxnet,Brats18_CBICA_AQQ_1,0.6509633501938634,33.0,229.0,0,0
9,1,coxnet,Brats18_CBICA_AQR_1,0.36524563066179677,89.0,317.0,0,0
9,1,coxnet,Brats18_CBICA_ASA_1,0.43810964962235655,210.0,289.0,0,0
9,1,coxnet,Brats18_CBICA_ASO_1,-0.043946757349950696,265.0,372.0,0,1
9,1,coxnet,Brats18_CBICA_ASY_1,0.4558272565866545,610.0,286.0,2,0
9,1,coxnet,Brats18_CBICA_ATX_1,-0.805423211852106,1592.0,558.0,2,2
9,1,coxnet,Brats18_CBICA_AXO_1,-0.20575359311405783,394.0,401.0,1,2
9,1,coxnet,Brats18_CBICA_AYU_1,0.0753218169734329,58.0,357.0,0,1
9,1,coxnet,Brats18_TCIA01_150_1,-0.39663681562231434,1489.0,448.0,2,2
9,1,coxnet,Brats18_TCIA01_190_1,-0.12159255944259642,322.0,382.0,1,1
9,1,coxnet,Brats18_TCIA01_235_1,-0.22476944757947126,804.0,407.0,2,2
9,1,coxnet,Brats18_TCIA01_378_1,0.34579849699617476,110.0,318.0,0,0
9,1,coxnet,Brats18_TCIA01_390_1,-0.08399596432958467,634.0,375.0,2,1
9,1,coxnet,Brats18_TCIA01_412_1,0.19234969831224744,291.0,345.0,0,0
9,1,coxnet,Brats18_TCIA01_448_1,-0.654042059564024,199.0,495.0,0,2
9,1,coxnet,Brats18_TCIA01_460_1,-1.4298962561648392,630.0,946.0,2,2
9,1,coxnet,Brats18_TCIA02_179_1,-0.6466980151397966,405.0,495.0,1,2
9,1,coxnet,Brats18_TCIA02_198_1,-0.40034053738128667,394.0,448.0,1,2
9,1,coxnet,Brats18_TCIA02_283_1,0.3045452607640483,262.0,329.0,0,0
9,1,coxnet,Brats18_TCIA02_300_1,0.03386590580874465,127.0,359.0,0,1
9,1,coxnet,Brats18_TCIA02_321_1,0.5994215919448734,67.0,239.0,0,0
9,1,coxnet,Brats18_TCIA02_455_1,-0.34468076579944085,424.0,438.0,1,2
9,1,coxnet,Brats18_TCIA02_473_1,-0.12304136852859027,175.0,382.0,0,1
9,1,coxnet,Brats18_TCIA02_491_1,0.6362851125689049,82.0,232.0,0,0
9,1,coxnet,Brats18_TCIA03_121_1,-1.1155699681048934,747.0,660.0,2,2
9,1,coxnet,Brats18_TCIA04_437_1,-0.751505457964067,333.0,519.0,1,2
9,1,coxnet,Brats18_TCIA06_184_1,-0.038433706899155956,434.0,370.0,1,1
9,1,genetico,Brats18_CBICA_AAP_1,-0.8442019463624507,788.0,519.0,2,2
9,1,genetico,Brats18_CBICA_ABB_1,0.8624496895371628,465.0,208.0,2,0
9,1,genetico,Brats18_CBICA_ABM_1,0.07133666715415812,503.0,357.0,2,1
9,1,genetico,Brats18_CBICA_ANP_1,-0.3380675244313966,486.0,436.0,2,2
9,1,genetico,Brats18_CBICA_ANZ_1,0.5124304532619295,287.0,286.0,0,0
9,1,genetico,Brats18_CBICA_APY_1,-2.9075029204317087,203.0,1767.0,0,2
9,1,genetico,Brats18_CBICA_AQQ_1,1.2152251253858042,33.0,153.0,0,0
9,1,genetico,Brats18_CBICA_AQR_1,0.1560255438714818,89.0,350.0,0,0
9,1,genetico,Brats18_CBICA_ASA_1,0.9144509106545853,210.0,191.0,0,0
9,1,genetico,Brats18_CBICA_ASO_1,-0.4644374333066904,265.0,448.0,0,2
9,1,genetico,Brats18_CBICA_ASY_1,-0.3723704104158064,610.0,438.0,2,2
9,1,genetico,Brats18_CBICA_ATX_1,-1.2717721004031022,1592.0,726.0,2,2
9,1,genetico,Brats18_CBICA_AXO_1,0.2972814714382298,394.0,331.0,1,0
9,1,genetico,Brats18_CBICA_AYU_1,-0.3079692832450034,58.0,425.0,0,2
9,1,genetico,Brats18_TCIA01_150_1,0.9367857413636543,1489.0,191.0,2,0
9,1,genetico,Brats18_TCIA01_190_1,-0.7195739299084534,322.0,495.0,1,2
9,1,genetico,Brats18_TCIA01_235_1,-0.9534468030919487,804.0,579.0,2,2
9,1,genetico,Brats18_TCIA01_378_1,0.45362679604655587,110.0,296.0,0,0
9,1,genetico,Brats18_TCIA01_390_1,-0.42156456949795484,634.0,448.0,2,2
9,1,genetico,Brats18_TCIA01_412_1,1.0951887864140846,291.0,170.0,0,0
9,1,genetico,Brats18_TCIA01_448_1,0.020585325276819458,199.0,362.0,0,1
9,1,genetico,Brats18_TCIA01_460_1,-1.048776171015335,630.0,614.0,2,2
9,1,genetico,Brats18_TCIA02_179_1,-0.584398620692721,405.0,468.0,1,2
9,1,genetico,Brats18_TCIA02_198_1,-0.565719479851779,394.0,467.0,1,2
9,1,genetico,Brats18_TCIA02_283_1,0.04991551911684312,262.0,359.0,0,1
9,1,genetico,Brats18_TCIA02_300_1,0.24629844308212248,127.0,336.0,0,0
9,1,genetico,Brats18_TCIA02_321_1,0.8777872751888258,67.0,208.0,0,0
9,1,genetico,Brats18_TCIA02_455_1,-0.38035481393026377,424.0,438.0,1,2
9,1,genetico,Brats18_TCIA02_473_1,0.10078951577138728,175.0,355.0,0,1
9,1,genetico,Brats18_TCIA02_491_1,0.9034325135632598,82.0,208.0,0,0
9,1,genetico,Brats18_TCIA03_121_1,-0.565877952836802,747.0,467.0,2,2
9,1,genetico,Brats18_TCIA04_437_1,-1.5136490846083366,333.0,871.0,1,2
9,1,genetico,Brats18_TCIA06_184_1,2.0999974987169026,434.0,84.0,1,0
9,2,edad,Brats18_CBICA_ALN_1,0.17325459105723012,421.0,332.0,1,0
9,2,edad,Brats18_CBICA_ALU_1,0.3169368375816641,495.0,296.0,2,0
9,2,edad,Brats18_CBICA_AOD_1,-0.0548734180664041,55.0,368.0,0,1
9,2,edad,Brats18_CBICA_AOH_1,-0.016399692177343873,576.0,362.0,2,1
9,2,edad,Brats18_CBICA_APR_1,0.23867439117255337,23.0,327.0,0,0
9,2,edad,Brats18_CBICA_AQG_1,-0.09915464472377258,466.0,372.0,2,1
9,2,edad,Brats18_CBICA_AQJ_1,0.36379625631934065,170.0,289.0,0,0
9,2,edad,Brats18_CBICA_AQT_1,0.691151460375275,172.0,209.0,0,0
9,2,edad,Brats18_CBICA_AQY_1,0.05355343579514052,229.0,355.0,0,1
9,2,edad,Brats18_CBICA_ARF_1,0.6664241125450793,726.0,210.0,2,0
9,2,edad,Brats18_CBICA_ASE_1,-0.3512919106620017,318.0,439.0,1,2
9,2,edad,Brats18_CBICA_ASH_1,-0.4007131717424465,660.0,448.0,2,2
9,2,edad,Brats18_CBICA_AUN_1,0.4136556680586319,376.0,287.0,1,0
9,2,edad,Brats18_CBICA_AUQ_1,-0.046148302841034675,1337.0,368.0,2,1
9,2,edad,Brats18_CBICA_AVG_1,0.22263133684788375,579.0,329.0,2,0
9,2,edad,Brats18_CBICA_AWI_1,-0.401418606590455,375.0,448.0,1,2
9,2,edad,Brats18_CBICA_AXM_1,0.3957264652292033,438.0,287.0,1,0
9,2,edad,Brats18_CBICA_AXN_1,1.0544132789498055,345.0,153.0,1,0
9,2,edad,Brats18_CBICA_AXW_1,0.8111867689864215,191.0,203.0,0,0
9,2,edad,Brats18_CBICA_AZH_1,-0.09087876086709325,401.0,372.0,1,1
9,2,edad,Brats18_CBICA_BHM_1,0.21365001814319592,436.0,329.0,1,0
9,2,edad,Brats18_TCIA01_425_1,-0.21723481755806628,558.0,394.0,2,2
9,2,edad,Brats18_TCIA02_274_1,-0.263310851577996,357.0,407.0,1,2
9,2,edad,Brats18_TCIA03_257_1,0.2698122527670244,425.0,322.0,1,0
9,2,edad,Brats18_TCIA03_296_1,-0.06059115315026334,22.0,368.0,0,1
9,2,edad,Brats18_TCIA03_474_1,-0.024168438103082755,635.0,362.0,2,1
9,2,edad,Brats18_TCIA05_478_1,-0.10410534482742488,30.0,372.0,0,1
9,2,edad,Brats18_TCIA06_372_1,0.46269299147253223,213.0,269.0,0,0
9,2,edad,Brats18_TCIA08_242_1,0.1641084100154212,147.0,332.0,0,0
9,2,edad,Brats18_TCIA08_280_1,-0.17438893257901794,508.0,387.0,2,2
9,2,edad,Brats18_TCIA08_319_1,0.10399793533511005,254.0,336.0,0,1
9,2,edad,Brats18_TCIA08_406_1,0.6195222966298112,82.0,239.0,0,0
9,2,edad,Brats18_TCIA08_469_1,0.06831778328583332,519.0,350.0,2,1
9,2,coxnet,Brats18_CBICA_ALN_1,0.26456403304140697,421.0,322.0,1,0
9,2,coxnet,Brats18_CBICA_ALU_1,0.24794119111144722,495.0,322.0,2,0
9,2,coxnet,Brats18_CBICA_AOD_1,0.15966341322707214,55.0,332.0,0,1
9,2,coxnet,Brats18_CBICA_AOH_1,-0.03833845822421393,576.0,362.0,2,1
9,2,coxnet,Brats18_CBICA_APR_1,0.3539545598624562,23.0,291.0,0,0
9,2,coxnet,Brats18_CBICA_AQG_1,0.04890509469094206,466.0,350.0,2,1
9,2,coxnet,Brats18_CBICA_AQJ_1,0.5389099693195865,170.0,262.0,0,0
9,2,coxnet,Brats18_CBICA_AQT_1,0.6497741641329114,172.0,232.0,0,0
9,2,coxnet,Brats18_CBICA_AQY_1,0.22714539887356092,229.0,327.0,0,0
9,2,coxnet,Brats18_CBICA_ARF_1,0.7325181374885174,726.0,208.0,2,0
9,2,coxnet,Brats18_CBICA_ASE_1,-0.358433704324471,318.0,434.0,1,2
9,2,coxnet,Brats18_CBICA_ASH_1,-0.6408084803805453,660.0,486.0,2,2
9,2,coxnet,Brats18_CBICA_AUN_1,0.4972583787824365,376.0,268.0,1,0
9,2,coxnet,Brats18_CBICA_AUQ_1,-0.2533032163812524,1337.0,394.0,2,2
9,2,coxnet,Brats18_CBICA_AVG_1,0.07528085291601827,579.0,346.0,2,1
9,2,coxnet,Brats18_CBICA_AWI_1,-0.30690096135481554,375.0,424.0,1,2
9,2,coxnet,Brats18_CBICA_AXM_1,0.34597697853763065,438.0,291.0,1,0
9,2,coxnet,Brats18_CBICA_AXN_1,1.1060303813164705,345.0,152.0,1,0
9,2,coxnet,Brats18_CBICA_AXW_1,0.6966500703159998,191.0,209.0,0,0
9,2,coxnet,Brats18_CBICA_AZH_1,-0.264241083903788,401.0,405.0,1,2
9,2,coxnet,Brats18_CBICA_BHM_1,0.34579791556703565,436.0,291.0,1,0
9,2,coxnet,Brats18_TCIA01_425_1,-0.48392357331750313,558.0,464.0,2,2
9,2,coxnet,Brats18_TCIA02_274_1,-0.23659980686518053,357.0,394.0,1,2
9,2,coxnet,Brats18_TCIA03_257_1,0.2631869434816842,425.0,322.0,1,0
9,2,coxnet,Brats18_TCIA03_296_1,0.09074078970717095,22.0,336.0,0,1
9,2,coxnet,Brats18_TCIA03_474_1,0.12237558403194729,635.0,333.0,2,1
9,2,coxnet,Brats18_TCIA05_478_1,-0.013437950620984912,30.0,359.0,0,1
9,2,coxnet,Brats18_TCIA06_372_1,0.4544771583180185,213.0,269.0,0,0
9,2,coxnet,Brats18_TCIA08_242_1,0.2051197645462375,147.0,329.0,0,0
9,2,coxnet,Brats18_TCIA08_280_1,-0.8639376810368763,508.0,610.0,2,2
9,2,coxnet,Brats18_TCIA08_319_1,0.13961383942041636,254.0,333.0,0,1
9,2,coxnet,Brats18_TCIA08_406_1,0.4413314672656877,82.0,269.0,0,0
9,2,coxnet,Brats18_TCIA08_469_1,0.12058970733534448,519.0,333.0,2,1
9,2,genetico,Brats18_CBICA_ALN_1,-0.022005960149733994,421.0,359.0,1,1
9,2,genetico,Brats18_CBICA_ALU_1,0.3311328585441875,495.0,296.0,2,0
9,2,genetico,Brats18_CBICA_AOD_1,1.0588026648493944,55.0,175.0,0,0
9,2,genetico,Brats18_CBICA_AOH_1,-0.06916253631123984,576.0,368.0,2,1
9,2,genetico,Brats18_CBICA_APR_1,0.09242486274575878,23.0,346.0,0,0
9,2,genetico,Brats18_CBICA_AQG_1,-0.31937382213888815,466.0,407.0,2,1
9,2,genetico,Brats18_CBICA_AQJ_1,0.42345365810489366,170.0,289.0,0,0
9,2,genetico,Brats18_CBICA_AQT_1,0.7018912250321765,172.0,232.0,0,0
9,2,genetico,Brats18_CBICA_AQY_1,0.1576523368777586,229.0,332.0,0,0
9,2,genetico,Brats18_CBICA_ARF_1,0.7760871440098774,726.0,209.0,2,0
9,2,genetico,Brats18_CBICA_ASE_1,-0.6484180551728423,318.0,476.0,1,2
9,2,genetico,Brats18_CBICA_ASH_1,-0.44675961804619513,660.0,448.0,2,2
9,2,genetico,Brats18_CBICA_AUN_1,1.1358468143286744,376.0,168.0,1,0
9,2,genetico,Brats18_CBICA_AUQ_1,-0.5905809455259188,1337.0,468.0,2,2
9,2,genetico,Brats18_CBICA_AVG_1,0.030715816893224557,579.0,355.0,2,1
9,2,genetico,Brats18_CBICA_AWI_1,0.1425351733749305,375.0,333.0,1,0
9,2,genetico,Brats18_CBICA_AXM_1,0.06288952858449565,438.0,350.0,1,1
9,2,genetico,Brats18_CBICA_AXN_1,1.1878031810688385,345.0,152.0,1,0
9,2,genetico,Brats18_CBICA_AXW_1,0.5273182691996804,191.0,268.0,0,0
9,2,genetico,Brats18_CBICA_AZH_1,-0.7723951920618292,401.0,510.0,1,2
9,2,genetico,Brats18_CBICA_BHM_1,0.15778292936692762,436.0,332.0,1,0
9,2,genetico,Brats18_TCIA01_425_1,-0.429915059836219,558.0,448.0,2,2
9,2,genetico,Brats18_TCIA02_274_1,-0.7659092828754747,357.0,510.0,1,2
9,2,genetico,Brats18_TCIA03_257_1,0.41693068888332957,425.0,289.0,1,0
9,2,genetico,Brats18_TCIA03_296_1,0.3783125423957904,22.0,291.0,0,0
9,2,genetico,Brats18_TCIA03_474_1,0.4823971335803381,635.0,286.0,2,0
9,2,genetico,Brats18_TCIA05_478_1,-0.509463731394927,30.0,453.0,0,2
9,2,genetico,Brats18_TCIA06_372_1,0.169646246845855,213.0,332.0,0,0
9,2,genetico,Brats18_TCIA08_242_1,0.9273792126539253,147.0,199.0,0,0
9,2,genetico,Brats18_TCIA08_280_1,-0.8271431625057251,508.0,522.0,2,2
9,2,genetico,Brats18_TCIA08_319_1,0.23041671882506845,254.0,329.0,0,0
9,2,genetico,Brats18_TCIA08_406_1,0.012902051795465108,82.0,355.0,0,1
9,2,genetico,Brats18_TCIA08_469_1,-0.061360609657422516,519.0,368.0,2,1
9,3,edad,Brats18_CBICA_AAG_1,-0.343665875638939,616.0,434.0,2,2
9,3,edad,Brats18_CBICA_ALX_1,-0.08651056620004094,698.0,372.0,2,1
9,3,edad,Brats18_CBICA_AOO_1,-0.6240447668589273,350.0,495.0,1,2
9,3,edad,Brats18_CBICA_AQD_1,0.6488955043626988,32.0,232.0,0,0
9,3,edad,Brats18_CBICA_AQV_1,-0.3056290405012069,84.0,425.0,0,2
9,3,edad,Brats18_CBICA_ARW_1,-0.3416542878501226,495.0,434.0,2,2
9,3,edad,Brats18_CBICA_ARZ_1,0.018605418199606982,871.0,357.0,2,1
9,3,edad,Brats18_CBICA_ASG_1,0.11845643673678337,208.0,333.0,0,1
9,3,edad,Brats18_CBICA_ASN_1,-0.5122143638817362,407.0,466.0,1,2
9,3,edad,Brats18_CBICA_ATD_1,0.24176912559376093,355.0,322.0,1,0
9,3,edad,Brats18_CBICA_ATF_1,0.22612522251618603,152.0,327.0,0,0
9,3,edad,Brats18_CBICA_ATP_1,-0.3669932886351459,385.0,436.0,1,2
9,3,edad,Brats18_CBICA_ATV_1,-0.0011613073741562965,453.0,357.0,2,1
9,3,edad,Brats18_CBICA_AUR_1,0.2789407006055208,12.0,318.0,0,0
9,3,edad,Brats18_CBICA_AVV_1,0.34958053728988064,387.0,289.0,1,0
9,3,edad,Brats18_CBICA_AWG_1,-0.23052446156683168,180.0,405.0,0,2
9,3,edad,Brats18_CBICA_AXQ_1,0.14153739260115678,114.0,332.0,0,1
9,3,edad,Brats18_TCIA01_411_1,-0.6602428637867623,822.0,503.0,2,2
9,3,edad,Brats18_TCIA01_429_1,-0.24207995010698247,86.0,405.0,0,2
9,3,edad,Brats18_TCIA01_499_1,-0.41180937641766285,600.0,439.0,2,2
9,3,edad,Brats18_TCIA02_314_1,-0.748534007040952,362.0,519.0,1,2
9,3,edad,Brats18_TCIA02_331_1,0.7913175235439754,187.0,208.0,0,0
9,3,edad,Brats18_TCIA02_368_1,0.020128478467592442,317.0,355.0,1,1
9,3,edad,Brats18_TCIA02_377_1,0.061660964514251716,812.0,346.0,2,1
9,3,edad,Brats18_TCIA03_133_1,0.061660964514251716,382.0,346.0,1,1
9,3,edad,Brats18_TCIA03_199_1,-0.45531465555153827,1282.0,448.0,2,2
9,3,edad,Brats18_TCIA03_338_1,0.4999325235216226,468.0,265.0,2,0
9,3,edad,Brats18_TCIA03_498_1,-0.09339365005994267,467.0,372.0,2,1
9,3,edad,Brats18_TCIA04_149_1,-0.8697050350820803,448.0,597.0,1,2
9,3,edad,Brats18_TCIA06_165_1,-0.35387155838257334,5.0,434.0,0,2
9,3,edad,Brats18_TCIA06_409_1,0.2521566338482619,99.0,322.0,0,0
9,3,edad,Brats18_TCIA08_278_1,-0.39730761670637116,1458.0,439.0,2,2
9,3,coxnet,Brats18_CBICA_AAG_1,-0.44350962001378613,616.0,439.0,2,2
9,3,coxnet,Brats18_CBICA_ALX_1,-0.14751050955969722,698.0,376.0,2,1
9,3,coxnet,Brats18_CBICA_AOO_1,-0.6163723621197733,350.0,486.0,1,2
9,3,coxnet,Brats18_CBICA_AQD_1,0.7802225464415817,32.0,209.0,0,0
9,3,coxnet,Brats18_CBICA_AQV_1,-0.3785061507634319,84.0,434.0,0,2
9,3,coxnet,Brats18_CBICA_ARW_1,-0.25745566368220696,495.0,405.0,2,2
9,3,coxnet,Brats18_CBICA_ARZ_1,0.0838343226147365,871.0,336.0,2,1
9,3,coxnet,Brats18_CBICA_ASG_1,0.4273855118050568,208.0,269.0,0,0
9,3,coxnet,Brats18_CBICA_ASN_1,-0.2877052883010143,407.0,421.0,1,2
9,3,coxnet,Brats18_CBICA_ATD_1,0.15195710399571719,355.0,331.0,1,1
9,3,coxnet,Brats18_CBICA_ATF_1,0.13090997033367197,152.0,332.0,0,1
9,3,coxnet,Brats18_CBICA_ATP_1,-0.48506857630331396,385.0,448.0,1,2
9,3,coxnet,Brats18_CBICA_ATV_1,0.026759286290918217,453.0,355.0,2,1
9,3,coxnet,Brats18_CBICA_AUR_1,0.3948215213307058,12.0,286.0,0,0
9,3,coxnet,Brats18_CBICA_AVV_1,0.4630801775008693,387.0,268.0,1,0
9,3,coxnet,Brats18_CBICA_AWG_1,-0.18549034111543822,180.0,394.0,0,1
9,3,coxnet,Brats18_CBICA_AXQ_1,0.10252982035379506,114.0,333.0,0,1
9,3,coxnet,Brats18_TCIA01_411_1,-0.8223177064359579,822.0,522.0,2,2
9,3,coxnet,Brats18_TCIA01_429_1,-0.2569211418913225,86.0,405.0,0,2
9,3,coxnet,Brats18_TCIA01_499_1,-0.49944425285464594,600.0,464.0,2,2
9,3,coxnet,Brats18_TCIA02_314_1,-0.6048903384476733,362.0,486.0,1,2
9,3,coxnet,Brats18_TCIA02_331_1,0.7360566318520919,187.0,210.0,0,0
9,3,coxnet,Brats18_TCIA02_368_1,0.02497719943145071,317.0,355.0,1,1
9,3,coxnet,Brats18_TCIA02_377_1,0.10016801174889216,812.0,336.0,2,1
9,3,coxnet,Brats18_TCIA03_133_1,-0.09581058179501424,382.0,372.0,1,1
9,3,coxnet,Brats18_TCIA03_199_1,-0.5289579268475565,1282.0,465.0,2,2
9,3,coxnet,Brats18_TCIA03_338_1,0.34845910598700963,468.0,289.0,2,0
9,3,coxnet,Brats18_TCIA03_498_1,-0.23511879566014124,467.0,401.0,2,2
9,3,coxnet,Brats18_TCIA04_149_1,-0.9037160168385715,448.0,579.0,1,2
9,3,coxnet,Brats18_TCIA06_165_1,-0.42597892329427917,5.0,439.0,0,2
9,3,coxnet,Brats18_TCIA06_409_1,0.15114806127688907,99.0,331.0,0,1
9,3,coxnet,Brats18_TCIA08_278_1,-0.49472300165169514,1458.0,464.0,2,2
9,3,genetico,Brats18_CBICA_AAG_1,-1.0967847081321258,616.0,621.0,2,2
9,3,genetico,Brats18_CBICA_ALX_1,0.046218707118692234,698.0,345.0,2,1
9,3,genetico,Brats18_CBICA_AOO_1,-1.3300757827678047,350.0,734.0,1,2
9,3,genetico,Brats18_CBICA_AQD_1,1.0196694471045675,32.0,175.0,0,0
9,3,genetico,Brats18_CBICA_AQV_1,-1.0776771648022765,84.0,616.0,0,2
9,3,genetico,Brats18_CBICA_ARW_1,0.38923280009634714,495.0,287.0,2,0
9,3,genetico,Brats18_CBICA_ARZ_1,1.5762718504514854,871.0,120.0,2,0
9,3,genetico,Brats18_CBICA_ASG_1,0.6334137572400372,208.0,239.0,0,0
9,3,genetico,Brats18_CBICA_ASN_1,-0.19727392859865805,407.0,387.0,1,1
9,3,genetico,Brats18_CBICA_ATD_1,-0.08910786149909755,355.0,368.0,1,1
9,3,genetico,Brats18_CBICA_ATF_1,-0.07630782330053269,152.0,368.0,0,1
9,3,genetico,Brats18_CBICA_ATP_1,-0.7419946939551404,385.0,495.0,1,2
9,3,genetico,Brats18_CBICA_ATV_1,0.035860228665672705,453.0,346.0,2,1
9,3,genetico,Brats18_CBICA_AUR_1,0.6793813728482991,12.0,232.0,0,0
9,3,genetico,Brats18_CBICA_AVV_1,0.43487301970973136,387.0,286.0,1,0
9,3,genetico,Brats18_CBICA_AWG_1,-0.01944004232666445,180.0,357.0,0,1
9,3,genetico,Brats18_CBICA_AXQ_1,-0.37275926197957526,114.0,425.0,0,2
9,3,genetico,Brats18_TCIA01_411_1,-0.4745574995620853,822.0,438.0,2,2
9,3,genetico,Brats18_TCIA01_429_1,-0.3204289673706225,86.0,421.0,0,1
9,3,genetico,Brats18_TCIA01_499_1,-1.3233498991843495,600.0,726.0,2,2
9,3,genetico,Brats18_TCIA02_314_1,-0.23542824408380414,362.0,394.0,1,1
9,3,genetico,Brats18_TCIA02_331_1,0.8763361988546687,187.0,208.0,0,0
9,3,genetico,Brats18_TCIA02_368_1,0.514677843410852,317.0,265.0,1,0
9,3,genetico,Brats18_TCIA02_377_1,0.040363572469319764,812.0,345.0,2,1
9,3,genetico,Brats18_TCIA03_133_1,-0.5586925326194685,382.0,464.0,1,2
9,3,genetico,Brats18_TCIA03_199_1,-1.0861473171541234,1282.0,616.0,2,2
9,3,genetico,Brats18_TCIA03_338_1,0.5333527321056694,468.0,265.0,2,0
9,3,genetico,Brats18_TCIA03_498_1,-0.6575388740127001,467.0,476.0,2,2
9,3,genetico,Brats18_TCIA04_149_1,-0.9788471311353355,448.0,579.0,1,2
9,3,genetico,Brats18_TCIA06_165_1,-0.5801429662475168,5.0,465.0,0,2
9,3,genetico,Brats18_TCIA06_409_1,0.3189989836849515,99.0,296.0,0,0
9,3,genetico,Brats18_TCIA08_278_1,-0.4294908466305904,1458.0,436.0,2,2
9,4,edad,Brats18_CBICA_AAL_1,-0.2122655849964871,464.0,405.0,2,2
9,4,edad,Brats18_CBICA_ABN_1,0.6087365376875797,1278.0,229.0,2,0
9,4,edad,Brats18_CBICA_ABO_1,-0.14483561301785977,1155.0,394.0,2,2
9,4,edad,Brats18_CBICA_AME_1,-0.2939902016485819,359.0,425.0,1,2
9,4,edad,Brats18_CBICA_ANI_1,-0.08628805944434875,439.0,385.0,1,1
9,4,edad,Brats18_CBICA_AOZ_1,-0.4553382176956473,331.0,453.0,1,2
9,4,edad,Brats18_CBICA_APZ_1,0.3469758060500562,336.0,291.0,1,0
9,4,edad,Brats18_CBICA_AQA_1,0.49024138463542716,106.0,265.0,0,0
9,4,edad,Brats18_CBICA_AQO_1,0.21940721484213893,473.0,332.0,2,0
9,4,edad,Brats18_CBICA_ASU_1,1.0226126640908646,85.0,172.0,0,0
9,4,edad,Brats18_CBICA_ASV_1,-0.19793910369791198,597.0,401.0,2,2
9,4,edad,Brats18_CBICA_AWH_1,-0.2611984777873985,139.0,421.0,0,2
9,4,edad,Brats18_CBICA_AXJ_1,-1.05561778410595,1767.0,626.0,2,2
9,4,edad,Brats18_CBICA_AXL_1,0.43494116682292633,168.0,286.0,0,0
9,4,edad,Brats18_CBICA_AYA_1,0.44149951159516315,50.0,286.0,0,0
9,4,edad,Brats18_CBICA_AYW_1,-0.42405748704037644,734.0,448.0,2,2
9,4,edad,Brats18_TCIA01_203_1,-0.5497484829665433,268.0,476.0,0,2
9,4,edad,Brats18_TCIA01_335_1,-0.27760901154382966,355.0,424.0,1,2
9,4,edad,Brats18_TCIA01_401_1,0.4965940378311768,448.0,265.0,1,0
9,4,edad,Brats18_TCIA02_135_1,0.19643833631347146,828.0,333.0,2,0
9,4,edad,Brats18_TCIA02_151_1,-0.48457891137057996,1731.0,466.0,2,2
9,4,edad,Brats18_TCIA02_226_1,0.3305978745183516,329.0,317.0,1,0
9,4,edad,Brats18_TCIA02_290_1,-0.6393367460203003,737.0,495.0,2,2
9,4,edad,Brats18_TCIA02_430_1,-0.2969656796094601,71.0,425.0,0,2
9,4,edad,Brats18_TCIA02_471_1,0.4272538683460726,111.0,286.0,0,0
9,4,edad,Brats18_TCIA03_138_1,0.2763482653344131,82.0,322.0,0,0
9,4,edad,Brats18_TCIA03_375_1,-0.10167982119732555,946.0,387.0,2,1
9,4,edad,Brats18_TCIA04_343_1,-0.33475575361259075,296.0,434.0,0,2
9,4,edad,Brats18_TCIA05_277_1,0.22837047129674026,232.0,332.0,0,0
9,4,edad,Brats18_TCIA06_247_1,0.4299599814802478,244.0,286.0,0,0
9,4,edad,Brats18_TCIA08_105_1,0.10930149339302575,77.0,357.0,0,1
9,4,edad,Brats18_TCIA08_218_1,-0.18620606085891953,346.0,401.0,1,2
9,4,coxnet,Brats18_CBICA_AAL_1,0.19139177651061262,464.0,333.0,2,0
9,4,coxnet,Brats18_CBICA_ABN_1,0.6911472243908108,1278.0,210.0,2,0
9,4,coxnet,Brats18_CBICA_ABO_1,0.5849372734262344,1155.0,239.0,2,0
9,4,coxnet,Brats18_CBICA_AME_1,0.16225189681958435,359.0,345.0,1,0
9,4,coxnet,Brats18_CBICA_ANI_1,0.29938962590841156,439.0,318.0,1,0
9,4,coxnet,Brats18_CBICA_AOZ_1,-0.4539256557260896,331.0,438.0,1,2
9,4,coxnet,Brats18_CBICA_APZ_1,0.3610484755093567,336.0,291.0,1,0
9,4,coxnet,Brats18_CBICA_AQA_1,0.32980194175377187,106.0,317.0,0,0
9,4,coxnet,Brats18_CBICA_AQO_1,0.08023639330678614,473.0,357.0,2,1
9,4,coxnet,Brats18_CBICA_ASU_1,1.2075133597048986,85.0,152.0,0,0
9,4,coxnet,Brats18_CBICA_ASV_1,-0.00233338424282011,597.0,370.0,2,1
9,4,coxnet,Brats18_CBICA_AWH_1,-0.15815811885871967,139.0,387.0,0,1
9,4,coxnet,Brats18_CBICA_AXJ_1,-0.724939174535284,1767.0,495.0,2,2
9,4,coxnet,Brats18_CBICA_AXL_1,0.8277740272847097,168.0,203.0,0,0
9,4,coxnet,Brats18_CBICA_AYA_1,0.6307920600522784,50.0,229.0,0,0
9,4,coxnet,Brats18_CBICA_AYW_1,-0.5263326841459384,734.0,453.0,2,2
9,4,coxnet,Brats18_TCIA01_203_1,-0.09151221712627694,268.0,382.0,0,1
9,4,coxnet,Brats18_TCIA01_335_1,-0.26018551117398653,355.0,405.0,1,2
9,4,coxnet,Brats18_TCIA01_401_1,0.3021062394623252,448.0,318.0,1,0
9,4,coxnet,Brats18_TCIA02_135_1,0.31926397822445646,828.0,317.0,2,0
9,4,coxnet,Brats18_TCIA02_151_1,-1.0810100442491883,1731.0,614.0,2,2
9,4,coxnet,Brats18_TCIA02_226_1,0.2755418497545883,329.0,322.0,1,0
9,4,coxnet,Brats18_TCIA02_290_1,-0.1407324212586622,737.0,387.0,2,1
9,4,coxnet,Brats18_TCIA02_430_1,-0.44264250722054144,71.0,438.0,0,2
9,4,coxnet,Brats18_TCIA02_471_1,0.20397133903556094,111.0,332.0,0,0
9,4,coxnet,Brats18_TCIA03_138_1,0.39641368036059,82.0,289.0,0,0
9,4,coxnet,Brats18_TCIA03_375_1,-0.18341415298519567,946.0,394.0,2,1
9,4,coxnet,Brats18_TCIA04_343_1,-0.5245468480466402,296.0,453.0,0,2
9,4,coxnet,Brats18_TCIA05_277_1,-0.23650724825626582,232.0,401.0,0,2
9,4,coxnet,Brats18_TCIA06_247_1,0.7804805337576053,244.0,208.0,0,0
9,4,coxnet,Brats18_TCIA08_105_1,0.46391114207186296,77.0,269.0,0,0
9,4,coxnet,Brats18_TCIA08_218_1,-0.8594779896220208,346.0,519.0,1,2
9,4,genetico,Brats18_CBICA_AAL_1,-0.35055724985502934,464.0,430.0,2,2
9,4,genetico,Brats18_CBICA_ABN_1,-0.3412916707618378,1278.0,425.0,2,2
9,4,genetico,Brats18_CBICA_ABO_1,1.037872523105639,1155.0,180.0,2,0
9,4,genetico,Brats18_CBICA_AME_1,0.7979616590319283,359.0,209.0,1,0
9,4,genetico,Brats18_CBICA_ANI_1,0.39170990219964485,439.0,291.0,1,0
9,4,genetico,Brats18_CBICA_AOZ_1,-1.5030054815556098,331.0,726.0,1,2
9,4,genetico,Brats18_CBICA_APZ_1,0.2097726309157617,336.0,345.0,1,1
9,4,genetico,Brats18_CBICA_AQA_1,-0.1445799940915985,106.0,387.0,0,1
9,4,genetico,Brats18_CBICA_AQO_1,-0.2220353045684753,473.0,401.0,2,1
9,4,genetico,Brats18_CBICA_ASU_1,1.125774686470372,85.0,172.0,0,0
9,4,genetico,Brats18_CBICA_ASV_1,-0.3489064985065565,597.0,430.0,2,2
9,4,genetico,Brats18_CBICA_AWH_1,0.03094559678651189,139.0,370.0,0,1
9,4,genetico,Brats18_CBICA_AXJ_1,-0.5621760435428578,1767.0,467.0,2,2
9,4,genetico,Brats18_CBICA_AXL_1,1.3805975676386075,168.0,147.0,0,0
9,4,genetico,Brats18_CBICA_AYA_1,0.13997403140170459,50.0,355.0,0,1
9,4,genetico,Brats18_CBICA_AYW_1,-0.6383371482219359,734.0,476.0,2,2
9,4,genetico,Brats18_TCIA01_203_1,-0.4396546764547505,268.0,448.0,0,2
9,4,genetico,Brats18_TCIA01_335_1,0.16453449036011447,355.0,350.0,1,1
9,4,genetico,Brats18_TCIA01_401_1,0.12218476563305734,448.0,357.0,1,1
9,4,genetico,Brats18_TCIA02_135_1,0.3121096527978452,828.0,322.0,2,0
9,4,genetico,Brats18_TCIA02_151_1,-0.9972444154390585,1731.0,579.0,2,2
9,4,genetico,Brats18_TCIA02_226_1,0.43317096731429794,329.0,289.0,1,0
9,4,genetico,Brats18_TCIA02_290_1,-0.17966559062734272,737.0,394.0,2,1
9,4,genetico,Brats18_TCIA02_430_1,-0.6634718192286864,71.0,486.0,0,2
9,4,genetico,Brats18_TCIA02_471_1,0.0936948674258348,111.0,362.0,0,1
9,4,genetico,Brats18_TCIA03_138_1,0.1880999477122166,82.0,350.0,0,1
9,4,genetico,Brats18_TCIA03_375_1,0.2984325771712705,946.0,327.0,2,1
9,4,genetico,Brats18_TCIA04_343_1,-1.1955397596431425,296.0,621.0,0,2
9,4,genetico,Brats18_TCIA05_277_1,-0.5023818403294916,232.0,453.0,0,2
9,4,genetico,Brats18_TCIA06_247_1,1.1512546938468886,244.0,170.0,0,0
9,4,genetico,Brats18_TCIA08_105_1,0.74614944592886,77.0,210.0,0,0
9,4,genetico,Brats18_TCIA08_218_1,-0.8593236107653316,346.0,515.0,1,2
